# vtk DataFile Version 3.0
higtree
ASCII
DATASET UNSTRUCTURED_GRID

POINTS 12800 float
0.000000e+00 -1.000000e+00 0
5.000000e-02 -1.000000e+00 0
5.000000e-02 -9.500000e-01 0
0.000000e+00 -9.500000e-01 0
0.000000e+00 -9.500000e-01 0
5.000000e-02 -9.500000e-01 0
5.000000e-02 -9.000000e-01 0
0.000000e+00 -9.000000e-01 0
0.000000e+00 -9.000000e-01 0
5.000000e-02 -9.000000e-01 0
5.000000e-02 -8.500000e-01 0
0.000000e+00 -8.500000e-01 0
0.000000e+00 -8.500000e-01 0
5.000000e-02 -8.500000e-01 0
5.000000e-02 -8.000000e-01 0
0.000000e+00 -8.000000e-01 0
0.000000e+00 -8.000000e-01 0
5.000000e-02 -8.000000e-01 0
5.000000e-02 -7.500000e-01 0
0.000000e+00 -7.500000e-01 0
0.000000e+00 -7.500000e-01 0
5.000000e-02 -7.500000e-01 0
5.000000e-02 -7.000000e-01 0
0.000000e+00 -7.000000e-01 0
0.000000e+00 -7.000000e-01 0
5.000000e-02 -7.000000e-01 0
5.000000e-02 -6.500000e-01 0
0.000000e+00 -6.500000e-01 0
0.000000e+00 -6.500000e-01 0
5.000000e-02 -6.500000e-01 0
5.000000e-02 -6.000000e-01 0
0.000000e+00 -6.000000e-01 0
0.000000e+00 -6.000000e-01 0
5.000000e-02 -6.000000e-01 0
5.000000e-02 -5.500000e-01 0
0.000000e+00 -5.500000e-01 0
0.000000e+00 -5.500000e-01 0
5.000000e-02 -5.500000e-01 0
5.000000e-02 -5.000000e-01 0
0.000000e+00 -5.000000e-01 0
0.000000e+00 -5.000000e-01 0
5.000000e-02 -5.000000e-01 0
5.000000e-02 -4.500000e-01 0
0.000000e+00 -4.500000e-01 0
0.000000e+00 -4.500000e-01 0
5.000000e-02 -4.500000e-01 0
5.000000e-02 -4.000000e-01 0
0.000000e+00 -4.000000e-01 0
0.000000e+00 -4.000000e-01 0
5.000000e-02 -4.000000e-01 0
5.000000e-02 -3.500000e-01 0
0.000000e+00 -3.500000e-01 0
0.000000e+00 -3.500000e-01 0
5.000000e-02 -3.500000e-01 0
5.000000e-02 -3.000000e-01 0
0.000000e+00 -3.000000e-01 0
0.000000e+00 -3.000000e-01 0
5.000000e-02 -3.000000e-01 0
5.000000e-02 -2.500000e-01 0
0.000000e+00 -2.500000e-01 0
0.000000e+00 -2.500000e-01 0
5.000000e-02 -2.500000e-01 0
5.000000e-02 -2.000000e-01 0
0.000000e+00 -2.000000e-01 0
0.000000e+00 -2.000000e-01 0
5.000000e-02 -2.000000e-01 0
5.000000e-02 -1.500000e-01 0
0.000000e+00 -1.500000e-01 0
0.000000e+00 -1.500000e-01 0
5.000000e-02 -1.500000e-01 0
5.000000e-02 -1.000000e-01 0
0.000000e+00 -1.000000e-01 0
0.000000e+00 -1.000000e-01 0
5.000000e-02 -1.000000e-01 0
5.000000e-02 -5.000000e-02 0
0.000000e+00 -5.000000e-02 0
0.000000e+00 -5.000000e-02 0
5.000000e-02 -5.000000e-02 0
5.000000e-02 5.551115e-17 0
0.000000e+00 5.551115e-17 0
0.000000e+00 5.551115e-17 0
5.000000e-02 5.551115e-17 0
5.000000e-02 5.000000e-02 0
0.000000e+00 5.000000e-02 0
0.000000e+00 5.000000e-02 0
5.000000e-02 5.000000e-02 0
5.000000e-02 1.000000e-01 0
0.000000e+00 1.000000e-01 0
0.000000e+00 1.000000e-01 0
5.000000e-02 1.000000e-01 0
5.000000e-02 1.500000e-01 0
0.000000e+00 1.500000e-01 0
0.000000e+00 1.500000e-01 0
5.000000e-02 1.500000e-01 0
5.000000e-02 2.000000e-01 0
0.000000e+00 2.000000e-01 0
0.000000e+00 2.000000e-01 0
5.000000e-02 2.000000e-01 0
5.000000e-02 2.500000e-01 0
0.000000e+00 2.500000e-01 0
0.000000e+00 2.500000e-01 0
5.000000e-02 2.500000e-01 0
5.000000e-02 3.000000e-01 0
0.000000e+00 3.000000e-01 0
0.000000e+00 3.000000e-01 0
5.000000e-02 3.000000e-01 0
5.000000e-02 3.500000e-01 0
0.000000e+00 3.500000e-01 0
0.000000e+00 3.500000e-01 0
5.000000e-02 3.500000e-01 0
5.000000e-02 4.000000e-01 0
0.000000e+00 4.000000e-01 0
0.000000e+00 4.000000e-01 0
5.000000e-02 4.000000e-01 0
5.000000e-02 4.500000e-01 0
0.000000e+00 4.500000e-01 0
0.000000e+00 4.500000e-01 0
5.000000e-02 4.500000e-01 0
5.000000e-02 5.000000e-01 0
0.000000e+00 5.000000e-01 0
0.000000e+00 5.000000e-01 0
5.000000e-02 5.000000e-01 0
5.000000e-02 5.500000e-01 0
0.000000e+00 5.500000e-01 0
0.000000e+00 5.500000e-01 0
5.000000e-02 5.500000e-01 0
5.000000e-02 6.000000e-01 0
0.000000e+00 6.000000e-01 0
0.000000e+00 6.000000e-01 0
5.000000e-02 6.000000e-01 0
5.000000e-02 6.500000e-01 0
0.000000e+00 6.500000e-01 0
0.000000e+00 6.500000e-01 0
5.000000e-02 6.500000e-01 0
5.000000e-02 7.000000e-01 0
0.000000e+00 7.000000e-01 0
0.000000e+00 7.000000e-01 0
5.000000e-02 7.000000e-01 0
5.000000e-02 7.500000e-01 0
0.000000e+00 7.500000e-01 0
0.000000e+00 7.500000e-01 0
5.000000e-02 7.500000e-01 0
5.000000e-02 8.000000e-01 0
0.000000e+00 8.000000e-01 0
0.000000e+00 8.000000e-01 0
5.000000e-02 8.000000e-01 0
5.000000e-02 8.500000e-01 0
0.000000e+00 8.500000e-01 0
0.000000e+00 8.500000e-01 0
5.000000e-02 8.500000e-01 0
5.000000e-02 9.000000e-01 0
0.000000e+00 9.000000e-01 0
0.000000e+00 9.000000e-01 0
5.000000e-02 9.000000e-01 0
5.000000e-02 9.500000e-01 0
0.000000e+00 9.500000e-01 0
0.000000e+00 9.500000e-01 0
5.000000e-02 9.500000e-01 0
5.000000e-02 1.000000e+00 0
0.000000e+00 1.000000e+00 0
5.000000e-02 -1.000000e+00 0
1.000000e-01 -1.000000e+00 0
1.000000e-01 -9.500000e-01 0
5.000000e-02 -9.500000e-01 0
5.000000e-02 -9.500000e-01 0
1.000000e-01 -9.500000e-01 0
1.000000e-01 -9.000000e-01 0
5.000000e-02 -9.000000e-01 0
5.000000e-02 -9.000000e-01 0
1.000000e-01 -9.000000e-01 0
1.000000e-01 -8.500000e-01 0
5.000000e-02 -8.500000e-01 0
5.000000e-02 -8.500000e-01 0
1.000000e-01 -8.500000e-01 0
1.000000e-01 -8.000000e-01 0
5.000000e-02 -8.000000e-01 0
5.000000e-02 -8.000000e-01 0
1.000000e-01 -8.000000e-01 0
1.000000e-01 -7.500000e-01 0
5.000000e-02 -7.500000e-01 0
5.000000e-02 -7.500000e-01 0
1.000000e-01 -7.500000e-01 0
1.000000e-01 -7.000000e-01 0
5.000000e-02 -7.000000e-01 0
5.000000e-02 -7.000000e-01 0
1.000000e-01 -7.000000e-01 0
1.000000e-01 -6.500000e-01 0
5.000000e-02 -6.500000e-01 0
5.000000e-02 -6.500000e-01 0
1.000000e-01 -6.500000e-01 0
1.000000e-01 -6.000000e-01 0
5.000000e-02 -6.000000e-01 0
5.000000e-02 -6.000000e-01 0
1.000000e-01 -6.000000e-01 0
1.000000e-01 -5.500000e-01 0
5.000000e-02 -5.500000e-01 0
5.000000e-02 -5.500000e-01 0
1.000000e-01 -5.500000e-01 0
1.000000e-01 -5.000000e-01 0
5.000000e-02 -5.000000e-01 0
5.000000e-02 -5.000000e-01 0
1.000000e-01 -5.000000e-01 0
1.000000e-01 -4.500000e-01 0
5.000000e-02 -4.500000e-01 0
5.000000e-02 -4.500000e-01 0
1.000000e-01 -4.500000e-01 0
1.000000e-01 -4.000000e-01 0
5.000000e-02 -4.000000e-01 0
5.000000e-02 -4.000000e-01 0
1.000000e-01 -4.000000e-01 0
1.000000e-01 -3.500000e-01 0
5.000000e-02 -3.500000e-01 0
5.000000e-02 -3.500000e-01 0
1.000000e-01 -3.500000e-01 0
1.000000e-01 -3.000000e-01 0
5.000000e-02 -3.000000e-01 0
5.000000e-02 -3.000000e-01 0
1.000000e-01 -3.000000e-01 0
1.000000e-01 -2.500000e-01 0
5.000000e-02 -2.500000e-01 0
5.000000e-02 -2.500000e-01 0
1.000000e-01 -2.500000e-01 0
1.000000e-01 -2.000000e-01 0
5.000000e-02 -2.000000e-01 0
5.000000e-02 -2.000000e-01 0
1.000000e-01 -2.000000e-01 0
1.000000e-01 -1.500000e-01 0
5.000000e-02 -1.500000e-01 0
5.000000e-02 -1.500000e-01 0
1.000000e-01 -1.500000e-01 0
1.000000e-01 -1.000000e-01 0
5.000000e-02 -1.000000e-01 0
5.000000e-02 -1.000000e-01 0
1.000000e-01 -1.000000e-01 0
1.000000e-01 -5.000000e-02 0
5.000000e-02 -5.000000e-02 0
5.000000e-02 -5.000000e-02 0
1.000000e-01 -5.000000e-02 0
1.000000e-01 5.551115e-17 0
5.000000e-02 5.551115e-17 0
5.000000e-02 5.551115e-17 0
1.000000e-01 5.551115e-17 0
1.000000e-01 5.000000e-02 0
5.000000e-02 5.000000e-02 0
5.000000e-02 5.000000e-02 0
1.000000e-01 5.000000e-02 0
1.000000e-01 1.000000e-01 0
5.000000e-02 1.000000e-01 0
5.000000e-02 1.000000e-01 0
1.000000e-01 1.000000e-01 0
1.000000e-01 1.500000e-01 0
5.000000e-02 1.500000e-01 0
5.000000e-02 1.500000e-01 0
1.000000e-01 1.500000e-01 0
1.000000e-01 2.000000e-01 0
5.000000e-02 2.000000e-01 0
5.000000e-02 2.000000e-01 0
1.000000e-01 2.000000e-01 0
1.000000e-01 2.500000e-01 0
5.000000e-02 2.500000e-01 0
5.000000e-02 2.500000e-01 0
1.000000e-01 2.500000e-01 0
1.000000e-01 3.000000e-01 0
5.000000e-02 3.000000e-01 0
5.000000e-02 3.000000e-01 0
1.000000e-01 3.000000e-01 0
1.000000e-01 3.500000e-01 0
5.000000e-02 3.500000e-01 0
5.000000e-02 3.500000e-01 0
1.000000e-01 3.500000e-01 0
1.000000e-01 4.000000e-01 0
5.000000e-02 4.000000e-01 0
5.000000e-02 4.000000e-01 0
1.000000e-01 4.000000e-01 0
1.000000e-01 4.500000e-01 0
5.000000e-02 4.500000e-01 0
5.000000e-02 4.500000e-01 0
1.000000e-01 4.500000e-01 0
1.000000e-01 5.000000e-01 0
5.000000e-02 5.000000e-01 0
5.000000e-02 5.000000e-01 0
1.000000e-01 5.000000e-01 0
1.000000e-01 5.500000e-01 0
5.000000e-02 5.500000e-01 0
5.000000e-02 5.500000e-01 0
1.000000e-01 5.500000e-01 0
1.000000e-01 6.000000e-01 0
5.000000e-02 6.000000e-01 0
5.000000e-02 6.000000e-01 0
1.000000e-01 6.000000e-01 0
1.000000e-01 6.500000e-01 0
5.000000e-02 6.500000e-01 0
5.000000e-02 6.500000e-01 0
1.000000e-01 6.500000e-01 0
1.000000e-01 7.000000e-01 0
5.000000e-02 7.000000e-01 0
5.000000e-02 7.000000e-01 0
1.000000e-01 7.000000e-01 0
1.000000e-01 7.500000e-01 0
5.000000e-02 7.500000e-01 0
5.000000e-02 7.500000e-01 0
1.000000e-01 7.500000e-01 0
1.000000e-01 8.000000e-01 0
5.000000e-02 8.000000e-01 0
5.000000e-02 8.000000e-01 0
1.000000e-01 8.000000e-01 0
1.000000e-01 8.500000e-01 0
5.000000e-02 8.500000e-01 0
5.000000e-02 8.500000e-01 0
1.000000e-01 8.500000e-01 0
1.000000e-01 9.000000e-01 0
5.000000e-02 9.000000e-01 0
5.000000e-02 9.000000e-01 0
1.000000e-01 9.000000e-01 0
1.000000e-01 9.500000e-01 0
5.000000e-02 9.500000e-01 0
5.000000e-02 9.500000e-01 0
1.000000e-01 9.500000e-01 0
1.000000e-01 1.000000e+00 0
5.000000e-02 1.000000e+00 0
1.000000e-01 -1.000000e+00 0
1.500000e-01 -1.000000e+00 0
1.500000e-01 -9.500000e-01 0
1.000000e-01 -9.500000e-01 0
1.000000e-01 -9.500000e-01 0
1.500000e-01 -9.500000e-01 0
1.500000e-01 -9.000000e-01 0
1.000000e-01 -9.000000e-01 0
1.000000e-01 -9.000000e-01 0
1.500000e-01 -9.000000e-01 0
1.500000e-01 -8.500000e-01 0
1.000000e-01 -8.500000e-01 0
1.000000e-01 -8.500000e-01 0
1.500000e-01 -8.500000e-01 0
1.500000e-01 -8.000000e-01 0
1.000000e-01 -8.000000e-01 0
1.000000e-01 -8.000000e-01 0
1.500000e-01 -8.000000e-01 0
1.500000e-01 -7.500000e-01 0
1.000000e-01 -7.500000e-01 0
1.000000e-01 -7.500000e-01 0
1.500000e-01 -7.500000e-01 0
1.500000e-01 -7.000000e-01 0
1.000000e-01 -7.000000e-01 0
1.000000e-01 -7.000000e-01 0
1.500000e-01 -7.000000e-01 0
1.500000e-01 -6.500000e-01 0
1.000000e-01 -6.500000e-01 0
1.000000e-01 -6.500000e-01 0
1.500000e-01 -6.500000e-01 0
1.500000e-01 -6.000000e-01 0
1.000000e-01 -6.000000e-01 0
1.000000e-01 -6.000000e-01 0
1.500000e-01 -6.000000e-01 0
1.500000e-01 -5.500000e-01 0
1.000000e-01 -5.500000e-01 0
1.000000e-01 -5.500000e-01 0
1.500000e-01 -5.500000e-01 0
1.500000e-01 -5.000000e-01 0
1.000000e-01 -5.000000e-01 0
1.000000e-01 -5.000000e-01 0
1.500000e-01 -5.000000e-01 0
1.500000e-01 -4.500000e-01 0
1.000000e-01 -4.500000e-01 0
1.000000e-01 -4.500000e-01 0
1.500000e-01 -4.500000e-01 0
1.500000e-01 -4.000000e-01 0
1.000000e-01 -4.000000e-01 0
1.000000e-01 -4.000000e-01 0
1.500000e-01 -4.000000e-01 0
1.500000e-01 -3.500000e-01 0
1.000000e-01 -3.500000e-01 0
1.000000e-01 -3.500000e-01 0
1.500000e-01 -3.500000e-01 0
1.500000e-01 -3.000000e-01 0
1.000000e-01 -3.000000e-01 0
1.000000e-01 -3.000000e-01 0
1.500000e-01 -3.000000e-01 0
1.500000e-01 -2.500000e-01 0
1.000000e-01 -2.500000e-01 0
1.000000e-01 -2.500000e-01 0
1.500000e-01 -2.500000e-01 0
1.500000e-01 -2.000000e-01 0
1.000000e-01 -2.000000e-01 0
1.000000e-01 -2.000000e-01 0
1.500000e-01 -2.000000e-01 0
1.500000e-01 -1.500000e-01 0
1.000000e-01 -1.500000e-01 0
1.000000e-01 -1.500000e-01 0
1.500000e-01 -1.500000e-01 0
1.500000e-01 -1.000000e-01 0
1.000000e-01 -1.000000e-01 0
1.000000e-01 -1.000000e-01 0
1.500000e-01 -1.000000e-01 0
1.500000e-01 -5.000000e-02 0
1.000000e-01 -5.000000e-02 0
1.000000e-01 -5.000000e-02 0
1.500000e-01 -5.000000e-02 0
1.500000e-01 5.551115e-17 0
1.000000e-01 5.551115e-17 0
1.000000e-01 5.551115e-17 0
1.500000e-01 5.551115e-17 0
1.500000e-01 5.000000e-02 0
1.000000e-01 5.000000e-02 0
1.000000e-01 5.000000e-02 0
1.500000e-01 5.000000e-02 0
1.500000e-01 1.000000e-01 0
1.000000e-01 1.000000e-01 0
1.000000e-01 1.000000e-01 0
1.500000e-01 1.000000e-01 0
1.500000e-01 1.500000e-01 0
1.000000e-01 1.500000e-01 0
1.000000e-01 1.500000e-01 0
1.500000e-01 1.500000e-01 0
1.500000e-01 2.000000e-01 0
1.000000e-01 2.000000e-01 0
1.000000e-01 2.000000e-01 0
1.500000e-01 2.000000e-01 0
1.500000e-01 2.500000e-01 0
1.000000e-01 2.500000e-01 0
1.000000e-01 2.500000e-01 0
1.500000e-01 2.500000e-01 0
1.500000e-01 3.000000e-01 0
1.000000e-01 3.000000e-01 0
1.000000e-01 3.000000e-01 0
1.500000e-01 3.000000e-01 0
1.500000e-01 3.500000e-01 0
1.000000e-01 3.500000e-01 0
1.000000e-01 3.500000e-01 0
1.500000e-01 3.500000e-01 0
1.500000e-01 4.000000e-01 0
1.000000e-01 4.000000e-01 0
1.000000e-01 4.000000e-01 0
1.500000e-01 4.000000e-01 0
1.500000e-01 4.500000e-01 0
1.000000e-01 4.500000e-01 0
1.000000e-01 4.500000e-01 0
1.500000e-01 4.500000e-01 0
1.500000e-01 5.000000e-01 0
1.000000e-01 5.000000e-01 0
1.000000e-01 5.000000e-01 0
1.500000e-01 5.000000e-01 0
1.500000e-01 5.500000e-01 0
1.000000e-01 5.500000e-01 0
1.000000e-01 5.500000e-01 0
1.500000e-01 5.500000e-01 0
1.500000e-01 6.000000e-01 0
1.000000e-01 6.000000e-01 0
1.000000e-01 6.000000e-01 0
1.500000e-01 6.000000e-01 0
1.500000e-01 6.500000e-01 0
1.000000e-01 6.500000e-01 0
1.000000e-01 6.500000e-01 0
1.500000e-01 6.500000e-01 0
1.500000e-01 7.000000e-01 0
1.000000e-01 7.000000e-01 0
1.000000e-01 7.000000e-01 0
1.500000e-01 7.000000e-01 0
1.500000e-01 7.500000e-01 0
1.000000e-01 7.500000e-01 0
1.000000e-01 7.500000e-01 0
1.500000e-01 7.500000e-01 0
1.500000e-01 8.000000e-01 0
1.000000e-01 8.000000e-01 0
1.000000e-01 8.000000e-01 0
1.500000e-01 8.000000e-01 0
1.500000e-01 8.500000e-01 0
1.000000e-01 8.500000e-01 0
1.000000e-01 8.500000e-01 0
1.500000e-01 8.500000e-01 0
1.500000e-01 9.000000e-01 0
1.000000e-01 9.000000e-01 0
1.000000e-01 9.000000e-01 0
1.500000e-01 9.000000e-01 0
1.500000e-01 9.500000e-01 0
1.000000e-01 9.500000e-01 0
1.000000e-01 9.500000e-01 0
1.500000e-01 9.500000e-01 0
1.500000e-01 1.000000e+00 0
1.000000e-01 1.000000e+00 0
1.500000e-01 -1.000000e+00 0
2.000000e-01 -1.000000e+00 0
2.000000e-01 -9.500000e-01 0
1.500000e-01 -9.500000e-01 0
1.500000e-01 -9.500000e-01 0
2.000000e-01 -9.500000e-01 0
2.000000e-01 -9.000000e-01 0
1.500000e-01 -9.000000e-01 0
1.500000e-01 -9.000000e-01 0
2.000000e-01 -9.000000e-01 0
2.000000e-01 -8.500000e-01 0
1.500000e-01 -8.500000e-01 0
1.500000e-01 -8.500000e-01 0
2.000000e-01 -8.500000e-01 0
2.000000e-01 -8.000000e-01 0
1.500000e-01 -8.000000e-01 0
1.500000e-01 -8.000000e-01 0
2.000000e-01 -8.000000e-01 0
2.000000e-01 -7.500000e-01 0
1.500000e-01 -7.500000e-01 0
1.500000e-01 -7.500000e-01 0
2.000000e-01 -7.500000e-01 0
2.000000e-01 -7.000000e-01 0
1.500000e-01 -7.000000e-01 0
1.500000e-01 -7.000000e-01 0
2.000000e-01 -7.000000e-01 0
2.000000e-01 -6.500000e-01 0
1.500000e-01 -6.500000e-01 0
1.500000e-01 -6.500000e-01 0
2.000000e-01 -6.500000e-01 0
2.000000e-01 -6.000000e-01 0
1.500000e-01 -6.000000e-01 0
1.500000e-01 -6.000000e-01 0
2.000000e-01 -6.000000e-01 0
2.000000e-01 -5.500000e-01 0
1.500000e-01 -5.500000e-01 0
1.500000e-01 -5.500000e-01 0
2.000000e-01 -5.500000e-01 0
2.000000e-01 -5.000000e-01 0
1.500000e-01 -5.000000e-01 0
1.500000e-01 -5.000000e-01 0
2.000000e-01 -5.000000e-01 0
2.000000e-01 -4.500000e-01 0
1.500000e-01 -4.500000e-01 0
1.500000e-01 -4.500000e-01 0
2.000000e-01 -4.500000e-01 0
2.000000e-01 -4.000000e-01 0
1.500000e-01 -4.000000e-01 0
1.500000e-01 -4.000000e-01 0
2.000000e-01 -4.000000e-01 0
2.000000e-01 -3.500000e-01 0
1.500000e-01 -3.500000e-01 0
1.500000e-01 -3.500000e-01 0
2.000000e-01 -3.500000e-01 0
2.000000e-01 -3.000000e-01 0
1.500000e-01 -3.000000e-01 0
1.500000e-01 -3.000000e-01 0
2.000000e-01 -3.000000e-01 0
2.000000e-01 -2.500000e-01 0
1.500000e-01 -2.500000e-01 0
1.500000e-01 -2.500000e-01 0
2.000000e-01 -2.500000e-01 0
2.000000e-01 -2.000000e-01 0
1.500000e-01 -2.000000e-01 0
1.500000e-01 -2.000000e-01 0
2.000000e-01 -2.000000e-01 0
2.000000e-01 -1.500000e-01 0
1.500000e-01 -1.500000e-01 0
1.500000e-01 -1.500000e-01 0
2.000000e-01 -1.500000e-01 0
2.000000e-01 -1.000000e-01 0
1.500000e-01 -1.000000e-01 0
1.500000e-01 -1.000000e-01 0
2.000000e-01 -1.000000e-01 0
2.000000e-01 -5.000000e-02 0
1.500000e-01 -5.000000e-02 0
1.500000e-01 -5.000000e-02 0
2.000000e-01 -5.000000e-02 0
2.000000e-01 5.551115e-17 0
1.500000e-01 5.551115e-17 0
1.500000e-01 5.551115e-17 0
2.000000e-01 5.551115e-17 0
2.000000e-01 5.000000e-02 0
1.500000e-01 5.000000e-02 0
1.500000e-01 5.000000e-02 0
2.000000e-01 5.000000e-02 0
2.000000e-01 1.000000e-01 0
1.500000e-01 1.000000e-01 0
1.500000e-01 1.000000e-01 0
2.000000e-01 1.000000e-01 0
2.000000e-01 1.500000e-01 0
1.500000e-01 1.500000e-01 0
1.500000e-01 1.500000e-01 0
2.000000e-01 1.500000e-01 0
2.000000e-01 2.000000e-01 0
1.500000e-01 2.000000e-01 0
1.500000e-01 2.000000e-01 0
2.000000e-01 2.000000e-01 0
2.000000e-01 2.500000e-01 0
1.500000e-01 2.500000e-01 0
1.500000e-01 2.500000e-01 0
2.000000e-01 2.500000e-01 0
2.000000e-01 3.000000e-01 0
1.500000e-01 3.000000e-01 0
1.500000e-01 3.000000e-01 0
2.000000e-01 3.000000e-01 0
2.000000e-01 3.500000e-01 0
1.500000e-01 3.500000e-01 0
1.500000e-01 3.500000e-01 0
2.000000e-01 3.500000e-01 0
2.000000e-01 4.000000e-01 0
1.500000e-01 4.000000e-01 0
1.500000e-01 4.000000e-01 0
2.000000e-01 4.000000e-01 0
2.000000e-01 4.500000e-01 0
1.500000e-01 4.500000e-01 0
1.500000e-01 4.500000e-01 0
2.000000e-01 4.500000e-01 0
2.000000e-01 5.000000e-01 0
1.500000e-01 5.000000e-01 0
1.500000e-01 5.000000e-01 0
2.000000e-01 5.000000e-01 0
2.000000e-01 5.500000e-01 0
1.500000e-01 5.500000e-01 0
1.500000e-01 5.500000e-01 0
2.000000e-01 5.500000e-01 0
2.000000e-01 6.000000e-01 0
1.500000e-01 6.000000e-01 0
1.500000e-01 6.000000e-01 0
2.000000e-01 6.000000e-01 0
2.000000e-01 6.500000e-01 0
1.500000e-01 6.500000e-01 0
1.500000e-01 6.500000e-01 0
2.000000e-01 6.500000e-01 0
2.000000e-01 7.000000e-01 0
1.500000e-01 7.000000e-01 0
1.500000e-01 7.000000e-01 0
2.000000e-01 7.000000e-01 0
2.000000e-01 7.500000e-01 0
1.500000e-01 7.500000e-01 0
1.500000e-01 7.500000e-01 0
2.000000e-01 7.500000e-01 0
2.000000e-01 8.000000e-01 0
1.500000e-01 8.000000e-01 0
1.500000e-01 8.000000e-01 0
2.000000e-01 8.000000e-01 0
2.000000e-01 8.500000e-01 0
1.500000e-01 8.500000e-01 0
1.500000e-01 8.500000e-01 0
2.000000e-01 8.500000e-01 0
2.000000e-01 9.000000e-01 0
1.500000e-01 9.000000e-01 0
1.500000e-01 9.000000e-01 0
2.000000e-01 9.000000e-01 0
2.000000e-01 9.500000e-01 0
1.500000e-01 9.500000e-01 0
1.500000e-01 9.500000e-01 0
2.000000e-01 9.500000e-01 0
2.000000e-01 1.000000e+00 0
1.500000e-01 1.000000e+00 0
2.000000e-01 -1.000000e+00 0
2.500000e-01 -1.000000e+00 0
2.500000e-01 -9.500000e-01 0
2.000000e-01 -9.500000e-01 0
2.000000e-01 -9.500000e-01 0
2.500000e-01 -9.500000e-01 0
2.500000e-01 -9.000000e-01 0
2.000000e-01 -9.000000e-01 0
2.000000e-01 -9.000000e-01 0
2.500000e-01 -9.000000e-01 0
2.500000e-01 -8.500000e-01 0
2.000000e-01 -8.500000e-01 0
2.000000e-01 -8.500000e-01 0
2.500000e-01 -8.500000e-01 0
2.500000e-01 -8.000000e-01 0
2.000000e-01 -8.000000e-01 0
2.000000e-01 -8.000000e-01 0
2.500000e-01 -8.000000e-01 0
2.500000e-01 -7.500000e-01 0
2.000000e-01 -7.500000e-01 0
2.000000e-01 -7.500000e-01 0
2.500000e-01 -7.500000e-01 0
2.500000e-01 -7.000000e-01 0
2.000000e-01 -7.000000e-01 0
2.000000e-01 -7.000000e-01 0
2.500000e-01 -7.000000e-01 0
2.500000e-01 -6.500000e-01 0
2.000000e-01 -6.500000e-01 0
2.000000e-01 -6.500000e-01 0
2.500000e-01 -6.500000e-01 0
2.500000e-01 -6.000000e-01 0
2.000000e-01 -6.000000e-01 0
2.000000e-01 -6.000000e-01 0
2.500000e-01 -6.000000e-01 0
2.500000e-01 -5.500000e-01 0
2.000000e-01 -5.500000e-01 0
2.000000e-01 -5.500000e-01 0
2.500000e-01 -5.500000e-01 0
2.500000e-01 -5.000000e-01 0
2.000000e-01 -5.000000e-01 0
2.000000e-01 -5.000000e-01 0
2.500000e-01 -5.000000e-01 0
2.500000e-01 -4.500000e-01 0
2.000000e-01 -4.500000e-01 0
2.000000e-01 -4.500000e-01 0
2.500000e-01 -4.500000e-01 0
2.500000e-01 -4.000000e-01 0
2.000000e-01 -4.000000e-01 0
2.000000e-01 -4.000000e-01 0
2.500000e-01 -4.000000e-01 0
2.500000e-01 -3.500000e-01 0
2.000000e-01 -3.500000e-01 0
2.000000e-01 -3.500000e-01 0
2.500000e-01 -3.500000e-01 0
2.500000e-01 -3.000000e-01 0
2.000000e-01 -3.000000e-01 0
2.000000e-01 -3.000000e-01 0
2.500000e-01 -3.000000e-01 0
2.500000e-01 -2.500000e-01 0
2.000000e-01 -2.500000e-01 0
2.000000e-01 -2.500000e-01 0
2.500000e-01 -2.500000e-01 0
2.500000e-01 -2.000000e-01 0
2.000000e-01 -2.000000e-01 0
2.000000e-01 -2.000000e-01 0
2.500000e-01 -2.000000e-01 0
2.500000e-01 -1.500000e-01 0
2.000000e-01 -1.500000e-01 0
2.000000e-01 -1.500000e-01 0
2.500000e-01 -1.500000e-01 0
2.500000e-01 -1.000000e-01 0
2.000000e-01 -1.000000e-01 0
2.000000e-01 -1.000000e-01 0
2.500000e-01 -1.000000e-01 0
2.500000e-01 -5.000000e-02 0
2.000000e-01 -5.000000e-02 0
2.000000e-01 -5.000000e-02 0
2.500000e-01 -5.000000e-02 0
2.500000e-01 5.551115e-17 0
2.000000e-01 5.551115e-17 0
2.000000e-01 5.551115e-17 0
2.500000e-01 5.551115e-17 0
2.500000e-01 5.000000e-02 0
2.000000e-01 5.000000e-02 0
2.000000e-01 5.000000e-02 0
2.500000e-01 5.000000e-02 0
2.500000e-01 1.000000e-01 0
2.000000e-01 1.000000e-01 0
2.000000e-01 1.000000e-01 0
2.500000e-01 1.000000e-01 0
2.500000e-01 1.500000e-01 0
2.000000e-01 1.500000e-01 0
2.000000e-01 1.500000e-01 0
2.500000e-01 1.500000e-01 0
2.500000e-01 2.000000e-01 0
2.000000e-01 2.000000e-01 0
2.000000e-01 2.000000e-01 0
2.500000e-01 2.000000e-01 0
2.500000e-01 2.500000e-01 0
2.000000e-01 2.500000e-01 0
2.000000e-01 2.500000e-01 0
2.500000e-01 2.500000e-01 0
2.500000e-01 3.000000e-01 0
2.000000e-01 3.000000e-01 0
2.000000e-01 3.000000e-01 0
2.500000e-01 3.000000e-01 0
2.500000e-01 3.500000e-01 0
2.000000e-01 3.500000e-01 0
2.000000e-01 3.500000e-01 0
2.500000e-01 3.500000e-01 0
2.500000e-01 4.000000e-01 0
2.000000e-01 4.000000e-01 0
2.000000e-01 4.000000e-01 0
2.500000e-01 4.000000e-01 0
2.500000e-01 4.500000e-01 0
2.000000e-01 4.500000e-01 0
2.000000e-01 4.500000e-01 0
2.500000e-01 4.500000e-01 0
2.500000e-01 5.000000e-01 0
2.000000e-01 5.000000e-01 0
2.000000e-01 5.000000e-01 0
2.500000e-01 5.000000e-01 0
2.500000e-01 5.500000e-01 0
2.000000e-01 5.500000e-01 0
2.000000e-01 5.500000e-01 0
2.500000e-01 5.500000e-01 0
2.500000e-01 6.000000e-01 0
2.000000e-01 6.000000e-01 0
2.000000e-01 6.000000e-01 0
2.500000e-01 6.000000e-01 0
2.500000e-01 6.500000e-01 0
2.000000e-01 6.500000e-01 0
2.000000e-01 6.500000e-01 0
2.500000e-01 6.500000e-01 0
2.500000e-01 7.000000e-01 0
2.000000e-01 7.000000e-01 0
2.000000e-01 7.000000e-01 0
2.500000e-01 7.000000e-01 0
2.500000e-01 7.500000e-01 0
2.000000e-01 7.500000e-01 0
2.000000e-01 7.500000e-01 0
2.500000e-01 7.500000e-01 0
2.500000e-01 8.000000e-01 0
2.000000e-01 8.000000e-01 0
2.000000e-01 8.000000e-01 0
2.500000e-01 8.000000e-01 0
2.500000e-01 8.500000e-01 0
2.000000e-01 8.500000e-01 0
2.000000e-01 8.500000e-01 0
2.500000e-01 8.500000e-01 0
2.500000e-01 9.000000e-01 0
2.000000e-01 9.000000e-01 0
2.000000e-01 9.000000e-01 0
2.500000e-01 9.000000e-01 0
2.500000e-01 9.500000e-01 0
2.000000e-01 9.500000e-01 0
2.000000e-01 9.500000e-01 0
2.500000e-01 9.500000e-01 0
2.500000e-01 1.000000e+00 0
2.000000e-01 1.000000e+00 0
2.500000e-01 -1.000000e+00 0
3.000000e-01 -1.000000e+00 0
3.000000e-01 -9.500000e-01 0
2.500000e-01 -9.500000e-01 0
2.500000e-01 -9.500000e-01 0
3.000000e-01 -9.500000e-01 0
3.000000e-01 -9.000000e-01 0
2.500000e-01 -9.000000e-01 0
2.500000e-01 -9.000000e-01 0
3.000000e-01 -9.000000e-01 0
3.000000e-01 -8.500000e-01 0
2.500000e-01 -8.500000e-01 0
2.500000e-01 -8.500000e-01 0
3.000000e-01 -8.500000e-01 0
3.000000e-01 -8.000000e-01 0
2.500000e-01 -8.000000e-01 0
2.500000e-01 -8.000000e-01 0
3.000000e-01 -8.000000e-01 0
3.000000e-01 -7.500000e-01 0
2.500000e-01 -7.500000e-01 0
2.500000e-01 -7.500000e-01 0
3.000000e-01 -7.500000e-01 0
3.000000e-01 -7.000000e-01 0
2.500000e-01 -7.000000e-01 0
2.500000e-01 -7.000000e-01 0
3.000000e-01 -7.000000e-01 0
3.000000e-01 -6.500000e-01 0
2.500000e-01 -6.500000e-01 0
2.500000e-01 -6.500000e-01 0
3.000000e-01 -6.500000e-01 0
3.000000e-01 -6.000000e-01 0
2.500000e-01 -6.000000e-01 0
2.500000e-01 -6.000000e-01 0
3.000000e-01 -6.000000e-01 0
3.000000e-01 -5.500000e-01 0
2.500000e-01 -5.500000e-01 0
2.500000e-01 -5.500000e-01 0
3.000000e-01 -5.500000e-01 0
3.000000e-01 -5.000000e-01 0
2.500000e-01 -5.000000e-01 0
2.500000e-01 -5.000000e-01 0
3.000000e-01 -5.000000e-01 0
3.000000e-01 -4.500000e-01 0
2.500000e-01 -4.500000e-01 0
2.500000e-01 -4.500000e-01 0
3.000000e-01 -4.500000e-01 0
3.000000e-01 -4.000000e-01 0
2.500000e-01 -4.000000e-01 0
2.500000e-01 -4.000000e-01 0
3.000000e-01 -4.000000e-01 0
3.000000e-01 -3.500000e-01 0
2.500000e-01 -3.500000e-01 0
2.500000e-01 -3.500000e-01 0
3.000000e-01 -3.500000e-01 0
3.000000e-01 -3.000000e-01 0
2.500000e-01 -3.000000e-01 0
2.500000e-01 -3.000000e-01 0
3.000000e-01 -3.000000e-01 0
3.000000e-01 -2.500000e-01 0
2.500000e-01 -2.500000e-01 0
2.500000e-01 -2.500000e-01 0
3.000000e-01 -2.500000e-01 0
3.000000e-01 -2.000000e-01 0
2.500000e-01 -2.000000e-01 0
2.500000e-01 -2.000000e-01 0
3.000000e-01 -2.000000e-01 0
3.000000e-01 -1.500000e-01 0
2.500000e-01 -1.500000e-01 0
2.500000e-01 -1.500000e-01 0
3.000000e-01 -1.500000e-01 0
3.000000e-01 -1.000000e-01 0
2.500000e-01 -1.000000e-01 0
2.500000e-01 -1.000000e-01 0
3.000000e-01 -1.000000e-01 0
3.000000e-01 -5.000000e-02 0
2.500000e-01 -5.000000e-02 0
2.500000e-01 -5.000000e-02 0
3.000000e-01 -5.000000e-02 0
3.000000e-01 5.551115e-17 0
2.500000e-01 5.551115e-17 0
2.500000e-01 5.551115e-17 0
3.000000e-01 5.551115e-17 0
3.000000e-01 5.000000e-02 0
2.500000e-01 5.000000e-02 0
2.500000e-01 5.000000e-02 0
3.000000e-01 5.000000e-02 0
3.000000e-01 1.000000e-01 0
2.500000e-01 1.000000e-01 0
2.500000e-01 1.000000e-01 0
3.000000e-01 1.000000e-01 0
3.000000e-01 1.500000e-01 0
2.500000e-01 1.500000e-01 0
2.500000e-01 1.500000e-01 0
3.000000e-01 1.500000e-01 0
3.000000e-01 2.000000e-01 0
2.500000e-01 2.000000e-01 0
2.500000e-01 2.000000e-01 0
3.000000e-01 2.000000e-01 0
3.000000e-01 2.500000e-01 0
2.500000e-01 2.500000e-01 0
2.500000e-01 2.500000e-01 0
3.000000e-01 2.500000e-01 0
3.000000e-01 3.000000e-01 0
2.500000e-01 3.000000e-01 0
2.500000e-01 3.000000e-01 0
3.000000e-01 3.000000e-01 0
3.000000e-01 3.500000e-01 0
2.500000e-01 3.500000e-01 0
2.500000e-01 3.500000e-01 0
3.000000e-01 3.500000e-01 0
3.000000e-01 4.000000e-01 0
2.500000e-01 4.000000e-01 0
2.500000e-01 4.000000e-01 0
3.000000e-01 4.000000e-01 0
3.000000e-01 4.500000e-01 0
2.500000e-01 4.500000e-01 0
2.500000e-01 4.500000e-01 0
3.000000e-01 4.500000e-01 0
3.000000e-01 5.000000e-01 0
2.500000e-01 5.000000e-01 0
2.500000e-01 5.000000e-01 0
3.000000e-01 5.000000e-01 0
3.000000e-01 5.500000e-01 0
2.500000e-01 5.500000e-01 0
2.500000e-01 5.500000e-01 0
3.000000e-01 5.500000e-01 0
3.000000e-01 6.000000e-01 0
2.500000e-01 6.000000e-01 0
2.500000e-01 6.000000e-01 0
3.000000e-01 6.000000e-01 0
3.000000e-01 6.500000e-01 0
2.500000e-01 6.500000e-01 0
2.500000e-01 6.500000e-01 0
3.000000e-01 6.500000e-01 0
3.000000e-01 7.000000e-01 0
2.500000e-01 7.000000e-01 0
2.500000e-01 7.000000e-01 0
3.000000e-01 7.000000e-01 0
3.000000e-01 7.500000e-01 0
2.500000e-01 7.500000e-01 0
2.500000e-01 7.500000e-01 0
3.000000e-01 7.500000e-01 0
3.000000e-01 8.000000e-01 0
2.500000e-01 8.000000e-01 0
2.500000e-01 8.000000e-01 0
3.000000e-01 8.000000e-01 0
3.000000e-01 8.500000e-01 0
2.500000e-01 8.500000e-01 0
2.500000e-01 8.500000e-01 0
3.000000e-01 8.500000e-01 0
3.000000e-01 9.000000e-01 0
2.500000e-01 9.000000e-01 0
2.500000e-01 9.000000e-01 0
3.000000e-01 9.000000e-01 0
3.000000e-01 9.500000e-01 0
2.500000e-01 9.500000e-01 0
2.500000e-01 9.500000e-01 0
3.000000e-01 9.500000e-01 0
3.000000e-01 1.000000e+00 0
2.500000e-01 1.000000e+00 0
3.000000e-01 -1.000000e+00 0
3.500000e-01 -1.000000e+00 0
3.500000e-01 -9.500000e-01 0
3.000000e-01 -9.500000e-01 0
3.000000e-01 -9.500000e-01 0
3.500000e-01 -9.500000e-01 0
3.500000e-01 -9.000000e-01 0
3.000000e-01 -9.000000e-01 0
3.000000e-01 -9.000000e-01 0
3.500000e-01 -9.000000e-01 0
3.500000e-01 -8.500000e-01 0
3.000000e-01 -8.500000e-01 0
3.000000e-01 -8.500000e-01 0
3.500000e-01 -8.500000e-01 0
3.500000e-01 -8.000000e-01 0
3.000000e-01 -8.000000e-01 0
3.000000e-01 -8.000000e-01 0
3.500000e-01 -8.000000e-01 0
3.500000e-01 -7.500000e-01 0
3.000000e-01 -7.500000e-01 0
3.000000e-01 -7.500000e-01 0
3.500000e-01 -7.500000e-01 0
3.500000e-01 -7.000000e-01 0
3.000000e-01 -7.000000e-01 0
3.000000e-01 -7.000000e-01 0
3.500000e-01 -7.000000e-01 0
3.500000e-01 -6.500000e-01 0
3.000000e-01 -6.500000e-01 0
3.000000e-01 -6.500000e-01 0
3.500000e-01 -6.500000e-01 0
3.500000e-01 -6.000000e-01 0
3.000000e-01 -6.000000e-01 0
3.000000e-01 -6.000000e-01 0
3.500000e-01 -6.000000e-01 0
3.500000e-01 -5.500000e-01 0
3.000000e-01 -5.500000e-01 0
3.000000e-01 -5.500000e-01 0
3.500000e-01 -5.500000e-01 0
3.500000e-01 -5.000000e-01 0
3.000000e-01 -5.000000e-01 0
3.000000e-01 -5.000000e-01 0
3.500000e-01 -5.000000e-01 0
3.500000e-01 -4.500000e-01 0
3.000000e-01 -4.500000e-01 0
3.000000e-01 -4.500000e-01 0
3.500000e-01 -4.500000e-01 0
3.500000e-01 -4.000000e-01 0
3.000000e-01 -4.000000e-01 0
3.000000e-01 -4.000000e-01 0
3.500000e-01 -4.000000e-01 0
3.500000e-01 -3.500000e-01 0
3.000000e-01 -3.500000e-01 0
3.000000e-01 -3.500000e-01 0
3.500000e-01 -3.500000e-01 0
3.500000e-01 -3.000000e-01 0
3.000000e-01 -3.000000e-01 0
3.000000e-01 -3.000000e-01 0
3.500000e-01 -3.000000e-01 0
3.500000e-01 -2.500000e-01 0
3.000000e-01 -2.500000e-01 0
3.000000e-01 -2.500000e-01 0
3.500000e-01 -2.500000e-01 0
3.500000e-01 -2.000000e-01 0
3.000000e-01 -2.000000e-01 0
3.000000e-01 -2.000000e-01 0
3.500000e-01 -2.000000e-01 0
3.500000e-01 -1.500000e-01 0
3.000000e-01 -1.500000e-01 0
3.000000e-01 -1.500000e-01 0
3.500000e-01 -1.500000e-01 0
3.500000e-01 -1.000000e-01 0
3.000000e-01 -1.000000e-01 0
3.000000e-01 -1.000000e-01 0
3.500000e-01 -1.000000e-01 0
3.500000e-01 -5.000000e-02 0
3.000000e-01 -5.000000e-02 0
3.000000e-01 -5.000000e-02 0
3.500000e-01 -5.000000e-02 0
3.500000e-01 5.551115e-17 0
3.000000e-01 5.551115e-17 0
3.000000e-01 5.551115e-17 0
3.500000e-01 5.551115e-17 0
3.500000e-01 5.000000e-02 0
3.000000e-01 5.000000e-02 0
3.000000e-01 5.000000e-02 0
3.500000e-01 5.000000e-02 0
3.500000e-01 1.000000e-01 0
3.000000e-01 1.000000e-01 0
3.000000e-01 1.000000e-01 0
3.500000e-01 1.000000e-01 0
3.500000e-01 1.500000e-01 0
3.000000e-01 1.500000e-01 0
3.000000e-01 1.500000e-01 0
3.500000e-01 1.500000e-01 0
3.500000e-01 2.000000e-01 0
3.000000e-01 2.000000e-01 0
3.000000e-01 2.000000e-01 0
3.500000e-01 2.000000e-01 0
3.500000e-01 2.500000e-01 0
3.000000e-01 2.500000e-01 0
3.000000e-01 2.500000e-01 0
3.500000e-01 2.500000e-01 0
3.500000e-01 3.000000e-01 0
3.000000e-01 3.000000e-01 0
3.000000e-01 3.000000e-01 0
3.500000e-01 3.000000e-01 0
3.500000e-01 3.500000e-01 0
3.000000e-01 3.500000e-01 0
3.000000e-01 3.500000e-01 0
3.500000e-01 3.500000e-01 0
3.500000e-01 4.000000e-01 0
3.000000e-01 4.000000e-01 0
3.000000e-01 4.000000e-01 0
3.500000e-01 4.000000e-01 0
3.500000e-01 4.500000e-01 0
3.000000e-01 4.500000e-01 0
3.000000e-01 4.500000e-01 0
3.500000e-01 4.500000e-01 0
3.500000e-01 5.000000e-01 0
3.000000e-01 5.000000e-01 0
3.000000e-01 5.000000e-01 0
3.500000e-01 5.000000e-01 0
3.500000e-01 5.500000e-01 0
3.000000e-01 5.500000e-01 0
3.000000e-01 5.500000e-01 0
3.500000e-01 5.500000e-01 0
3.500000e-01 6.000000e-01 0
3.000000e-01 6.000000e-01 0
3.000000e-01 6.000000e-01 0
3.500000e-01 6.000000e-01 0
3.500000e-01 6.500000e-01 0
3.000000e-01 6.500000e-01 0
3.000000e-01 6.500000e-01 0
3.500000e-01 6.500000e-01 0
3.500000e-01 7.000000e-01 0
3.000000e-01 7.000000e-01 0
3.000000e-01 7.000000e-01 0
3.500000e-01 7.000000e-01 0
3.500000e-01 7.500000e-01 0
3.000000e-01 7.500000e-01 0
3.000000e-01 7.500000e-01 0
3.500000e-01 7.500000e-01 0
3.500000e-01 8.000000e-01 0
3.000000e-01 8.000000e-01 0
3.000000e-01 8.000000e-01 0
3.500000e-01 8.000000e-01 0
3.500000e-01 8.500000e-01 0
3.000000e-01 8.500000e-01 0
3.000000e-01 8.500000e-01 0
3.500000e-01 8.500000e-01 0
3.500000e-01 9.000000e-01 0
3.000000e-01 9.000000e-01 0
3.000000e-01 9.000000e-01 0
3.500000e-01 9.000000e-01 0
3.500000e-01 9.500000e-01 0
3.000000e-01 9.500000e-01 0
3.000000e-01 9.500000e-01 0
3.500000e-01 9.500000e-01 0
3.500000e-01 1.000000e+00 0
3.000000e-01 1.000000e+00 0
3.500000e-01 -1.000000e+00 0
4.000000e-01 -1.000000e+00 0
4.000000e-01 -9.500000e-01 0
3.500000e-01 -9.500000e-01 0
3.500000e-01 -9.500000e-01 0
4.000000e-01 -9.500000e-01 0
4.000000e-01 -9.000000e-01 0
3.500000e-01 -9.000000e-01 0
3.500000e-01 -9.000000e-01 0
4.000000e-01 -9.000000e-01 0
4.000000e-01 -8.500000e-01 0
3.500000e-01 -8.500000e-01 0
3.500000e-01 -8.500000e-01 0
4.000000e-01 -8.500000e-01 0
4.000000e-01 -8.000000e-01 0
3.500000e-01 -8.000000e-01 0
3.500000e-01 -8.000000e-01 0
4.000000e-01 -8.000000e-01 0
4.000000e-01 -7.500000e-01 0
3.500000e-01 -7.500000e-01 0
3.500000e-01 -7.500000e-01 0
4.000000e-01 -7.500000e-01 0
4.000000e-01 -7.000000e-01 0
3.500000e-01 -7.000000e-01 0
3.500000e-01 -7.000000e-01 0
4.000000e-01 -7.000000e-01 0
4.000000e-01 -6.500000e-01 0
3.500000e-01 -6.500000e-01 0
3.500000e-01 -6.500000e-01 0
4.000000e-01 -6.500000e-01 0
4.000000e-01 -6.000000e-01 0
3.500000e-01 -6.000000e-01 0
3.500000e-01 -6.000000e-01 0
4.000000e-01 -6.000000e-01 0
4.000000e-01 -5.500000e-01 0
3.500000e-01 -5.500000e-01 0
3.500000e-01 -5.500000e-01 0
4.000000e-01 -5.500000e-01 0
4.000000e-01 -5.000000e-01 0
3.500000e-01 -5.000000e-01 0
3.500000e-01 -5.000000e-01 0
4.000000e-01 -5.000000e-01 0
4.000000e-01 -4.500000e-01 0
3.500000e-01 -4.500000e-01 0
3.500000e-01 -4.500000e-01 0
4.000000e-01 -4.500000e-01 0
4.000000e-01 -4.000000e-01 0
3.500000e-01 -4.000000e-01 0
3.500000e-01 -4.000000e-01 0
4.000000e-01 -4.000000e-01 0
4.000000e-01 -3.500000e-01 0
3.500000e-01 -3.500000e-01 0
3.500000e-01 -3.500000e-01 0
4.000000e-01 -3.500000e-01 0
4.000000e-01 -3.000000e-01 0
3.500000e-01 -3.000000e-01 0
3.500000e-01 -3.000000e-01 0
4.000000e-01 -3.000000e-01 0
4.000000e-01 -2.500000e-01 0
3.500000e-01 -2.500000e-01 0
3.500000e-01 -2.500000e-01 0
4.000000e-01 -2.500000e-01 0
4.000000e-01 -2.000000e-01 0
3.500000e-01 -2.000000e-01 0
3.500000e-01 -2.000000e-01 0
4.000000e-01 -2.000000e-01 0
4.000000e-01 -1.500000e-01 0
3.500000e-01 -1.500000e-01 0
3.500000e-01 -1.500000e-01 0
4.000000e-01 -1.500000e-01 0
4.000000e-01 -1.000000e-01 0
3.500000e-01 -1.000000e-01 0
3.500000e-01 -1.000000e-01 0
4.000000e-01 -1.000000e-01 0
4.000000e-01 -5.000000e-02 0
3.500000e-01 -5.000000e-02 0
3.500000e-01 -5.000000e-02 0
4.000000e-01 -5.000000e-02 0
4.000000e-01 5.551115e-17 0
3.500000e-01 5.551115e-17 0
3.500000e-01 5.551115e-17 0
4.000000e-01 5.551115e-17 0
4.000000e-01 5.000000e-02 0
3.500000e-01 5.000000e-02 0
3.500000e-01 5.000000e-02 0
4.000000e-01 5.000000e-02 0
4.000000e-01 1.000000e-01 0
3.500000e-01 1.000000e-01 0
3.500000e-01 1.000000e-01 0
4.000000e-01 1.000000e-01 0
4.000000e-01 1.500000e-01 0
3.500000e-01 1.500000e-01 0
3.500000e-01 1.500000e-01 0
4.000000e-01 1.500000e-01 0
4.000000e-01 2.000000e-01 0
3.500000e-01 2.000000e-01 0
3.500000e-01 2.000000e-01 0
4.000000e-01 2.000000e-01 0
4.000000e-01 2.500000e-01 0
3.500000e-01 2.500000e-01 0
3.500000e-01 2.500000e-01 0
4.000000e-01 2.500000e-01 0
4.000000e-01 3.000000e-01 0
3.500000e-01 3.000000e-01 0
3.500000e-01 3.000000e-01 0
4.000000e-01 3.000000e-01 0
4.000000e-01 3.500000e-01 0
3.500000e-01 3.500000e-01 0
3.500000e-01 3.500000e-01 0
4.000000e-01 3.500000e-01 0
4.000000e-01 4.000000e-01 0
3.500000e-01 4.000000e-01 0
3.500000e-01 4.000000e-01 0
4.000000e-01 4.000000e-01 0
4.000000e-01 4.500000e-01 0
3.500000e-01 4.500000e-01 0
3.500000e-01 4.500000e-01 0
4.000000e-01 4.500000e-01 0
4.000000e-01 5.000000e-01 0
3.500000e-01 5.000000e-01 0
3.500000e-01 5.000000e-01 0
4.000000e-01 5.000000e-01 0
4.000000e-01 5.500000e-01 0
3.500000e-01 5.500000e-01 0
3.500000e-01 5.500000e-01 0
4.000000e-01 5.500000e-01 0
4.000000e-01 6.000000e-01 0
3.500000e-01 6.000000e-01 0
3.500000e-01 6.000000e-01 0
4.000000e-01 6.000000e-01 0
4.000000e-01 6.500000e-01 0
3.500000e-01 6.500000e-01 0
3.500000e-01 6.500000e-01 0
4.000000e-01 6.500000e-01 0
4.000000e-01 7.000000e-01 0
3.500000e-01 7.000000e-01 0
3.500000e-01 7.000000e-01 0
4.000000e-01 7.000000e-01 0
4.000000e-01 7.500000e-01 0
3.500000e-01 7.500000e-01 0
3.500000e-01 7.500000e-01 0
4.000000e-01 7.500000e-01 0
4.000000e-01 8.000000e-01 0
3.500000e-01 8.000000e-01 0
3.500000e-01 8.000000e-01 0
4.000000e-01 8.000000e-01 0
4.000000e-01 8.500000e-01 0
3.500000e-01 8.500000e-01 0
3.500000e-01 8.500000e-01 0
4.000000e-01 8.500000e-01 0
4.000000e-01 9.000000e-01 0
3.500000e-01 9.000000e-01 0
3.500000e-01 9.000000e-01 0
4.000000e-01 9.000000e-01 0
4.000000e-01 9.500000e-01 0
3.500000e-01 9.500000e-01 0
3.500000e-01 9.500000e-01 0
4.000000e-01 9.500000e-01 0
4.000000e-01 1.000000e+00 0
3.500000e-01 1.000000e+00 0
4.000000e-01 -1.000000e+00 0
4.500000e-01 -1.000000e+00 0
4.500000e-01 -9.500000e-01 0
4.000000e-01 -9.500000e-01 0
4.000000e-01 -9.500000e-01 0
4.500000e-01 -9.500000e-01 0
4.500000e-01 -9.000000e-01 0
4.000000e-01 -9.000000e-01 0
4.000000e-01 -9.000000e-01 0
4.500000e-01 -9.000000e-01 0
4.500000e-01 -8.500000e-01 0
4.000000e-01 -8.500000e-01 0
4.000000e-01 -8.500000e-01 0
4.500000e-01 -8.500000e-01 0
4.500000e-01 -8.000000e-01 0
4.000000e-01 -8.000000e-01 0
4.000000e-01 -8.000000e-01 0
4.500000e-01 -8.000000e-01 0
4.500000e-01 -7.500000e-01 0
4.000000e-01 -7.500000e-01 0
4.000000e-01 -7.500000e-01 0
4.500000e-01 -7.500000e-01 0
4.500000e-01 -7.000000e-01 0
4.000000e-01 -7.000000e-01 0
4.000000e-01 -7.000000e-01 0
4.500000e-01 -7.000000e-01 0
4.500000e-01 -6.500000e-01 0
4.000000e-01 -6.500000e-01 0
4.000000e-01 -6.500000e-01 0
4.500000e-01 -6.500000e-01 0
4.500000e-01 -6.000000e-01 0
4.000000e-01 -6.000000e-01 0
4.000000e-01 -6.000000e-01 0
4.500000e-01 -6.000000e-01 0
4.500000e-01 -5.500000e-01 0
4.000000e-01 -5.500000e-01 0
4.000000e-01 -5.500000e-01 0
4.500000e-01 -5.500000e-01 0
4.500000e-01 -5.000000e-01 0
4.000000e-01 -5.000000e-01 0
4.000000e-01 -5.000000e-01 0
4.500000e-01 -5.000000e-01 0
4.500000e-01 -4.500000e-01 0
4.000000e-01 -4.500000e-01 0
4.000000e-01 -4.500000e-01 0
4.500000e-01 -4.500000e-01 0
4.500000e-01 -4.000000e-01 0
4.000000e-01 -4.000000e-01 0
4.000000e-01 -4.000000e-01 0
4.500000e-01 -4.000000e-01 0
4.500000e-01 -3.500000e-01 0
4.000000e-01 -3.500000e-01 0
4.000000e-01 -3.500000e-01 0
4.500000e-01 -3.500000e-01 0
4.500000e-01 -3.000000e-01 0
4.000000e-01 -3.000000e-01 0
4.000000e-01 -3.000000e-01 0
4.500000e-01 -3.000000e-01 0
4.500000e-01 -2.500000e-01 0
4.000000e-01 -2.500000e-01 0
4.000000e-01 -2.500000e-01 0
4.500000e-01 -2.500000e-01 0
4.500000e-01 -2.000000e-01 0
4.000000e-01 -2.000000e-01 0
4.000000e-01 -2.000000e-01 0
4.500000e-01 -2.000000e-01 0
4.500000e-01 -1.500000e-01 0
4.000000e-01 -1.500000e-01 0
4.000000e-01 -1.500000e-01 0
4.500000e-01 -1.500000e-01 0
4.500000e-01 -1.000000e-01 0
4.000000e-01 -1.000000e-01 0
4.000000e-01 -1.000000e-01 0
4.500000e-01 -1.000000e-01 0
4.500000e-01 -5.000000e-02 0
4.000000e-01 -5.000000e-02 0
4.000000e-01 -5.000000e-02 0
4.500000e-01 -5.000000e-02 0
4.500000e-01 5.551115e-17 0
4.000000e-01 5.551115e-17 0
4.000000e-01 5.551115e-17 0
4.500000e-01 5.551115e-17 0
4.500000e-01 5.000000e-02 0
4.000000e-01 5.000000e-02 0
4.000000e-01 5.000000e-02 0
4.500000e-01 5.000000e-02 0
4.500000e-01 1.000000e-01 0
4.000000e-01 1.000000e-01 0
4.000000e-01 1.000000e-01 0
4.500000e-01 1.000000e-01 0
4.500000e-01 1.500000e-01 0
4.000000e-01 1.500000e-01 0
4.000000e-01 1.500000e-01 0
4.500000e-01 1.500000e-01 0
4.500000e-01 2.000000e-01 0
4.000000e-01 2.000000e-01 0
4.000000e-01 2.000000e-01 0
4.500000e-01 2.000000e-01 0
4.500000e-01 2.500000e-01 0
4.000000e-01 2.500000e-01 0
4.000000e-01 2.500000e-01 0
4.500000e-01 2.500000e-01 0
4.500000e-01 3.000000e-01 0
4.000000e-01 3.000000e-01 0
4.000000e-01 3.000000e-01 0
4.500000e-01 3.000000e-01 0
4.500000e-01 3.500000e-01 0
4.000000e-01 3.500000e-01 0
4.000000e-01 3.500000e-01 0
4.500000e-01 3.500000e-01 0
4.500000e-01 4.000000e-01 0
4.000000e-01 4.000000e-01 0
4.000000e-01 4.000000e-01 0
4.500000e-01 4.000000e-01 0
4.500000e-01 4.500000e-01 0
4.000000e-01 4.500000e-01 0
4.000000e-01 4.500000e-01 0
4.500000e-01 4.500000e-01 0
4.500000e-01 5.000000e-01 0
4.000000e-01 5.000000e-01 0
4.000000e-01 5.000000e-01 0
4.500000e-01 5.000000e-01 0
4.500000e-01 5.500000e-01 0
4.000000e-01 5.500000e-01 0
4.000000e-01 5.500000e-01 0
4.500000e-01 5.500000e-01 0
4.500000e-01 6.000000e-01 0
4.000000e-01 6.000000e-01 0
4.000000e-01 6.000000e-01 0
4.500000e-01 6.000000e-01 0
4.500000e-01 6.500000e-01 0
4.000000e-01 6.500000e-01 0
4.000000e-01 6.500000e-01 0
4.500000e-01 6.500000e-01 0
4.500000e-01 7.000000e-01 0
4.000000e-01 7.000000e-01 0
4.000000e-01 7.000000e-01 0
4.500000e-01 7.000000e-01 0
4.500000e-01 7.500000e-01 0
4.000000e-01 7.500000e-01 0
4.000000e-01 7.500000e-01 0
4.500000e-01 7.500000e-01 0
4.500000e-01 8.000000e-01 0
4.000000e-01 8.000000e-01 0
4.000000e-01 8.000000e-01 0
4.500000e-01 8.000000e-01 0
4.500000e-01 8.500000e-01 0
4.000000e-01 8.500000e-01 0
4.000000e-01 8.500000e-01 0
4.500000e-01 8.500000e-01 0
4.500000e-01 9.000000e-01 0
4.000000e-01 9.000000e-01 0
4.000000e-01 9.000000e-01 0
4.500000e-01 9.000000e-01 0
4.500000e-01 9.500000e-01 0
4.000000e-01 9.500000e-01 0
4.000000e-01 9.500000e-01 0
4.500000e-01 9.500000e-01 0
4.500000e-01 1.000000e+00 0
4.000000e-01 1.000000e+00 0
4.500000e-01 -1.000000e+00 0
5.000000e-01 -1.000000e+00 0
5.000000e-01 -9.500000e-01 0
4.500000e-01 -9.500000e-01 0
4.500000e-01 -9.500000e-01 0
5.000000e-01 -9.500000e-01 0
5.000000e-01 -9.000000e-01 0
4.500000e-01 -9.000000e-01 0
4.500000e-01 -9.000000e-01 0
5.000000e-01 -9.000000e-01 0
5.000000e-01 -8.500000e-01 0
4.500000e-01 -8.500000e-01 0
4.500000e-01 -8.500000e-01 0
5.000000e-01 -8.500000e-01 0
5.000000e-01 -8.000000e-01 0
4.500000e-01 -8.000000e-01 0
4.500000e-01 -8.000000e-01 0
5.000000e-01 -8.000000e-01 0
5.000000e-01 -7.500000e-01 0
4.500000e-01 -7.500000e-01 0
4.500000e-01 -7.500000e-01 0
5.000000e-01 -7.500000e-01 0
5.000000e-01 -7.000000e-01 0
4.500000e-01 -7.000000e-01 0
4.500000e-01 -7.000000e-01 0
5.000000e-01 -7.000000e-01 0
5.000000e-01 -6.500000e-01 0
4.500000e-01 -6.500000e-01 0
4.500000e-01 -6.500000e-01 0
5.000000e-01 -6.500000e-01 0
5.000000e-01 -6.000000e-01 0
4.500000e-01 -6.000000e-01 0
4.500000e-01 -6.000000e-01 0
5.000000e-01 -6.000000e-01 0
5.000000e-01 -5.500000e-01 0
4.500000e-01 -5.500000e-01 0
4.500000e-01 -5.500000e-01 0
5.000000e-01 -5.500000e-01 0
5.000000e-01 -5.000000e-01 0
4.500000e-01 -5.000000e-01 0
4.500000e-01 -5.000000e-01 0
5.000000e-01 -5.000000e-01 0
5.000000e-01 -4.500000e-01 0
4.500000e-01 -4.500000e-01 0
4.500000e-01 -4.500000e-01 0
5.000000e-01 -4.500000e-01 0
5.000000e-01 -4.000000e-01 0
4.500000e-01 -4.000000e-01 0
4.500000e-01 -4.000000e-01 0
5.000000e-01 -4.000000e-01 0
5.000000e-01 -3.500000e-01 0
4.500000e-01 -3.500000e-01 0
4.500000e-01 -3.500000e-01 0
5.000000e-01 -3.500000e-01 0
5.000000e-01 -3.000000e-01 0
4.500000e-01 -3.000000e-01 0
4.500000e-01 -3.000000e-01 0
5.000000e-01 -3.000000e-01 0
5.000000e-01 -2.500000e-01 0
4.500000e-01 -2.500000e-01 0
4.500000e-01 -2.500000e-01 0
5.000000e-01 -2.500000e-01 0
5.000000e-01 -2.000000e-01 0
4.500000e-01 -2.000000e-01 0
4.500000e-01 -2.000000e-01 0
5.000000e-01 -2.000000e-01 0
5.000000e-01 -1.500000e-01 0
4.500000e-01 -1.500000e-01 0
4.500000e-01 -1.500000e-01 0
5.000000e-01 -1.500000e-01 0
5.000000e-01 -1.000000e-01 0
4.500000e-01 -1.000000e-01 0
4.500000e-01 -1.000000e-01 0
5.000000e-01 -1.000000e-01 0
5.000000e-01 -5.000000e-02 0
4.500000e-01 -5.000000e-02 0
4.500000e-01 -5.000000e-02 0
5.000000e-01 -5.000000e-02 0
5.000000e-01 5.551115e-17 0
4.500000e-01 5.551115e-17 0
4.500000e-01 5.551115e-17 0
5.000000e-01 5.551115e-17 0
5.000000e-01 5.000000e-02 0
4.500000e-01 5.000000e-02 0
4.500000e-01 5.000000e-02 0
5.000000e-01 5.000000e-02 0
5.000000e-01 1.000000e-01 0
4.500000e-01 1.000000e-01 0
4.500000e-01 1.000000e-01 0
5.000000e-01 1.000000e-01 0
5.000000e-01 1.500000e-01 0
4.500000e-01 1.500000e-01 0
4.500000e-01 1.500000e-01 0
5.000000e-01 1.500000e-01 0
5.000000e-01 2.000000e-01 0
4.500000e-01 2.000000e-01 0
4.500000e-01 2.000000e-01 0
5.000000e-01 2.000000e-01 0
5.000000e-01 2.500000e-01 0
4.500000e-01 2.500000e-01 0
4.500000e-01 2.500000e-01 0
5.000000e-01 2.500000e-01 0
5.000000e-01 3.000000e-01 0
4.500000e-01 3.000000e-01 0
4.500000e-01 3.000000e-01 0
5.000000e-01 3.000000e-01 0
5.000000e-01 3.500000e-01 0
4.500000e-01 3.500000e-01 0
4.500000e-01 3.500000e-01 0
5.000000e-01 3.500000e-01 0
5.000000e-01 4.000000e-01 0
4.500000e-01 4.000000e-01 0
4.500000e-01 4.000000e-01 0
5.000000e-01 4.000000e-01 0
5.000000e-01 4.500000e-01 0
4.500000e-01 4.500000e-01 0
4.500000e-01 4.500000e-01 0
5.000000e-01 4.500000e-01 0
5.000000e-01 5.000000e-01 0
4.500000e-01 5.000000e-01 0
4.500000e-01 5.000000e-01 0
5.000000e-01 5.000000e-01 0
5.000000e-01 5.500000e-01 0
4.500000e-01 5.500000e-01 0
4.500000e-01 5.500000e-01 0
5.000000e-01 5.500000e-01 0
5.000000e-01 6.000000e-01 0
4.500000e-01 6.000000e-01 0
4.500000e-01 6.000000e-01 0
5.000000e-01 6.000000e-01 0
5.000000e-01 6.500000e-01 0
4.500000e-01 6.500000e-01 0
4.500000e-01 6.500000e-01 0
5.000000e-01 6.500000e-01 0
5.000000e-01 7.000000e-01 0
4.500000e-01 7.000000e-01 0
4.500000e-01 7.000000e-01 0
5.000000e-01 7.000000e-01 0
5.000000e-01 7.500000e-01 0
4.500000e-01 7.500000e-01 0
4.500000e-01 7.500000e-01 0
5.000000e-01 7.500000e-01 0
5.000000e-01 8.000000e-01 0
4.500000e-01 8.000000e-01 0
4.500000e-01 8.000000e-01 0
5.000000e-01 8.000000e-01 0
5.000000e-01 8.500000e-01 0
4.500000e-01 8.500000e-01 0
4.500000e-01 8.500000e-01 0
5.000000e-01 8.500000e-01 0
5.000000e-01 9.000000e-01 0
4.500000e-01 9.000000e-01 0
4.500000e-01 9.000000e-01 0
5.000000e-01 9.000000e-01 0
5.000000e-01 9.500000e-01 0
4.500000e-01 9.500000e-01 0
4.500000e-01 9.500000e-01 0
5.000000e-01 9.500000e-01 0
5.000000e-01 1.000000e+00 0
4.500000e-01 1.000000e+00 0
5.000000e-01 -1.000000e+00 0
5.500000e-01 -1.000000e+00 0
5.500000e-01 -9.500000e-01 0
5.000000e-01 -9.500000e-01 0
5.000000e-01 -9.500000e-01 0
5.500000e-01 -9.500000e-01 0
5.500000e-01 -9.000000e-01 0
5.000000e-01 -9.000000e-01 0
5.000000e-01 -9.000000e-01 0
5.500000e-01 -9.000000e-01 0
5.500000e-01 -8.500000e-01 0
5.000000e-01 -8.500000e-01 0
5.000000e-01 -8.500000e-01 0
5.500000e-01 -8.500000e-01 0
5.500000e-01 -8.000000e-01 0
5.000000e-01 -8.000000e-01 0
5.000000e-01 -8.000000e-01 0
5.500000e-01 -8.000000e-01 0
5.500000e-01 -7.500000e-01 0
5.000000e-01 -7.500000e-01 0
5.000000e-01 -7.500000e-01 0
5.500000e-01 -7.500000e-01 0
5.500000e-01 -7.000000e-01 0
5.000000e-01 -7.000000e-01 0
5.000000e-01 -7.000000e-01 0
5.500000e-01 -7.000000e-01 0
5.500000e-01 -6.500000e-01 0
5.000000e-01 -6.500000e-01 0
5.000000e-01 -6.500000e-01 0
5.500000e-01 -6.500000e-01 0
5.500000e-01 -6.000000e-01 0
5.000000e-01 -6.000000e-01 0
5.000000e-01 -6.000000e-01 0
5.500000e-01 -6.000000e-01 0
5.500000e-01 -5.500000e-01 0
5.000000e-01 -5.500000e-01 0
5.000000e-01 -5.500000e-01 0
5.500000e-01 -5.500000e-01 0
5.500000e-01 -5.000000e-01 0
5.000000e-01 -5.000000e-01 0
5.000000e-01 -5.000000e-01 0
5.500000e-01 -5.000000e-01 0
5.500000e-01 -4.500000e-01 0
5.000000e-01 -4.500000e-01 0
5.000000e-01 -4.500000e-01 0
5.500000e-01 -4.500000e-01 0
5.500000e-01 -4.000000e-01 0
5.000000e-01 -4.000000e-01 0
5.000000e-01 -4.000000e-01 0
5.500000e-01 -4.000000e-01 0
5.500000e-01 -3.500000e-01 0
5.000000e-01 -3.500000e-01 0
5.000000e-01 -3.500000e-01 0
5.500000e-01 -3.500000e-01 0
5.500000e-01 -3.000000e-01 0
5.000000e-01 -3.000000e-01 0
5.000000e-01 -3.000000e-01 0
5.500000e-01 -3.000000e-01 0
5.500000e-01 -2.500000e-01 0
5.000000e-01 -2.500000e-01 0
5.000000e-01 -2.500000e-01 0
5.500000e-01 -2.500000e-01 0
5.500000e-01 -2.000000e-01 0
5.000000e-01 -2.000000e-01 0
5.000000e-01 -2.000000e-01 0
5.500000e-01 -2.000000e-01 0
5.500000e-01 -1.500000e-01 0
5.000000e-01 -1.500000e-01 0
5.000000e-01 -1.500000e-01 0
5.500000e-01 -1.500000e-01 0
5.500000e-01 -1.000000e-01 0
5.000000e-01 -1.000000e-01 0
5.000000e-01 -1.000000e-01 0
5.500000e-01 -1.000000e-01 0
5.500000e-01 -5.000000e-02 0
5.000000e-01 -5.000000e-02 0
5.000000e-01 -5.000000e-02 0
5.500000e-01 -5.000000e-02 0
5.500000e-01 5.551115e-17 0
5.000000e-01 5.551115e-17 0
5.000000e-01 5.551115e-17 0
5.500000e-01 5.551115e-17 0
5.500000e-01 5.000000e-02 0
5.000000e-01 5.000000e-02 0
5.000000e-01 5.000000e-02 0
5.500000e-01 5.000000e-02 0
5.500000e-01 1.000000e-01 0
5.000000e-01 1.000000e-01 0
5.000000e-01 1.000000e-01 0
5.500000e-01 1.000000e-01 0
5.500000e-01 1.500000e-01 0
5.000000e-01 1.500000e-01 0
5.000000e-01 1.500000e-01 0
5.500000e-01 1.500000e-01 0
5.500000e-01 2.000000e-01 0
5.000000e-01 2.000000e-01 0
5.000000e-01 2.000000e-01 0
5.500000e-01 2.000000e-01 0
5.500000e-01 2.500000e-01 0
5.000000e-01 2.500000e-01 0
5.000000e-01 2.500000e-01 0
5.500000e-01 2.500000e-01 0
5.500000e-01 3.000000e-01 0
5.000000e-01 3.000000e-01 0
5.000000e-01 3.000000e-01 0
5.500000e-01 3.000000e-01 0
5.500000e-01 3.500000e-01 0
5.000000e-01 3.500000e-01 0
5.000000e-01 3.500000e-01 0
5.500000e-01 3.500000e-01 0
5.500000e-01 4.000000e-01 0
5.000000e-01 4.000000e-01 0
5.000000e-01 4.000000e-01 0
5.500000e-01 4.000000e-01 0
5.500000e-01 4.500000e-01 0
5.000000e-01 4.500000e-01 0
5.000000e-01 4.500000e-01 0
5.500000e-01 4.500000e-01 0
5.500000e-01 5.000000e-01 0
5.000000e-01 5.000000e-01 0
5.000000e-01 5.000000e-01 0
5.500000e-01 5.000000e-01 0
5.500000e-01 5.500000e-01 0
5.000000e-01 5.500000e-01 0
5.000000e-01 5.500000e-01 0
5.500000e-01 5.500000e-01 0
5.500000e-01 6.000000e-01 0
5.000000e-01 6.000000e-01 0
5.000000e-01 6.000000e-01 0
5.500000e-01 6.000000e-01 0
5.500000e-01 6.500000e-01 0
5.000000e-01 6.500000e-01 0
5.000000e-01 6.500000e-01 0
5.500000e-01 6.500000e-01 0
5.500000e-01 7.000000e-01 0
5.000000e-01 7.000000e-01 0
5.000000e-01 7.000000e-01 0
5.500000e-01 7.000000e-01 0
5.500000e-01 7.500000e-01 0
5.000000e-01 7.500000e-01 0
5.000000e-01 7.500000e-01 0
5.500000e-01 7.500000e-01 0
5.500000e-01 8.000000e-01 0
5.000000e-01 8.000000e-01 0
5.000000e-01 8.000000e-01 0
5.500000e-01 8.000000e-01 0
5.500000e-01 8.500000e-01 0
5.000000e-01 8.500000e-01 0
5.000000e-01 8.500000e-01 0
5.500000e-01 8.500000e-01 0
5.500000e-01 9.000000e-01 0
5.000000e-01 9.000000e-01 0
5.000000e-01 9.000000e-01 0
5.500000e-01 9.000000e-01 0
5.500000e-01 9.500000e-01 0
5.000000e-01 9.500000e-01 0
5.000000e-01 9.500000e-01 0
5.500000e-01 9.500000e-01 0
5.500000e-01 1.000000e+00 0
5.000000e-01 1.000000e+00 0
5.500000e-01 -1.000000e+00 0
6.000000e-01 -1.000000e+00 0
6.000000e-01 -9.500000e-01 0
5.500000e-01 -9.500000e-01 0
5.500000e-01 -9.500000e-01 0
6.000000e-01 -9.500000e-01 0
6.000000e-01 -9.000000e-01 0
5.500000e-01 -9.000000e-01 0
5.500000e-01 -9.000000e-01 0
6.000000e-01 -9.000000e-01 0
6.000000e-01 -8.500000e-01 0
5.500000e-01 -8.500000e-01 0
5.500000e-01 -8.500000e-01 0
6.000000e-01 -8.500000e-01 0
6.000000e-01 -8.000000e-01 0
5.500000e-01 -8.000000e-01 0
5.500000e-01 -8.000000e-01 0
6.000000e-01 -8.000000e-01 0
6.000000e-01 -7.500000e-01 0
5.500000e-01 -7.500000e-01 0
5.500000e-01 -7.500000e-01 0
6.000000e-01 -7.500000e-01 0
6.000000e-01 -7.000000e-01 0
5.500000e-01 -7.000000e-01 0
5.500000e-01 -7.000000e-01 0
6.000000e-01 -7.000000e-01 0
6.000000e-01 -6.500000e-01 0
5.500000e-01 -6.500000e-01 0
5.500000e-01 -6.500000e-01 0
6.000000e-01 -6.500000e-01 0
6.000000e-01 -6.000000e-01 0
5.500000e-01 -6.000000e-01 0
5.500000e-01 -6.000000e-01 0
6.000000e-01 -6.000000e-01 0
6.000000e-01 -5.500000e-01 0
5.500000e-01 -5.500000e-01 0
5.500000e-01 -5.500000e-01 0
6.000000e-01 -5.500000e-01 0
6.000000e-01 -5.000000e-01 0
5.500000e-01 -5.000000e-01 0
5.500000e-01 -5.000000e-01 0
6.000000e-01 -5.000000e-01 0
6.000000e-01 -4.500000e-01 0
5.500000e-01 -4.500000e-01 0
5.500000e-01 -4.500000e-01 0
6.000000e-01 -4.500000e-01 0
6.000000e-01 -4.000000e-01 0
5.500000e-01 -4.000000e-01 0
5.500000e-01 -4.000000e-01 0
6.000000e-01 -4.000000e-01 0
6.000000e-01 -3.500000e-01 0
5.500000e-01 -3.500000e-01 0
5.500000e-01 -3.500000e-01 0
6.000000e-01 -3.500000e-01 0
6.000000e-01 -3.000000e-01 0
5.500000e-01 -3.000000e-01 0
5.500000e-01 -3.000000e-01 0
6.000000e-01 -3.000000e-01 0
6.000000e-01 -2.500000e-01 0
5.500000e-01 -2.500000e-01 0
5.500000e-01 -2.500000e-01 0
6.000000e-01 -2.500000e-01 0
6.000000e-01 -2.000000e-01 0
5.500000e-01 -2.000000e-01 0
5.500000e-01 -2.000000e-01 0
6.000000e-01 -2.000000e-01 0
6.000000e-01 -1.500000e-01 0
5.500000e-01 -1.500000e-01 0
5.500000e-01 -1.500000e-01 0
6.000000e-01 -1.500000e-01 0
6.000000e-01 -1.000000e-01 0
5.500000e-01 -1.000000e-01 0
5.500000e-01 -1.000000e-01 0
6.000000e-01 -1.000000e-01 0
6.000000e-01 -5.000000e-02 0
5.500000e-01 -5.000000e-02 0
5.500000e-01 -5.000000e-02 0
6.000000e-01 -5.000000e-02 0
6.000000e-01 5.551115e-17 0
5.500000e-01 5.551115e-17 0
5.500000e-01 5.551115e-17 0
6.000000e-01 5.551115e-17 0
6.000000e-01 5.000000e-02 0
5.500000e-01 5.000000e-02 0
5.500000e-01 5.000000e-02 0
6.000000e-01 5.000000e-02 0
6.000000e-01 1.000000e-01 0
5.500000e-01 1.000000e-01 0
5.500000e-01 1.000000e-01 0
6.000000e-01 1.000000e-01 0
6.000000e-01 1.500000e-01 0
5.500000e-01 1.500000e-01 0
5.500000e-01 1.500000e-01 0
6.000000e-01 1.500000e-01 0
6.000000e-01 2.000000e-01 0
5.500000e-01 2.000000e-01 0
5.500000e-01 2.000000e-01 0
6.000000e-01 2.000000e-01 0
6.000000e-01 2.500000e-01 0
5.500000e-01 2.500000e-01 0
5.500000e-01 2.500000e-01 0
6.000000e-01 2.500000e-01 0
6.000000e-01 3.000000e-01 0
5.500000e-01 3.000000e-01 0
5.500000e-01 3.000000e-01 0
6.000000e-01 3.000000e-01 0
6.000000e-01 3.500000e-01 0
5.500000e-01 3.500000e-01 0
5.500000e-01 3.500000e-01 0
6.000000e-01 3.500000e-01 0
6.000000e-01 4.000000e-01 0
5.500000e-01 4.000000e-01 0
5.500000e-01 4.000000e-01 0
6.000000e-01 4.000000e-01 0
6.000000e-01 4.500000e-01 0
5.500000e-01 4.500000e-01 0
5.500000e-01 4.500000e-01 0
6.000000e-01 4.500000e-01 0
6.000000e-01 5.000000e-01 0
5.500000e-01 5.000000e-01 0
5.500000e-01 5.000000e-01 0
6.000000e-01 5.000000e-01 0
6.000000e-01 5.500000e-01 0
5.500000e-01 5.500000e-01 0
5.500000e-01 5.500000e-01 0
6.000000e-01 5.500000e-01 0
6.000000e-01 6.000000e-01 0
5.500000e-01 6.000000e-01 0
5.500000e-01 6.000000e-01 0
6.000000e-01 6.000000e-01 0
6.000000e-01 6.500000e-01 0
5.500000e-01 6.500000e-01 0
5.500000e-01 6.500000e-01 0
6.000000e-01 6.500000e-01 0
6.000000e-01 7.000000e-01 0
5.500000e-01 7.000000e-01 0
5.500000e-01 7.000000e-01 0
6.000000e-01 7.000000e-01 0
6.000000e-01 7.500000e-01 0
5.500000e-01 7.500000e-01 0
5.500000e-01 7.500000e-01 0
6.000000e-01 7.500000e-01 0
6.000000e-01 8.000000e-01 0
5.500000e-01 8.000000e-01 0
5.500000e-01 8.000000e-01 0
6.000000e-01 8.000000e-01 0
6.000000e-01 8.500000e-01 0
5.500000e-01 8.500000e-01 0
5.500000e-01 8.500000e-01 0
6.000000e-01 8.500000e-01 0
6.000000e-01 9.000000e-01 0
5.500000e-01 9.000000e-01 0
5.500000e-01 9.000000e-01 0
6.000000e-01 9.000000e-01 0
6.000000e-01 9.500000e-01 0
5.500000e-01 9.500000e-01 0
5.500000e-01 9.500000e-01 0
6.000000e-01 9.500000e-01 0
6.000000e-01 1.000000e+00 0
5.500000e-01 1.000000e+00 0
6.000000e-01 -1.000000e+00 0
6.500000e-01 -1.000000e+00 0
6.500000e-01 -9.500000e-01 0
6.000000e-01 -9.500000e-01 0
6.000000e-01 -9.500000e-01 0
6.500000e-01 -9.500000e-01 0
6.500000e-01 -9.000000e-01 0
6.000000e-01 -9.000000e-01 0
6.000000e-01 -9.000000e-01 0
6.500000e-01 -9.000000e-01 0
6.500000e-01 -8.500000e-01 0
6.000000e-01 -8.500000e-01 0
6.000000e-01 -8.500000e-01 0
6.500000e-01 -8.500000e-01 0
6.500000e-01 -8.000000e-01 0
6.000000e-01 -8.000000e-01 0
6.000000e-01 -8.000000e-01 0
6.500000e-01 -8.000000e-01 0
6.500000e-01 -7.500000e-01 0
6.000000e-01 -7.500000e-01 0
6.000000e-01 -7.500000e-01 0
6.500000e-01 -7.500000e-01 0
6.500000e-01 -7.000000e-01 0
6.000000e-01 -7.000000e-01 0
6.000000e-01 -7.000000e-01 0
6.500000e-01 -7.000000e-01 0
6.500000e-01 -6.500000e-01 0
6.000000e-01 -6.500000e-01 0
6.000000e-01 -6.500000e-01 0
6.500000e-01 -6.500000e-01 0
6.500000e-01 -6.000000e-01 0
6.000000e-01 -6.000000e-01 0
6.000000e-01 -6.000000e-01 0
6.500000e-01 -6.000000e-01 0
6.500000e-01 -5.500000e-01 0
6.000000e-01 -5.500000e-01 0
6.000000e-01 -5.500000e-01 0
6.500000e-01 -5.500000e-01 0
6.500000e-01 -5.000000e-01 0
6.000000e-01 -5.000000e-01 0
6.000000e-01 -5.000000e-01 0
6.500000e-01 -5.000000e-01 0
6.500000e-01 -4.500000e-01 0
6.000000e-01 -4.500000e-01 0
6.000000e-01 -4.500000e-01 0
6.500000e-01 -4.500000e-01 0
6.500000e-01 -4.000000e-01 0
6.000000e-01 -4.000000e-01 0
6.000000e-01 -4.000000e-01 0
6.500000e-01 -4.000000e-01 0
6.500000e-01 -3.500000e-01 0
6.000000e-01 -3.500000e-01 0
6.000000e-01 -3.500000e-01 0
6.500000e-01 -3.500000e-01 0
6.500000e-01 -3.000000e-01 0
6.000000e-01 -3.000000e-01 0
6.000000e-01 -3.000000e-01 0
6.500000e-01 -3.000000e-01 0
6.500000e-01 -2.500000e-01 0
6.000000e-01 -2.500000e-01 0
6.000000e-01 -2.500000e-01 0
6.500000e-01 -2.500000e-01 0
6.500000e-01 -2.000000e-01 0
6.000000e-01 -2.000000e-01 0
6.000000e-01 -2.000000e-01 0
6.500000e-01 -2.000000e-01 0
6.500000e-01 -1.500000e-01 0
6.000000e-01 -1.500000e-01 0
6.000000e-01 -1.500000e-01 0
6.500000e-01 -1.500000e-01 0
6.500000e-01 -1.000000e-01 0
6.000000e-01 -1.000000e-01 0
6.000000e-01 -1.000000e-01 0
6.500000e-01 -1.000000e-01 0
6.500000e-01 -5.000000e-02 0
6.000000e-01 -5.000000e-02 0
6.000000e-01 -5.000000e-02 0
6.500000e-01 -5.000000e-02 0
6.500000e-01 5.551115e-17 0
6.000000e-01 5.551115e-17 0
6.000000e-01 5.551115e-17 0
6.500000e-01 5.551115e-17 0
6.500000e-01 5.000000e-02 0
6.000000e-01 5.000000e-02 0
6.000000e-01 5.000000e-02 0
6.500000e-01 5.000000e-02 0
6.500000e-01 1.000000e-01 0
6.000000e-01 1.000000e-01 0
6.000000e-01 1.000000e-01 0
6.500000e-01 1.000000e-01 0
6.500000e-01 1.500000e-01 0
6.000000e-01 1.500000e-01 0
6.000000e-01 1.500000e-01 0
6.500000e-01 1.500000e-01 0
6.500000e-01 2.000000e-01 0
6.000000e-01 2.000000e-01 0
6.000000e-01 2.000000e-01 0
6.500000e-01 2.000000e-01 0
6.500000e-01 2.500000e-01 0
6.000000e-01 2.500000e-01 0
6.000000e-01 2.500000e-01 0
6.500000e-01 2.500000e-01 0
6.500000e-01 3.000000e-01 0
6.000000e-01 3.000000e-01 0
6.000000e-01 3.000000e-01 0
6.500000e-01 3.000000e-01 0
6.500000e-01 3.500000e-01 0
6.000000e-01 3.500000e-01 0
6.000000e-01 3.500000e-01 0
6.500000e-01 3.500000e-01 0
6.500000e-01 4.000000e-01 0
6.000000e-01 4.000000e-01 0
6.000000e-01 4.000000e-01 0
6.500000e-01 4.000000e-01 0
6.500000e-01 4.500000e-01 0
6.000000e-01 4.500000e-01 0
6.000000e-01 4.500000e-01 0
6.500000e-01 4.500000e-01 0
6.500000e-01 5.000000e-01 0
6.000000e-01 5.000000e-01 0
6.000000e-01 5.000000e-01 0
6.500000e-01 5.000000e-01 0
6.500000e-01 5.500000e-01 0
6.000000e-01 5.500000e-01 0
6.000000e-01 5.500000e-01 0
6.500000e-01 5.500000e-01 0
6.500000e-01 6.000000e-01 0
6.000000e-01 6.000000e-01 0
6.000000e-01 6.000000e-01 0
6.500000e-01 6.000000e-01 0
6.500000e-01 6.500000e-01 0
6.000000e-01 6.500000e-01 0
6.000000e-01 6.500000e-01 0
6.500000e-01 6.500000e-01 0
6.500000e-01 7.000000e-01 0
6.000000e-01 7.000000e-01 0
6.000000e-01 7.000000e-01 0
6.500000e-01 7.000000e-01 0
6.500000e-01 7.500000e-01 0
6.000000e-01 7.500000e-01 0
6.000000e-01 7.500000e-01 0
6.500000e-01 7.500000e-01 0
6.500000e-01 8.000000e-01 0
6.000000e-01 8.000000e-01 0
6.000000e-01 8.000000e-01 0
6.500000e-01 8.000000e-01 0
6.500000e-01 8.500000e-01 0
6.000000e-01 8.500000e-01 0
6.000000e-01 8.500000e-01 0
6.500000e-01 8.500000e-01 0
6.500000e-01 9.000000e-01 0
6.000000e-01 9.000000e-01 0
6.000000e-01 9.000000e-01 0
6.500000e-01 9.000000e-01 0
6.500000e-01 9.500000e-01 0
6.000000e-01 9.500000e-01 0
6.000000e-01 9.500000e-01 0
6.500000e-01 9.500000e-01 0
6.500000e-01 1.000000e+00 0
6.000000e-01 1.000000e+00 0
6.500000e-01 -1.000000e+00 0
7.000000e-01 -1.000000e+00 0
7.000000e-01 -9.500000e-01 0
6.500000e-01 -9.500000e-01 0
6.500000e-01 -9.500000e-01 0
7.000000e-01 -9.500000e-01 0
7.000000e-01 -9.000000e-01 0
6.500000e-01 -9.000000e-01 0
6.500000e-01 -9.000000e-01 0
7.000000e-01 -9.000000e-01 0
7.000000e-01 -8.500000e-01 0
6.500000e-01 -8.500000e-01 0
6.500000e-01 -8.500000e-01 0
7.000000e-01 -8.500000e-01 0
7.000000e-01 -8.000000e-01 0
6.500000e-01 -8.000000e-01 0
6.500000e-01 -8.000000e-01 0
7.000000e-01 -8.000000e-01 0
7.000000e-01 -7.500000e-01 0
6.500000e-01 -7.500000e-01 0
6.500000e-01 -7.500000e-01 0
7.000000e-01 -7.500000e-01 0
7.000000e-01 -7.000000e-01 0
6.500000e-01 -7.000000e-01 0
6.500000e-01 -7.000000e-01 0
7.000000e-01 -7.000000e-01 0
7.000000e-01 -6.500000e-01 0
6.500000e-01 -6.500000e-01 0
6.500000e-01 -6.500000e-01 0
7.000000e-01 -6.500000e-01 0
7.000000e-01 -6.000000e-01 0
6.500000e-01 -6.000000e-01 0
6.500000e-01 -6.000000e-01 0
7.000000e-01 -6.000000e-01 0
7.000000e-01 -5.500000e-01 0
6.500000e-01 -5.500000e-01 0
6.500000e-01 -5.500000e-01 0
7.000000e-01 -5.500000e-01 0
7.000000e-01 -5.000000e-01 0
6.500000e-01 -5.000000e-01 0
6.500000e-01 -5.000000e-01 0
7.000000e-01 -5.000000e-01 0
7.000000e-01 -4.500000e-01 0
6.500000e-01 -4.500000e-01 0
6.500000e-01 -4.500000e-01 0
7.000000e-01 -4.500000e-01 0
7.000000e-01 -4.000000e-01 0
6.500000e-01 -4.000000e-01 0
6.500000e-01 -4.000000e-01 0
7.000000e-01 -4.000000e-01 0
7.000000e-01 -3.500000e-01 0
6.500000e-01 -3.500000e-01 0
6.500000e-01 -3.500000e-01 0
7.000000e-01 -3.500000e-01 0
7.000000e-01 -3.000000e-01 0
6.500000e-01 -3.000000e-01 0
6.500000e-01 -3.000000e-01 0
7.000000e-01 -3.000000e-01 0
7.000000e-01 -2.500000e-01 0
6.500000e-01 -2.500000e-01 0
6.500000e-01 -2.500000e-01 0
7.000000e-01 -2.500000e-01 0
7.000000e-01 -2.000000e-01 0
6.500000e-01 -2.000000e-01 0
6.500000e-01 -2.000000e-01 0
7.000000e-01 -2.000000e-01 0
7.000000e-01 -1.500000e-01 0
6.500000e-01 -1.500000e-01 0
6.500000e-01 -1.500000e-01 0
7.000000e-01 -1.500000e-01 0
7.000000e-01 -1.000000e-01 0
6.500000e-01 -1.000000e-01 0
6.500000e-01 -1.000000e-01 0
7.000000e-01 -1.000000e-01 0
7.000000e-01 -5.000000e-02 0
6.500000e-01 -5.000000e-02 0
6.500000e-01 -5.000000e-02 0
7.000000e-01 -5.000000e-02 0
7.000000e-01 5.551115e-17 0
6.500000e-01 5.551115e-17 0
6.500000e-01 5.551115e-17 0
7.000000e-01 5.551115e-17 0
7.000000e-01 5.000000e-02 0
6.500000e-01 5.000000e-02 0
6.500000e-01 5.000000e-02 0
7.000000e-01 5.000000e-02 0
7.000000e-01 1.000000e-01 0
6.500000e-01 1.000000e-01 0
6.500000e-01 1.000000e-01 0
7.000000e-01 1.000000e-01 0
7.000000e-01 1.500000e-01 0
6.500000e-01 1.500000e-01 0
6.500000e-01 1.500000e-01 0
7.000000e-01 1.500000e-01 0
7.000000e-01 2.000000e-01 0
6.500000e-01 2.000000e-01 0
6.500000e-01 2.000000e-01 0
7.000000e-01 2.000000e-01 0
7.000000e-01 2.500000e-01 0
6.500000e-01 2.500000e-01 0
6.500000e-01 2.500000e-01 0
7.000000e-01 2.500000e-01 0
7.000000e-01 3.000000e-01 0
6.500000e-01 3.000000e-01 0
6.500000e-01 3.000000e-01 0
7.000000e-01 3.000000e-01 0
7.000000e-01 3.500000e-01 0
6.500000e-01 3.500000e-01 0
6.500000e-01 3.500000e-01 0
7.000000e-01 3.500000e-01 0
7.000000e-01 4.000000e-01 0
6.500000e-01 4.000000e-01 0
6.500000e-01 4.000000e-01 0
7.000000e-01 4.000000e-01 0
7.000000e-01 4.500000e-01 0
6.500000e-01 4.500000e-01 0
6.500000e-01 4.500000e-01 0
7.000000e-01 4.500000e-01 0
7.000000e-01 5.000000e-01 0
6.500000e-01 5.000000e-01 0
6.500000e-01 5.000000e-01 0
7.000000e-01 5.000000e-01 0
7.000000e-01 5.500000e-01 0
6.500000e-01 5.500000e-01 0
6.500000e-01 5.500000e-01 0
7.000000e-01 5.500000e-01 0
7.000000e-01 6.000000e-01 0
6.500000e-01 6.000000e-01 0
6.500000e-01 6.000000e-01 0
7.000000e-01 6.000000e-01 0
7.000000e-01 6.500000e-01 0
6.500000e-01 6.500000e-01 0
6.500000e-01 6.500000e-01 0
7.000000e-01 6.500000e-01 0
7.000000e-01 7.000000e-01 0
6.500000e-01 7.000000e-01 0
6.500000e-01 7.000000e-01 0
7.000000e-01 7.000000e-01 0
7.000000e-01 7.500000e-01 0
6.500000e-01 7.500000e-01 0
6.500000e-01 7.500000e-01 0
7.000000e-01 7.500000e-01 0
7.000000e-01 8.000000e-01 0
6.500000e-01 8.000000e-01 0
6.500000e-01 8.000000e-01 0
7.000000e-01 8.000000e-01 0
7.000000e-01 8.500000e-01 0
6.500000e-01 8.500000e-01 0
6.500000e-01 8.500000e-01 0
7.000000e-01 8.500000e-01 0
7.000000e-01 9.000000e-01 0
6.500000e-01 9.000000e-01 0
6.500000e-01 9.000000e-01 0
7.000000e-01 9.000000e-01 0
7.000000e-01 9.500000e-01 0
6.500000e-01 9.500000e-01 0
6.500000e-01 9.500000e-01 0
7.000000e-01 9.500000e-01 0
7.000000e-01 1.000000e+00 0
6.500000e-01 1.000000e+00 0
7.000000e-01 -1.000000e+00 0
7.500000e-01 -1.000000e+00 0
7.500000e-01 -9.500000e-01 0
7.000000e-01 -9.500000e-01 0
7.000000e-01 -9.500000e-01 0
7.500000e-01 -9.500000e-01 0
7.500000e-01 -9.000000e-01 0
7.000000e-01 -9.000000e-01 0
7.000000e-01 -9.000000e-01 0
7.500000e-01 -9.000000e-01 0
7.500000e-01 -8.500000e-01 0
7.000000e-01 -8.500000e-01 0
7.000000e-01 -8.500000e-01 0
7.500000e-01 -8.500000e-01 0
7.500000e-01 -8.000000e-01 0
7.000000e-01 -8.000000e-01 0
7.000000e-01 -8.000000e-01 0
7.500000e-01 -8.000000e-01 0
7.500000e-01 -7.500000e-01 0
7.000000e-01 -7.500000e-01 0
7.000000e-01 -7.500000e-01 0
7.500000e-01 -7.500000e-01 0
7.500000e-01 -7.000000e-01 0
7.000000e-01 -7.000000e-01 0
7.000000e-01 -7.000000e-01 0
7.500000e-01 -7.000000e-01 0
7.500000e-01 -6.500000e-01 0
7.000000e-01 -6.500000e-01 0
7.000000e-01 -6.500000e-01 0
7.500000e-01 -6.500000e-01 0
7.500000e-01 -6.000000e-01 0
7.000000e-01 -6.000000e-01 0
7.000000e-01 -6.000000e-01 0
7.500000e-01 -6.000000e-01 0
7.500000e-01 -5.500000e-01 0
7.000000e-01 -5.500000e-01 0
7.000000e-01 -5.500000e-01 0
7.500000e-01 -5.500000e-01 0
7.500000e-01 -5.000000e-01 0
7.000000e-01 -5.000000e-01 0
7.000000e-01 -5.000000e-01 0
7.500000e-01 -5.000000e-01 0
7.500000e-01 -4.500000e-01 0
7.000000e-01 -4.500000e-01 0
7.000000e-01 -4.500000e-01 0
7.500000e-01 -4.500000e-01 0
7.500000e-01 -4.000000e-01 0
7.000000e-01 -4.000000e-01 0
7.000000e-01 -4.000000e-01 0
7.500000e-01 -4.000000e-01 0
7.500000e-01 -3.500000e-01 0
7.000000e-01 -3.500000e-01 0
7.000000e-01 -3.500000e-01 0
7.500000e-01 -3.500000e-01 0
7.500000e-01 -3.000000e-01 0
7.000000e-01 -3.000000e-01 0
7.000000e-01 -3.000000e-01 0
7.500000e-01 -3.000000e-01 0
7.500000e-01 -2.500000e-01 0
7.000000e-01 -2.500000e-01 0
7.000000e-01 -2.500000e-01 0
7.500000e-01 -2.500000e-01 0
7.500000e-01 -2.000000e-01 0
7.000000e-01 -2.000000e-01 0
7.000000e-01 -2.000000e-01 0
7.500000e-01 -2.000000e-01 0
7.500000e-01 -1.500000e-01 0
7.000000e-01 -1.500000e-01 0
7.000000e-01 -1.500000e-01 0
7.500000e-01 -1.500000e-01 0
7.500000e-01 -1.000000e-01 0
7.000000e-01 -1.000000e-01 0
7.000000e-01 -1.000000e-01 0
7.500000e-01 -1.000000e-01 0
7.500000e-01 -5.000000e-02 0
7.000000e-01 -5.000000e-02 0
7.000000e-01 -5.000000e-02 0
7.500000e-01 -5.000000e-02 0
7.500000e-01 5.551115e-17 0
7.000000e-01 5.551115e-17 0
7.000000e-01 5.551115e-17 0
7.500000e-01 5.551115e-17 0
7.500000e-01 5.000000e-02 0
7.000000e-01 5.000000e-02 0
7.000000e-01 5.000000e-02 0
7.500000e-01 5.000000e-02 0
7.500000e-01 1.000000e-01 0
7.000000e-01 1.000000e-01 0
7.000000e-01 1.000000e-01 0
7.500000e-01 1.000000e-01 0
7.500000e-01 1.500000e-01 0
7.000000e-01 1.500000e-01 0
7.000000e-01 1.500000e-01 0
7.500000e-01 1.500000e-01 0
7.500000e-01 2.000000e-01 0
7.000000e-01 2.000000e-01 0
7.000000e-01 2.000000e-01 0
7.500000e-01 2.000000e-01 0
7.500000e-01 2.500000e-01 0
7.000000e-01 2.500000e-01 0
7.000000e-01 2.500000e-01 0
7.500000e-01 2.500000e-01 0
7.500000e-01 3.000000e-01 0
7.000000e-01 3.000000e-01 0
7.000000e-01 3.000000e-01 0
7.500000e-01 3.000000e-01 0
7.500000e-01 3.500000e-01 0
7.000000e-01 3.500000e-01 0
7.000000e-01 3.500000e-01 0
7.500000e-01 3.500000e-01 0
7.500000e-01 4.000000e-01 0
7.000000e-01 4.000000e-01 0
7.000000e-01 4.000000e-01 0
7.500000e-01 4.000000e-01 0
7.500000e-01 4.500000e-01 0
7.000000e-01 4.500000e-01 0
7.000000e-01 4.500000e-01 0
7.500000e-01 4.500000e-01 0
7.500000e-01 5.000000e-01 0
7.000000e-01 5.000000e-01 0
7.000000e-01 5.000000e-01 0
7.500000e-01 5.000000e-01 0
7.500000e-01 5.500000e-01 0
7.000000e-01 5.500000e-01 0
7.000000e-01 5.500000e-01 0
7.500000e-01 5.500000e-01 0
7.500000e-01 6.000000e-01 0
7.000000e-01 6.000000e-01 0
7.000000e-01 6.000000e-01 0
7.500000e-01 6.000000e-01 0
7.500000e-01 6.500000e-01 0
7.000000e-01 6.500000e-01 0
7.000000e-01 6.500000e-01 0
7.500000e-01 6.500000e-01 0
7.500000e-01 7.000000e-01 0
7.000000e-01 7.000000e-01 0
7.000000e-01 7.000000e-01 0
7.500000e-01 7.000000e-01 0
7.500000e-01 7.500000e-01 0
7.000000e-01 7.500000e-01 0
7.000000e-01 7.500000e-01 0
7.500000e-01 7.500000e-01 0
7.500000e-01 8.000000e-01 0
7.000000e-01 8.000000e-01 0
7.000000e-01 8.000000e-01 0
7.500000e-01 8.000000e-01 0
7.500000e-01 8.500000e-01 0
7.000000e-01 8.500000e-01 0
7.000000e-01 8.500000e-01 0
7.500000e-01 8.500000e-01 0
7.500000e-01 9.000000e-01 0
7.000000e-01 9.000000e-01 0
7.000000e-01 9.000000e-01 0
7.500000e-01 9.000000e-01 0
7.500000e-01 9.500000e-01 0
7.000000e-01 9.500000e-01 0
7.000000e-01 9.500000e-01 0
7.500000e-01 9.500000e-01 0
7.500000e-01 1.000000e+00 0
7.000000e-01 1.000000e+00 0
7.500000e-01 -1.000000e+00 0
8.000000e-01 -1.000000e+00 0
8.000000e-01 -9.500000e-01 0
7.500000e-01 -9.500000e-01 0
7.500000e-01 -9.500000e-01 0
8.000000e-01 -9.500000e-01 0
8.000000e-01 -9.000000e-01 0
7.500000e-01 -9.000000e-01 0
7.500000e-01 -9.000000e-01 0
8.000000e-01 -9.000000e-01 0
8.000000e-01 -8.500000e-01 0
7.500000e-01 -8.500000e-01 0
7.500000e-01 -8.500000e-01 0
8.000000e-01 -8.500000e-01 0
8.000000e-01 -8.000000e-01 0
7.500000e-01 -8.000000e-01 0
7.500000e-01 -8.000000e-01 0
8.000000e-01 -8.000000e-01 0
8.000000e-01 -7.500000e-01 0
7.500000e-01 -7.500000e-01 0
7.500000e-01 -7.500000e-01 0
8.000000e-01 -7.500000e-01 0
8.000000e-01 -7.000000e-01 0
7.500000e-01 -7.000000e-01 0
7.500000e-01 -7.000000e-01 0
8.000000e-01 -7.000000e-01 0
8.000000e-01 -6.500000e-01 0
7.500000e-01 -6.500000e-01 0
7.500000e-01 -6.500000e-01 0
8.000000e-01 -6.500000e-01 0
8.000000e-01 -6.000000e-01 0
7.500000e-01 -6.000000e-01 0
7.500000e-01 -6.000000e-01 0
8.000000e-01 -6.000000e-01 0
8.000000e-01 -5.500000e-01 0
7.500000e-01 -5.500000e-01 0
7.500000e-01 -5.500000e-01 0
8.000000e-01 -5.500000e-01 0
8.000000e-01 -5.000000e-01 0
7.500000e-01 -5.000000e-01 0
7.500000e-01 -5.000000e-01 0
8.000000e-01 -5.000000e-01 0
8.000000e-01 -4.500000e-01 0
7.500000e-01 -4.500000e-01 0
7.500000e-01 -4.500000e-01 0
8.000000e-01 -4.500000e-01 0
8.000000e-01 -4.000000e-01 0
7.500000e-01 -4.000000e-01 0
7.500000e-01 -4.000000e-01 0
8.000000e-01 -4.000000e-01 0
8.000000e-01 -3.500000e-01 0
7.500000e-01 -3.500000e-01 0
7.500000e-01 -3.500000e-01 0
8.000000e-01 -3.500000e-01 0
8.000000e-01 -3.000000e-01 0
7.500000e-01 -3.000000e-01 0
7.500000e-01 -3.000000e-01 0
8.000000e-01 -3.000000e-01 0
8.000000e-01 -2.500000e-01 0
7.500000e-01 -2.500000e-01 0
7.500000e-01 -2.500000e-01 0
8.000000e-01 -2.500000e-01 0
8.000000e-01 -2.000000e-01 0
7.500000e-01 -2.000000e-01 0
7.500000e-01 -2.000000e-01 0
8.000000e-01 -2.000000e-01 0
8.000000e-01 -1.500000e-01 0
7.500000e-01 -1.500000e-01 0
7.500000e-01 -1.500000e-01 0
8.000000e-01 -1.500000e-01 0
8.000000e-01 -1.000000e-01 0
7.500000e-01 -1.000000e-01 0
7.500000e-01 -1.000000e-01 0
8.000000e-01 -1.000000e-01 0
8.000000e-01 -5.000000e-02 0
7.500000e-01 -5.000000e-02 0
7.500000e-01 -5.000000e-02 0
8.000000e-01 -5.000000e-02 0
8.000000e-01 5.551115e-17 0
7.500000e-01 5.551115e-17 0
7.500000e-01 5.551115e-17 0
8.000000e-01 5.551115e-17 0
8.000000e-01 5.000000e-02 0
7.500000e-01 5.000000e-02 0
7.500000e-01 5.000000e-02 0
8.000000e-01 5.000000e-02 0
8.000000e-01 1.000000e-01 0
7.500000e-01 1.000000e-01 0
7.500000e-01 1.000000e-01 0
8.000000e-01 1.000000e-01 0
8.000000e-01 1.500000e-01 0
7.500000e-01 1.500000e-01 0
7.500000e-01 1.500000e-01 0
8.000000e-01 1.500000e-01 0
8.000000e-01 2.000000e-01 0
7.500000e-01 2.000000e-01 0
7.500000e-01 2.000000e-01 0
8.000000e-01 2.000000e-01 0
8.000000e-01 2.500000e-01 0
7.500000e-01 2.500000e-01 0
7.500000e-01 2.500000e-01 0
8.000000e-01 2.500000e-01 0
8.000000e-01 3.000000e-01 0
7.500000e-01 3.000000e-01 0
7.500000e-01 3.000000e-01 0
8.000000e-01 3.000000e-01 0
8.000000e-01 3.500000e-01 0
7.500000e-01 3.500000e-01 0
7.500000e-01 3.500000e-01 0
8.000000e-01 3.500000e-01 0
8.000000e-01 4.000000e-01 0
7.500000e-01 4.000000e-01 0
7.500000e-01 4.000000e-01 0
8.000000e-01 4.000000e-01 0
8.000000e-01 4.500000e-01 0
7.500000e-01 4.500000e-01 0
7.500000e-01 4.500000e-01 0
8.000000e-01 4.500000e-01 0
8.000000e-01 5.000000e-01 0
7.500000e-01 5.000000e-01 0
7.500000e-01 5.000000e-01 0
8.000000e-01 5.000000e-01 0
8.000000e-01 5.500000e-01 0
7.500000e-01 5.500000e-01 0
7.500000e-01 5.500000e-01 0
8.000000e-01 5.500000e-01 0
8.000000e-01 6.000000e-01 0
7.500000e-01 6.000000e-01 0
7.500000e-01 6.000000e-01 0
8.000000e-01 6.000000e-01 0
8.000000e-01 6.500000e-01 0
7.500000e-01 6.500000e-01 0
7.500000e-01 6.500000e-01 0
8.000000e-01 6.500000e-01 0
8.000000e-01 7.000000e-01 0
7.500000e-01 7.000000e-01 0
7.500000e-01 7.000000e-01 0
8.000000e-01 7.000000e-01 0
8.000000e-01 7.500000e-01 0
7.500000e-01 7.500000e-01 0
7.500000e-01 7.500000e-01 0
8.000000e-01 7.500000e-01 0
8.000000e-01 8.000000e-01 0
7.500000e-01 8.000000e-01 0
7.500000e-01 8.000000e-01 0
8.000000e-01 8.000000e-01 0
8.000000e-01 8.500000e-01 0
7.500000e-01 8.500000e-01 0
7.500000e-01 8.500000e-01 0
8.000000e-01 8.500000e-01 0
8.000000e-01 9.000000e-01 0
7.500000e-01 9.000000e-01 0
7.500000e-01 9.000000e-01 0
8.000000e-01 9.000000e-01 0
8.000000e-01 9.500000e-01 0
7.500000e-01 9.500000e-01 0
7.500000e-01 9.500000e-01 0
8.000000e-01 9.500000e-01 0
8.000000e-01 1.000000e+00 0
7.500000e-01 1.000000e+00 0
8.000000e-01 -1.000000e+00 0
8.500000e-01 -1.000000e+00 0
8.500000e-01 -9.500000e-01 0
8.000000e-01 -9.500000e-01 0
8.000000e-01 -9.500000e-01 0
8.500000e-01 -9.500000e-01 0
8.500000e-01 -9.000000e-01 0
8.000000e-01 -9.000000e-01 0
8.000000e-01 -9.000000e-01 0
8.500000e-01 -9.000000e-01 0
8.500000e-01 -8.500000e-01 0
8.000000e-01 -8.500000e-01 0
8.000000e-01 -8.500000e-01 0
8.500000e-01 -8.500000e-01 0
8.500000e-01 -8.000000e-01 0
8.000000e-01 -8.000000e-01 0
8.000000e-01 -8.000000e-01 0
8.500000e-01 -8.000000e-01 0
8.500000e-01 -7.500000e-01 0
8.000000e-01 -7.500000e-01 0
8.000000e-01 -7.500000e-01 0
8.500000e-01 -7.500000e-01 0
8.500000e-01 -7.000000e-01 0
8.000000e-01 -7.000000e-01 0
8.000000e-01 -7.000000e-01 0
8.500000e-01 -7.000000e-01 0
8.500000e-01 -6.500000e-01 0
8.000000e-01 -6.500000e-01 0
8.000000e-01 -6.500000e-01 0
8.500000e-01 -6.500000e-01 0
8.500000e-01 -6.000000e-01 0
8.000000e-01 -6.000000e-01 0
8.000000e-01 -6.000000e-01 0
8.500000e-01 -6.000000e-01 0
8.500000e-01 -5.500000e-01 0
8.000000e-01 -5.500000e-01 0
8.000000e-01 -5.500000e-01 0
8.500000e-01 -5.500000e-01 0
8.500000e-01 -5.000000e-01 0
8.000000e-01 -5.000000e-01 0
8.000000e-01 -5.000000e-01 0
8.500000e-01 -5.000000e-01 0
8.500000e-01 -4.500000e-01 0
8.000000e-01 -4.500000e-01 0
8.000000e-01 -4.500000e-01 0
8.500000e-01 -4.500000e-01 0
8.500000e-01 -4.000000e-01 0
8.000000e-01 -4.000000e-01 0
8.000000e-01 -4.000000e-01 0
8.500000e-01 -4.000000e-01 0
8.500000e-01 -3.500000e-01 0
8.000000e-01 -3.500000e-01 0
8.000000e-01 -3.500000e-01 0
8.500000e-01 -3.500000e-01 0
8.500000e-01 -3.000000e-01 0
8.000000e-01 -3.000000e-01 0
8.000000e-01 -3.000000e-01 0
8.500000e-01 -3.000000e-01 0
8.500000e-01 -2.500000e-01 0
8.000000e-01 -2.500000e-01 0
8.000000e-01 -2.500000e-01 0
8.500000e-01 -2.500000e-01 0
8.500000e-01 -2.000000e-01 0
8.000000e-01 -2.000000e-01 0
8.000000e-01 -2.000000e-01 0
8.500000e-01 -2.000000e-01 0
8.500000e-01 -1.500000e-01 0
8.000000e-01 -1.500000e-01 0
8.000000e-01 -1.500000e-01 0
8.500000e-01 -1.500000e-01 0
8.500000e-01 -1.000000e-01 0
8.000000e-01 -1.000000e-01 0
8.000000e-01 -1.000000e-01 0
8.500000e-01 -1.000000e-01 0
8.500000e-01 -5.000000e-02 0
8.000000e-01 -5.000000e-02 0
8.000000e-01 -5.000000e-02 0
8.500000e-01 -5.000000e-02 0
8.500000e-01 5.551115e-17 0
8.000000e-01 5.551115e-17 0
8.000000e-01 5.551115e-17 0
8.500000e-01 5.551115e-17 0
8.500000e-01 5.000000e-02 0
8.000000e-01 5.000000e-02 0
8.000000e-01 5.000000e-02 0
8.500000e-01 5.000000e-02 0
8.500000e-01 1.000000e-01 0
8.000000e-01 1.000000e-01 0
8.000000e-01 1.000000e-01 0
8.500000e-01 1.000000e-01 0
8.500000e-01 1.500000e-01 0
8.000000e-01 1.500000e-01 0
8.000000e-01 1.500000e-01 0
8.500000e-01 1.500000e-01 0
8.500000e-01 2.000000e-01 0
8.000000e-01 2.000000e-01 0
8.000000e-01 2.000000e-01 0
8.500000e-01 2.000000e-01 0
8.500000e-01 2.500000e-01 0
8.000000e-01 2.500000e-01 0
8.000000e-01 2.500000e-01 0
8.500000e-01 2.500000e-01 0
8.500000e-01 3.000000e-01 0
8.000000e-01 3.000000e-01 0
8.000000e-01 3.000000e-01 0
8.500000e-01 3.000000e-01 0
8.500000e-01 3.500000e-01 0
8.000000e-01 3.500000e-01 0
8.000000e-01 3.500000e-01 0
8.500000e-01 3.500000e-01 0
8.500000e-01 4.000000e-01 0
8.000000e-01 4.000000e-01 0
8.000000e-01 4.000000e-01 0
8.500000e-01 4.000000e-01 0
8.500000e-01 4.500000e-01 0
8.000000e-01 4.500000e-01 0
8.000000e-01 4.500000e-01 0
8.500000e-01 4.500000e-01 0
8.500000e-01 5.000000e-01 0
8.000000e-01 5.000000e-01 0
8.000000e-01 5.000000e-01 0
8.500000e-01 5.000000e-01 0
8.500000e-01 5.500000e-01 0
8.000000e-01 5.500000e-01 0
8.000000e-01 5.500000e-01 0
8.500000e-01 5.500000e-01 0
8.500000e-01 6.000000e-01 0
8.000000e-01 6.000000e-01 0
8.000000e-01 6.000000e-01 0
8.500000e-01 6.000000e-01 0
8.500000e-01 6.500000e-01 0
8.000000e-01 6.500000e-01 0
8.000000e-01 6.500000e-01 0
8.500000e-01 6.500000e-01 0
8.500000e-01 7.000000e-01 0
8.000000e-01 7.000000e-01 0
8.000000e-01 7.000000e-01 0
8.500000e-01 7.000000e-01 0
8.500000e-01 7.500000e-01 0
8.000000e-01 7.500000e-01 0
8.000000e-01 7.500000e-01 0
8.500000e-01 7.500000e-01 0
8.500000e-01 8.000000e-01 0
8.000000e-01 8.000000e-01 0
8.000000e-01 8.000000e-01 0
8.500000e-01 8.000000e-01 0
8.500000e-01 8.500000e-01 0
8.000000e-01 8.500000e-01 0
8.000000e-01 8.500000e-01 0
8.500000e-01 8.500000e-01 0
8.500000e-01 9.000000e-01 0
8.000000e-01 9.000000e-01 0
8.000000e-01 9.000000e-01 0
8.500000e-01 9.000000e-01 0
8.500000e-01 9.500000e-01 0
8.000000e-01 9.500000e-01 0
8.000000e-01 9.500000e-01 0
8.500000e-01 9.500000e-01 0
8.500000e-01 1.000000e+00 0
8.000000e-01 1.000000e+00 0
8.500000e-01 -1.000000e+00 0
9.000000e-01 -1.000000e+00 0
9.000000e-01 -9.500000e-01 0
8.500000e-01 -9.500000e-01 0
8.500000e-01 -9.500000e-01 0
9.000000e-01 -9.500000e-01 0
9.000000e-01 -9.000000e-01 0
8.500000e-01 -9.000000e-01 0
8.500000e-01 -9.000000e-01 0
9.000000e-01 -9.000000e-01 0
9.000000e-01 -8.500000e-01 0
8.500000e-01 -8.500000e-01 0
8.500000e-01 -8.500000e-01 0
9.000000e-01 -8.500000e-01 0
9.000000e-01 -8.000000e-01 0
8.500000e-01 -8.000000e-01 0
8.500000e-01 -8.000000e-01 0
9.000000e-01 -8.000000e-01 0
9.000000e-01 -7.500000e-01 0
8.500000e-01 -7.500000e-01 0
8.500000e-01 -7.500000e-01 0
9.000000e-01 -7.500000e-01 0
9.000000e-01 -7.000000e-01 0
8.500000e-01 -7.000000e-01 0
8.500000e-01 -7.000000e-01 0
9.000000e-01 -7.000000e-01 0
9.000000e-01 -6.500000e-01 0
8.500000e-01 -6.500000e-01 0
8.500000e-01 -6.500000e-01 0
9.000000e-01 -6.500000e-01 0
9.000000e-01 -6.000000e-01 0
8.500000e-01 -6.000000e-01 0
8.500000e-01 -6.000000e-01 0
9.000000e-01 -6.000000e-01 0
9.000000e-01 -5.500000e-01 0
8.500000e-01 -5.500000e-01 0
8.500000e-01 -5.500000e-01 0
9.000000e-01 -5.500000e-01 0
9.000000e-01 -5.000000e-01 0
8.500000e-01 -5.000000e-01 0
8.500000e-01 -5.000000e-01 0
9.000000e-01 -5.000000e-01 0
9.000000e-01 -4.500000e-01 0
8.500000e-01 -4.500000e-01 0
8.500000e-01 -4.500000e-01 0
9.000000e-01 -4.500000e-01 0
9.000000e-01 -4.000000e-01 0
8.500000e-01 -4.000000e-01 0
8.500000e-01 -4.000000e-01 0
9.000000e-01 -4.000000e-01 0
9.000000e-01 -3.500000e-01 0
8.500000e-01 -3.500000e-01 0
8.500000e-01 -3.500000e-01 0
9.000000e-01 -3.500000e-01 0
9.000000e-01 -3.000000e-01 0
8.500000e-01 -3.000000e-01 0
8.500000e-01 -3.000000e-01 0
9.000000e-01 -3.000000e-01 0
9.000000e-01 -2.500000e-01 0
8.500000e-01 -2.500000e-01 0
8.500000e-01 -2.500000e-01 0
9.000000e-01 -2.500000e-01 0
9.000000e-01 -2.000000e-01 0
8.500000e-01 -2.000000e-01 0
8.500000e-01 -2.000000e-01 0
9.000000e-01 -2.000000e-01 0
9.000000e-01 -1.500000e-01 0
8.500000e-01 -1.500000e-01 0
8.500000e-01 -1.500000e-01 0
9.000000e-01 -1.500000e-01 0
9.000000e-01 -1.000000e-01 0
8.500000e-01 -1.000000e-01 0
8.500000e-01 -1.000000e-01 0
9.000000e-01 -1.000000e-01 0
9.000000e-01 -5.000000e-02 0
8.500000e-01 -5.000000e-02 0
8.500000e-01 -5.000000e-02 0
9.000000e-01 -5.000000e-02 0
9.000000e-01 5.551115e-17 0
8.500000e-01 5.551115e-17 0
8.500000e-01 5.551115e-17 0
9.000000e-01 5.551115e-17 0
9.000000e-01 5.000000e-02 0
8.500000e-01 5.000000e-02 0
8.500000e-01 5.000000e-02 0
9.000000e-01 5.000000e-02 0
9.000000e-01 1.000000e-01 0
8.500000e-01 1.000000e-01 0
8.500000e-01 1.000000e-01 0
9.000000e-01 1.000000e-01 0
9.000000e-01 1.500000e-01 0
8.500000e-01 1.500000e-01 0
8.500000e-01 1.500000e-01 0
9.000000e-01 1.500000e-01 0
9.000000e-01 2.000000e-01 0
8.500000e-01 2.000000e-01 0
8.500000e-01 2.000000e-01 0
9.000000e-01 2.000000e-01 0
9.000000e-01 2.500000e-01 0
8.500000e-01 2.500000e-01 0
8.500000e-01 2.500000e-01 0
9.000000e-01 2.500000e-01 0
9.000000e-01 3.000000e-01 0
8.500000e-01 3.000000e-01 0
8.500000e-01 3.000000e-01 0
9.000000e-01 3.000000e-01 0
9.000000e-01 3.500000e-01 0
8.500000e-01 3.500000e-01 0
8.500000e-01 3.500000e-01 0
9.000000e-01 3.500000e-01 0
9.000000e-01 4.000000e-01 0
8.500000e-01 4.000000e-01 0
8.500000e-01 4.000000e-01 0
9.000000e-01 4.000000e-01 0
9.000000e-01 4.500000e-01 0
8.500000e-01 4.500000e-01 0
8.500000e-01 4.500000e-01 0
9.000000e-01 4.500000e-01 0
9.000000e-01 5.000000e-01 0
8.500000e-01 5.000000e-01 0
8.500000e-01 5.000000e-01 0
9.000000e-01 5.000000e-01 0
9.000000e-01 5.500000e-01 0
8.500000e-01 5.500000e-01 0
8.500000e-01 5.500000e-01 0
9.000000e-01 5.500000e-01 0
9.000000e-01 6.000000e-01 0
8.500000e-01 6.000000e-01 0
8.500000e-01 6.000000e-01 0
9.000000e-01 6.000000e-01 0
9.000000e-01 6.500000e-01 0
8.500000e-01 6.500000e-01 0
8.500000e-01 6.500000e-01 0
9.000000e-01 6.500000e-01 0
9.000000e-01 7.000000e-01 0
8.500000e-01 7.000000e-01 0
8.500000e-01 7.000000e-01 0
9.000000e-01 7.000000e-01 0
9.000000e-01 7.500000e-01 0
8.500000e-01 7.500000e-01 0
8.500000e-01 7.500000e-01 0
9.000000e-01 7.500000e-01 0
9.000000e-01 8.000000e-01 0
8.500000e-01 8.000000e-01 0
8.500000e-01 8.000000e-01 0
9.000000e-01 8.000000e-01 0
9.000000e-01 8.500000e-01 0
8.500000e-01 8.500000e-01 0
8.500000e-01 8.500000e-01 0
9.000000e-01 8.500000e-01 0
9.000000e-01 9.000000e-01 0
8.500000e-01 9.000000e-01 0
8.500000e-01 9.000000e-01 0
9.000000e-01 9.000000e-01 0
9.000000e-01 9.500000e-01 0
8.500000e-01 9.500000e-01 0
8.500000e-01 9.500000e-01 0
9.000000e-01 9.500000e-01 0
9.000000e-01 1.000000e+00 0
8.500000e-01 1.000000e+00 0
9.000000e-01 -1.000000e+00 0
9.500000e-01 -1.000000e+00 0
9.500000e-01 -9.500000e-01 0
9.000000e-01 -9.500000e-01 0
9.000000e-01 -9.500000e-01 0
9.500000e-01 -9.500000e-01 0
9.500000e-01 -9.000000e-01 0
9.000000e-01 -9.000000e-01 0
9.000000e-01 -9.000000e-01 0
9.500000e-01 -9.000000e-01 0
9.500000e-01 -8.500000e-01 0
9.000000e-01 -8.500000e-01 0
9.000000e-01 -8.500000e-01 0
9.500000e-01 -8.500000e-01 0
9.500000e-01 -8.000000e-01 0
9.000000e-01 -8.000000e-01 0
9.000000e-01 -8.000000e-01 0
9.500000e-01 -8.000000e-01 0
9.500000e-01 -7.500000e-01 0
9.000000e-01 -7.500000e-01 0
9.000000e-01 -7.500000e-01 0
9.500000e-01 -7.500000e-01 0
9.500000e-01 -7.000000e-01 0
9.000000e-01 -7.000000e-01 0
9.000000e-01 -7.000000e-01 0
9.500000e-01 -7.000000e-01 0
9.500000e-01 -6.500000e-01 0
9.000000e-01 -6.500000e-01 0
9.000000e-01 -6.500000e-01 0
9.500000e-01 -6.500000e-01 0
9.500000e-01 -6.000000e-01 0
9.000000e-01 -6.000000e-01 0
9.000000e-01 -6.000000e-01 0
9.500000e-01 -6.000000e-01 0
9.500000e-01 -5.500000e-01 0
9.000000e-01 -5.500000e-01 0
9.000000e-01 -5.500000e-01 0
9.500000e-01 -5.500000e-01 0
9.500000e-01 -5.000000e-01 0
9.000000e-01 -5.000000e-01 0
9.000000e-01 -5.000000e-01 0
9.500000e-01 -5.000000e-01 0
9.500000e-01 -4.500000e-01 0
9.000000e-01 -4.500000e-01 0
9.000000e-01 -4.500000e-01 0
9.500000e-01 -4.500000e-01 0
9.500000e-01 -4.000000e-01 0
9.000000e-01 -4.000000e-01 0
9.000000e-01 -4.000000e-01 0
9.500000e-01 -4.000000e-01 0
9.500000e-01 -3.500000e-01 0
9.000000e-01 -3.500000e-01 0
9.000000e-01 -3.500000e-01 0
9.500000e-01 -3.500000e-01 0
9.500000e-01 -3.000000e-01 0
9.000000e-01 -3.000000e-01 0
9.000000e-01 -3.000000e-01 0
9.500000e-01 -3.000000e-01 0
9.500000e-01 -2.500000e-01 0
9.000000e-01 -2.500000e-01 0
9.000000e-01 -2.500000e-01 0
9.500000e-01 -2.500000e-01 0
9.500000e-01 -2.000000e-01 0
9.000000e-01 -2.000000e-01 0
9.000000e-01 -2.000000e-01 0
9.500000e-01 -2.000000e-01 0
9.500000e-01 -1.500000e-01 0
9.000000e-01 -1.500000e-01 0
9.000000e-01 -1.500000e-01 0
9.500000e-01 -1.500000e-01 0
9.500000e-01 -1.000000e-01 0
9.000000e-01 -1.000000e-01 0
9.000000e-01 -1.000000e-01 0
9.500000e-01 -1.000000e-01 0
9.500000e-01 -5.000000e-02 0
9.000000e-01 -5.000000e-02 0
9.000000e-01 -5.000000e-02 0
9.500000e-01 -5.000000e-02 0
9.500000e-01 5.551115e-17 0
9.000000e-01 5.551115e-17 0
9.000000e-01 5.551115e-17 0
9.500000e-01 5.551115e-17 0
9.500000e-01 5.000000e-02 0
9.000000e-01 5.000000e-02 0
9.000000e-01 5.000000e-02 0
9.500000e-01 5.000000e-02 0
9.500000e-01 1.000000e-01 0
9.000000e-01 1.000000e-01 0
9.000000e-01 1.000000e-01 0
9.500000e-01 1.000000e-01 0
9.500000e-01 1.500000e-01 0
9.000000e-01 1.500000e-01 0
9.000000e-01 1.500000e-01 0
9.500000e-01 1.500000e-01 0
9.500000e-01 2.000000e-01 0
9.000000e-01 2.000000e-01 0
9.000000e-01 2.000000e-01 0
9.500000e-01 2.000000e-01 0
9.500000e-01 2.500000e-01 0
9.000000e-01 2.500000e-01 0
9.000000e-01 2.500000e-01 0
9.500000e-01 2.500000e-01 0
9.500000e-01 3.000000e-01 0
9.000000e-01 3.000000e-01 0
9.000000e-01 3.000000e-01 0
9.500000e-01 3.000000e-01 0
9.500000e-01 3.500000e-01 0
9.000000e-01 3.500000e-01 0
9.000000e-01 3.500000e-01 0
9.500000e-01 3.500000e-01 0
9.500000e-01 4.000000e-01 0
9.000000e-01 4.000000e-01 0
9.000000e-01 4.000000e-01 0
9.500000e-01 4.000000e-01 0
9.500000e-01 4.500000e-01 0
9.000000e-01 4.500000e-01 0
9.000000e-01 4.500000e-01 0
9.500000e-01 4.500000e-01 0
9.500000e-01 5.000000e-01 0
9.000000e-01 5.000000e-01 0
9.000000e-01 5.000000e-01 0
9.500000e-01 5.000000e-01 0
9.500000e-01 5.500000e-01 0
9.000000e-01 5.500000e-01 0
9.000000e-01 5.500000e-01 0
9.500000e-01 5.500000e-01 0
9.500000e-01 6.000000e-01 0
9.000000e-01 6.000000e-01 0
9.000000e-01 6.000000e-01 0
9.500000e-01 6.000000e-01 0
9.500000e-01 6.500000e-01 0
9.000000e-01 6.500000e-01 0
9.000000e-01 6.500000e-01 0
9.500000e-01 6.500000e-01 0
9.500000e-01 7.000000e-01 0
9.000000e-01 7.000000e-01 0
9.000000e-01 7.000000e-01 0
9.500000e-01 7.000000e-01 0
9.500000e-01 7.500000e-01 0
9.000000e-01 7.500000e-01 0
9.000000e-01 7.500000e-01 0
9.500000e-01 7.500000e-01 0
9.500000e-01 8.000000e-01 0
9.000000e-01 8.000000e-01 0
9.000000e-01 8.000000e-01 0
9.500000e-01 8.000000e-01 0
9.500000e-01 8.500000e-01 0
9.000000e-01 8.500000e-01 0
9.000000e-01 8.500000e-01 0
9.500000e-01 8.500000e-01 0
9.500000e-01 9.000000e-01 0
9.000000e-01 9.000000e-01 0
9.000000e-01 9.000000e-01 0
9.500000e-01 9.000000e-01 0
9.500000e-01 9.500000e-01 0
9.000000e-01 9.500000e-01 0
9.000000e-01 9.500000e-01 0
9.500000e-01 9.500000e-01 0
9.500000e-01 1.000000e+00 0
9.000000e-01 1.000000e+00 0
9.500000e-01 -1.000000e+00 0
1.000000e+00 -1.000000e+00 0
1.000000e+00 -9.500000e-01 0
9.500000e-01 -9.500000e-01 0
9.500000e-01 -9.500000e-01 0
1.000000e+00 -9.500000e-01 0
1.000000e+00 -9.000000e-01 0
9.500000e-01 -9.000000e-01 0
9.500000e-01 -9.000000e-01 0
1.000000e+00 -9.000000e-01 0
1.000000e+00 -8.500000e-01 0
9.500000e-01 -8.500000e-01 0
9.500000e-01 -8.500000e-01 0
1.000000e+00 -8.500000e-01 0
1.000000e+00 -8.000000e-01 0
9.500000e-01 -8.000000e-01 0
9.500000e-01 -8.000000e-01 0
1.000000e+00 -8.000000e-01 0
1.000000e+00 -7.500000e-01 0
9.500000e-01 -7.500000e-01 0
9.500000e-01 -7.500000e-01 0
1.000000e+00 -7.500000e-01 0
1.000000e+00 -7.000000e-01 0
9.500000e-01 -7.000000e-01 0
9.500000e-01 -7.000000e-01 0
1.000000e+00 -7.000000e-01 0
1.000000e+00 -6.500000e-01 0
9.500000e-01 -6.500000e-01 0
9.500000e-01 -6.500000e-01 0
1.000000e+00 -6.500000e-01 0
1.000000e+00 -6.000000e-01 0
9.500000e-01 -6.000000e-01 0
9.500000e-01 -6.000000e-01 0
1.000000e+00 -6.000000e-01 0
1.000000e+00 -5.500000e-01 0
9.500000e-01 -5.500000e-01 0
9.500000e-01 -5.500000e-01 0
1.000000e+00 -5.500000e-01 0
1.000000e+00 -5.000000e-01 0
9.500000e-01 -5.000000e-01 0
9.500000e-01 -5.000000e-01 0
1.000000e+00 -5.000000e-01 0
1.000000e+00 -4.500000e-01 0
9.500000e-01 -4.500000e-01 0
9.500000e-01 -4.500000e-01 0
1.000000e+00 -4.500000e-01 0
1.000000e+00 -4.000000e-01 0
9.500000e-01 -4.000000e-01 0
9.500000e-01 -4.000000e-01 0
1.000000e+00 -4.000000e-01 0
1.000000e+00 -3.500000e-01 0
9.500000e-01 -3.500000e-01 0
9.500000e-01 -3.500000e-01 0
1.000000e+00 -3.500000e-01 0
1.000000e+00 -3.000000e-01 0
9.500000e-01 -3.000000e-01 0
9.500000e-01 -3.000000e-01 0
1.000000e+00 -3.000000e-01 0
1.000000e+00 -2.500000e-01 0
9.500000e-01 -2.500000e-01 0
9.500000e-01 -2.500000e-01 0
1.000000e+00 -2.500000e-01 0
1.000000e+00 -2.000000e-01 0
9.500000e-01 -2.000000e-01 0
9.500000e-01 -2.000000e-01 0
1.000000e+00 -2.000000e-01 0
1.000000e+00 -1.500000e-01 0
9.500000e-01 -1.500000e-01 0
9.500000e-01 -1.500000e-01 0
1.000000e+00 -1.500000e-01 0
1.000000e+00 -1.000000e-01 0
9.500000e-01 -1.000000e-01 0
9.500000e-01 -1.000000e-01 0
1.000000e+00 -1.000000e-01 0
1.000000e+00 -5.000000e-02 0
9.500000e-01 -5.000000e-02 0
9.500000e-01 -5.000000e-02 0
1.000000e+00 -5.000000e-02 0
1.000000e+00 5.551115e-17 0
9.500000e-01 5.551115e-17 0
9.500000e-01 5.551115e-17 0
1.000000e+00 5.551115e-17 0
1.000000e+00 5.000000e-02 0
9.500000e-01 5.000000e-02 0
9.500000e-01 5.000000e-02 0
1.000000e+00 5.000000e-02 0
1.000000e+00 1.000000e-01 0
9.500000e-01 1.000000e-01 0
9.500000e-01 1.000000e-01 0
1.000000e+00 1.000000e-01 0
1.000000e+00 1.500000e-01 0
9.500000e-01 1.500000e-01 0
9.500000e-01 1.500000e-01 0
1.000000e+00 1.500000e-01 0
1.000000e+00 2.000000e-01 0
9.500000e-01 2.000000e-01 0
9.500000e-01 2.000000e-01 0
1.000000e+00 2.000000e-01 0
1.000000e+00 2.500000e-01 0
9.500000e-01 2.500000e-01 0
9.500000e-01 2.500000e-01 0
1.000000e+00 2.500000e-01 0
1.000000e+00 3.000000e-01 0
9.500000e-01 3.000000e-01 0
9.500000e-01 3.000000e-01 0
1.000000e+00 3.000000e-01 0
1.000000e+00 3.500000e-01 0
9.500000e-01 3.500000e-01 0
9.500000e-01 3.500000e-01 0
1.000000e+00 3.500000e-01 0
1.000000e+00 4.000000e-01 0
9.500000e-01 4.000000e-01 0
9.500000e-01 4.000000e-01 0
1.000000e+00 4.000000e-01 0
1.000000e+00 4.500000e-01 0
9.500000e-01 4.500000e-01 0
9.500000e-01 4.500000e-01 0
1.000000e+00 4.500000e-01 0
1.000000e+00 5.000000e-01 0
9.500000e-01 5.000000e-01 0
9.500000e-01 5.000000e-01 0
1.000000e+00 5.000000e-01 0
1.000000e+00 5.500000e-01 0
9.500000e-01 5.500000e-01 0
9.500000e-01 5.500000e-01 0
1.000000e+00 5.500000e-01 0
1.000000e+00 6.000000e-01 0
9.500000e-01 6.000000e-01 0
9.500000e-01 6.000000e-01 0
1.000000e+00 6.000000e-01 0
1.000000e+00 6.500000e-01 0
9.500000e-01 6.500000e-01 0
9.500000e-01 6.500000e-01 0
1.000000e+00 6.500000e-01 0
1.000000e+00 7.000000e-01 0
9.500000e-01 7.000000e-01 0
9.500000e-01 7.000000e-01 0
1.000000e+00 7.000000e-01 0
1.000000e+00 7.500000e-01 0
9.500000e-01 7.500000e-01 0
9.500000e-01 7.500000e-01 0
1.000000e+00 7.500000e-01 0
1.000000e+00 8.000000e-01 0
9.500000e-01 8.000000e-01 0
9.500000e-01 8.000000e-01 0
1.000000e+00 8.000000e-01 0
1.000000e+00 8.500000e-01 0
9.500000e-01 8.500000e-01 0
9.500000e-01 8.500000e-01 0
1.000000e+00 8.500000e-01 0
1.000000e+00 9.000000e-01 0
9.500000e-01 9.000000e-01 0
9.500000e-01 9.000000e-01 0
1.000000e+00 9.000000e-01 0
1.000000e+00 9.500000e-01 0
9.500000e-01 9.500000e-01 0
9.500000e-01 9.500000e-01 0
1.000000e+00 9.500000e-01 0
1.000000e+00 1.000000e+00 0
9.500000e-01 1.000000e+00 0
1.000000e+00 -1.000000e+00 0
1.050000e+00 -1.000000e+00 0
1.050000e+00 -9.500000e-01 0
1.000000e+00 -9.500000e-01 0
1.000000e+00 -9.500000e-01 0
1.050000e+00 -9.500000e-01 0
1.050000e+00 -9.000000e-01 0
1.000000e+00 -9.000000e-01 0
1.000000e+00 -9.000000e-01 0
1.050000e+00 -9.000000e-01 0
1.050000e+00 -8.500000e-01 0
1.000000e+00 -8.500000e-01 0
1.000000e+00 -8.500000e-01 0
1.050000e+00 -8.500000e-01 0
1.050000e+00 -8.000000e-01 0
1.000000e+00 -8.000000e-01 0
1.000000e+00 -8.000000e-01 0
1.050000e+00 -8.000000e-01 0
1.050000e+00 -7.500000e-01 0
1.000000e+00 -7.500000e-01 0
1.000000e+00 -7.500000e-01 0
1.050000e+00 -7.500000e-01 0
1.050000e+00 -7.000000e-01 0
1.000000e+00 -7.000000e-01 0
1.000000e+00 -7.000000e-01 0
1.050000e+00 -7.000000e-01 0
1.050000e+00 -6.500000e-01 0
1.000000e+00 -6.500000e-01 0
1.000000e+00 -6.500000e-01 0
1.050000e+00 -6.500000e-01 0
1.050000e+00 -6.000000e-01 0
1.000000e+00 -6.000000e-01 0
1.000000e+00 -6.000000e-01 0
1.050000e+00 -6.000000e-01 0
1.050000e+00 -5.500000e-01 0
1.000000e+00 -5.500000e-01 0
1.000000e+00 -5.500000e-01 0
1.050000e+00 -5.500000e-01 0
1.050000e+00 -5.000000e-01 0
1.000000e+00 -5.000000e-01 0
1.000000e+00 -5.000000e-01 0
1.050000e+00 -5.000000e-01 0
1.050000e+00 -4.500000e-01 0
1.000000e+00 -4.500000e-01 0
1.000000e+00 -4.500000e-01 0
1.050000e+00 -4.500000e-01 0
1.050000e+00 -4.000000e-01 0
1.000000e+00 -4.000000e-01 0
1.000000e+00 -4.000000e-01 0
1.050000e+00 -4.000000e-01 0
1.050000e+00 -3.500000e-01 0
1.000000e+00 -3.500000e-01 0
1.000000e+00 -3.500000e-01 0
1.050000e+00 -3.500000e-01 0
1.050000e+00 -3.000000e-01 0
1.000000e+00 -3.000000e-01 0
1.000000e+00 -3.000000e-01 0
1.050000e+00 -3.000000e-01 0
1.050000e+00 -2.500000e-01 0
1.000000e+00 -2.500000e-01 0
1.000000e+00 -2.500000e-01 0
1.050000e+00 -2.500000e-01 0
1.050000e+00 -2.000000e-01 0
1.000000e+00 -2.000000e-01 0
1.000000e+00 -2.000000e-01 0
1.050000e+00 -2.000000e-01 0
1.050000e+00 -1.500000e-01 0
1.000000e+00 -1.500000e-01 0
1.000000e+00 -1.500000e-01 0
1.050000e+00 -1.500000e-01 0
1.050000e+00 -1.000000e-01 0
1.000000e+00 -1.000000e-01 0
1.000000e+00 -1.000000e-01 0
1.050000e+00 -1.000000e-01 0
1.050000e+00 -5.000000e-02 0
1.000000e+00 -5.000000e-02 0
1.000000e+00 -5.000000e-02 0
1.050000e+00 -5.000000e-02 0
1.050000e+00 5.551115e-17 0
1.000000e+00 5.551115e-17 0
1.000000e+00 5.551115e-17 0
1.050000e+00 5.551115e-17 0
1.050000e+00 5.000000e-02 0
1.000000e+00 5.000000e-02 0
1.000000e+00 5.000000e-02 0
1.050000e+00 5.000000e-02 0
1.050000e+00 1.000000e-01 0
1.000000e+00 1.000000e-01 0
1.000000e+00 1.000000e-01 0
1.050000e+00 1.000000e-01 0
1.050000e+00 1.500000e-01 0
1.000000e+00 1.500000e-01 0
1.000000e+00 1.500000e-01 0
1.050000e+00 1.500000e-01 0
1.050000e+00 2.000000e-01 0
1.000000e+00 2.000000e-01 0
1.000000e+00 2.000000e-01 0
1.050000e+00 2.000000e-01 0
1.050000e+00 2.500000e-01 0
1.000000e+00 2.500000e-01 0
1.000000e+00 2.500000e-01 0
1.050000e+00 2.500000e-01 0
1.050000e+00 3.000000e-01 0
1.000000e+00 3.000000e-01 0
1.000000e+00 3.000000e-01 0
1.050000e+00 3.000000e-01 0
1.050000e+00 3.500000e-01 0
1.000000e+00 3.500000e-01 0
1.000000e+00 3.500000e-01 0
1.050000e+00 3.500000e-01 0
1.050000e+00 4.000000e-01 0
1.000000e+00 4.000000e-01 0
1.000000e+00 4.000000e-01 0
1.050000e+00 4.000000e-01 0
1.050000e+00 4.500000e-01 0
1.000000e+00 4.500000e-01 0
1.000000e+00 4.500000e-01 0
1.050000e+00 4.500000e-01 0
1.050000e+00 5.000000e-01 0
1.000000e+00 5.000000e-01 0
1.000000e+00 5.000000e-01 0
1.050000e+00 5.000000e-01 0
1.050000e+00 5.500000e-01 0
1.000000e+00 5.500000e-01 0
1.000000e+00 5.500000e-01 0
1.050000e+00 5.500000e-01 0
1.050000e+00 6.000000e-01 0
1.000000e+00 6.000000e-01 0
1.000000e+00 6.000000e-01 0
1.050000e+00 6.000000e-01 0
1.050000e+00 6.500000e-01 0
1.000000e+00 6.500000e-01 0
1.000000e+00 6.500000e-01 0
1.050000e+00 6.500000e-01 0
1.050000e+00 7.000000e-01 0
1.000000e+00 7.000000e-01 0
1.000000e+00 7.000000e-01 0
1.050000e+00 7.000000e-01 0
1.050000e+00 7.500000e-01 0
1.000000e+00 7.500000e-01 0
1.000000e+00 7.500000e-01 0
1.050000e+00 7.500000e-01 0
1.050000e+00 8.000000e-01 0
1.000000e+00 8.000000e-01 0
1.000000e+00 8.000000e-01 0
1.050000e+00 8.000000e-01 0
1.050000e+00 8.500000e-01 0
1.000000e+00 8.500000e-01 0
1.000000e+00 8.500000e-01 0
1.050000e+00 8.500000e-01 0
1.050000e+00 9.000000e-01 0
1.000000e+00 9.000000e-01 0
1.000000e+00 9.000000e-01 0
1.050000e+00 9.000000e-01 0
1.050000e+00 9.500000e-01 0
1.000000e+00 9.500000e-01 0
1.000000e+00 9.500000e-01 0
1.050000e+00 9.500000e-01 0
1.050000e+00 1.000000e+00 0
1.000000e+00 1.000000e+00 0
1.050000e+00 -1.000000e+00 0
1.100000e+00 -1.000000e+00 0
1.100000e+00 -9.500000e-01 0
1.050000e+00 -9.500000e-01 0
1.050000e+00 -9.500000e-01 0
1.100000e+00 -9.500000e-01 0
1.100000e+00 -9.000000e-01 0
1.050000e+00 -9.000000e-01 0
1.050000e+00 -9.000000e-01 0
1.100000e+00 -9.000000e-01 0
1.100000e+00 -8.500000e-01 0
1.050000e+00 -8.500000e-01 0
1.050000e+00 -8.500000e-01 0
1.100000e+00 -8.500000e-01 0
1.100000e+00 -8.000000e-01 0
1.050000e+00 -8.000000e-01 0
1.050000e+00 -8.000000e-01 0
1.100000e+00 -8.000000e-01 0
1.100000e+00 -7.500000e-01 0
1.050000e+00 -7.500000e-01 0
1.050000e+00 -7.500000e-01 0
1.100000e+00 -7.500000e-01 0
1.100000e+00 -7.000000e-01 0
1.050000e+00 -7.000000e-01 0
1.050000e+00 -7.000000e-01 0
1.100000e+00 -7.000000e-01 0
1.100000e+00 -6.500000e-01 0
1.050000e+00 -6.500000e-01 0
1.050000e+00 -6.500000e-01 0
1.100000e+00 -6.500000e-01 0
1.100000e+00 -6.000000e-01 0
1.050000e+00 -6.000000e-01 0
1.050000e+00 -6.000000e-01 0
1.100000e+00 -6.000000e-01 0
1.100000e+00 -5.500000e-01 0
1.050000e+00 -5.500000e-01 0
1.050000e+00 -5.500000e-01 0
1.100000e+00 -5.500000e-01 0
1.100000e+00 -5.000000e-01 0
1.050000e+00 -5.000000e-01 0
1.050000e+00 -5.000000e-01 0
1.100000e+00 -5.000000e-01 0
1.100000e+00 -4.500000e-01 0
1.050000e+00 -4.500000e-01 0
1.050000e+00 -4.500000e-01 0
1.100000e+00 -4.500000e-01 0
1.100000e+00 -4.000000e-01 0
1.050000e+00 -4.000000e-01 0
1.050000e+00 -4.000000e-01 0
1.100000e+00 -4.000000e-01 0
1.100000e+00 -3.500000e-01 0
1.050000e+00 -3.500000e-01 0
1.050000e+00 -3.500000e-01 0
1.100000e+00 -3.500000e-01 0
1.100000e+00 -3.000000e-01 0
1.050000e+00 -3.000000e-01 0
1.050000e+00 -3.000000e-01 0
1.100000e+00 -3.000000e-01 0
1.100000e+00 -2.500000e-01 0
1.050000e+00 -2.500000e-01 0
1.050000e+00 -2.500000e-01 0
1.100000e+00 -2.500000e-01 0
1.100000e+00 -2.000000e-01 0
1.050000e+00 -2.000000e-01 0
1.050000e+00 -2.000000e-01 0
1.100000e+00 -2.000000e-01 0
1.100000e+00 -1.500000e-01 0
1.050000e+00 -1.500000e-01 0
1.050000e+00 -1.500000e-01 0
1.100000e+00 -1.500000e-01 0
1.100000e+00 -1.000000e-01 0
1.050000e+00 -1.000000e-01 0
1.050000e+00 -1.000000e-01 0
1.100000e+00 -1.000000e-01 0
1.100000e+00 -5.000000e-02 0
1.050000e+00 -5.000000e-02 0
1.050000e+00 -5.000000e-02 0
1.100000e+00 -5.000000e-02 0
1.100000e+00 5.551115e-17 0
1.050000e+00 5.551115e-17 0
1.050000e+00 5.551115e-17 0
1.100000e+00 5.551115e-17 0
1.100000e+00 5.000000e-02 0
1.050000e+00 5.000000e-02 0
1.050000e+00 5.000000e-02 0
1.100000e+00 5.000000e-02 0
1.100000e+00 1.000000e-01 0
1.050000e+00 1.000000e-01 0
1.050000e+00 1.000000e-01 0
1.100000e+00 1.000000e-01 0
1.100000e+00 1.500000e-01 0
1.050000e+00 1.500000e-01 0
1.050000e+00 1.500000e-01 0
1.100000e+00 1.500000e-01 0
1.100000e+00 2.000000e-01 0
1.050000e+00 2.000000e-01 0
1.050000e+00 2.000000e-01 0
1.100000e+00 2.000000e-01 0
1.100000e+00 2.500000e-01 0
1.050000e+00 2.500000e-01 0
1.050000e+00 2.500000e-01 0
1.100000e+00 2.500000e-01 0
1.100000e+00 3.000000e-01 0
1.050000e+00 3.000000e-01 0
1.050000e+00 3.000000e-01 0
1.100000e+00 3.000000e-01 0
1.100000e+00 3.500000e-01 0
1.050000e+00 3.500000e-01 0
1.050000e+00 3.500000e-01 0
1.100000e+00 3.500000e-01 0
1.100000e+00 4.000000e-01 0
1.050000e+00 4.000000e-01 0
1.050000e+00 4.000000e-01 0
1.100000e+00 4.000000e-01 0
1.100000e+00 4.500000e-01 0
1.050000e+00 4.500000e-01 0
1.050000e+00 4.500000e-01 0
1.100000e+00 4.500000e-01 0
1.100000e+00 5.000000e-01 0
1.050000e+00 5.000000e-01 0
1.050000e+00 5.000000e-01 0
1.100000e+00 5.000000e-01 0
1.100000e+00 5.500000e-01 0
1.050000e+00 5.500000e-01 0
1.050000e+00 5.500000e-01 0
1.100000e+00 5.500000e-01 0
1.100000e+00 6.000000e-01 0
1.050000e+00 6.000000e-01 0
1.050000e+00 6.000000e-01 0
1.100000e+00 6.000000e-01 0
1.100000e+00 6.500000e-01 0
1.050000e+00 6.500000e-01 0
1.050000e+00 6.500000e-01 0
1.100000e+00 6.500000e-01 0
1.100000e+00 7.000000e-01 0
1.050000e+00 7.000000e-01 0
1.050000e+00 7.000000e-01 0
1.100000e+00 7.000000e-01 0
1.100000e+00 7.500000e-01 0
1.050000e+00 7.500000e-01 0
1.050000e+00 7.500000e-01 0
1.100000e+00 7.500000e-01 0
1.100000e+00 8.000000e-01 0
1.050000e+00 8.000000e-01 0
1.050000e+00 8.000000e-01 0
1.100000e+00 8.000000e-01 0
1.100000e+00 8.500000e-01 0
1.050000e+00 8.500000e-01 0
1.050000e+00 8.500000e-01 0
1.100000e+00 8.500000e-01 0
1.100000e+00 9.000000e-01 0
1.050000e+00 9.000000e-01 0
1.050000e+00 9.000000e-01 0
1.100000e+00 9.000000e-01 0
1.100000e+00 9.500000e-01 0
1.050000e+00 9.500000e-01 0
1.050000e+00 9.500000e-01 0
1.100000e+00 9.500000e-01 0
1.100000e+00 1.000000e+00 0
1.050000e+00 1.000000e+00 0
1.100000e+00 -1.000000e+00 0
1.150000e+00 -1.000000e+00 0
1.150000e+00 -9.500000e-01 0
1.100000e+00 -9.500000e-01 0
1.100000e+00 -9.500000e-01 0
1.150000e+00 -9.500000e-01 0
1.150000e+00 -9.000000e-01 0
1.100000e+00 -9.000000e-01 0
1.100000e+00 -9.000000e-01 0
1.150000e+00 -9.000000e-01 0
1.150000e+00 -8.500000e-01 0
1.100000e+00 -8.500000e-01 0
1.100000e+00 -8.500000e-01 0
1.150000e+00 -8.500000e-01 0
1.150000e+00 -8.000000e-01 0
1.100000e+00 -8.000000e-01 0
1.100000e+00 -8.000000e-01 0
1.150000e+00 -8.000000e-01 0
1.150000e+00 -7.500000e-01 0
1.100000e+00 -7.500000e-01 0
1.100000e+00 -7.500000e-01 0
1.150000e+00 -7.500000e-01 0
1.150000e+00 -7.000000e-01 0
1.100000e+00 -7.000000e-01 0
1.100000e+00 -7.000000e-01 0
1.150000e+00 -7.000000e-01 0
1.150000e+00 -6.500000e-01 0
1.100000e+00 -6.500000e-01 0
1.100000e+00 -6.500000e-01 0
1.150000e+00 -6.500000e-01 0
1.150000e+00 -6.000000e-01 0
1.100000e+00 -6.000000e-01 0
1.100000e+00 -6.000000e-01 0
1.150000e+00 -6.000000e-01 0
1.150000e+00 -5.500000e-01 0
1.100000e+00 -5.500000e-01 0
1.100000e+00 -5.500000e-01 0
1.150000e+00 -5.500000e-01 0
1.150000e+00 -5.000000e-01 0
1.100000e+00 -5.000000e-01 0
1.100000e+00 -5.000000e-01 0
1.150000e+00 -5.000000e-01 0
1.150000e+00 -4.500000e-01 0
1.100000e+00 -4.500000e-01 0
1.100000e+00 -4.500000e-01 0
1.150000e+00 -4.500000e-01 0
1.150000e+00 -4.000000e-01 0
1.100000e+00 -4.000000e-01 0
1.100000e+00 -4.000000e-01 0
1.150000e+00 -4.000000e-01 0
1.150000e+00 -3.500000e-01 0
1.100000e+00 -3.500000e-01 0
1.100000e+00 -3.500000e-01 0
1.150000e+00 -3.500000e-01 0
1.150000e+00 -3.000000e-01 0
1.100000e+00 -3.000000e-01 0
1.100000e+00 -3.000000e-01 0
1.150000e+00 -3.000000e-01 0
1.150000e+00 -2.500000e-01 0
1.100000e+00 -2.500000e-01 0
1.100000e+00 -2.500000e-01 0
1.150000e+00 -2.500000e-01 0
1.150000e+00 -2.000000e-01 0
1.100000e+00 -2.000000e-01 0
1.100000e+00 -2.000000e-01 0
1.150000e+00 -2.000000e-01 0
1.150000e+00 -1.500000e-01 0
1.100000e+00 -1.500000e-01 0
1.100000e+00 -1.500000e-01 0
1.150000e+00 -1.500000e-01 0
1.150000e+00 -1.000000e-01 0
1.100000e+00 -1.000000e-01 0
1.100000e+00 -1.000000e-01 0
1.150000e+00 -1.000000e-01 0
1.150000e+00 -5.000000e-02 0
1.100000e+00 -5.000000e-02 0
1.100000e+00 -5.000000e-02 0
1.150000e+00 -5.000000e-02 0
1.150000e+00 5.551115e-17 0
1.100000e+00 5.551115e-17 0
1.100000e+00 5.551115e-17 0
1.150000e+00 5.551115e-17 0
1.150000e+00 5.000000e-02 0
1.100000e+00 5.000000e-02 0
1.100000e+00 5.000000e-02 0
1.150000e+00 5.000000e-02 0
1.150000e+00 1.000000e-01 0
1.100000e+00 1.000000e-01 0
1.100000e+00 1.000000e-01 0
1.150000e+00 1.000000e-01 0
1.150000e+00 1.500000e-01 0
1.100000e+00 1.500000e-01 0
1.100000e+00 1.500000e-01 0
1.150000e+00 1.500000e-01 0
1.150000e+00 2.000000e-01 0
1.100000e+00 2.000000e-01 0
1.100000e+00 2.000000e-01 0
1.150000e+00 2.000000e-01 0
1.150000e+00 2.500000e-01 0
1.100000e+00 2.500000e-01 0
1.100000e+00 2.500000e-01 0
1.150000e+00 2.500000e-01 0
1.150000e+00 3.000000e-01 0
1.100000e+00 3.000000e-01 0
1.100000e+00 3.000000e-01 0
1.150000e+00 3.000000e-01 0
1.150000e+00 3.500000e-01 0
1.100000e+00 3.500000e-01 0
1.100000e+00 3.500000e-01 0
1.150000e+00 3.500000e-01 0
1.150000e+00 4.000000e-01 0
1.100000e+00 4.000000e-01 0
1.100000e+00 4.000000e-01 0
1.150000e+00 4.000000e-01 0
1.150000e+00 4.500000e-01 0
1.100000e+00 4.500000e-01 0
1.100000e+00 4.500000e-01 0
1.150000e+00 4.500000e-01 0
1.150000e+00 5.000000e-01 0
1.100000e+00 5.000000e-01 0
1.100000e+00 5.000000e-01 0
1.150000e+00 5.000000e-01 0
1.150000e+00 5.500000e-01 0
1.100000e+00 5.500000e-01 0
1.100000e+00 5.500000e-01 0
1.150000e+00 5.500000e-01 0
1.150000e+00 6.000000e-01 0
1.100000e+00 6.000000e-01 0
1.100000e+00 6.000000e-01 0
1.150000e+00 6.000000e-01 0
1.150000e+00 6.500000e-01 0
1.100000e+00 6.500000e-01 0
1.100000e+00 6.500000e-01 0
1.150000e+00 6.500000e-01 0
1.150000e+00 7.000000e-01 0
1.100000e+00 7.000000e-01 0
1.100000e+00 7.000000e-01 0
1.150000e+00 7.000000e-01 0
1.150000e+00 7.500000e-01 0
1.100000e+00 7.500000e-01 0
1.100000e+00 7.500000e-01 0
1.150000e+00 7.500000e-01 0
1.150000e+00 8.000000e-01 0
1.100000e+00 8.000000e-01 0
1.100000e+00 8.000000e-01 0
1.150000e+00 8.000000e-01 0
1.150000e+00 8.500000e-01 0
1.100000e+00 8.500000e-01 0
1.100000e+00 8.500000e-01 0
1.150000e+00 8.500000e-01 0
1.150000e+00 9.000000e-01 0
1.100000e+00 9.000000e-01 0
1.100000e+00 9.000000e-01 0
1.150000e+00 9.000000e-01 0
1.150000e+00 9.500000e-01 0
1.100000e+00 9.500000e-01 0
1.100000e+00 9.500000e-01 0
1.150000e+00 9.500000e-01 0
1.150000e+00 1.000000e+00 0
1.100000e+00 1.000000e+00 0
1.150000e+00 -1.000000e+00 0
1.200000e+00 -1.000000e+00 0
1.200000e+00 -9.500000e-01 0
1.150000e+00 -9.500000e-01 0
1.150000e+00 -9.500000e-01 0
1.200000e+00 -9.500000e-01 0
1.200000e+00 -9.000000e-01 0
1.150000e+00 -9.000000e-01 0
1.150000e+00 -9.000000e-01 0
1.200000e+00 -9.000000e-01 0
1.200000e+00 -8.500000e-01 0
1.150000e+00 -8.500000e-01 0
1.150000e+00 -8.500000e-01 0
1.200000e+00 -8.500000e-01 0
1.200000e+00 -8.000000e-01 0
1.150000e+00 -8.000000e-01 0
1.150000e+00 -8.000000e-01 0
1.200000e+00 -8.000000e-01 0
1.200000e+00 -7.500000e-01 0
1.150000e+00 -7.500000e-01 0
1.150000e+00 -7.500000e-01 0
1.200000e+00 -7.500000e-01 0
1.200000e+00 -7.000000e-01 0
1.150000e+00 -7.000000e-01 0
1.150000e+00 -7.000000e-01 0
1.200000e+00 -7.000000e-01 0
1.200000e+00 -6.500000e-01 0
1.150000e+00 -6.500000e-01 0
1.150000e+00 -6.500000e-01 0
1.200000e+00 -6.500000e-01 0
1.200000e+00 -6.000000e-01 0
1.150000e+00 -6.000000e-01 0
1.150000e+00 -6.000000e-01 0
1.200000e+00 -6.000000e-01 0
1.200000e+00 -5.500000e-01 0
1.150000e+00 -5.500000e-01 0
1.150000e+00 -5.500000e-01 0
1.200000e+00 -5.500000e-01 0
1.200000e+00 -5.000000e-01 0
1.150000e+00 -5.000000e-01 0
1.150000e+00 -5.000000e-01 0
1.200000e+00 -5.000000e-01 0
1.200000e+00 -4.500000e-01 0
1.150000e+00 -4.500000e-01 0
1.150000e+00 -4.500000e-01 0
1.200000e+00 -4.500000e-01 0
1.200000e+00 -4.000000e-01 0
1.150000e+00 -4.000000e-01 0
1.150000e+00 -4.000000e-01 0
1.200000e+00 -4.000000e-01 0
1.200000e+00 -3.500000e-01 0
1.150000e+00 -3.500000e-01 0
1.150000e+00 -3.500000e-01 0
1.200000e+00 -3.500000e-01 0
1.200000e+00 -3.000000e-01 0
1.150000e+00 -3.000000e-01 0
1.150000e+00 -3.000000e-01 0
1.200000e+00 -3.000000e-01 0
1.200000e+00 -2.500000e-01 0
1.150000e+00 -2.500000e-01 0
1.150000e+00 -2.500000e-01 0
1.200000e+00 -2.500000e-01 0
1.200000e+00 -2.000000e-01 0
1.150000e+00 -2.000000e-01 0
1.150000e+00 -2.000000e-01 0
1.200000e+00 -2.000000e-01 0
1.200000e+00 -1.500000e-01 0
1.150000e+00 -1.500000e-01 0
1.150000e+00 -1.500000e-01 0
1.200000e+00 -1.500000e-01 0
1.200000e+00 -1.000000e-01 0
1.150000e+00 -1.000000e-01 0
1.150000e+00 -1.000000e-01 0
1.200000e+00 -1.000000e-01 0
1.200000e+00 -5.000000e-02 0
1.150000e+00 -5.000000e-02 0
1.150000e+00 -5.000000e-02 0
1.200000e+00 -5.000000e-02 0
1.200000e+00 5.551115e-17 0
1.150000e+00 5.551115e-17 0
1.150000e+00 5.551115e-17 0
1.200000e+00 5.551115e-17 0
1.200000e+00 5.000000e-02 0
1.150000e+00 5.000000e-02 0
1.150000e+00 5.000000e-02 0
1.200000e+00 5.000000e-02 0
1.200000e+00 1.000000e-01 0
1.150000e+00 1.000000e-01 0
1.150000e+00 1.000000e-01 0
1.200000e+00 1.000000e-01 0
1.200000e+00 1.500000e-01 0
1.150000e+00 1.500000e-01 0
1.150000e+00 1.500000e-01 0
1.200000e+00 1.500000e-01 0
1.200000e+00 2.000000e-01 0
1.150000e+00 2.000000e-01 0
1.150000e+00 2.000000e-01 0
1.200000e+00 2.000000e-01 0
1.200000e+00 2.500000e-01 0
1.150000e+00 2.500000e-01 0
1.150000e+00 2.500000e-01 0
1.200000e+00 2.500000e-01 0
1.200000e+00 3.000000e-01 0
1.150000e+00 3.000000e-01 0
1.150000e+00 3.000000e-01 0
1.200000e+00 3.000000e-01 0
1.200000e+00 3.500000e-01 0
1.150000e+00 3.500000e-01 0
1.150000e+00 3.500000e-01 0
1.200000e+00 3.500000e-01 0
1.200000e+00 4.000000e-01 0
1.150000e+00 4.000000e-01 0
1.150000e+00 4.000000e-01 0
1.200000e+00 4.000000e-01 0
1.200000e+00 4.500000e-01 0
1.150000e+00 4.500000e-01 0
1.150000e+00 4.500000e-01 0
1.200000e+00 4.500000e-01 0
1.200000e+00 5.000000e-01 0
1.150000e+00 5.000000e-01 0
1.150000e+00 5.000000e-01 0
1.200000e+00 5.000000e-01 0
1.200000e+00 5.500000e-01 0
1.150000e+00 5.500000e-01 0
1.150000e+00 5.500000e-01 0
1.200000e+00 5.500000e-01 0
1.200000e+00 6.000000e-01 0
1.150000e+00 6.000000e-01 0
1.150000e+00 6.000000e-01 0
1.200000e+00 6.000000e-01 0
1.200000e+00 6.500000e-01 0
1.150000e+00 6.500000e-01 0
1.150000e+00 6.500000e-01 0
1.200000e+00 6.500000e-01 0
1.200000e+00 7.000000e-01 0
1.150000e+00 7.000000e-01 0
1.150000e+00 7.000000e-01 0
1.200000e+00 7.000000e-01 0
1.200000e+00 7.500000e-01 0
1.150000e+00 7.500000e-01 0
1.150000e+00 7.500000e-01 0
1.200000e+00 7.500000e-01 0
1.200000e+00 8.000000e-01 0
1.150000e+00 8.000000e-01 0
1.150000e+00 8.000000e-01 0
1.200000e+00 8.000000e-01 0
1.200000e+00 8.500000e-01 0
1.150000e+00 8.500000e-01 0
1.150000e+00 8.500000e-01 0
1.200000e+00 8.500000e-01 0
1.200000e+00 9.000000e-01 0
1.150000e+00 9.000000e-01 0
1.150000e+00 9.000000e-01 0
1.200000e+00 9.000000e-01 0
1.200000e+00 9.500000e-01 0
1.150000e+00 9.500000e-01 0
1.150000e+00 9.500000e-01 0
1.200000e+00 9.500000e-01 0
1.200000e+00 1.000000e+00 0
1.150000e+00 1.000000e+00 0
1.200000e+00 -1.000000e+00 0
1.250000e+00 -1.000000e+00 0
1.250000e+00 -9.500000e-01 0
1.200000e+00 -9.500000e-01 0
1.200000e+00 -9.500000e-01 0
1.250000e+00 -9.500000e-01 0
1.250000e+00 -9.000000e-01 0
1.200000e+00 -9.000000e-01 0
1.200000e+00 -9.000000e-01 0
1.250000e+00 -9.000000e-01 0
1.250000e+00 -8.500000e-01 0
1.200000e+00 -8.500000e-01 0
1.200000e+00 -8.500000e-01 0
1.250000e+00 -8.500000e-01 0
1.250000e+00 -8.000000e-01 0
1.200000e+00 -8.000000e-01 0
1.200000e+00 -8.000000e-01 0
1.250000e+00 -8.000000e-01 0
1.250000e+00 -7.500000e-01 0
1.200000e+00 -7.500000e-01 0
1.200000e+00 -7.500000e-01 0
1.250000e+00 -7.500000e-01 0
1.250000e+00 -7.000000e-01 0
1.200000e+00 -7.000000e-01 0
1.200000e+00 -7.000000e-01 0
1.250000e+00 -7.000000e-01 0
1.250000e+00 -6.500000e-01 0
1.200000e+00 -6.500000e-01 0
1.200000e+00 -6.500000e-01 0
1.250000e+00 -6.500000e-01 0
1.250000e+00 -6.000000e-01 0
1.200000e+00 -6.000000e-01 0
1.200000e+00 -6.000000e-01 0
1.250000e+00 -6.000000e-01 0
1.250000e+00 -5.500000e-01 0
1.200000e+00 -5.500000e-01 0
1.200000e+00 -5.500000e-01 0
1.250000e+00 -5.500000e-01 0
1.250000e+00 -5.000000e-01 0
1.200000e+00 -5.000000e-01 0
1.200000e+00 -5.000000e-01 0
1.250000e+00 -5.000000e-01 0
1.250000e+00 -4.500000e-01 0
1.200000e+00 -4.500000e-01 0
1.200000e+00 -4.500000e-01 0
1.250000e+00 -4.500000e-01 0
1.250000e+00 -4.000000e-01 0
1.200000e+00 -4.000000e-01 0
1.200000e+00 -4.000000e-01 0
1.250000e+00 -4.000000e-01 0
1.250000e+00 -3.500000e-01 0
1.200000e+00 -3.500000e-01 0
1.200000e+00 -3.500000e-01 0
1.250000e+00 -3.500000e-01 0
1.250000e+00 -3.000000e-01 0
1.200000e+00 -3.000000e-01 0
1.200000e+00 -3.000000e-01 0
1.250000e+00 -3.000000e-01 0
1.250000e+00 -2.500000e-01 0
1.200000e+00 -2.500000e-01 0
1.200000e+00 -2.500000e-01 0
1.250000e+00 -2.500000e-01 0
1.250000e+00 -2.000000e-01 0
1.200000e+00 -2.000000e-01 0
1.200000e+00 -2.000000e-01 0
1.250000e+00 -2.000000e-01 0
1.250000e+00 -1.500000e-01 0
1.200000e+00 -1.500000e-01 0
1.200000e+00 -1.500000e-01 0
1.250000e+00 -1.500000e-01 0
1.250000e+00 -1.000000e-01 0
1.200000e+00 -1.000000e-01 0
1.200000e+00 -1.000000e-01 0
1.250000e+00 -1.000000e-01 0
1.250000e+00 -5.000000e-02 0
1.200000e+00 -5.000000e-02 0
1.200000e+00 -5.000000e-02 0
1.250000e+00 -5.000000e-02 0
1.250000e+00 5.551115e-17 0
1.200000e+00 5.551115e-17 0
1.200000e+00 5.551115e-17 0
1.250000e+00 5.551115e-17 0
1.250000e+00 5.000000e-02 0
1.200000e+00 5.000000e-02 0
1.200000e+00 5.000000e-02 0
1.250000e+00 5.000000e-02 0
1.250000e+00 1.000000e-01 0
1.200000e+00 1.000000e-01 0
1.200000e+00 1.000000e-01 0
1.250000e+00 1.000000e-01 0
1.250000e+00 1.500000e-01 0
1.200000e+00 1.500000e-01 0
1.200000e+00 1.500000e-01 0
1.250000e+00 1.500000e-01 0
1.250000e+00 2.000000e-01 0
1.200000e+00 2.000000e-01 0
1.200000e+00 2.000000e-01 0
1.250000e+00 2.000000e-01 0
1.250000e+00 2.500000e-01 0
1.200000e+00 2.500000e-01 0
1.200000e+00 2.500000e-01 0
1.250000e+00 2.500000e-01 0
1.250000e+00 3.000000e-01 0
1.200000e+00 3.000000e-01 0
1.200000e+00 3.000000e-01 0
1.250000e+00 3.000000e-01 0
1.250000e+00 3.500000e-01 0
1.200000e+00 3.500000e-01 0
1.200000e+00 3.500000e-01 0
1.250000e+00 3.500000e-01 0
1.250000e+00 4.000000e-01 0
1.200000e+00 4.000000e-01 0
1.200000e+00 4.000000e-01 0
1.250000e+00 4.000000e-01 0
1.250000e+00 4.500000e-01 0
1.200000e+00 4.500000e-01 0
1.200000e+00 4.500000e-01 0
1.250000e+00 4.500000e-01 0
1.250000e+00 5.000000e-01 0
1.200000e+00 5.000000e-01 0
1.200000e+00 5.000000e-01 0
1.250000e+00 5.000000e-01 0
1.250000e+00 5.500000e-01 0
1.200000e+00 5.500000e-01 0
1.200000e+00 5.500000e-01 0
1.250000e+00 5.500000e-01 0
1.250000e+00 6.000000e-01 0
1.200000e+00 6.000000e-01 0
1.200000e+00 6.000000e-01 0
1.250000e+00 6.000000e-01 0
1.250000e+00 6.500000e-01 0
1.200000e+00 6.500000e-01 0
1.200000e+00 6.500000e-01 0
1.250000e+00 6.500000e-01 0
1.250000e+00 7.000000e-01 0
1.200000e+00 7.000000e-01 0
1.200000e+00 7.000000e-01 0
1.250000e+00 7.000000e-01 0
1.250000e+00 7.500000e-01 0
1.200000e+00 7.500000e-01 0
1.200000e+00 7.500000e-01 0
1.250000e+00 7.500000e-01 0
1.250000e+00 8.000000e-01 0
1.200000e+00 8.000000e-01 0
1.200000e+00 8.000000e-01 0
1.250000e+00 8.000000e-01 0
1.250000e+00 8.500000e-01 0
1.200000e+00 8.500000e-01 0
1.200000e+00 8.500000e-01 0
1.250000e+00 8.500000e-01 0
1.250000e+00 9.000000e-01 0
1.200000e+00 9.000000e-01 0
1.200000e+00 9.000000e-01 0
1.250000e+00 9.000000e-01 0
1.250000e+00 9.500000e-01 0
1.200000e+00 9.500000e-01 0
1.200000e+00 9.500000e-01 0
1.250000e+00 9.500000e-01 0
1.250000e+00 1.000000e+00 0
1.200000e+00 1.000000e+00 0
1.250000e+00 -1.000000e+00 0
1.300000e+00 -1.000000e+00 0
1.300000e+00 -9.500000e-01 0
1.250000e+00 -9.500000e-01 0
1.250000e+00 -9.500000e-01 0
1.300000e+00 -9.500000e-01 0
1.300000e+00 -9.000000e-01 0
1.250000e+00 -9.000000e-01 0
1.250000e+00 -9.000000e-01 0
1.300000e+00 -9.000000e-01 0
1.300000e+00 -8.500000e-01 0
1.250000e+00 -8.500000e-01 0
1.250000e+00 -8.500000e-01 0
1.300000e+00 -8.500000e-01 0
1.300000e+00 -8.000000e-01 0
1.250000e+00 -8.000000e-01 0
1.250000e+00 -8.000000e-01 0
1.300000e+00 -8.000000e-01 0
1.300000e+00 -7.500000e-01 0
1.250000e+00 -7.500000e-01 0
1.250000e+00 -7.500000e-01 0
1.300000e+00 -7.500000e-01 0
1.300000e+00 -7.000000e-01 0
1.250000e+00 -7.000000e-01 0
1.250000e+00 -7.000000e-01 0
1.300000e+00 -7.000000e-01 0
1.300000e+00 -6.500000e-01 0
1.250000e+00 -6.500000e-01 0
1.250000e+00 -6.500000e-01 0
1.300000e+00 -6.500000e-01 0
1.300000e+00 -6.000000e-01 0
1.250000e+00 -6.000000e-01 0
1.250000e+00 -6.000000e-01 0
1.300000e+00 -6.000000e-01 0
1.300000e+00 -5.500000e-01 0
1.250000e+00 -5.500000e-01 0
1.250000e+00 -5.500000e-01 0
1.300000e+00 -5.500000e-01 0
1.300000e+00 -5.000000e-01 0
1.250000e+00 -5.000000e-01 0
1.250000e+00 -5.000000e-01 0
1.300000e+00 -5.000000e-01 0
1.300000e+00 -4.500000e-01 0
1.250000e+00 -4.500000e-01 0
1.250000e+00 -4.500000e-01 0
1.300000e+00 -4.500000e-01 0
1.300000e+00 -4.000000e-01 0
1.250000e+00 -4.000000e-01 0
1.250000e+00 -4.000000e-01 0
1.300000e+00 -4.000000e-01 0
1.300000e+00 -3.500000e-01 0
1.250000e+00 -3.500000e-01 0
1.250000e+00 -3.500000e-01 0
1.300000e+00 -3.500000e-01 0
1.300000e+00 -3.000000e-01 0
1.250000e+00 -3.000000e-01 0
1.250000e+00 -3.000000e-01 0
1.300000e+00 -3.000000e-01 0
1.300000e+00 -2.500000e-01 0
1.250000e+00 -2.500000e-01 0
1.250000e+00 -2.500000e-01 0
1.300000e+00 -2.500000e-01 0
1.300000e+00 -2.000000e-01 0
1.250000e+00 -2.000000e-01 0
1.250000e+00 -2.000000e-01 0
1.300000e+00 -2.000000e-01 0
1.300000e+00 -1.500000e-01 0
1.250000e+00 -1.500000e-01 0
1.250000e+00 -1.500000e-01 0
1.300000e+00 -1.500000e-01 0
1.300000e+00 -1.000000e-01 0
1.250000e+00 -1.000000e-01 0
1.250000e+00 -1.000000e-01 0
1.300000e+00 -1.000000e-01 0
1.300000e+00 -5.000000e-02 0
1.250000e+00 -5.000000e-02 0
1.250000e+00 -5.000000e-02 0
1.300000e+00 -5.000000e-02 0
1.300000e+00 5.551115e-17 0
1.250000e+00 5.551115e-17 0
1.250000e+00 5.551115e-17 0
1.300000e+00 5.551115e-17 0
1.300000e+00 5.000000e-02 0
1.250000e+00 5.000000e-02 0
1.250000e+00 5.000000e-02 0
1.300000e+00 5.000000e-02 0
1.300000e+00 1.000000e-01 0
1.250000e+00 1.000000e-01 0
1.250000e+00 1.000000e-01 0
1.300000e+00 1.000000e-01 0
1.300000e+00 1.500000e-01 0
1.250000e+00 1.500000e-01 0
1.250000e+00 1.500000e-01 0
1.300000e+00 1.500000e-01 0
1.300000e+00 2.000000e-01 0
1.250000e+00 2.000000e-01 0
1.250000e+00 2.000000e-01 0
1.300000e+00 2.000000e-01 0
1.300000e+00 2.500000e-01 0
1.250000e+00 2.500000e-01 0
1.250000e+00 2.500000e-01 0
1.300000e+00 2.500000e-01 0
1.300000e+00 3.000000e-01 0
1.250000e+00 3.000000e-01 0
1.250000e+00 3.000000e-01 0
1.300000e+00 3.000000e-01 0
1.300000e+00 3.500000e-01 0
1.250000e+00 3.500000e-01 0
1.250000e+00 3.500000e-01 0
1.300000e+00 3.500000e-01 0
1.300000e+00 4.000000e-01 0
1.250000e+00 4.000000e-01 0
1.250000e+00 4.000000e-01 0
1.300000e+00 4.000000e-01 0
1.300000e+00 4.500000e-01 0
1.250000e+00 4.500000e-01 0
1.250000e+00 4.500000e-01 0
1.300000e+00 4.500000e-01 0
1.300000e+00 5.000000e-01 0
1.250000e+00 5.000000e-01 0
1.250000e+00 5.000000e-01 0
1.300000e+00 5.000000e-01 0
1.300000e+00 5.500000e-01 0
1.250000e+00 5.500000e-01 0
1.250000e+00 5.500000e-01 0
1.300000e+00 5.500000e-01 0
1.300000e+00 6.000000e-01 0
1.250000e+00 6.000000e-01 0
1.250000e+00 6.000000e-01 0
1.300000e+00 6.000000e-01 0
1.300000e+00 6.500000e-01 0
1.250000e+00 6.500000e-01 0
1.250000e+00 6.500000e-01 0
1.300000e+00 6.500000e-01 0
1.300000e+00 7.000000e-01 0
1.250000e+00 7.000000e-01 0
1.250000e+00 7.000000e-01 0
1.300000e+00 7.000000e-01 0
1.300000e+00 7.500000e-01 0
1.250000e+00 7.500000e-01 0
1.250000e+00 7.500000e-01 0
1.300000e+00 7.500000e-01 0
1.300000e+00 8.000000e-01 0
1.250000e+00 8.000000e-01 0
1.250000e+00 8.000000e-01 0
1.300000e+00 8.000000e-01 0
1.300000e+00 8.500000e-01 0
1.250000e+00 8.500000e-01 0
1.250000e+00 8.500000e-01 0
1.300000e+00 8.500000e-01 0
1.300000e+00 9.000000e-01 0
1.250000e+00 9.000000e-01 0
1.250000e+00 9.000000e-01 0
1.300000e+00 9.000000e-01 0
1.300000e+00 9.500000e-01 0
1.250000e+00 9.500000e-01 0
1.250000e+00 9.500000e-01 0
1.300000e+00 9.500000e-01 0
1.300000e+00 1.000000e+00 0
1.250000e+00 1.000000e+00 0
1.300000e+00 -1.000000e+00 0
1.350000e+00 -1.000000e+00 0
1.350000e+00 -9.500000e-01 0
1.300000e+00 -9.500000e-01 0
1.300000e+00 -9.500000e-01 0
1.350000e+00 -9.500000e-01 0
1.350000e+00 -9.000000e-01 0
1.300000e+00 -9.000000e-01 0
1.300000e+00 -9.000000e-01 0
1.350000e+00 -9.000000e-01 0
1.350000e+00 -8.500000e-01 0
1.300000e+00 -8.500000e-01 0
1.300000e+00 -8.500000e-01 0
1.350000e+00 -8.500000e-01 0
1.350000e+00 -8.000000e-01 0
1.300000e+00 -8.000000e-01 0
1.300000e+00 -8.000000e-01 0
1.350000e+00 -8.000000e-01 0
1.350000e+00 -7.500000e-01 0
1.300000e+00 -7.500000e-01 0
1.300000e+00 -7.500000e-01 0
1.350000e+00 -7.500000e-01 0
1.350000e+00 -7.000000e-01 0
1.300000e+00 -7.000000e-01 0
1.300000e+00 -7.000000e-01 0
1.350000e+00 -7.000000e-01 0
1.350000e+00 -6.500000e-01 0
1.300000e+00 -6.500000e-01 0
1.300000e+00 -6.500000e-01 0
1.350000e+00 -6.500000e-01 0
1.350000e+00 -6.000000e-01 0
1.300000e+00 -6.000000e-01 0
1.300000e+00 -6.000000e-01 0
1.350000e+00 -6.000000e-01 0
1.350000e+00 -5.500000e-01 0
1.300000e+00 -5.500000e-01 0
1.300000e+00 -5.500000e-01 0
1.350000e+00 -5.500000e-01 0
1.350000e+00 -5.000000e-01 0
1.300000e+00 -5.000000e-01 0
1.300000e+00 -5.000000e-01 0
1.350000e+00 -5.000000e-01 0
1.350000e+00 -4.500000e-01 0
1.300000e+00 -4.500000e-01 0
1.300000e+00 -4.500000e-01 0
1.350000e+00 -4.500000e-01 0
1.350000e+00 -4.000000e-01 0
1.300000e+00 -4.000000e-01 0
1.300000e+00 -4.000000e-01 0
1.350000e+00 -4.000000e-01 0
1.350000e+00 -3.500000e-01 0
1.300000e+00 -3.500000e-01 0
1.300000e+00 -3.500000e-01 0
1.350000e+00 -3.500000e-01 0
1.350000e+00 -3.000000e-01 0
1.300000e+00 -3.000000e-01 0
1.300000e+00 -3.000000e-01 0
1.350000e+00 -3.000000e-01 0
1.350000e+00 -2.500000e-01 0
1.300000e+00 -2.500000e-01 0
1.300000e+00 -2.500000e-01 0
1.350000e+00 -2.500000e-01 0
1.350000e+00 -2.000000e-01 0
1.300000e+00 -2.000000e-01 0
1.300000e+00 -2.000000e-01 0
1.350000e+00 -2.000000e-01 0
1.350000e+00 -1.500000e-01 0
1.300000e+00 -1.500000e-01 0
1.300000e+00 -1.500000e-01 0
1.350000e+00 -1.500000e-01 0
1.350000e+00 -1.000000e-01 0
1.300000e+00 -1.000000e-01 0
1.300000e+00 -1.000000e-01 0
1.350000e+00 -1.000000e-01 0
1.350000e+00 -5.000000e-02 0
1.300000e+00 -5.000000e-02 0
1.300000e+00 -5.000000e-02 0
1.350000e+00 -5.000000e-02 0
1.350000e+00 5.551115e-17 0
1.300000e+00 5.551115e-17 0
1.300000e+00 5.551115e-17 0
1.350000e+00 5.551115e-17 0
1.350000e+00 5.000000e-02 0
1.300000e+00 5.000000e-02 0
1.300000e+00 5.000000e-02 0
1.350000e+00 5.000000e-02 0
1.350000e+00 1.000000e-01 0
1.300000e+00 1.000000e-01 0
1.300000e+00 1.000000e-01 0
1.350000e+00 1.000000e-01 0
1.350000e+00 1.500000e-01 0
1.300000e+00 1.500000e-01 0
1.300000e+00 1.500000e-01 0
1.350000e+00 1.500000e-01 0
1.350000e+00 2.000000e-01 0
1.300000e+00 2.000000e-01 0
1.300000e+00 2.000000e-01 0
1.350000e+00 2.000000e-01 0
1.350000e+00 2.500000e-01 0
1.300000e+00 2.500000e-01 0
1.300000e+00 2.500000e-01 0
1.350000e+00 2.500000e-01 0
1.350000e+00 3.000000e-01 0
1.300000e+00 3.000000e-01 0
1.300000e+00 3.000000e-01 0
1.350000e+00 3.000000e-01 0
1.350000e+00 3.500000e-01 0
1.300000e+00 3.500000e-01 0
1.300000e+00 3.500000e-01 0
1.350000e+00 3.500000e-01 0
1.350000e+00 4.000000e-01 0
1.300000e+00 4.000000e-01 0
1.300000e+00 4.000000e-01 0
1.350000e+00 4.000000e-01 0
1.350000e+00 4.500000e-01 0
1.300000e+00 4.500000e-01 0
1.300000e+00 4.500000e-01 0
1.350000e+00 4.500000e-01 0
1.350000e+00 5.000000e-01 0
1.300000e+00 5.000000e-01 0
1.300000e+00 5.000000e-01 0
1.350000e+00 5.000000e-01 0
1.350000e+00 5.500000e-01 0
1.300000e+00 5.500000e-01 0
1.300000e+00 5.500000e-01 0
1.350000e+00 5.500000e-01 0
1.350000e+00 6.000000e-01 0
1.300000e+00 6.000000e-01 0
1.300000e+00 6.000000e-01 0
1.350000e+00 6.000000e-01 0
1.350000e+00 6.500000e-01 0
1.300000e+00 6.500000e-01 0
1.300000e+00 6.500000e-01 0
1.350000e+00 6.500000e-01 0
1.350000e+00 7.000000e-01 0
1.300000e+00 7.000000e-01 0
1.300000e+00 7.000000e-01 0
1.350000e+00 7.000000e-01 0
1.350000e+00 7.500000e-01 0
1.300000e+00 7.500000e-01 0
1.300000e+00 7.500000e-01 0
1.350000e+00 7.500000e-01 0
1.350000e+00 8.000000e-01 0
1.300000e+00 8.000000e-01 0
1.300000e+00 8.000000e-01 0
1.350000e+00 8.000000e-01 0
1.350000e+00 8.500000e-01 0
1.300000e+00 8.500000e-01 0
1.300000e+00 8.500000e-01 0
1.350000e+00 8.500000e-01 0
1.350000e+00 9.000000e-01 0
1.300000e+00 9.000000e-01 0
1.300000e+00 9.000000e-01 0
1.350000e+00 9.000000e-01 0
1.350000e+00 9.500000e-01 0
1.300000e+00 9.500000e-01 0
1.300000e+00 9.500000e-01 0
1.350000e+00 9.500000e-01 0
1.350000e+00 1.000000e+00 0
1.300000e+00 1.000000e+00 0
1.350000e+00 -1.000000e+00 0
1.400000e+00 -1.000000e+00 0
1.400000e+00 -9.500000e-01 0
1.350000e+00 -9.500000e-01 0
1.350000e+00 -9.500000e-01 0
1.400000e+00 -9.500000e-01 0
1.400000e+00 -9.000000e-01 0
1.350000e+00 -9.000000e-01 0
1.350000e+00 -9.000000e-01 0
1.400000e+00 -9.000000e-01 0
1.400000e+00 -8.500000e-01 0
1.350000e+00 -8.500000e-01 0
1.350000e+00 -8.500000e-01 0
1.400000e+00 -8.500000e-01 0
1.400000e+00 -8.000000e-01 0
1.350000e+00 -8.000000e-01 0
1.350000e+00 -8.000000e-01 0
1.400000e+00 -8.000000e-01 0
1.400000e+00 -7.500000e-01 0
1.350000e+00 -7.500000e-01 0
1.350000e+00 -7.500000e-01 0
1.400000e+00 -7.500000e-01 0
1.400000e+00 -7.000000e-01 0
1.350000e+00 -7.000000e-01 0
1.350000e+00 -7.000000e-01 0
1.400000e+00 -7.000000e-01 0
1.400000e+00 -6.500000e-01 0
1.350000e+00 -6.500000e-01 0
1.350000e+00 -6.500000e-01 0
1.400000e+00 -6.500000e-01 0
1.400000e+00 -6.000000e-01 0
1.350000e+00 -6.000000e-01 0
1.350000e+00 -6.000000e-01 0
1.400000e+00 -6.000000e-01 0
1.400000e+00 -5.500000e-01 0
1.350000e+00 -5.500000e-01 0
1.350000e+00 -5.500000e-01 0
1.400000e+00 -5.500000e-01 0
1.400000e+00 -5.000000e-01 0
1.350000e+00 -5.000000e-01 0
1.350000e+00 -5.000000e-01 0
1.400000e+00 -5.000000e-01 0
1.400000e+00 -4.500000e-01 0
1.350000e+00 -4.500000e-01 0
1.350000e+00 -4.500000e-01 0
1.400000e+00 -4.500000e-01 0
1.400000e+00 -4.000000e-01 0
1.350000e+00 -4.000000e-01 0
1.350000e+00 -4.000000e-01 0
1.400000e+00 -4.000000e-01 0
1.400000e+00 -3.500000e-01 0
1.350000e+00 -3.500000e-01 0
1.350000e+00 -3.500000e-01 0
1.400000e+00 -3.500000e-01 0
1.400000e+00 -3.000000e-01 0
1.350000e+00 -3.000000e-01 0
1.350000e+00 -3.000000e-01 0
1.400000e+00 -3.000000e-01 0
1.400000e+00 -2.500000e-01 0
1.350000e+00 -2.500000e-01 0
1.350000e+00 -2.500000e-01 0
1.400000e+00 -2.500000e-01 0
1.400000e+00 -2.000000e-01 0
1.350000e+00 -2.000000e-01 0
1.350000e+00 -2.000000e-01 0
1.400000e+00 -2.000000e-01 0
1.400000e+00 -1.500000e-01 0
1.350000e+00 -1.500000e-01 0
1.350000e+00 -1.500000e-01 0
1.400000e+00 -1.500000e-01 0
1.400000e+00 -1.000000e-01 0
1.350000e+00 -1.000000e-01 0
1.350000e+00 -1.000000e-01 0
1.400000e+00 -1.000000e-01 0
1.400000e+00 -5.000000e-02 0
1.350000e+00 -5.000000e-02 0
1.350000e+00 -5.000000e-02 0
1.400000e+00 -5.000000e-02 0
1.400000e+00 5.551115e-17 0
1.350000e+00 5.551115e-17 0
1.350000e+00 5.551115e-17 0
1.400000e+00 5.551115e-17 0
1.400000e+00 5.000000e-02 0
1.350000e+00 5.000000e-02 0
1.350000e+00 5.000000e-02 0
1.400000e+00 5.000000e-02 0
1.400000e+00 1.000000e-01 0
1.350000e+00 1.000000e-01 0
1.350000e+00 1.000000e-01 0
1.400000e+00 1.000000e-01 0
1.400000e+00 1.500000e-01 0
1.350000e+00 1.500000e-01 0
1.350000e+00 1.500000e-01 0
1.400000e+00 1.500000e-01 0
1.400000e+00 2.000000e-01 0
1.350000e+00 2.000000e-01 0
1.350000e+00 2.000000e-01 0
1.400000e+00 2.000000e-01 0
1.400000e+00 2.500000e-01 0
1.350000e+00 2.500000e-01 0
1.350000e+00 2.500000e-01 0
1.400000e+00 2.500000e-01 0
1.400000e+00 3.000000e-01 0
1.350000e+00 3.000000e-01 0
1.350000e+00 3.000000e-01 0
1.400000e+00 3.000000e-01 0
1.400000e+00 3.500000e-01 0
1.350000e+00 3.500000e-01 0
1.350000e+00 3.500000e-01 0
1.400000e+00 3.500000e-01 0
1.400000e+00 4.000000e-01 0
1.350000e+00 4.000000e-01 0
1.350000e+00 4.000000e-01 0
1.400000e+00 4.000000e-01 0
1.400000e+00 4.500000e-01 0
1.350000e+00 4.500000e-01 0
1.350000e+00 4.500000e-01 0
1.400000e+00 4.500000e-01 0
1.400000e+00 5.000000e-01 0
1.350000e+00 5.000000e-01 0
1.350000e+00 5.000000e-01 0
1.400000e+00 5.000000e-01 0
1.400000e+00 5.500000e-01 0
1.350000e+00 5.500000e-01 0
1.350000e+00 5.500000e-01 0
1.400000e+00 5.500000e-01 0
1.400000e+00 6.000000e-01 0
1.350000e+00 6.000000e-01 0
1.350000e+00 6.000000e-01 0
1.400000e+00 6.000000e-01 0
1.400000e+00 6.500000e-01 0
1.350000e+00 6.500000e-01 0
1.350000e+00 6.500000e-01 0
1.400000e+00 6.500000e-01 0
1.400000e+00 7.000000e-01 0
1.350000e+00 7.000000e-01 0
1.350000e+00 7.000000e-01 0
1.400000e+00 7.000000e-01 0
1.400000e+00 7.500000e-01 0
1.350000e+00 7.500000e-01 0
1.350000e+00 7.500000e-01 0
1.400000e+00 7.500000e-01 0
1.400000e+00 8.000000e-01 0
1.350000e+00 8.000000e-01 0
1.350000e+00 8.000000e-01 0
1.400000e+00 8.000000e-01 0
1.400000e+00 8.500000e-01 0
1.350000e+00 8.500000e-01 0
1.350000e+00 8.500000e-01 0
1.400000e+00 8.500000e-01 0
1.400000e+00 9.000000e-01 0
1.350000e+00 9.000000e-01 0
1.350000e+00 9.000000e-01 0
1.400000e+00 9.000000e-01 0
1.400000e+00 9.500000e-01 0
1.350000e+00 9.500000e-01 0
1.350000e+00 9.500000e-01 0
1.400000e+00 9.500000e-01 0
1.400000e+00 1.000000e+00 0
1.350000e+00 1.000000e+00 0
1.400000e+00 -1.000000e+00 0
1.450000e+00 -1.000000e+00 0
1.450000e+00 -9.500000e-01 0
1.400000e+00 -9.500000e-01 0
1.400000e+00 -9.500000e-01 0
1.450000e+00 -9.500000e-01 0
1.450000e+00 -9.000000e-01 0
1.400000e+00 -9.000000e-01 0
1.400000e+00 -9.000000e-01 0
1.450000e+00 -9.000000e-01 0
1.450000e+00 -8.500000e-01 0
1.400000e+00 -8.500000e-01 0
1.400000e+00 -8.500000e-01 0
1.450000e+00 -8.500000e-01 0
1.450000e+00 -8.000000e-01 0
1.400000e+00 -8.000000e-01 0
1.400000e+00 -8.000000e-01 0
1.450000e+00 -8.000000e-01 0
1.450000e+00 -7.500000e-01 0
1.400000e+00 -7.500000e-01 0
1.400000e+00 -7.500000e-01 0
1.450000e+00 -7.500000e-01 0
1.450000e+00 -7.000000e-01 0
1.400000e+00 -7.000000e-01 0
1.400000e+00 -7.000000e-01 0
1.450000e+00 -7.000000e-01 0
1.450000e+00 -6.500000e-01 0
1.400000e+00 -6.500000e-01 0
1.400000e+00 -6.500000e-01 0
1.450000e+00 -6.500000e-01 0
1.450000e+00 -6.000000e-01 0
1.400000e+00 -6.000000e-01 0
1.400000e+00 -6.000000e-01 0
1.450000e+00 -6.000000e-01 0
1.450000e+00 -5.500000e-01 0
1.400000e+00 -5.500000e-01 0
1.400000e+00 -5.500000e-01 0
1.450000e+00 -5.500000e-01 0
1.450000e+00 -5.000000e-01 0
1.400000e+00 -5.000000e-01 0
1.400000e+00 -5.000000e-01 0
1.450000e+00 -5.000000e-01 0
1.450000e+00 -4.500000e-01 0
1.400000e+00 -4.500000e-01 0
1.400000e+00 -4.500000e-01 0
1.450000e+00 -4.500000e-01 0
1.450000e+00 -4.000000e-01 0
1.400000e+00 -4.000000e-01 0
1.400000e+00 -4.000000e-01 0
1.450000e+00 -4.000000e-01 0
1.450000e+00 -3.500000e-01 0
1.400000e+00 -3.500000e-01 0
1.400000e+00 -3.500000e-01 0
1.450000e+00 -3.500000e-01 0
1.450000e+00 -3.000000e-01 0
1.400000e+00 -3.000000e-01 0
1.400000e+00 -3.000000e-01 0
1.450000e+00 -3.000000e-01 0
1.450000e+00 -2.500000e-01 0
1.400000e+00 -2.500000e-01 0
1.400000e+00 -2.500000e-01 0
1.450000e+00 -2.500000e-01 0
1.450000e+00 -2.000000e-01 0
1.400000e+00 -2.000000e-01 0
1.400000e+00 -2.000000e-01 0
1.450000e+00 -2.000000e-01 0
1.450000e+00 -1.500000e-01 0
1.400000e+00 -1.500000e-01 0
1.400000e+00 -1.500000e-01 0
1.450000e+00 -1.500000e-01 0
1.450000e+00 -1.000000e-01 0
1.400000e+00 -1.000000e-01 0
1.400000e+00 -1.000000e-01 0
1.450000e+00 -1.000000e-01 0
1.450000e+00 -5.000000e-02 0
1.400000e+00 -5.000000e-02 0
1.400000e+00 -5.000000e-02 0
1.450000e+00 -5.000000e-02 0
1.450000e+00 5.551115e-17 0
1.400000e+00 5.551115e-17 0
1.400000e+00 5.551115e-17 0
1.450000e+00 5.551115e-17 0
1.450000e+00 5.000000e-02 0
1.400000e+00 5.000000e-02 0
1.400000e+00 5.000000e-02 0
1.450000e+00 5.000000e-02 0
1.450000e+00 1.000000e-01 0
1.400000e+00 1.000000e-01 0
1.400000e+00 1.000000e-01 0
1.450000e+00 1.000000e-01 0
1.450000e+00 1.500000e-01 0
1.400000e+00 1.500000e-01 0
1.400000e+00 1.500000e-01 0
1.450000e+00 1.500000e-01 0
1.450000e+00 2.000000e-01 0
1.400000e+00 2.000000e-01 0
1.400000e+00 2.000000e-01 0
1.450000e+00 2.000000e-01 0
1.450000e+00 2.500000e-01 0
1.400000e+00 2.500000e-01 0
1.400000e+00 2.500000e-01 0
1.450000e+00 2.500000e-01 0
1.450000e+00 3.000000e-01 0
1.400000e+00 3.000000e-01 0
1.400000e+00 3.000000e-01 0
1.450000e+00 3.000000e-01 0
1.450000e+00 3.500000e-01 0
1.400000e+00 3.500000e-01 0
1.400000e+00 3.500000e-01 0
1.450000e+00 3.500000e-01 0
1.450000e+00 4.000000e-01 0
1.400000e+00 4.000000e-01 0
1.400000e+00 4.000000e-01 0
1.450000e+00 4.000000e-01 0
1.450000e+00 4.500000e-01 0
1.400000e+00 4.500000e-01 0
1.400000e+00 4.500000e-01 0
1.450000e+00 4.500000e-01 0
1.450000e+00 5.000000e-01 0
1.400000e+00 5.000000e-01 0
1.400000e+00 5.000000e-01 0
1.450000e+00 5.000000e-01 0
1.450000e+00 5.500000e-01 0
1.400000e+00 5.500000e-01 0
1.400000e+00 5.500000e-01 0
1.450000e+00 5.500000e-01 0
1.450000e+00 6.000000e-01 0
1.400000e+00 6.000000e-01 0
1.400000e+00 6.000000e-01 0
1.450000e+00 6.000000e-01 0
1.450000e+00 6.500000e-01 0
1.400000e+00 6.500000e-01 0
1.400000e+00 6.500000e-01 0
1.450000e+00 6.500000e-01 0
1.450000e+00 7.000000e-01 0
1.400000e+00 7.000000e-01 0
1.400000e+00 7.000000e-01 0
1.450000e+00 7.000000e-01 0
1.450000e+00 7.500000e-01 0
1.400000e+00 7.500000e-01 0
1.400000e+00 7.500000e-01 0
1.450000e+00 7.500000e-01 0
1.450000e+00 8.000000e-01 0
1.400000e+00 8.000000e-01 0
1.400000e+00 8.000000e-01 0
1.450000e+00 8.000000e-01 0
1.450000e+00 8.500000e-01 0
1.400000e+00 8.500000e-01 0
1.400000e+00 8.500000e-01 0
1.450000e+00 8.500000e-01 0
1.450000e+00 9.000000e-01 0
1.400000e+00 9.000000e-01 0
1.400000e+00 9.000000e-01 0
1.450000e+00 9.000000e-01 0
1.450000e+00 9.500000e-01 0
1.400000e+00 9.500000e-01 0
1.400000e+00 9.500000e-01 0
1.450000e+00 9.500000e-01 0
1.450000e+00 1.000000e+00 0
1.400000e+00 1.000000e+00 0
1.450000e+00 -1.000000e+00 0
1.500000e+00 -1.000000e+00 0
1.500000e+00 -9.500000e-01 0
1.450000e+00 -9.500000e-01 0
1.450000e+00 -9.500000e-01 0
1.500000e+00 -9.500000e-01 0
1.500000e+00 -9.000000e-01 0
1.450000e+00 -9.000000e-01 0
1.450000e+00 -9.000000e-01 0
1.500000e+00 -9.000000e-01 0
1.500000e+00 -8.500000e-01 0
1.450000e+00 -8.500000e-01 0
1.450000e+00 -8.500000e-01 0
1.500000e+00 -8.500000e-01 0
1.500000e+00 -8.000000e-01 0
1.450000e+00 -8.000000e-01 0
1.450000e+00 -8.000000e-01 0
1.500000e+00 -8.000000e-01 0
1.500000e+00 -7.500000e-01 0
1.450000e+00 -7.500000e-01 0
1.450000e+00 -7.500000e-01 0
1.500000e+00 -7.500000e-01 0
1.500000e+00 -7.000000e-01 0
1.450000e+00 -7.000000e-01 0
1.450000e+00 -7.000000e-01 0
1.500000e+00 -7.000000e-01 0
1.500000e+00 -6.500000e-01 0
1.450000e+00 -6.500000e-01 0
1.450000e+00 -6.500000e-01 0
1.500000e+00 -6.500000e-01 0
1.500000e+00 -6.000000e-01 0
1.450000e+00 -6.000000e-01 0
1.450000e+00 -6.000000e-01 0
1.500000e+00 -6.000000e-01 0
1.500000e+00 -5.500000e-01 0
1.450000e+00 -5.500000e-01 0
1.450000e+00 -5.500000e-01 0
1.500000e+00 -5.500000e-01 0
1.500000e+00 -5.000000e-01 0
1.450000e+00 -5.000000e-01 0
1.450000e+00 -5.000000e-01 0
1.500000e+00 -5.000000e-01 0
1.500000e+00 -4.500000e-01 0
1.450000e+00 -4.500000e-01 0
1.450000e+00 -4.500000e-01 0
1.500000e+00 -4.500000e-01 0
1.500000e+00 -4.000000e-01 0
1.450000e+00 -4.000000e-01 0
1.450000e+00 -4.000000e-01 0
1.500000e+00 -4.000000e-01 0
1.500000e+00 -3.500000e-01 0
1.450000e+00 -3.500000e-01 0
1.450000e+00 -3.500000e-01 0
1.500000e+00 -3.500000e-01 0
1.500000e+00 -3.000000e-01 0
1.450000e+00 -3.000000e-01 0
1.450000e+00 -3.000000e-01 0
1.500000e+00 -3.000000e-01 0
1.500000e+00 -2.500000e-01 0
1.450000e+00 -2.500000e-01 0
1.450000e+00 -2.500000e-01 0
1.500000e+00 -2.500000e-01 0
1.500000e+00 -2.000000e-01 0
1.450000e+00 -2.000000e-01 0
1.450000e+00 -2.000000e-01 0
1.500000e+00 -2.000000e-01 0
1.500000e+00 -1.500000e-01 0
1.450000e+00 -1.500000e-01 0
1.450000e+00 -1.500000e-01 0
1.500000e+00 -1.500000e-01 0
1.500000e+00 -1.000000e-01 0
1.450000e+00 -1.000000e-01 0
1.450000e+00 -1.000000e-01 0
1.500000e+00 -1.000000e-01 0
1.500000e+00 -5.000000e-02 0
1.450000e+00 -5.000000e-02 0
1.450000e+00 -5.000000e-02 0
1.500000e+00 -5.000000e-02 0
1.500000e+00 5.551115e-17 0
1.450000e+00 5.551115e-17 0
1.450000e+00 5.551115e-17 0
1.500000e+00 5.551115e-17 0
1.500000e+00 5.000000e-02 0
1.450000e+00 5.000000e-02 0
1.450000e+00 5.000000e-02 0
1.500000e+00 5.000000e-02 0
1.500000e+00 1.000000e-01 0
1.450000e+00 1.000000e-01 0
1.450000e+00 1.000000e-01 0
1.500000e+00 1.000000e-01 0
1.500000e+00 1.500000e-01 0
1.450000e+00 1.500000e-01 0
1.450000e+00 1.500000e-01 0
1.500000e+00 1.500000e-01 0
1.500000e+00 2.000000e-01 0
1.450000e+00 2.000000e-01 0
1.450000e+00 2.000000e-01 0
1.500000e+00 2.000000e-01 0
1.500000e+00 2.500000e-01 0
1.450000e+00 2.500000e-01 0
1.450000e+00 2.500000e-01 0
1.500000e+00 2.500000e-01 0
1.500000e+00 3.000000e-01 0
1.450000e+00 3.000000e-01 0
1.450000e+00 3.000000e-01 0
1.500000e+00 3.000000e-01 0
1.500000e+00 3.500000e-01 0
1.450000e+00 3.500000e-01 0
1.450000e+00 3.500000e-01 0
1.500000e+00 3.500000e-01 0
1.500000e+00 4.000000e-01 0
1.450000e+00 4.000000e-01 0
1.450000e+00 4.000000e-01 0
1.500000e+00 4.000000e-01 0
1.500000e+00 4.500000e-01 0
1.450000e+00 4.500000e-01 0
1.450000e+00 4.500000e-01 0
1.500000e+00 4.500000e-01 0
1.500000e+00 5.000000e-01 0
1.450000e+00 5.000000e-01 0
1.450000e+00 5.000000e-01 0
1.500000e+00 5.000000e-01 0
1.500000e+00 5.500000e-01 0
1.450000e+00 5.500000e-01 0
1.450000e+00 5.500000e-01 0
1.500000e+00 5.500000e-01 0
1.500000e+00 6.000000e-01 0
1.450000e+00 6.000000e-01 0
1.450000e+00 6.000000e-01 0
1.500000e+00 6.000000e-01 0
1.500000e+00 6.500000e-01 0
1.450000e+00 6.500000e-01 0
1.450000e+00 6.500000e-01 0
1.500000e+00 6.500000e-01 0
1.500000e+00 7.000000e-01 0
1.450000e+00 7.000000e-01 0
1.450000e+00 7.000000e-01 0
1.500000e+00 7.000000e-01 0
1.500000e+00 7.500000e-01 0
1.450000e+00 7.500000e-01 0
1.450000e+00 7.500000e-01 0
1.500000e+00 7.500000e-01 0
1.500000e+00 8.000000e-01 0
1.450000e+00 8.000000e-01 0
1.450000e+00 8.000000e-01 0
1.500000e+00 8.000000e-01 0
1.500000e+00 8.500000e-01 0
1.450000e+00 8.500000e-01 0
1.450000e+00 8.500000e-01 0
1.500000e+00 8.500000e-01 0
1.500000e+00 9.000000e-01 0
1.450000e+00 9.000000e-01 0
1.450000e+00 9.000000e-01 0
1.500000e+00 9.000000e-01 0
1.500000e+00 9.500000e-01 0
1.450000e+00 9.500000e-01 0
1.450000e+00 9.500000e-01 0
1.500000e+00 9.500000e-01 0
1.500000e+00 1.000000e+00 0
1.450000e+00 1.000000e+00 0
1.500000e+00 -1.000000e+00 0
1.550000e+00 -1.000000e+00 0
1.550000e+00 -9.500000e-01 0
1.500000e+00 -9.500000e-01 0
1.500000e+00 -9.500000e-01 0
1.550000e+00 -9.500000e-01 0
1.550000e+00 -9.000000e-01 0
1.500000e+00 -9.000000e-01 0
1.500000e+00 -9.000000e-01 0
1.550000e+00 -9.000000e-01 0
1.550000e+00 -8.500000e-01 0
1.500000e+00 -8.500000e-01 0
1.500000e+00 -8.500000e-01 0
1.550000e+00 -8.500000e-01 0
1.550000e+00 -8.000000e-01 0
1.500000e+00 -8.000000e-01 0
1.500000e+00 -8.000000e-01 0
1.550000e+00 -8.000000e-01 0
1.550000e+00 -7.500000e-01 0
1.500000e+00 -7.500000e-01 0
1.500000e+00 -7.500000e-01 0
1.550000e+00 -7.500000e-01 0
1.550000e+00 -7.000000e-01 0
1.500000e+00 -7.000000e-01 0
1.500000e+00 -7.000000e-01 0
1.550000e+00 -7.000000e-01 0
1.550000e+00 -6.500000e-01 0
1.500000e+00 -6.500000e-01 0
1.500000e+00 -6.500000e-01 0
1.550000e+00 -6.500000e-01 0
1.550000e+00 -6.000000e-01 0
1.500000e+00 -6.000000e-01 0
1.500000e+00 -6.000000e-01 0
1.550000e+00 -6.000000e-01 0
1.550000e+00 -5.500000e-01 0
1.500000e+00 -5.500000e-01 0
1.500000e+00 -5.500000e-01 0
1.550000e+00 -5.500000e-01 0
1.550000e+00 -5.000000e-01 0
1.500000e+00 -5.000000e-01 0
1.500000e+00 -5.000000e-01 0
1.550000e+00 -5.000000e-01 0
1.550000e+00 -4.500000e-01 0
1.500000e+00 -4.500000e-01 0
1.500000e+00 -4.500000e-01 0
1.550000e+00 -4.500000e-01 0
1.550000e+00 -4.000000e-01 0
1.500000e+00 -4.000000e-01 0
1.500000e+00 -4.000000e-01 0
1.550000e+00 -4.000000e-01 0
1.550000e+00 -3.500000e-01 0
1.500000e+00 -3.500000e-01 0
1.500000e+00 -3.500000e-01 0
1.550000e+00 -3.500000e-01 0
1.550000e+00 -3.000000e-01 0
1.500000e+00 -3.000000e-01 0
1.500000e+00 -3.000000e-01 0
1.550000e+00 -3.000000e-01 0
1.550000e+00 -2.500000e-01 0
1.500000e+00 -2.500000e-01 0
1.500000e+00 -2.500000e-01 0
1.550000e+00 -2.500000e-01 0
1.550000e+00 -2.000000e-01 0
1.500000e+00 -2.000000e-01 0
1.500000e+00 -2.000000e-01 0
1.550000e+00 -2.000000e-01 0
1.550000e+00 -1.500000e-01 0
1.500000e+00 -1.500000e-01 0
1.500000e+00 -1.500000e-01 0
1.550000e+00 -1.500000e-01 0
1.550000e+00 -1.000000e-01 0
1.500000e+00 -1.000000e-01 0
1.500000e+00 -1.000000e-01 0
1.550000e+00 -1.000000e-01 0
1.550000e+00 -5.000000e-02 0
1.500000e+00 -5.000000e-02 0
1.500000e+00 -5.000000e-02 0
1.550000e+00 -5.000000e-02 0
1.550000e+00 5.551115e-17 0
1.500000e+00 5.551115e-17 0
1.500000e+00 5.551115e-17 0
1.550000e+00 5.551115e-17 0
1.550000e+00 5.000000e-02 0
1.500000e+00 5.000000e-02 0
1.500000e+00 5.000000e-02 0
1.550000e+00 5.000000e-02 0
1.550000e+00 1.000000e-01 0
1.500000e+00 1.000000e-01 0
1.500000e+00 1.000000e-01 0
1.550000e+00 1.000000e-01 0
1.550000e+00 1.500000e-01 0
1.500000e+00 1.500000e-01 0
1.500000e+00 1.500000e-01 0
1.550000e+00 1.500000e-01 0
1.550000e+00 2.000000e-01 0
1.500000e+00 2.000000e-01 0
1.500000e+00 2.000000e-01 0
1.550000e+00 2.000000e-01 0
1.550000e+00 2.500000e-01 0
1.500000e+00 2.500000e-01 0
1.500000e+00 2.500000e-01 0
1.550000e+00 2.500000e-01 0
1.550000e+00 3.000000e-01 0
1.500000e+00 3.000000e-01 0
1.500000e+00 3.000000e-01 0
1.550000e+00 3.000000e-01 0
1.550000e+00 3.500000e-01 0
1.500000e+00 3.500000e-01 0
1.500000e+00 3.500000e-01 0
1.550000e+00 3.500000e-01 0
1.550000e+00 4.000000e-01 0
1.500000e+00 4.000000e-01 0
1.500000e+00 4.000000e-01 0
1.550000e+00 4.000000e-01 0
1.550000e+00 4.500000e-01 0
1.500000e+00 4.500000e-01 0
1.500000e+00 4.500000e-01 0
1.550000e+00 4.500000e-01 0
1.550000e+00 5.000000e-01 0
1.500000e+00 5.000000e-01 0
1.500000e+00 5.000000e-01 0
1.550000e+00 5.000000e-01 0
1.550000e+00 5.500000e-01 0
1.500000e+00 5.500000e-01 0
1.500000e+00 5.500000e-01 0
1.550000e+00 5.500000e-01 0
1.550000e+00 6.000000e-01 0
1.500000e+00 6.000000e-01 0
1.500000e+00 6.000000e-01 0
1.550000e+00 6.000000e-01 0
1.550000e+00 6.500000e-01 0
1.500000e+00 6.500000e-01 0
1.500000e+00 6.500000e-01 0
1.550000e+00 6.500000e-01 0
1.550000e+00 7.000000e-01 0
1.500000e+00 7.000000e-01 0
1.500000e+00 7.000000e-01 0
1.550000e+00 7.000000e-01 0
1.550000e+00 7.500000e-01 0
1.500000e+00 7.500000e-01 0
1.500000e+00 7.500000e-01 0
1.550000e+00 7.500000e-01 0
1.550000e+00 8.000000e-01 0
1.500000e+00 8.000000e-01 0
1.500000e+00 8.000000e-01 0
1.550000e+00 8.000000e-01 0
1.550000e+00 8.500000e-01 0
1.500000e+00 8.500000e-01 0
1.500000e+00 8.500000e-01 0
1.550000e+00 8.500000e-01 0
1.550000e+00 9.000000e-01 0
1.500000e+00 9.000000e-01 0
1.500000e+00 9.000000e-01 0
1.550000e+00 9.000000e-01 0
1.550000e+00 9.500000e-01 0
1.500000e+00 9.500000e-01 0
1.500000e+00 9.500000e-01 0
1.550000e+00 9.500000e-01 0
1.550000e+00 1.000000e+00 0
1.500000e+00 1.000000e+00 0
1.550000e+00 -1.000000e+00 0
1.600000e+00 -1.000000e+00 0
1.600000e+00 -9.500000e-01 0
1.550000e+00 -9.500000e-01 0
1.550000e+00 -9.500000e-01 0
1.600000e+00 -9.500000e-01 0
1.600000e+00 -9.000000e-01 0
1.550000e+00 -9.000000e-01 0
1.550000e+00 -9.000000e-01 0
1.600000e+00 -9.000000e-01 0
1.600000e+00 -8.500000e-01 0
1.550000e+00 -8.500000e-01 0
1.550000e+00 -8.500000e-01 0
1.600000e+00 -8.500000e-01 0
1.600000e+00 -8.000000e-01 0
1.550000e+00 -8.000000e-01 0
1.550000e+00 -8.000000e-01 0
1.600000e+00 -8.000000e-01 0
1.600000e+00 -7.500000e-01 0
1.550000e+00 -7.500000e-01 0
1.550000e+00 -7.500000e-01 0
1.600000e+00 -7.500000e-01 0
1.600000e+00 -7.000000e-01 0
1.550000e+00 -7.000000e-01 0
1.550000e+00 -7.000000e-01 0
1.600000e+00 -7.000000e-01 0
1.600000e+00 -6.500000e-01 0
1.550000e+00 -6.500000e-01 0
1.550000e+00 -6.500000e-01 0
1.600000e+00 -6.500000e-01 0
1.600000e+00 -6.000000e-01 0
1.550000e+00 -6.000000e-01 0
1.550000e+00 -6.000000e-01 0
1.600000e+00 -6.000000e-01 0
1.600000e+00 -5.500000e-01 0
1.550000e+00 -5.500000e-01 0
1.550000e+00 -5.500000e-01 0
1.600000e+00 -5.500000e-01 0
1.600000e+00 -5.000000e-01 0
1.550000e+00 -5.000000e-01 0
1.550000e+00 -5.000000e-01 0
1.600000e+00 -5.000000e-01 0
1.600000e+00 -4.500000e-01 0
1.550000e+00 -4.500000e-01 0
1.550000e+00 -4.500000e-01 0
1.600000e+00 -4.500000e-01 0
1.600000e+00 -4.000000e-01 0
1.550000e+00 -4.000000e-01 0
1.550000e+00 -4.000000e-01 0
1.600000e+00 -4.000000e-01 0
1.600000e+00 -3.500000e-01 0
1.550000e+00 -3.500000e-01 0
1.550000e+00 -3.500000e-01 0
1.600000e+00 -3.500000e-01 0
1.600000e+00 -3.000000e-01 0
1.550000e+00 -3.000000e-01 0
1.550000e+00 -3.000000e-01 0
1.600000e+00 -3.000000e-01 0
1.600000e+00 -2.500000e-01 0
1.550000e+00 -2.500000e-01 0
1.550000e+00 -2.500000e-01 0
1.600000e+00 -2.500000e-01 0
1.600000e+00 -2.000000e-01 0
1.550000e+00 -2.000000e-01 0
1.550000e+00 -2.000000e-01 0
1.600000e+00 -2.000000e-01 0
1.600000e+00 -1.500000e-01 0
1.550000e+00 -1.500000e-01 0
1.550000e+00 -1.500000e-01 0
1.600000e+00 -1.500000e-01 0
1.600000e+00 -1.000000e-01 0
1.550000e+00 -1.000000e-01 0
1.550000e+00 -1.000000e-01 0
1.600000e+00 -1.000000e-01 0
1.600000e+00 -5.000000e-02 0
1.550000e+00 -5.000000e-02 0
1.550000e+00 -5.000000e-02 0
1.600000e+00 -5.000000e-02 0
1.600000e+00 5.551115e-17 0
1.550000e+00 5.551115e-17 0
1.550000e+00 5.551115e-17 0
1.600000e+00 5.551115e-17 0
1.600000e+00 5.000000e-02 0
1.550000e+00 5.000000e-02 0
1.550000e+00 5.000000e-02 0
1.600000e+00 5.000000e-02 0
1.600000e+00 1.000000e-01 0
1.550000e+00 1.000000e-01 0
1.550000e+00 1.000000e-01 0
1.600000e+00 1.000000e-01 0
1.600000e+00 1.500000e-01 0
1.550000e+00 1.500000e-01 0
1.550000e+00 1.500000e-01 0
1.600000e+00 1.500000e-01 0
1.600000e+00 2.000000e-01 0
1.550000e+00 2.000000e-01 0
1.550000e+00 2.000000e-01 0
1.600000e+00 2.000000e-01 0
1.600000e+00 2.500000e-01 0
1.550000e+00 2.500000e-01 0
1.550000e+00 2.500000e-01 0
1.600000e+00 2.500000e-01 0
1.600000e+00 3.000000e-01 0
1.550000e+00 3.000000e-01 0
1.550000e+00 3.000000e-01 0
1.600000e+00 3.000000e-01 0
1.600000e+00 3.500000e-01 0
1.550000e+00 3.500000e-01 0
1.550000e+00 3.500000e-01 0
1.600000e+00 3.500000e-01 0
1.600000e+00 4.000000e-01 0
1.550000e+00 4.000000e-01 0
1.550000e+00 4.000000e-01 0
1.600000e+00 4.000000e-01 0
1.600000e+00 4.500000e-01 0
1.550000e+00 4.500000e-01 0
1.550000e+00 4.500000e-01 0
1.600000e+00 4.500000e-01 0
1.600000e+00 5.000000e-01 0
1.550000e+00 5.000000e-01 0
1.550000e+00 5.000000e-01 0
1.600000e+00 5.000000e-01 0
1.600000e+00 5.500000e-01 0
1.550000e+00 5.500000e-01 0
1.550000e+00 5.500000e-01 0
1.600000e+00 5.500000e-01 0
1.600000e+00 6.000000e-01 0
1.550000e+00 6.000000e-01 0
1.550000e+00 6.000000e-01 0
1.600000e+00 6.000000e-01 0
1.600000e+00 6.500000e-01 0
1.550000e+00 6.500000e-01 0
1.550000e+00 6.500000e-01 0
1.600000e+00 6.500000e-01 0
1.600000e+00 7.000000e-01 0
1.550000e+00 7.000000e-01 0
1.550000e+00 7.000000e-01 0
1.600000e+00 7.000000e-01 0
1.600000e+00 7.500000e-01 0
1.550000e+00 7.500000e-01 0
1.550000e+00 7.500000e-01 0
1.600000e+00 7.500000e-01 0
1.600000e+00 8.000000e-01 0
1.550000e+00 8.000000e-01 0
1.550000e+00 8.000000e-01 0
1.600000e+00 8.000000e-01 0
1.600000e+00 8.500000e-01 0
1.550000e+00 8.500000e-01 0
1.550000e+00 8.500000e-01 0
1.600000e+00 8.500000e-01 0
1.600000e+00 9.000000e-01 0
1.550000e+00 9.000000e-01 0
1.550000e+00 9.000000e-01 0
1.600000e+00 9.000000e-01 0
1.600000e+00 9.500000e-01 0
1.550000e+00 9.500000e-01 0
1.550000e+00 9.500000e-01 0
1.600000e+00 9.500000e-01 0
1.600000e+00 1.000000e+00 0
1.550000e+00 1.000000e+00 0
1.600000e+00 -1.000000e+00 0
1.650000e+00 -1.000000e+00 0
1.650000e+00 -9.500000e-01 0
1.600000e+00 -9.500000e-01 0
1.600000e+00 -9.500000e-01 0
1.650000e+00 -9.500000e-01 0
1.650000e+00 -9.000000e-01 0
1.600000e+00 -9.000000e-01 0
1.600000e+00 -9.000000e-01 0
1.650000e+00 -9.000000e-01 0
1.650000e+00 -8.500000e-01 0
1.600000e+00 -8.500000e-01 0
1.600000e+00 -8.500000e-01 0
1.650000e+00 -8.500000e-01 0
1.650000e+00 -8.000000e-01 0
1.600000e+00 -8.000000e-01 0
1.600000e+00 -8.000000e-01 0
1.650000e+00 -8.000000e-01 0
1.650000e+00 -7.500000e-01 0
1.600000e+00 -7.500000e-01 0
1.600000e+00 -7.500000e-01 0
1.650000e+00 -7.500000e-01 0
1.650000e+00 -7.000000e-01 0
1.600000e+00 -7.000000e-01 0
1.600000e+00 -7.000000e-01 0
1.650000e+00 -7.000000e-01 0
1.650000e+00 -6.500000e-01 0
1.600000e+00 -6.500000e-01 0
1.600000e+00 -6.500000e-01 0
1.650000e+00 -6.500000e-01 0
1.650000e+00 -6.000000e-01 0
1.600000e+00 -6.000000e-01 0
1.600000e+00 -6.000000e-01 0
1.650000e+00 -6.000000e-01 0
1.650000e+00 -5.500000e-01 0
1.600000e+00 -5.500000e-01 0
1.600000e+00 -5.500000e-01 0
1.650000e+00 -5.500000e-01 0
1.650000e+00 -5.000000e-01 0
1.600000e+00 -5.000000e-01 0
1.600000e+00 -5.000000e-01 0
1.650000e+00 -5.000000e-01 0
1.650000e+00 -4.500000e-01 0
1.600000e+00 -4.500000e-01 0
1.600000e+00 -4.500000e-01 0
1.650000e+00 -4.500000e-01 0
1.650000e+00 -4.000000e-01 0
1.600000e+00 -4.000000e-01 0
1.600000e+00 -4.000000e-01 0
1.650000e+00 -4.000000e-01 0
1.650000e+00 -3.500000e-01 0
1.600000e+00 -3.500000e-01 0
1.600000e+00 -3.500000e-01 0
1.650000e+00 -3.500000e-01 0
1.650000e+00 -3.000000e-01 0
1.600000e+00 -3.000000e-01 0
1.600000e+00 -3.000000e-01 0
1.650000e+00 -3.000000e-01 0
1.650000e+00 -2.500000e-01 0
1.600000e+00 -2.500000e-01 0
1.600000e+00 -2.500000e-01 0
1.650000e+00 -2.500000e-01 0
1.650000e+00 -2.000000e-01 0
1.600000e+00 -2.000000e-01 0
1.600000e+00 -2.000000e-01 0
1.650000e+00 -2.000000e-01 0
1.650000e+00 -1.500000e-01 0
1.600000e+00 -1.500000e-01 0
1.600000e+00 -1.500000e-01 0
1.650000e+00 -1.500000e-01 0
1.650000e+00 -1.000000e-01 0
1.600000e+00 -1.000000e-01 0
1.600000e+00 -1.000000e-01 0
1.650000e+00 -1.000000e-01 0
1.650000e+00 -5.000000e-02 0
1.600000e+00 -5.000000e-02 0
1.600000e+00 -5.000000e-02 0
1.650000e+00 -5.000000e-02 0
1.650000e+00 5.551115e-17 0
1.600000e+00 5.551115e-17 0
1.600000e+00 5.551115e-17 0
1.650000e+00 5.551115e-17 0
1.650000e+00 5.000000e-02 0
1.600000e+00 5.000000e-02 0
1.600000e+00 5.000000e-02 0
1.650000e+00 5.000000e-02 0
1.650000e+00 1.000000e-01 0
1.600000e+00 1.000000e-01 0
1.600000e+00 1.000000e-01 0
1.650000e+00 1.000000e-01 0
1.650000e+00 1.500000e-01 0
1.600000e+00 1.500000e-01 0
1.600000e+00 1.500000e-01 0
1.650000e+00 1.500000e-01 0
1.650000e+00 2.000000e-01 0
1.600000e+00 2.000000e-01 0
1.600000e+00 2.000000e-01 0
1.650000e+00 2.000000e-01 0
1.650000e+00 2.500000e-01 0
1.600000e+00 2.500000e-01 0
1.600000e+00 2.500000e-01 0
1.650000e+00 2.500000e-01 0
1.650000e+00 3.000000e-01 0
1.600000e+00 3.000000e-01 0
1.600000e+00 3.000000e-01 0
1.650000e+00 3.000000e-01 0
1.650000e+00 3.500000e-01 0
1.600000e+00 3.500000e-01 0
1.600000e+00 3.500000e-01 0
1.650000e+00 3.500000e-01 0
1.650000e+00 4.000000e-01 0
1.600000e+00 4.000000e-01 0
1.600000e+00 4.000000e-01 0
1.650000e+00 4.000000e-01 0
1.650000e+00 4.500000e-01 0
1.600000e+00 4.500000e-01 0
1.600000e+00 4.500000e-01 0
1.650000e+00 4.500000e-01 0
1.650000e+00 5.000000e-01 0
1.600000e+00 5.000000e-01 0
1.600000e+00 5.000000e-01 0
1.650000e+00 5.000000e-01 0
1.650000e+00 5.500000e-01 0
1.600000e+00 5.500000e-01 0
1.600000e+00 5.500000e-01 0
1.650000e+00 5.500000e-01 0
1.650000e+00 6.000000e-01 0
1.600000e+00 6.000000e-01 0
1.600000e+00 6.000000e-01 0
1.650000e+00 6.000000e-01 0
1.650000e+00 6.500000e-01 0
1.600000e+00 6.500000e-01 0
1.600000e+00 6.500000e-01 0
1.650000e+00 6.500000e-01 0
1.650000e+00 7.000000e-01 0
1.600000e+00 7.000000e-01 0
1.600000e+00 7.000000e-01 0
1.650000e+00 7.000000e-01 0
1.650000e+00 7.500000e-01 0
1.600000e+00 7.500000e-01 0
1.600000e+00 7.500000e-01 0
1.650000e+00 7.500000e-01 0
1.650000e+00 8.000000e-01 0
1.600000e+00 8.000000e-01 0
1.600000e+00 8.000000e-01 0
1.650000e+00 8.000000e-01 0
1.650000e+00 8.500000e-01 0
1.600000e+00 8.500000e-01 0
1.600000e+00 8.500000e-01 0
1.650000e+00 8.500000e-01 0
1.650000e+00 9.000000e-01 0
1.600000e+00 9.000000e-01 0
1.600000e+00 9.000000e-01 0
1.650000e+00 9.000000e-01 0
1.650000e+00 9.500000e-01 0
1.600000e+00 9.500000e-01 0
1.600000e+00 9.500000e-01 0
1.650000e+00 9.500000e-01 0
1.650000e+00 1.000000e+00 0
1.600000e+00 1.000000e+00 0
1.650000e+00 -1.000000e+00 0
1.700000e+00 -1.000000e+00 0
1.700000e+00 -9.500000e-01 0
1.650000e+00 -9.500000e-01 0
1.650000e+00 -9.500000e-01 0
1.700000e+00 -9.500000e-01 0
1.700000e+00 -9.000000e-01 0
1.650000e+00 -9.000000e-01 0
1.650000e+00 -9.000000e-01 0
1.700000e+00 -9.000000e-01 0
1.700000e+00 -8.500000e-01 0
1.650000e+00 -8.500000e-01 0
1.650000e+00 -8.500000e-01 0
1.700000e+00 -8.500000e-01 0
1.700000e+00 -8.000000e-01 0
1.650000e+00 -8.000000e-01 0
1.650000e+00 -8.000000e-01 0
1.700000e+00 -8.000000e-01 0
1.700000e+00 -7.500000e-01 0
1.650000e+00 -7.500000e-01 0
1.650000e+00 -7.500000e-01 0
1.700000e+00 -7.500000e-01 0
1.700000e+00 -7.000000e-01 0
1.650000e+00 -7.000000e-01 0
1.650000e+00 -7.000000e-01 0
1.700000e+00 -7.000000e-01 0
1.700000e+00 -6.500000e-01 0
1.650000e+00 -6.500000e-01 0
1.650000e+00 -6.500000e-01 0
1.700000e+00 -6.500000e-01 0
1.700000e+00 -6.000000e-01 0
1.650000e+00 -6.000000e-01 0
1.650000e+00 -6.000000e-01 0
1.700000e+00 -6.000000e-01 0
1.700000e+00 -5.500000e-01 0
1.650000e+00 -5.500000e-01 0
1.650000e+00 -5.500000e-01 0
1.700000e+00 -5.500000e-01 0
1.700000e+00 -5.000000e-01 0
1.650000e+00 -5.000000e-01 0
1.650000e+00 -5.000000e-01 0
1.700000e+00 -5.000000e-01 0
1.700000e+00 -4.500000e-01 0
1.650000e+00 -4.500000e-01 0
1.650000e+00 -4.500000e-01 0
1.700000e+00 -4.500000e-01 0
1.700000e+00 -4.000000e-01 0
1.650000e+00 -4.000000e-01 0
1.650000e+00 -4.000000e-01 0
1.700000e+00 -4.000000e-01 0
1.700000e+00 -3.500000e-01 0
1.650000e+00 -3.500000e-01 0
1.650000e+00 -3.500000e-01 0
1.700000e+00 -3.500000e-01 0
1.700000e+00 -3.000000e-01 0
1.650000e+00 -3.000000e-01 0
1.650000e+00 -3.000000e-01 0
1.700000e+00 -3.000000e-01 0
1.700000e+00 -2.500000e-01 0
1.650000e+00 -2.500000e-01 0
1.650000e+00 -2.500000e-01 0
1.700000e+00 -2.500000e-01 0
1.700000e+00 -2.000000e-01 0
1.650000e+00 -2.000000e-01 0
1.650000e+00 -2.000000e-01 0
1.700000e+00 -2.000000e-01 0
1.700000e+00 -1.500000e-01 0
1.650000e+00 -1.500000e-01 0
1.650000e+00 -1.500000e-01 0
1.700000e+00 -1.500000e-01 0
1.700000e+00 -1.000000e-01 0
1.650000e+00 -1.000000e-01 0
1.650000e+00 -1.000000e-01 0
1.700000e+00 -1.000000e-01 0
1.700000e+00 -5.000000e-02 0
1.650000e+00 -5.000000e-02 0
1.650000e+00 -5.000000e-02 0
1.700000e+00 -5.000000e-02 0
1.700000e+00 5.551115e-17 0
1.650000e+00 5.551115e-17 0
1.650000e+00 5.551115e-17 0
1.700000e+00 5.551115e-17 0
1.700000e+00 5.000000e-02 0
1.650000e+00 5.000000e-02 0
1.650000e+00 5.000000e-02 0
1.700000e+00 5.000000e-02 0
1.700000e+00 1.000000e-01 0
1.650000e+00 1.000000e-01 0
1.650000e+00 1.000000e-01 0
1.700000e+00 1.000000e-01 0
1.700000e+00 1.500000e-01 0
1.650000e+00 1.500000e-01 0
1.650000e+00 1.500000e-01 0
1.700000e+00 1.500000e-01 0
1.700000e+00 2.000000e-01 0
1.650000e+00 2.000000e-01 0
1.650000e+00 2.000000e-01 0
1.700000e+00 2.000000e-01 0
1.700000e+00 2.500000e-01 0
1.650000e+00 2.500000e-01 0
1.650000e+00 2.500000e-01 0
1.700000e+00 2.500000e-01 0
1.700000e+00 3.000000e-01 0
1.650000e+00 3.000000e-01 0
1.650000e+00 3.000000e-01 0
1.700000e+00 3.000000e-01 0
1.700000e+00 3.500000e-01 0
1.650000e+00 3.500000e-01 0
1.650000e+00 3.500000e-01 0
1.700000e+00 3.500000e-01 0
1.700000e+00 4.000000e-01 0
1.650000e+00 4.000000e-01 0
1.650000e+00 4.000000e-01 0
1.700000e+00 4.000000e-01 0
1.700000e+00 4.500000e-01 0
1.650000e+00 4.500000e-01 0
1.650000e+00 4.500000e-01 0
1.700000e+00 4.500000e-01 0
1.700000e+00 5.000000e-01 0
1.650000e+00 5.000000e-01 0
1.650000e+00 5.000000e-01 0
1.700000e+00 5.000000e-01 0
1.700000e+00 5.500000e-01 0
1.650000e+00 5.500000e-01 0
1.650000e+00 5.500000e-01 0
1.700000e+00 5.500000e-01 0
1.700000e+00 6.000000e-01 0
1.650000e+00 6.000000e-01 0
1.650000e+00 6.000000e-01 0
1.700000e+00 6.000000e-01 0
1.700000e+00 6.500000e-01 0
1.650000e+00 6.500000e-01 0
1.650000e+00 6.500000e-01 0
1.700000e+00 6.500000e-01 0
1.700000e+00 7.000000e-01 0
1.650000e+00 7.000000e-01 0
1.650000e+00 7.000000e-01 0
1.700000e+00 7.000000e-01 0
1.700000e+00 7.500000e-01 0
1.650000e+00 7.500000e-01 0
1.650000e+00 7.500000e-01 0
1.700000e+00 7.500000e-01 0
1.700000e+00 8.000000e-01 0
1.650000e+00 8.000000e-01 0
1.650000e+00 8.000000e-01 0
1.700000e+00 8.000000e-01 0
1.700000e+00 8.500000e-01 0
1.650000e+00 8.500000e-01 0
1.650000e+00 8.500000e-01 0
1.700000e+00 8.500000e-01 0
1.700000e+00 9.000000e-01 0
1.650000e+00 9.000000e-01 0
1.650000e+00 9.000000e-01 0
1.700000e+00 9.000000e-01 0
1.700000e+00 9.500000e-01 0
1.650000e+00 9.500000e-01 0
1.650000e+00 9.500000e-01 0
1.700000e+00 9.500000e-01 0
1.700000e+00 1.000000e+00 0
1.650000e+00 1.000000e+00 0
1.700000e+00 -1.000000e+00 0
1.750000e+00 -1.000000e+00 0
1.750000e+00 -9.500000e-01 0
1.700000e+00 -9.500000e-01 0
1.700000e+00 -9.500000e-01 0
1.750000e+00 -9.500000e-01 0
1.750000e+00 -9.000000e-01 0
1.700000e+00 -9.000000e-01 0
1.700000e+00 -9.000000e-01 0
1.750000e+00 -9.000000e-01 0
1.750000e+00 -8.500000e-01 0
1.700000e+00 -8.500000e-01 0
1.700000e+00 -8.500000e-01 0
1.750000e+00 -8.500000e-01 0
1.750000e+00 -8.000000e-01 0
1.700000e+00 -8.000000e-01 0
1.700000e+00 -8.000000e-01 0
1.750000e+00 -8.000000e-01 0
1.750000e+00 -7.500000e-01 0
1.700000e+00 -7.500000e-01 0
1.700000e+00 -7.500000e-01 0
1.750000e+00 -7.500000e-01 0
1.750000e+00 -7.000000e-01 0
1.700000e+00 -7.000000e-01 0
1.700000e+00 -7.000000e-01 0
1.750000e+00 -7.000000e-01 0
1.750000e+00 -6.500000e-01 0
1.700000e+00 -6.500000e-01 0
1.700000e+00 -6.500000e-01 0
1.750000e+00 -6.500000e-01 0
1.750000e+00 -6.000000e-01 0
1.700000e+00 -6.000000e-01 0
1.700000e+00 -6.000000e-01 0
1.750000e+00 -6.000000e-01 0
1.750000e+00 -5.500000e-01 0
1.700000e+00 -5.500000e-01 0
1.700000e+00 -5.500000e-01 0
1.750000e+00 -5.500000e-01 0
1.750000e+00 -5.000000e-01 0
1.700000e+00 -5.000000e-01 0
1.700000e+00 -5.000000e-01 0
1.750000e+00 -5.000000e-01 0
1.750000e+00 -4.500000e-01 0
1.700000e+00 -4.500000e-01 0
1.700000e+00 -4.500000e-01 0
1.750000e+00 -4.500000e-01 0
1.750000e+00 -4.000000e-01 0
1.700000e+00 -4.000000e-01 0
1.700000e+00 -4.000000e-01 0
1.750000e+00 -4.000000e-01 0
1.750000e+00 -3.500000e-01 0
1.700000e+00 -3.500000e-01 0
1.700000e+00 -3.500000e-01 0
1.750000e+00 -3.500000e-01 0
1.750000e+00 -3.000000e-01 0
1.700000e+00 -3.000000e-01 0
1.700000e+00 -3.000000e-01 0
1.750000e+00 -3.000000e-01 0
1.750000e+00 -2.500000e-01 0
1.700000e+00 -2.500000e-01 0
1.700000e+00 -2.500000e-01 0
1.750000e+00 -2.500000e-01 0
1.750000e+00 -2.000000e-01 0
1.700000e+00 -2.000000e-01 0
1.700000e+00 -2.000000e-01 0
1.750000e+00 -2.000000e-01 0
1.750000e+00 -1.500000e-01 0
1.700000e+00 -1.500000e-01 0
1.700000e+00 -1.500000e-01 0
1.750000e+00 -1.500000e-01 0
1.750000e+00 -1.000000e-01 0
1.700000e+00 -1.000000e-01 0
1.700000e+00 -1.000000e-01 0
1.750000e+00 -1.000000e-01 0
1.750000e+00 -5.000000e-02 0
1.700000e+00 -5.000000e-02 0
1.700000e+00 -5.000000e-02 0
1.750000e+00 -5.000000e-02 0
1.750000e+00 5.551115e-17 0
1.700000e+00 5.551115e-17 0
1.700000e+00 5.551115e-17 0
1.750000e+00 5.551115e-17 0
1.750000e+00 5.000000e-02 0
1.700000e+00 5.000000e-02 0
1.700000e+00 5.000000e-02 0
1.750000e+00 5.000000e-02 0
1.750000e+00 1.000000e-01 0
1.700000e+00 1.000000e-01 0
1.700000e+00 1.000000e-01 0
1.750000e+00 1.000000e-01 0
1.750000e+00 1.500000e-01 0
1.700000e+00 1.500000e-01 0
1.700000e+00 1.500000e-01 0
1.750000e+00 1.500000e-01 0
1.750000e+00 2.000000e-01 0
1.700000e+00 2.000000e-01 0
1.700000e+00 2.000000e-01 0
1.750000e+00 2.000000e-01 0
1.750000e+00 2.500000e-01 0
1.700000e+00 2.500000e-01 0
1.700000e+00 2.500000e-01 0
1.750000e+00 2.500000e-01 0
1.750000e+00 3.000000e-01 0
1.700000e+00 3.000000e-01 0
1.700000e+00 3.000000e-01 0
1.750000e+00 3.000000e-01 0
1.750000e+00 3.500000e-01 0
1.700000e+00 3.500000e-01 0
1.700000e+00 3.500000e-01 0
1.750000e+00 3.500000e-01 0
1.750000e+00 4.000000e-01 0
1.700000e+00 4.000000e-01 0
1.700000e+00 4.000000e-01 0
1.750000e+00 4.000000e-01 0
1.750000e+00 4.500000e-01 0
1.700000e+00 4.500000e-01 0
1.700000e+00 4.500000e-01 0
1.750000e+00 4.500000e-01 0
1.750000e+00 5.000000e-01 0
1.700000e+00 5.000000e-01 0
1.700000e+00 5.000000e-01 0
1.750000e+00 5.000000e-01 0
1.750000e+00 5.500000e-01 0
1.700000e+00 5.500000e-01 0
1.700000e+00 5.500000e-01 0
1.750000e+00 5.500000e-01 0
1.750000e+00 6.000000e-01 0
1.700000e+00 6.000000e-01 0
1.700000e+00 6.000000e-01 0
1.750000e+00 6.000000e-01 0
1.750000e+00 6.500000e-01 0
1.700000e+00 6.500000e-01 0
1.700000e+00 6.500000e-01 0
1.750000e+00 6.500000e-01 0
1.750000e+00 7.000000e-01 0
1.700000e+00 7.000000e-01 0
1.700000e+00 7.000000e-01 0
1.750000e+00 7.000000e-01 0
1.750000e+00 7.500000e-01 0
1.700000e+00 7.500000e-01 0
1.700000e+00 7.500000e-01 0
1.750000e+00 7.500000e-01 0
1.750000e+00 8.000000e-01 0
1.700000e+00 8.000000e-01 0
1.700000e+00 8.000000e-01 0
1.750000e+00 8.000000e-01 0
1.750000e+00 8.500000e-01 0
1.700000e+00 8.500000e-01 0
1.700000e+00 8.500000e-01 0
1.750000e+00 8.500000e-01 0
1.750000e+00 9.000000e-01 0
1.700000e+00 9.000000e-01 0
1.700000e+00 9.000000e-01 0
1.750000e+00 9.000000e-01 0
1.750000e+00 9.500000e-01 0
1.700000e+00 9.500000e-01 0
1.700000e+00 9.500000e-01 0
1.750000e+00 9.500000e-01 0
1.750000e+00 1.000000e+00 0
1.700000e+00 1.000000e+00 0
1.750000e+00 -1.000000e+00 0
1.800000e+00 -1.000000e+00 0
1.800000e+00 -9.500000e-01 0
1.750000e+00 -9.500000e-01 0
1.750000e+00 -9.500000e-01 0
1.800000e+00 -9.500000e-01 0
1.800000e+00 -9.000000e-01 0
1.750000e+00 -9.000000e-01 0
1.750000e+00 -9.000000e-01 0
1.800000e+00 -9.000000e-01 0
1.800000e+00 -8.500000e-01 0
1.750000e+00 -8.500000e-01 0
1.750000e+00 -8.500000e-01 0
1.800000e+00 -8.500000e-01 0
1.800000e+00 -8.000000e-01 0
1.750000e+00 -8.000000e-01 0
1.750000e+00 -8.000000e-01 0
1.800000e+00 -8.000000e-01 0
1.800000e+00 -7.500000e-01 0
1.750000e+00 -7.500000e-01 0
1.750000e+00 -7.500000e-01 0
1.800000e+00 -7.500000e-01 0
1.800000e+00 -7.000000e-01 0
1.750000e+00 -7.000000e-01 0
1.750000e+00 -7.000000e-01 0
1.800000e+00 -7.000000e-01 0
1.800000e+00 -6.500000e-01 0
1.750000e+00 -6.500000e-01 0
1.750000e+00 -6.500000e-01 0
1.800000e+00 -6.500000e-01 0
1.800000e+00 -6.000000e-01 0
1.750000e+00 -6.000000e-01 0
1.750000e+00 -6.000000e-01 0
1.800000e+00 -6.000000e-01 0
1.800000e+00 -5.500000e-01 0
1.750000e+00 -5.500000e-01 0
1.750000e+00 -5.500000e-01 0
1.800000e+00 -5.500000e-01 0
1.800000e+00 -5.000000e-01 0
1.750000e+00 -5.000000e-01 0
1.750000e+00 -5.000000e-01 0
1.800000e+00 -5.000000e-01 0
1.800000e+00 -4.500000e-01 0
1.750000e+00 -4.500000e-01 0
1.750000e+00 -4.500000e-01 0
1.800000e+00 -4.500000e-01 0
1.800000e+00 -4.000000e-01 0
1.750000e+00 -4.000000e-01 0
1.750000e+00 -4.000000e-01 0
1.800000e+00 -4.000000e-01 0
1.800000e+00 -3.500000e-01 0
1.750000e+00 -3.500000e-01 0
1.750000e+00 -3.500000e-01 0
1.800000e+00 -3.500000e-01 0
1.800000e+00 -3.000000e-01 0
1.750000e+00 -3.000000e-01 0
1.750000e+00 -3.000000e-01 0
1.800000e+00 -3.000000e-01 0
1.800000e+00 -2.500000e-01 0
1.750000e+00 -2.500000e-01 0
1.750000e+00 -2.500000e-01 0
1.800000e+00 -2.500000e-01 0
1.800000e+00 -2.000000e-01 0
1.750000e+00 -2.000000e-01 0
1.750000e+00 -2.000000e-01 0
1.800000e+00 -2.000000e-01 0
1.800000e+00 -1.500000e-01 0
1.750000e+00 -1.500000e-01 0
1.750000e+00 -1.500000e-01 0
1.800000e+00 -1.500000e-01 0
1.800000e+00 -1.000000e-01 0
1.750000e+00 -1.000000e-01 0
1.750000e+00 -1.000000e-01 0
1.800000e+00 -1.000000e-01 0
1.800000e+00 -5.000000e-02 0
1.750000e+00 -5.000000e-02 0
1.750000e+00 -5.000000e-02 0
1.800000e+00 -5.000000e-02 0
1.800000e+00 5.551115e-17 0
1.750000e+00 5.551115e-17 0
1.750000e+00 5.551115e-17 0
1.800000e+00 5.551115e-17 0
1.800000e+00 5.000000e-02 0
1.750000e+00 5.000000e-02 0
1.750000e+00 5.000000e-02 0
1.800000e+00 5.000000e-02 0
1.800000e+00 1.000000e-01 0
1.750000e+00 1.000000e-01 0
1.750000e+00 1.000000e-01 0
1.800000e+00 1.000000e-01 0
1.800000e+00 1.500000e-01 0
1.750000e+00 1.500000e-01 0
1.750000e+00 1.500000e-01 0
1.800000e+00 1.500000e-01 0
1.800000e+00 2.000000e-01 0
1.750000e+00 2.000000e-01 0
1.750000e+00 2.000000e-01 0
1.800000e+00 2.000000e-01 0
1.800000e+00 2.500000e-01 0
1.750000e+00 2.500000e-01 0
1.750000e+00 2.500000e-01 0
1.800000e+00 2.500000e-01 0
1.800000e+00 3.000000e-01 0
1.750000e+00 3.000000e-01 0
1.750000e+00 3.000000e-01 0
1.800000e+00 3.000000e-01 0
1.800000e+00 3.500000e-01 0
1.750000e+00 3.500000e-01 0
1.750000e+00 3.500000e-01 0
1.800000e+00 3.500000e-01 0
1.800000e+00 4.000000e-01 0
1.750000e+00 4.000000e-01 0
1.750000e+00 4.000000e-01 0
1.800000e+00 4.000000e-01 0
1.800000e+00 4.500000e-01 0
1.750000e+00 4.500000e-01 0
1.750000e+00 4.500000e-01 0
1.800000e+00 4.500000e-01 0
1.800000e+00 5.000000e-01 0
1.750000e+00 5.000000e-01 0
1.750000e+00 5.000000e-01 0
1.800000e+00 5.000000e-01 0
1.800000e+00 5.500000e-01 0
1.750000e+00 5.500000e-01 0
1.750000e+00 5.500000e-01 0
1.800000e+00 5.500000e-01 0
1.800000e+00 6.000000e-01 0
1.750000e+00 6.000000e-01 0
1.750000e+00 6.000000e-01 0
1.800000e+00 6.000000e-01 0
1.800000e+00 6.500000e-01 0
1.750000e+00 6.500000e-01 0
1.750000e+00 6.500000e-01 0
1.800000e+00 6.500000e-01 0
1.800000e+00 7.000000e-01 0
1.750000e+00 7.000000e-01 0
1.750000e+00 7.000000e-01 0
1.800000e+00 7.000000e-01 0
1.800000e+00 7.500000e-01 0
1.750000e+00 7.500000e-01 0
1.750000e+00 7.500000e-01 0
1.800000e+00 7.500000e-01 0
1.800000e+00 8.000000e-01 0
1.750000e+00 8.000000e-01 0
1.750000e+00 8.000000e-01 0
1.800000e+00 8.000000e-01 0
1.800000e+00 8.500000e-01 0
1.750000e+00 8.500000e-01 0
1.750000e+00 8.500000e-01 0
1.800000e+00 8.500000e-01 0
1.800000e+00 9.000000e-01 0
1.750000e+00 9.000000e-01 0
1.750000e+00 9.000000e-01 0
1.800000e+00 9.000000e-01 0
1.800000e+00 9.500000e-01 0
1.750000e+00 9.500000e-01 0
1.750000e+00 9.500000e-01 0
1.800000e+00 9.500000e-01 0
1.800000e+00 1.000000e+00 0
1.750000e+00 1.000000e+00 0
1.800000e+00 -1.000000e+00 0
1.850000e+00 -1.000000e+00 0
1.850000e+00 -9.500000e-01 0
1.800000e+00 -9.500000e-01 0
1.800000e+00 -9.500000e-01 0
1.850000e+00 -9.500000e-01 0
1.850000e+00 -9.000000e-01 0
1.800000e+00 -9.000000e-01 0
1.800000e+00 -9.000000e-01 0
1.850000e+00 -9.000000e-01 0
1.850000e+00 -8.500000e-01 0
1.800000e+00 -8.500000e-01 0
1.800000e+00 -8.500000e-01 0
1.850000e+00 -8.500000e-01 0
1.850000e+00 -8.000000e-01 0
1.800000e+00 -8.000000e-01 0
1.800000e+00 -8.000000e-01 0
1.850000e+00 -8.000000e-01 0
1.850000e+00 -7.500000e-01 0
1.800000e+00 -7.500000e-01 0
1.800000e+00 -7.500000e-01 0
1.850000e+00 -7.500000e-01 0
1.850000e+00 -7.000000e-01 0
1.800000e+00 -7.000000e-01 0
1.800000e+00 -7.000000e-01 0
1.850000e+00 -7.000000e-01 0
1.850000e+00 -6.500000e-01 0
1.800000e+00 -6.500000e-01 0
1.800000e+00 -6.500000e-01 0
1.850000e+00 -6.500000e-01 0
1.850000e+00 -6.000000e-01 0
1.800000e+00 -6.000000e-01 0
1.800000e+00 -6.000000e-01 0
1.850000e+00 -6.000000e-01 0
1.850000e+00 -5.500000e-01 0
1.800000e+00 -5.500000e-01 0
1.800000e+00 -5.500000e-01 0
1.850000e+00 -5.500000e-01 0
1.850000e+00 -5.000000e-01 0
1.800000e+00 -5.000000e-01 0
1.800000e+00 -5.000000e-01 0
1.850000e+00 -5.000000e-01 0
1.850000e+00 -4.500000e-01 0
1.800000e+00 -4.500000e-01 0
1.800000e+00 -4.500000e-01 0
1.850000e+00 -4.500000e-01 0
1.850000e+00 -4.000000e-01 0
1.800000e+00 -4.000000e-01 0
1.800000e+00 -4.000000e-01 0
1.850000e+00 -4.000000e-01 0
1.850000e+00 -3.500000e-01 0
1.800000e+00 -3.500000e-01 0
1.800000e+00 -3.500000e-01 0
1.850000e+00 -3.500000e-01 0
1.850000e+00 -3.000000e-01 0
1.800000e+00 -3.000000e-01 0
1.800000e+00 -3.000000e-01 0
1.850000e+00 -3.000000e-01 0
1.850000e+00 -2.500000e-01 0
1.800000e+00 -2.500000e-01 0
1.800000e+00 -2.500000e-01 0
1.850000e+00 -2.500000e-01 0
1.850000e+00 -2.000000e-01 0
1.800000e+00 -2.000000e-01 0
1.800000e+00 -2.000000e-01 0
1.850000e+00 -2.000000e-01 0
1.850000e+00 -1.500000e-01 0
1.800000e+00 -1.500000e-01 0
1.800000e+00 -1.500000e-01 0
1.850000e+00 -1.500000e-01 0
1.850000e+00 -1.000000e-01 0
1.800000e+00 -1.000000e-01 0
1.800000e+00 -1.000000e-01 0
1.850000e+00 -1.000000e-01 0
1.850000e+00 -5.000000e-02 0
1.800000e+00 -5.000000e-02 0
1.800000e+00 -5.000000e-02 0
1.850000e+00 -5.000000e-02 0
1.850000e+00 5.551115e-17 0
1.800000e+00 5.551115e-17 0
1.800000e+00 5.551115e-17 0
1.850000e+00 5.551115e-17 0
1.850000e+00 5.000000e-02 0
1.800000e+00 5.000000e-02 0
1.800000e+00 5.000000e-02 0
1.850000e+00 5.000000e-02 0
1.850000e+00 1.000000e-01 0
1.800000e+00 1.000000e-01 0
1.800000e+00 1.000000e-01 0
1.850000e+00 1.000000e-01 0
1.850000e+00 1.500000e-01 0
1.800000e+00 1.500000e-01 0
1.800000e+00 1.500000e-01 0
1.850000e+00 1.500000e-01 0
1.850000e+00 2.000000e-01 0
1.800000e+00 2.000000e-01 0
1.800000e+00 2.000000e-01 0
1.850000e+00 2.000000e-01 0
1.850000e+00 2.500000e-01 0
1.800000e+00 2.500000e-01 0
1.800000e+00 2.500000e-01 0
1.850000e+00 2.500000e-01 0
1.850000e+00 3.000000e-01 0
1.800000e+00 3.000000e-01 0
1.800000e+00 3.000000e-01 0
1.850000e+00 3.000000e-01 0
1.850000e+00 3.500000e-01 0
1.800000e+00 3.500000e-01 0
1.800000e+00 3.500000e-01 0
1.850000e+00 3.500000e-01 0
1.850000e+00 4.000000e-01 0
1.800000e+00 4.000000e-01 0
1.800000e+00 4.000000e-01 0
1.850000e+00 4.000000e-01 0
1.850000e+00 4.500000e-01 0
1.800000e+00 4.500000e-01 0
1.800000e+00 4.500000e-01 0
1.850000e+00 4.500000e-01 0
1.850000e+00 5.000000e-01 0
1.800000e+00 5.000000e-01 0
1.800000e+00 5.000000e-01 0
1.850000e+00 5.000000e-01 0
1.850000e+00 5.500000e-01 0
1.800000e+00 5.500000e-01 0
1.800000e+00 5.500000e-01 0
1.850000e+00 5.500000e-01 0
1.850000e+00 6.000000e-01 0
1.800000e+00 6.000000e-01 0
1.800000e+00 6.000000e-01 0
1.850000e+00 6.000000e-01 0
1.850000e+00 6.500000e-01 0
1.800000e+00 6.500000e-01 0
1.800000e+00 6.500000e-01 0
1.850000e+00 6.500000e-01 0
1.850000e+00 7.000000e-01 0
1.800000e+00 7.000000e-01 0
1.800000e+00 7.000000e-01 0
1.850000e+00 7.000000e-01 0
1.850000e+00 7.500000e-01 0
1.800000e+00 7.500000e-01 0
1.800000e+00 7.500000e-01 0
1.850000e+00 7.500000e-01 0
1.850000e+00 8.000000e-01 0
1.800000e+00 8.000000e-01 0
1.800000e+00 8.000000e-01 0
1.850000e+00 8.000000e-01 0
1.850000e+00 8.500000e-01 0
1.800000e+00 8.500000e-01 0
1.800000e+00 8.500000e-01 0
1.850000e+00 8.500000e-01 0
1.850000e+00 9.000000e-01 0
1.800000e+00 9.000000e-01 0
1.800000e+00 9.000000e-01 0
1.850000e+00 9.000000e-01 0
1.850000e+00 9.500000e-01 0
1.800000e+00 9.500000e-01 0
1.800000e+00 9.500000e-01 0
1.850000e+00 9.500000e-01 0
1.850000e+00 1.000000e+00 0
1.800000e+00 1.000000e+00 0
1.850000e+00 -1.000000e+00 0
1.900000e+00 -1.000000e+00 0
1.900000e+00 -9.500000e-01 0
1.850000e+00 -9.500000e-01 0
1.850000e+00 -9.500000e-01 0
1.900000e+00 -9.500000e-01 0
1.900000e+00 -9.000000e-01 0
1.850000e+00 -9.000000e-01 0
1.850000e+00 -9.000000e-01 0
1.900000e+00 -9.000000e-01 0
1.900000e+00 -8.500000e-01 0
1.850000e+00 -8.500000e-01 0
1.850000e+00 -8.500000e-01 0
1.900000e+00 -8.500000e-01 0
1.900000e+00 -8.000000e-01 0
1.850000e+00 -8.000000e-01 0
1.850000e+00 -8.000000e-01 0
1.900000e+00 -8.000000e-01 0
1.900000e+00 -7.500000e-01 0
1.850000e+00 -7.500000e-01 0
1.850000e+00 -7.500000e-01 0
1.900000e+00 -7.500000e-01 0
1.900000e+00 -7.000000e-01 0
1.850000e+00 -7.000000e-01 0
1.850000e+00 -7.000000e-01 0
1.900000e+00 -7.000000e-01 0
1.900000e+00 -6.500000e-01 0
1.850000e+00 -6.500000e-01 0
1.850000e+00 -6.500000e-01 0
1.900000e+00 -6.500000e-01 0
1.900000e+00 -6.000000e-01 0
1.850000e+00 -6.000000e-01 0
1.850000e+00 -6.000000e-01 0
1.900000e+00 -6.000000e-01 0
1.900000e+00 -5.500000e-01 0
1.850000e+00 -5.500000e-01 0
1.850000e+00 -5.500000e-01 0
1.900000e+00 -5.500000e-01 0
1.900000e+00 -5.000000e-01 0
1.850000e+00 -5.000000e-01 0
1.850000e+00 -5.000000e-01 0
1.900000e+00 -5.000000e-01 0
1.900000e+00 -4.500000e-01 0
1.850000e+00 -4.500000e-01 0
1.850000e+00 -4.500000e-01 0
1.900000e+00 -4.500000e-01 0
1.900000e+00 -4.000000e-01 0
1.850000e+00 -4.000000e-01 0
1.850000e+00 -4.000000e-01 0
1.900000e+00 -4.000000e-01 0
1.900000e+00 -3.500000e-01 0
1.850000e+00 -3.500000e-01 0
1.850000e+00 -3.500000e-01 0
1.900000e+00 -3.500000e-01 0
1.900000e+00 -3.000000e-01 0
1.850000e+00 -3.000000e-01 0
1.850000e+00 -3.000000e-01 0
1.900000e+00 -3.000000e-01 0
1.900000e+00 -2.500000e-01 0
1.850000e+00 -2.500000e-01 0
1.850000e+00 -2.500000e-01 0
1.900000e+00 -2.500000e-01 0
1.900000e+00 -2.000000e-01 0
1.850000e+00 -2.000000e-01 0
1.850000e+00 -2.000000e-01 0
1.900000e+00 -2.000000e-01 0
1.900000e+00 -1.500000e-01 0
1.850000e+00 -1.500000e-01 0
1.850000e+00 -1.500000e-01 0
1.900000e+00 -1.500000e-01 0
1.900000e+00 -1.000000e-01 0
1.850000e+00 -1.000000e-01 0
1.850000e+00 -1.000000e-01 0
1.900000e+00 -1.000000e-01 0
1.900000e+00 -5.000000e-02 0
1.850000e+00 -5.000000e-02 0
1.850000e+00 -5.000000e-02 0
1.900000e+00 -5.000000e-02 0
1.900000e+00 5.551115e-17 0
1.850000e+00 5.551115e-17 0
1.850000e+00 5.551115e-17 0
1.900000e+00 5.551115e-17 0
1.900000e+00 5.000000e-02 0
1.850000e+00 5.000000e-02 0
1.850000e+00 5.000000e-02 0
1.900000e+00 5.000000e-02 0
1.900000e+00 1.000000e-01 0
1.850000e+00 1.000000e-01 0
1.850000e+00 1.000000e-01 0
1.900000e+00 1.000000e-01 0
1.900000e+00 1.500000e-01 0
1.850000e+00 1.500000e-01 0
1.850000e+00 1.500000e-01 0
1.900000e+00 1.500000e-01 0
1.900000e+00 2.000000e-01 0
1.850000e+00 2.000000e-01 0
1.850000e+00 2.000000e-01 0
1.900000e+00 2.000000e-01 0
1.900000e+00 2.500000e-01 0
1.850000e+00 2.500000e-01 0
1.850000e+00 2.500000e-01 0
1.900000e+00 2.500000e-01 0
1.900000e+00 3.000000e-01 0
1.850000e+00 3.000000e-01 0
1.850000e+00 3.000000e-01 0
1.900000e+00 3.000000e-01 0
1.900000e+00 3.500000e-01 0
1.850000e+00 3.500000e-01 0
1.850000e+00 3.500000e-01 0
1.900000e+00 3.500000e-01 0
1.900000e+00 4.000000e-01 0
1.850000e+00 4.000000e-01 0
1.850000e+00 4.000000e-01 0
1.900000e+00 4.000000e-01 0
1.900000e+00 4.500000e-01 0
1.850000e+00 4.500000e-01 0
1.850000e+00 4.500000e-01 0
1.900000e+00 4.500000e-01 0
1.900000e+00 5.000000e-01 0
1.850000e+00 5.000000e-01 0
1.850000e+00 5.000000e-01 0
1.900000e+00 5.000000e-01 0
1.900000e+00 5.500000e-01 0
1.850000e+00 5.500000e-01 0
1.850000e+00 5.500000e-01 0
1.900000e+00 5.500000e-01 0
1.900000e+00 6.000000e-01 0
1.850000e+00 6.000000e-01 0
1.850000e+00 6.000000e-01 0
1.900000e+00 6.000000e-01 0
1.900000e+00 6.500000e-01 0
1.850000e+00 6.500000e-01 0
1.850000e+00 6.500000e-01 0
1.900000e+00 6.500000e-01 0
1.900000e+00 7.000000e-01 0
1.850000e+00 7.000000e-01 0
1.850000e+00 7.000000e-01 0
1.900000e+00 7.000000e-01 0
1.900000e+00 7.500000e-01 0
1.850000e+00 7.500000e-01 0
1.850000e+00 7.500000e-01 0
1.900000e+00 7.500000e-01 0
1.900000e+00 8.000000e-01 0
1.850000e+00 8.000000e-01 0
1.850000e+00 8.000000e-01 0
1.900000e+00 8.000000e-01 0
1.900000e+00 8.500000e-01 0
1.850000e+00 8.500000e-01 0
1.850000e+00 8.500000e-01 0
1.900000e+00 8.500000e-01 0
1.900000e+00 9.000000e-01 0
1.850000e+00 9.000000e-01 0
1.850000e+00 9.000000e-01 0
1.900000e+00 9.000000e-01 0
1.900000e+00 9.500000e-01 0
1.850000e+00 9.500000e-01 0
1.850000e+00 9.500000e-01 0
1.900000e+00 9.500000e-01 0
1.900000e+00 1.000000e+00 0
1.850000e+00 1.000000e+00 0
1.900000e+00 -1.000000e+00 0
1.950000e+00 -1.000000e+00 0
1.950000e+00 -9.500000e-01 0
1.900000e+00 -9.500000e-01 0
1.900000e+00 -9.500000e-01 0
1.950000e+00 -9.500000e-01 0
1.950000e+00 -9.000000e-01 0
1.900000e+00 -9.000000e-01 0
1.900000e+00 -9.000000e-01 0
1.950000e+00 -9.000000e-01 0
1.950000e+00 -8.500000e-01 0
1.900000e+00 -8.500000e-01 0
1.900000e+00 -8.500000e-01 0
1.950000e+00 -8.500000e-01 0
1.950000e+00 -8.000000e-01 0
1.900000e+00 -8.000000e-01 0
1.900000e+00 -8.000000e-01 0
1.950000e+00 -8.000000e-01 0
1.950000e+00 -7.500000e-01 0
1.900000e+00 -7.500000e-01 0
1.900000e+00 -7.500000e-01 0
1.950000e+00 -7.500000e-01 0
1.950000e+00 -7.000000e-01 0
1.900000e+00 -7.000000e-01 0
1.900000e+00 -7.000000e-01 0
1.950000e+00 -7.000000e-01 0
1.950000e+00 -6.500000e-01 0
1.900000e+00 -6.500000e-01 0
1.900000e+00 -6.500000e-01 0
1.950000e+00 -6.500000e-01 0
1.950000e+00 -6.000000e-01 0
1.900000e+00 -6.000000e-01 0
1.900000e+00 -6.000000e-01 0
1.950000e+00 -6.000000e-01 0
1.950000e+00 -5.500000e-01 0
1.900000e+00 -5.500000e-01 0
1.900000e+00 -5.500000e-01 0
1.950000e+00 -5.500000e-01 0
1.950000e+00 -5.000000e-01 0
1.900000e+00 -5.000000e-01 0
1.900000e+00 -5.000000e-01 0
1.950000e+00 -5.000000e-01 0
1.950000e+00 -4.500000e-01 0
1.900000e+00 -4.500000e-01 0
1.900000e+00 -4.500000e-01 0
1.950000e+00 -4.500000e-01 0
1.950000e+00 -4.000000e-01 0
1.900000e+00 -4.000000e-01 0
1.900000e+00 -4.000000e-01 0
1.950000e+00 -4.000000e-01 0
1.950000e+00 -3.500000e-01 0
1.900000e+00 -3.500000e-01 0
1.900000e+00 -3.500000e-01 0
1.950000e+00 -3.500000e-01 0
1.950000e+00 -3.000000e-01 0
1.900000e+00 -3.000000e-01 0
1.900000e+00 -3.000000e-01 0
1.950000e+00 -3.000000e-01 0
1.950000e+00 -2.500000e-01 0
1.900000e+00 -2.500000e-01 0
1.900000e+00 -2.500000e-01 0
1.950000e+00 -2.500000e-01 0
1.950000e+00 -2.000000e-01 0
1.900000e+00 -2.000000e-01 0
1.900000e+00 -2.000000e-01 0
1.950000e+00 -2.000000e-01 0
1.950000e+00 -1.500000e-01 0
1.900000e+00 -1.500000e-01 0
1.900000e+00 -1.500000e-01 0
1.950000e+00 -1.500000e-01 0
1.950000e+00 -1.000000e-01 0
1.900000e+00 -1.000000e-01 0
1.900000e+00 -1.000000e-01 0
1.950000e+00 -1.000000e-01 0
1.950000e+00 -5.000000e-02 0
1.900000e+00 -5.000000e-02 0
1.900000e+00 -5.000000e-02 0
1.950000e+00 -5.000000e-02 0
1.950000e+00 5.551115e-17 0
1.900000e+00 5.551115e-17 0
1.900000e+00 5.551115e-17 0
1.950000e+00 5.551115e-17 0
1.950000e+00 5.000000e-02 0
1.900000e+00 5.000000e-02 0
1.900000e+00 5.000000e-02 0
1.950000e+00 5.000000e-02 0
1.950000e+00 1.000000e-01 0
1.900000e+00 1.000000e-01 0
1.900000e+00 1.000000e-01 0
1.950000e+00 1.000000e-01 0
1.950000e+00 1.500000e-01 0
1.900000e+00 1.500000e-01 0
1.900000e+00 1.500000e-01 0
1.950000e+00 1.500000e-01 0
1.950000e+00 2.000000e-01 0
1.900000e+00 2.000000e-01 0
1.900000e+00 2.000000e-01 0
1.950000e+00 2.000000e-01 0
1.950000e+00 2.500000e-01 0
1.900000e+00 2.500000e-01 0
1.900000e+00 2.500000e-01 0
1.950000e+00 2.500000e-01 0
1.950000e+00 3.000000e-01 0
1.900000e+00 3.000000e-01 0
1.900000e+00 3.000000e-01 0
1.950000e+00 3.000000e-01 0
1.950000e+00 3.500000e-01 0
1.900000e+00 3.500000e-01 0
1.900000e+00 3.500000e-01 0
1.950000e+00 3.500000e-01 0
1.950000e+00 4.000000e-01 0
1.900000e+00 4.000000e-01 0
1.900000e+00 4.000000e-01 0
1.950000e+00 4.000000e-01 0
1.950000e+00 4.500000e-01 0
1.900000e+00 4.500000e-01 0
1.900000e+00 4.500000e-01 0
1.950000e+00 4.500000e-01 0
1.950000e+00 5.000000e-01 0
1.900000e+00 5.000000e-01 0
1.900000e+00 5.000000e-01 0
1.950000e+00 5.000000e-01 0
1.950000e+00 5.500000e-01 0
1.900000e+00 5.500000e-01 0
1.900000e+00 5.500000e-01 0
1.950000e+00 5.500000e-01 0
1.950000e+00 6.000000e-01 0
1.900000e+00 6.000000e-01 0
1.900000e+00 6.000000e-01 0
1.950000e+00 6.000000e-01 0
1.950000e+00 6.500000e-01 0
1.900000e+00 6.500000e-01 0
1.900000e+00 6.500000e-01 0
1.950000e+00 6.500000e-01 0
1.950000e+00 7.000000e-01 0
1.900000e+00 7.000000e-01 0
1.900000e+00 7.000000e-01 0
1.950000e+00 7.000000e-01 0
1.950000e+00 7.500000e-01 0
1.900000e+00 7.500000e-01 0
1.900000e+00 7.500000e-01 0
1.950000e+00 7.500000e-01 0
1.950000e+00 8.000000e-01 0
1.900000e+00 8.000000e-01 0
1.900000e+00 8.000000e-01 0
1.950000e+00 8.000000e-01 0
1.950000e+00 8.500000e-01 0
1.900000e+00 8.500000e-01 0
1.900000e+00 8.500000e-01 0
1.950000e+00 8.500000e-01 0
1.950000e+00 9.000000e-01 0
1.900000e+00 9.000000e-01 0
1.900000e+00 9.000000e-01 0
1.950000e+00 9.000000e-01 0
1.950000e+00 9.500000e-01 0
1.900000e+00 9.500000e-01 0
1.900000e+00 9.500000e-01 0
1.950000e+00 9.500000e-01 0
1.950000e+00 1.000000e+00 0
1.900000e+00 1.000000e+00 0
1.950000e+00 -1.000000e+00 0
2.000000e+00 -1.000000e+00 0
2.000000e+00 -9.500000e-01 0
1.950000e+00 -9.500000e-01 0
1.950000e+00 -9.500000e-01 0
2.000000e+00 -9.500000e-01 0
2.000000e+00 -9.000000e-01 0
1.950000e+00 -9.000000e-01 0
1.950000e+00 -9.000000e-01 0
2.000000e+00 -9.000000e-01 0
2.000000e+00 -8.500000e-01 0
1.950000e+00 -8.500000e-01 0
1.950000e+00 -8.500000e-01 0
2.000000e+00 -8.500000e-01 0
2.000000e+00 -8.000000e-01 0
1.950000e+00 -8.000000e-01 0
1.950000e+00 -8.000000e-01 0
2.000000e+00 -8.000000e-01 0
2.000000e+00 -7.500000e-01 0
1.950000e+00 -7.500000e-01 0
1.950000e+00 -7.500000e-01 0
2.000000e+00 -7.500000e-01 0
2.000000e+00 -7.000000e-01 0
1.950000e+00 -7.000000e-01 0
1.950000e+00 -7.000000e-01 0
2.000000e+00 -7.000000e-01 0
2.000000e+00 -6.500000e-01 0
1.950000e+00 -6.500000e-01 0
1.950000e+00 -6.500000e-01 0
2.000000e+00 -6.500000e-01 0
2.000000e+00 -6.000000e-01 0
1.950000e+00 -6.000000e-01 0
1.950000e+00 -6.000000e-01 0
2.000000e+00 -6.000000e-01 0
2.000000e+00 -5.500000e-01 0
1.950000e+00 -5.500000e-01 0
1.950000e+00 -5.500000e-01 0
2.000000e+00 -5.500000e-01 0
2.000000e+00 -5.000000e-01 0
1.950000e+00 -5.000000e-01 0
1.950000e+00 -5.000000e-01 0
2.000000e+00 -5.000000e-01 0
2.000000e+00 -4.500000e-01 0
1.950000e+00 -4.500000e-01 0
1.950000e+00 -4.500000e-01 0
2.000000e+00 -4.500000e-01 0
2.000000e+00 -4.000000e-01 0
1.950000e+00 -4.000000e-01 0
1.950000e+00 -4.000000e-01 0
2.000000e+00 -4.000000e-01 0
2.000000e+00 -3.500000e-01 0
1.950000e+00 -3.500000e-01 0
1.950000e+00 -3.500000e-01 0
2.000000e+00 -3.500000e-01 0
2.000000e+00 -3.000000e-01 0
1.950000e+00 -3.000000e-01 0
1.950000e+00 -3.000000e-01 0
2.000000e+00 -3.000000e-01 0
2.000000e+00 -2.500000e-01 0
1.950000e+00 -2.500000e-01 0
1.950000e+00 -2.500000e-01 0
2.000000e+00 -2.500000e-01 0
2.000000e+00 -2.000000e-01 0
1.950000e+00 -2.000000e-01 0
1.950000e+00 -2.000000e-01 0
2.000000e+00 -2.000000e-01 0
2.000000e+00 -1.500000e-01 0
1.950000e+00 -1.500000e-01 0
1.950000e+00 -1.500000e-01 0
2.000000e+00 -1.500000e-01 0
2.000000e+00 -1.000000e-01 0
1.950000e+00 -1.000000e-01 0
1.950000e+00 -1.000000e-01 0
2.000000e+00 -1.000000e-01 0
2.000000e+00 -5.000000e-02 0
1.950000e+00 -5.000000e-02 0
1.950000e+00 -5.000000e-02 0
2.000000e+00 -5.000000e-02 0
2.000000e+00 5.551115e-17 0
1.950000e+00 5.551115e-17 0
1.950000e+00 5.551115e-17 0
2.000000e+00 5.551115e-17 0
2.000000e+00 5.000000e-02 0
1.950000e+00 5.000000e-02 0
1.950000e+00 5.000000e-02 0
2.000000e+00 5.000000e-02 0
2.000000e+00 1.000000e-01 0
1.950000e+00 1.000000e-01 0
1.950000e+00 1.000000e-01 0
2.000000e+00 1.000000e-01 0
2.000000e+00 1.500000e-01 0
1.950000e+00 1.500000e-01 0
1.950000e+00 1.500000e-01 0
2.000000e+00 1.500000e-01 0
2.000000e+00 2.000000e-01 0
1.950000e+00 2.000000e-01 0
1.950000e+00 2.000000e-01 0
2.000000e+00 2.000000e-01 0
2.000000e+00 2.500000e-01 0
1.950000e+00 2.500000e-01 0
1.950000e+00 2.500000e-01 0
2.000000e+00 2.500000e-01 0
2.000000e+00 3.000000e-01 0
1.950000e+00 3.000000e-01 0
1.950000e+00 3.000000e-01 0
2.000000e+00 3.000000e-01 0
2.000000e+00 3.500000e-01 0
1.950000e+00 3.500000e-01 0
1.950000e+00 3.500000e-01 0
2.000000e+00 3.500000e-01 0
2.000000e+00 4.000000e-01 0
1.950000e+00 4.000000e-01 0
1.950000e+00 4.000000e-01 0
2.000000e+00 4.000000e-01 0
2.000000e+00 4.500000e-01 0
1.950000e+00 4.500000e-01 0
1.950000e+00 4.500000e-01 0
2.000000e+00 4.500000e-01 0
2.000000e+00 5.000000e-01 0
1.950000e+00 5.000000e-01 0
1.950000e+00 5.000000e-01 0
2.000000e+00 5.000000e-01 0
2.000000e+00 5.500000e-01 0
1.950000e+00 5.500000e-01 0
1.950000e+00 5.500000e-01 0
2.000000e+00 5.500000e-01 0
2.000000e+00 6.000000e-01 0
1.950000e+00 6.000000e-01 0
1.950000e+00 6.000000e-01 0
2.000000e+00 6.000000e-01 0
2.000000e+00 6.500000e-01 0
1.950000e+00 6.500000e-01 0
1.950000e+00 6.500000e-01 0
2.000000e+00 6.500000e-01 0
2.000000e+00 7.000000e-01 0
1.950000e+00 7.000000e-01 0
1.950000e+00 7.000000e-01 0
2.000000e+00 7.000000e-01 0
2.000000e+00 7.500000e-01 0
1.950000e+00 7.500000e-01 0
1.950000e+00 7.500000e-01 0
2.000000e+00 7.500000e-01 0
2.000000e+00 8.000000e-01 0
1.950000e+00 8.000000e-01 0
1.950000e+00 8.000000e-01 0
2.000000e+00 8.000000e-01 0
2.000000e+00 8.500000e-01 0
1.950000e+00 8.500000e-01 0
1.950000e+00 8.500000e-01 0
2.000000e+00 8.500000e-01 0
2.000000e+00 9.000000e-01 0
1.950000e+00 9.000000e-01 0
1.950000e+00 9.000000e-01 0
2.000000e+00 9.000000e-01 0
2.000000e+00 9.500000e-01 0
1.950000e+00 9.500000e-01 0
1.950000e+00 9.500000e-01 0
2.000000e+00 9.500000e-01 0
2.000000e+00 1.000000e+00 0
1.950000e+00 1.000000e+00 0
2.000000e+00 -1.000000e+00 0
2.050000e+00 -1.000000e+00 0
2.050000e+00 -9.500000e-01 0
2.000000e+00 -9.500000e-01 0
2.000000e+00 -9.500000e-01 0
2.050000e+00 -9.500000e-01 0
2.050000e+00 -9.000000e-01 0
2.000000e+00 -9.000000e-01 0
2.000000e+00 -9.000000e-01 0
2.050000e+00 -9.000000e-01 0
2.050000e+00 -8.500000e-01 0
2.000000e+00 -8.500000e-01 0
2.000000e+00 -8.500000e-01 0
2.050000e+00 -8.500000e-01 0
2.050000e+00 -8.000000e-01 0
2.000000e+00 -8.000000e-01 0
2.000000e+00 -8.000000e-01 0
2.050000e+00 -8.000000e-01 0
2.050000e+00 -7.500000e-01 0
2.000000e+00 -7.500000e-01 0
2.000000e+00 -7.500000e-01 0
2.050000e+00 -7.500000e-01 0
2.050000e+00 -7.000000e-01 0
2.000000e+00 -7.000000e-01 0
2.000000e+00 -7.000000e-01 0
2.050000e+00 -7.000000e-01 0
2.050000e+00 -6.500000e-01 0
2.000000e+00 -6.500000e-01 0
2.000000e+00 -6.500000e-01 0
2.050000e+00 -6.500000e-01 0
2.050000e+00 -6.000000e-01 0
2.000000e+00 -6.000000e-01 0
2.000000e+00 -6.000000e-01 0
2.050000e+00 -6.000000e-01 0
2.050000e+00 -5.500000e-01 0
2.000000e+00 -5.500000e-01 0
2.000000e+00 -5.500000e-01 0
2.050000e+00 -5.500000e-01 0
2.050000e+00 -5.000000e-01 0
2.000000e+00 -5.000000e-01 0
2.000000e+00 -5.000000e-01 0
2.050000e+00 -5.000000e-01 0
2.050000e+00 -4.500000e-01 0
2.000000e+00 -4.500000e-01 0
2.000000e+00 -4.500000e-01 0
2.050000e+00 -4.500000e-01 0
2.050000e+00 -4.000000e-01 0
2.000000e+00 -4.000000e-01 0
2.000000e+00 -4.000000e-01 0
2.050000e+00 -4.000000e-01 0
2.050000e+00 -3.500000e-01 0
2.000000e+00 -3.500000e-01 0
2.000000e+00 -3.500000e-01 0
2.050000e+00 -3.500000e-01 0
2.050000e+00 -3.000000e-01 0
2.000000e+00 -3.000000e-01 0
2.000000e+00 -3.000000e-01 0
2.050000e+00 -3.000000e-01 0
2.050000e+00 -2.500000e-01 0
2.000000e+00 -2.500000e-01 0
2.000000e+00 -2.500000e-01 0
2.050000e+00 -2.500000e-01 0
2.050000e+00 -2.000000e-01 0
2.000000e+00 -2.000000e-01 0
2.000000e+00 -2.000000e-01 0
2.050000e+00 -2.000000e-01 0
2.050000e+00 -1.500000e-01 0
2.000000e+00 -1.500000e-01 0
2.000000e+00 -1.500000e-01 0
2.050000e+00 -1.500000e-01 0
2.050000e+00 -1.000000e-01 0
2.000000e+00 -1.000000e-01 0
2.000000e+00 -1.000000e-01 0
2.050000e+00 -1.000000e-01 0
2.050000e+00 -5.000000e-02 0
2.000000e+00 -5.000000e-02 0
2.000000e+00 -5.000000e-02 0
2.050000e+00 -5.000000e-02 0
2.050000e+00 5.551115e-17 0
2.000000e+00 5.551115e-17 0
2.000000e+00 5.551115e-17 0
2.050000e+00 5.551115e-17 0
2.050000e+00 5.000000e-02 0
2.000000e+00 5.000000e-02 0
2.000000e+00 5.000000e-02 0
2.050000e+00 5.000000e-02 0
2.050000e+00 1.000000e-01 0
2.000000e+00 1.000000e-01 0
2.000000e+00 1.000000e-01 0
2.050000e+00 1.000000e-01 0
2.050000e+00 1.500000e-01 0
2.000000e+00 1.500000e-01 0
2.000000e+00 1.500000e-01 0
2.050000e+00 1.500000e-01 0
2.050000e+00 2.000000e-01 0
2.000000e+00 2.000000e-01 0
2.000000e+00 2.000000e-01 0
2.050000e+00 2.000000e-01 0
2.050000e+00 2.500000e-01 0
2.000000e+00 2.500000e-01 0
2.000000e+00 2.500000e-01 0
2.050000e+00 2.500000e-01 0
2.050000e+00 3.000000e-01 0
2.000000e+00 3.000000e-01 0
2.000000e+00 3.000000e-01 0
2.050000e+00 3.000000e-01 0
2.050000e+00 3.500000e-01 0
2.000000e+00 3.500000e-01 0
2.000000e+00 3.500000e-01 0
2.050000e+00 3.500000e-01 0
2.050000e+00 4.000000e-01 0
2.000000e+00 4.000000e-01 0
2.000000e+00 4.000000e-01 0
2.050000e+00 4.000000e-01 0
2.050000e+00 4.500000e-01 0
2.000000e+00 4.500000e-01 0
2.000000e+00 4.500000e-01 0
2.050000e+00 4.500000e-01 0
2.050000e+00 5.000000e-01 0
2.000000e+00 5.000000e-01 0
2.000000e+00 5.000000e-01 0
2.050000e+00 5.000000e-01 0
2.050000e+00 5.500000e-01 0
2.000000e+00 5.500000e-01 0
2.000000e+00 5.500000e-01 0
2.050000e+00 5.500000e-01 0
2.050000e+00 6.000000e-01 0
2.000000e+00 6.000000e-01 0
2.000000e+00 6.000000e-01 0
2.050000e+00 6.000000e-01 0
2.050000e+00 6.500000e-01 0
2.000000e+00 6.500000e-01 0
2.000000e+00 6.500000e-01 0
2.050000e+00 6.500000e-01 0
2.050000e+00 7.000000e-01 0
2.000000e+00 7.000000e-01 0
2.000000e+00 7.000000e-01 0
2.050000e+00 7.000000e-01 0
2.050000e+00 7.500000e-01 0
2.000000e+00 7.500000e-01 0
2.000000e+00 7.500000e-01 0
2.050000e+00 7.500000e-01 0
2.050000e+00 8.000000e-01 0
2.000000e+00 8.000000e-01 0
2.000000e+00 8.000000e-01 0
2.050000e+00 8.000000e-01 0
2.050000e+00 8.500000e-01 0
2.000000e+00 8.500000e-01 0
2.000000e+00 8.500000e-01 0
2.050000e+00 8.500000e-01 0
2.050000e+00 9.000000e-01 0
2.000000e+00 9.000000e-01 0
2.000000e+00 9.000000e-01 0
2.050000e+00 9.000000e-01 0
2.050000e+00 9.500000e-01 0
2.000000e+00 9.500000e-01 0
2.000000e+00 9.500000e-01 0
2.050000e+00 9.500000e-01 0
2.050000e+00 1.000000e+00 0
2.000000e+00 1.000000e+00 0
2.050000e+00 -1.000000e+00 0
2.100000e+00 -1.000000e+00 0
2.100000e+00 -9.500000e-01 0
2.050000e+00 -9.500000e-01 0
2.050000e+00 -9.500000e-01 0
2.100000e+00 -9.500000e-01 0
2.100000e+00 -9.000000e-01 0
2.050000e+00 -9.000000e-01 0
2.050000e+00 -9.000000e-01 0
2.100000e+00 -9.000000e-01 0
2.100000e+00 -8.500000e-01 0
2.050000e+00 -8.500000e-01 0
2.050000e+00 -8.500000e-01 0
2.100000e+00 -8.500000e-01 0
2.100000e+00 -8.000000e-01 0
2.050000e+00 -8.000000e-01 0
2.050000e+00 -8.000000e-01 0
2.100000e+00 -8.000000e-01 0
2.100000e+00 -7.500000e-01 0
2.050000e+00 -7.500000e-01 0
2.050000e+00 -7.500000e-01 0
2.100000e+00 -7.500000e-01 0
2.100000e+00 -7.000000e-01 0
2.050000e+00 -7.000000e-01 0
2.050000e+00 -7.000000e-01 0
2.100000e+00 -7.000000e-01 0
2.100000e+00 -6.500000e-01 0
2.050000e+00 -6.500000e-01 0
2.050000e+00 -6.500000e-01 0
2.100000e+00 -6.500000e-01 0
2.100000e+00 -6.000000e-01 0
2.050000e+00 -6.000000e-01 0
2.050000e+00 -6.000000e-01 0
2.100000e+00 -6.000000e-01 0
2.100000e+00 -5.500000e-01 0
2.050000e+00 -5.500000e-01 0
2.050000e+00 -5.500000e-01 0
2.100000e+00 -5.500000e-01 0
2.100000e+00 -5.000000e-01 0
2.050000e+00 -5.000000e-01 0
2.050000e+00 -5.000000e-01 0
2.100000e+00 -5.000000e-01 0
2.100000e+00 -4.500000e-01 0
2.050000e+00 -4.500000e-01 0
2.050000e+00 -4.500000e-01 0
2.100000e+00 -4.500000e-01 0
2.100000e+00 -4.000000e-01 0
2.050000e+00 -4.000000e-01 0
2.050000e+00 -4.000000e-01 0
2.100000e+00 -4.000000e-01 0
2.100000e+00 -3.500000e-01 0
2.050000e+00 -3.500000e-01 0
2.050000e+00 -3.500000e-01 0
2.100000e+00 -3.500000e-01 0
2.100000e+00 -3.000000e-01 0
2.050000e+00 -3.000000e-01 0
2.050000e+00 -3.000000e-01 0
2.100000e+00 -3.000000e-01 0
2.100000e+00 -2.500000e-01 0
2.050000e+00 -2.500000e-01 0
2.050000e+00 -2.500000e-01 0
2.100000e+00 -2.500000e-01 0
2.100000e+00 -2.000000e-01 0
2.050000e+00 -2.000000e-01 0
2.050000e+00 -2.000000e-01 0
2.100000e+00 -2.000000e-01 0
2.100000e+00 -1.500000e-01 0
2.050000e+00 -1.500000e-01 0
2.050000e+00 -1.500000e-01 0
2.100000e+00 -1.500000e-01 0
2.100000e+00 -1.000000e-01 0
2.050000e+00 -1.000000e-01 0
2.050000e+00 -1.000000e-01 0
2.100000e+00 -1.000000e-01 0
2.100000e+00 -5.000000e-02 0
2.050000e+00 -5.000000e-02 0
2.050000e+00 -5.000000e-02 0
2.100000e+00 -5.000000e-02 0
2.100000e+00 5.551115e-17 0
2.050000e+00 5.551115e-17 0
2.050000e+00 5.551115e-17 0
2.100000e+00 5.551115e-17 0
2.100000e+00 5.000000e-02 0
2.050000e+00 5.000000e-02 0
2.050000e+00 5.000000e-02 0
2.100000e+00 5.000000e-02 0
2.100000e+00 1.000000e-01 0
2.050000e+00 1.000000e-01 0
2.050000e+00 1.000000e-01 0
2.100000e+00 1.000000e-01 0
2.100000e+00 1.500000e-01 0
2.050000e+00 1.500000e-01 0
2.050000e+00 1.500000e-01 0
2.100000e+00 1.500000e-01 0
2.100000e+00 2.000000e-01 0
2.050000e+00 2.000000e-01 0
2.050000e+00 2.000000e-01 0
2.100000e+00 2.000000e-01 0
2.100000e+00 2.500000e-01 0
2.050000e+00 2.500000e-01 0
2.050000e+00 2.500000e-01 0
2.100000e+00 2.500000e-01 0
2.100000e+00 3.000000e-01 0
2.050000e+00 3.000000e-01 0
2.050000e+00 3.000000e-01 0
2.100000e+00 3.000000e-01 0
2.100000e+00 3.500000e-01 0
2.050000e+00 3.500000e-01 0
2.050000e+00 3.500000e-01 0
2.100000e+00 3.500000e-01 0
2.100000e+00 4.000000e-01 0
2.050000e+00 4.000000e-01 0
2.050000e+00 4.000000e-01 0
2.100000e+00 4.000000e-01 0
2.100000e+00 4.500000e-01 0
2.050000e+00 4.500000e-01 0
2.050000e+00 4.500000e-01 0
2.100000e+00 4.500000e-01 0
2.100000e+00 5.000000e-01 0
2.050000e+00 5.000000e-01 0
2.050000e+00 5.000000e-01 0
2.100000e+00 5.000000e-01 0
2.100000e+00 5.500000e-01 0
2.050000e+00 5.500000e-01 0
2.050000e+00 5.500000e-01 0
2.100000e+00 5.500000e-01 0
2.100000e+00 6.000000e-01 0
2.050000e+00 6.000000e-01 0
2.050000e+00 6.000000e-01 0
2.100000e+00 6.000000e-01 0
2.100000e+00 6.500000e-01 0
2.050000e+00 6.500000e-01 0
2.050000e+00 6.500000e-01 0
2.100000e+00 6.500000e-01 0
2.100000e+00 7.000000e-01 0
2.050000e+00 7.000000e-01 0
2.050000e+00 7.000000e-01 0
2.100000e+00 7.000000e-01 0
2.100000e+00 7.500000e-01 0
2.050000e+00 7.500000e-01 0
2.050000e+00 7.500000e-01 0
2.100000e+00 7.500000e-01 0
2.100000e+00 8.000000e-01 0
2.050000e+00 8.000000e-01 0
2.050000e+00 8.000000e-01 0
2.100000e+00 8.000000e-01 0
2.100000e+00 8.500000e-01 0
2.050000e+00 8.500000e-01 0
2.050000e+00 8.500000e-01 0
2.100000e+00 8.500000e-01 0
2.100000e+00 9.000000e-01 0
2.050000e+00 9.000000e-01 0
2.050000e+00 9.000000e-01 0
2.100000e+00 9.000000e-01 0
2.100000e+00 9.500000e-01 0
2.050000e+00 9.500000e-01 0
2.050000e+00 9.500000e-01 0
2.100000e+00 9.500000e-01 0
2.100000e+00 1.000000e+00 0
2.050000e+00 1.000000e+00 0
2.100000e+00 -1.000000e+00 0
2.150000e+00 -1.000000e+00 0
2.150000e+00 -9.500000e-01 0
2.100000e+00 -9.500000e-01 0
2.100000e+00 -9.500000e-01 0
2.150000e+00 -9.500000e-01 0
2.150000e+00 -9.000000e-01 0
2.100000e+00 -9.000000e-01 0
2.100000e+00 -9.000000e-01 0
2.150000e+00 -9.000000e-01 0
2.150000e+00 -8.500000e-01 0
2.100000e+00 -8.500000e-01 0
2.100000e+00 -8.500000e-01 0
2.150000e+00 -8.500000e-01 0
2.150000e+00 -8.000000e-01 0
2.100000e+00 -8.000000e-01 0
2.100000e+00 -8.000000e-01 0
2.150000e+00 -8.000000e-01 0
2.150000e+00 -7.500000e-01 0
2.100000e+00 -7.500000e-01 0
2.100000e+00 -7.500000e-01 0
2.150000e+00 -7.500000e-01 0
2.150000e+00 -7.000000e-01 0
2.100000e+00 -7.000000e-01 0
2.100000e+00 -7.000000e-01 0
2.150000e+00 -7.000000e-01 0
2.150000e+00 -6.500000e-01 0
2.100000e+00 -6.500000e-01 0
2.100000e+00 -6.500000e-01 0
2.150000e+00 -6.500000e-01 0
2.150000e+00 -6.000000e-01 0
2.100000e+00 -6.000000e-01 0
2.100000e+00 -6.000000e-01 0
2.150000e+00 -6.000000e-01 0
2.150000e+00 -5.500000e-01 0
2.100000e+00 -5.500000e-01 0
2.100000e+00 -5.500000e-01 0
2.150000e+00 -5.500000e-01 0
2.150000e+00 -5.000000e-01 0
2.100000e+00 -5.000000e-01 0
2.100000e+00 -5.000000e-01 0
2.150000e+00 -5.000000e-01 0
2.150000e+00 -4.500000e-01 0
2.100000e+00 -4.500000e-01 0
2.100000e+00 -4.500000e-01 0
2.150000e+00 -4.500000e-01 0
2.150000e+00 -4.000000e-01 0
2.100000e+00 -4.000000e-01 0
2.100000e+00 -4.000000e-01 0
2.150000e+00 -4.000000e-01 0
2.150000e+00 -3.500000e-01 0
2.100000e+00 -3.500000e-01 0
2.100000e+00 -3.500000e-01 0
2.150000e+00 -3.500000e-01 0
2.150000e+00 -3.000000e-01 0
2.100000e+00 -3.000000e-01 0
2.100000e+00 -3.000000e-01 0
2.150000e+00 -3.000000e-01 0
2.150000e+00 -2.500000e-01 0
2.100000e+00 -2.500000e-01 0
2.100000e+00 -2.500000e-01 0
2.150000e+00 -2.500000e-01 0
2.150000e+00 -2.000000e-01 0
2.100000e+00 -2.000000e-01 0
2.100000e+00 -2.000000e-01 0
2.150000e+00 -2.000000e-01 0
2.150000e+00 -1.500000e-01 0
2.100000e+00 -1.500000e-01 0
2.100000e+00 -1.500000e-01 0
2.150000e+00 -1.500000e-01 0
2.150000e+00 -1.000000e-01 0
2.100000e+00 -1.000000e-01 0
2.100000e+00 -1.000000e-01 0
2.150000e+00 -1.000000e-01 0
2.150000e+00 -5.000000e-02 0
2.100000e+00 -5.000000e-02 0
2.100000e+00 -5.000000e-02 0
2.150000e+00 -5.000000e-02 0
2.150000e+00 5.551115e-17 0
2.100000e+00 5.551115e-17 0
2.100000e+00 5.551115e-17 0
2.150000e+00 5.551115e-17 0
2.150000e+00 5.000000e-02 0
2.100000e+00 5.000000e-02 0
2.100000e+00 5.000000e-02 0
2.150000e+00 5.000000e-02 0
2.150000e+00 1.000000e-01 0
2.100000e+00 1.000000e-01 0
2.100000e+00 1.000000e-01 0
2.150000e+00 1.000000e-01 0
2.150000e+00 1.500000e-01 0
2.100000e+00 1.500000e-01 0
2.100000e+00 1.500000e-01 0
2.150000e+00 1.500000e-01 0
2.150000e+00 2.000000e-01 0
2.100000e+00 2.000000e-01 0
2.100000e+00 2.000000e-01 0
2.150000e+00 2.000000e-01 0
2.150000e+00 2.500000e-01 0
2.100000e+00 2.500000e-01 0
2.100000e+00 2.500000e-01 0
2.150000e+00 2.500000e-01 0
2.150000e+00 3.000000e-01 0
2.100000e+00 3.000000e-01 0
2.100000e+00 3.000000e-01 0
2.150000e+00 3.000000e-01 0
2.150000e+00 3.500000e-01 0
2.100000e+00 3.500000e-01 0
2.100000e+00 3.500000e-01 0
2.150000e+00 3.500000e-01 0
2.150000e+00 4.000000e-01 0
2.100000e+00 4.000000e-01 0
2.100000e+00 4.000000e-01 0
2.150000e+00 4.000000e-01 0
2.150000e+00 4.500000e-01 0
2.100000e+00 4.500000e-01 0
2.100000e+00 4.500000e-01 0
2.150000e+00 4.500000e-01 0
2.150000e+00 5.000000e-01 0
2.100000e+00 5.000000e-01 0
2.100000e+00 5.000000e-01 0
2.150000e+00 5.000000e-01 0
2.150000e+00 5.500000e-01 0
2.100000e+00 5.500000e-01 0
2.100000e+00 5.500000e-01 0
2.150000e+00 5.500000e-01 0
2.150000e+00 6.000000e-01 0
2.100000e+00 6.000000e-01 0
2.100000e+00 6.000000e-01 0
2.150000e+00 6.000000e-01 0
2.150000e+00 6.500000e-01 0
2.100000e+00 6.500000e-01 0
2.100000e+00 6.500000e-01 0
2.150000e+00 6.500000e-01 0
2.150000e+00 7.000000e-01 0
2.100000e+00 7.000000e-01 0
2.100000e+00 7.000000e-01 0
2.150000e+00 7.000000e-01 0
2.150000e+00 7.500000e-01 0
2.100000e+00 7.500000e-01 0
2.100000e+00 7.500000e-01 0
2.150000e+00 7.500000e-01 0
2.150000e+00 8.000000e-01 0
2.100000e+00 8.000000e-01 0
2.100000e+00 8.000000e-01 0
2.150000e+00 8.000000e-01 0
2.150000e+00 8.500000e-01 0
2.100000e+00 8.500000e-01 0
2.100000e+00 8.500000e-01 0
2.150000e+00 8.500000e-01 0
2.150000e+00 9.000000e-01 0
2.100000e+00 9.000000e-01 0
2.100000e+00 9.000000e-01 0
2.150000e+00 9.000000e-01 0
2.150000e+00 9.500000e-01 0
2.100000e+00 9.500000e-01 0
2.100000e+00 9.500000e-01 0
2.150000e+00 9.500000e-01 0
2.150000e+00 1.000000e+00 0
2.100000e+00 1.000000e+00 0
2.150000e+00 -1.000000e+00 0
2.200000e+00 -1.000000e+00 0
2.200000e+00 -9.500000e-01 0
2.150000e+00 -9.500000e-01 0
2.150000e+00 -9.500000e-01 0
2.200000e+00 -9.500000e-01 0
2.200000e+00 -9.000000e-01 0
2.150000e+00 -9.000000e-01 0
2.150000e+00 -9.000000e-01 0
2.200000e+00 -9.000000e-01 0
2.200000e+00 -8.500000e-01 0
2.150000e+00 -8.500000e-01 0
2.150000e+00 -8.500000e-01 0
2.200000e+00 -8.500000e-01 0
2.200000e+00 -8.000000e-01 0
2.150000e+00 -8.000000e-01 0
2.150000e+00 -8.000000e-01 0
2.200000e+00 -8.000000e-01 0
2.200000e+00 -7.500000e-01 0
2.150000e+00 -7.500000e-01 0
2.150000e+00 -7.500000e-01 0
2.200000e+00 -7.500000e-01 0
2.200000e+00 -7.000000e-01 0
2.150000e+00 -7.000000e-01 0
2.150000e+00 -7.000000e-01 0
2.200000e+00 -7.000000e-01 0
2.200000e+00 -6.500000e-01 0
2.150000e+00 -6.500000e-01 0
2.150000e+00 -6.500000e-01 0
2.200000e+00 -6.500000e-01 0
2.200000e+00 -6.000000e-01 0
2.150000e+00 -6.000000e-01 0
2.150000e+00 -6.000000e-01 0
2.200000e+00 -6.000000e-01 0
2.200000e+00 -5.500000e-01 0
2.150000e+00 -5.500000e-01 0
2.150000e+00 -5.500000e-01 0
2.200000e+00 -5.500000e-01 0
2.200000e+00 -5.000000e-01 0
2.150000e+00 -5.000000e-01 0
2.150000e+00 -5.000000e-01 0
2.200000e+00 -5.000000e-01 0
2.200000e+00 -4.500000e-01 0
2.150000e+00 -4.500000e-01 0
2.150000e+00 -4.500000e-01 0
2.200000e+00 -4.500000e-01 0
2.200000e+00 -4.000000e-01 0
2.150000e+00 -4.000000e-01 0
2.150000e+00 -4.000000e-01 0
2.200000e+00 -4.000000e-01 0
2.200000e+00 -3.500000e-01 0
2.150000e+00 -3.500000e-01 0
2.150000e+00 -3.500000e-01 0
2.200000e+00 -3.500000e-01 0
2.200000e+00 -3.000000e-01 0
2.150000e+00 -3.000000e-01 0
2.150000e+00 -3.000000e-01 0
2.200000e+00 -3.000000e-01 0
2.200000e+00 -2.500000e-01 0
2.150000e+00 -2.500000e-01 0
2.150000e+00 -2.500000e-01 0
2.200000e+00 -2.500000e-01 0
2.200000e+00 -2.000000e-01 0
2.150000e+00 -2.000000e-01 0
2.150000e+00 -2.000000e-01 0
2.200000e+00 -2.000000e-01 0
2.200000e+00 -1.500000e-01 0
2.150000e+00 -1.500000e-01 0
2.150000e+00 -1.500000e-01 0
2.200000e+00 -1.500000e-01 0
2.200000e+00 -1.000000e-01 0
2.150000e+00 -1.000000e-01 0
2.150000e+00 -1.000000e-01 0
2.200000e+00 -1.000000e-01 0
2.200000e+00 -5.000000e-02 0
2.150000e+00 -5.000000e-02 0
2.150000e+00 -5.000000e-02 0
2.200000e+00 -5.000000e-02 0
2.200000e+00 5.551115e-17 0
2.150000e+00 5.551115e-17 0
2.150000e+00 5.551115e-17 0
2.200000e+00 5.551115e-17 0
2.200000e+00 5.000000e-02 0
2.150000e+00 5.000000e-02 0
2.150000e+00 5.000000e-02 0
2.200000e+00 5.000000e-02 0
2.200000e+00 1.000000e-01 0
2.150000e+00 1.000000e-01 0
2.150000e+00 1.000000e-01 0
2.200000e+00 1.000000e-01 0
2.200000e+00 1.500000e-01 0
2.150000e+00 1.500000e-01 0
2.150000e+00 1.500000e-01 0
2.200000e+00 1.500000e-01 0
2.200000e+00 2.000000e-01 0
2.150000e+00 2.000000e-01 0
2.150000e+00 2.000000e-01 0
2.200000e+00 2.000000e-01 0
2.200000e+00 2.500000e-01 0
2.150000e+00 2.500000e-01 0
2.150000e+00 2.500000e-01 0
2.200000e+00 2.500000e-01 0
2.200000e+00 3.000000e-01 0
2.150000e+00 3.000000e-01 0
2.150000e+00 3.000000e-01 0
2.200000e+00 3.000000e-01 0
2.200000e+00 3.500000e-01 0
2.150000e+00 3.500000e-01 0
2.150000e+00 3.500000e-01 0
2.200000e+00 3.500000e-01 0
2.200000e+00 4.000000e-01 0
2.150000e+00 4.000000e-01 0
2.150000e+00 4.000000e-01 0
2.200000e+00 4.000000e-01 0
2.200000e+00 4.500000e-01 0
2.150000e+00 4.500000e-01 0
2.150000e+00 4.500000e-01 0
2.200000e+00 4.500000e-01 0
2.200000e+00 5.000000e-01 0
2.150000e+00 5.000000e-01 0
2.150000e+00 5.000000e-01 0
2.200000e+00 5.000000e-01 0
2.200000e+00 5.500000e-01 0
2.150000e+00 5.500000e-01 0
2.150000e+00 5.500000e-01 0
2.200000e+00 5.500000e-01 0
2.200000e+00 6.000000e-01 0
2.150000e+00 6.000000e-01 0
2.150000e+00 6.000000e-01 0
2.200000e+00 6.000000e-01 0
2.200000e+00 6.500000e-01 0
2.150000e+00 6.500000e-01 0
2.150000e+00 6.500000e-01 0
2.200000e+00 6.500000e-01 0
2.200000e+00 7.000000e-01 0
2.150000e+00 7.000000e-01 0
2.150000e+00 7.000000e-01 0
2.200000e+00 7.000000e-01 0
2.200000e+00 7.500000e-01 0
2.150000e+00 7.500000e-01 0
2.150000e+00 7.500000e-01 0
2.200000e+00 7.500000e-01 0
2.200000e+00 8.000000e-01 0
2.150000e+00 8.000000e-01 0
2.150000e+00 8.000000e-01 0
2.200000e+00 8.000000e-01 0
2.200000e+00 8.500000e-01 0
2.150000e+00 8.500000e-01 0
2.150000e+00 8.500000e-01 0
2.200000e+00 8.500000e-01 0
2.200000e+00 9.000000e-01 0
2.150000e+00 9.000000e-01 0
2.150000e+00 9.000000e-01 0
2.200000e+00 9.000000e-01 0
2.200000e+00 9.500000e-01 0
2.150000e+00 9.500000e-01 0
2.150000e+00 9.500000e-01 0
2.200000e+00 9.500000e-01 0
2.200000e+00 1.000000e+00 0
2.150000e+00 1.000000e+00 0
2.200000e+00 -1.000000e+00 0
2.250000e+00 -1.000000e+00 0
2.250000e+00 -9.500000e-01 0
2.200000e+00 -9.500000e-01 0
2.200000e+00 -9.500000e-01 0
2.250000e+00 -9.500000e-01 0
2.250000e+00 -9.000000e-01 0
2.200000e+00 -9.000000e-01 0
2.200000e+00 -9.000000e-01 0
2.250000e+00 -9.000000e-01 0
2.250000e+00 -8.500000e-01 0
2.200000e+00 -8.500000e-01 0
2.200000e+00 -8.500000e-01 0
2.250000e+00 -8.500000e-01 0
2.250000e+00 -8.000000e-01 0
2.200000e+00 -8.000000e-01 0
2.200000e+00 -8.000000e-01 0
2.250000e+00 -8.000000e-01 0
2.250000e+00 -7.500000e-01 0
2.200000e+00 -7.500000e-01 0
2.200000e+00 -7.500000e-01 0
2.250000e+00 -7.500000e-01 0
2.250000e+00 -7.000000e-01 0
2.200000e+00 -7.000000e-01 0
2.200000e+00 -7.000000e-01 0
2.250000e+00 -7.000000e-01 0
2.250000e+00 -6.500000e-01 0
2.200000e+00 -6.500000e-01 0
2.200000e+00 -6.500000e-01 0
2.250000e+00 -6.500000e-01 0
2.250000e+00 -6.000000e-01 0
2.200000e+00 -6.000000e-01 0
2.200000e+00 -6.000000e-01 0
2.250000e+00 -6.000000e-01 0
2.250000e+00 -5.500000e-01 0
2.200000e+00 -5.500000e-01 0
2.200000e+00 -5.500000e-01 0
2.250000e+00 -5.500000e-01 0
2.250000e+00 -5.000000e-01 0
2.200000e+00 -5.000000e-01 0
2.200000e+00 -5.000000e-01 0
2.250000e+00 -5.000000e-01 0
2.250000e+00 -4.500000e-01 0
2.200000e+00 -4.500000e-01 0
2.200000e+00 -4.500000e-01 0
2.250000e+00 -4.500000e-01 0
2.250000e+00 -4.000000e-01 0
2.200000e+00 -4.000000e-01 0
2.200000e+00 -4.000000e-01 0
2.250000e+00 -4.000000e-01 0
2.250000e+00 -3.500000e-01 0
2.200000e+00 -3.500000e-01 0
2.200000e+00 -3.500000e-01 0
2.250000e+00 -3.500000e-01 0
2.250000e+00 -3.000000e-01 0
2.200000e+00 -3.000000e-01 0
2.200000e+00 -3.000000e-01 0
2.250000e+00 -3.000000e-01 0
2.250000e+00 -2.500000e-01 0
2.200000e+00 -2.500000e-01 0
2.200000e+00 -2.500000e-01 0
2.250000e+00 -2.500000e-01 0
2.250000e+00 -2.000000e-01 0
2.200000e+00 -2.000000e-01 0
2.200000e+00 -2.000000e-01 0
2.250000e+00 -2.000000e-01 0
2.250000e+00 -1.500000e-01 0
2.200000e+00 -1.500000e-01 0
2.200000e+00 -1.500000e-01 0
2.250000e+00 -1.500000e-01 0
2.250000e+00 -1.000000e-01 0
2.200000e+00 -1.000000e-01 0
2.200000e+00 -1.000000e-01 0
2.250000e+00 -1.000000e-01 0
2.250000e+00 -5.000000e-02 0
2.200000e+00 -5.000000e-02 0
2.200000e+00 -5.000000e-02 0
2.250000e+00 -5.000000e-02 0
2.250000e+00 5.551115e-17 0
2.200000e+00 5.551115e-17 0
2.200000e+00 5.551115e-17 0
2.250000e+00 5.551115e-17 0
2.250000e+00 5.000000e-02 0
2.200000e+00 5.000000e-02 0
2.200000e+00 5.000000e-02 0
2.250000e+00 5.000000e-02 0
2.250000e+00 1.000000e-01 0
2.200000e+00 1.000000e-01 0
2.200000e+00 1.000000e-01 0
2.250000e+00 1.000000e-01 0
2.250000e+00 1.500000e-01 0
2.200000e+00 1.500000e-01 0
2.200000e+00 1.500000e-01 0
2.250000e+00 1.500000e-01 0
2.250000e+00 2.000000e-01 0
2.200000e+00 2.000000e-01 0
2.200000e+00 2.000000e-01 0
2.250000e+00 2.000000e-01 0
2.250000e+00 2.500000e-01 0
2.200000e+00 2.500000e-01 0
2.200000e+00 2.500000e-01 0
2.250000e+00 2.500000e-01 0
2.250000e+00 3.000000e-01 0
2.200000e+00 3.000000e-01 0
2.200000e+00 3.000000e-01 0
2.250000e+00 3.000000e-01 0
2.250000e+00 3.500000e-01 0
2.200000e+00 3.500000e-01 0
2.200000e+00 3.500000e-01 0
2.250000e+00 3.500000e-01 0
2.250000e+00 4.000000e-01 0
2.200000e+00 4.000000e-01 0
2.200000e+00 4.000000e-01 0
2.250000e+00 4.000000e-01 0
2.250000e+00 4.500000e-01 0
2.200000e+00 4.500000e-01 0
2.200000e+00 4.500000e-01 0
2.250000e+00 4.500000e-01 0
2.250000e+00 5.000000e-01 0
2.200000e+00 5.000000e-01 0
2.200000e+00 5.000000e-01 0
2.250000e+00 5.000000e-01 0
2.250000e+00 5.500000e-01 0
2.200000e+00 5.500000e-01 0
2.200000e+00 5.500000e-01 0
2.250000e+00 5.500000e-01 0
2.250000e+00 6.000000e-01 0
2.200000e+00 6.000000e-01 0
2.200000e+00 6.000000e-01 0
2.250000e+00 6.000000e-01 0
2.250000e+00 6.500000e-01 0
2.200000e+00 6.500000e-01 0
2.200000e+00 6.500000e-01 0
2.250000e+00 6.500000e-01 0
2.250000e+00 7.000000e-01 0
2.200000e+00 7.000000e-01 0
2.200000e+00 7.000000e-01 0
2.250000e+00 7.000000e-01 0
2.250000e+00 7.500000e-01 0
2.200000e+00 7.500000e-01 0
2.200000e+00 7.500000e-01 0
2.250000e+00 7.500000e-01 0
2.250000e+00 8.000000e-01 0
2.200000e+00 8.000000e-01 0
2.200000e+00 8.000000e-01 0
2.250000e+00 8.000000e-01 0
2.250000e+00 8.500000e-01 0
2.200000e+00 8.500000e-01 0
2.200000e+00 8.500000e-01 0
2.250000e+00 8.500000e-01 0
2.250000e+00 9.000000e-01 0
2.200000e+00 9.000000e-01 0
2.200000e+00 9.000000e-01 0
2.250000e+00 9.000000e-01 0
2.250000e+00 9.500000e-01 0
2.200000e+00 9.500000e-01 0
2.200000e+00 9.500000e-01 0
2.250000e+00 9.500000e-01 0
2.250000e+00 1.000000e+00 0
2.200000e+00 1.000000e+00 0
2.250000e+00 -1.000000e+00 0
2.300000e+00 -1.000000e+00 0
2.300000e+00 -9.500000e-01 0
2.250000e+00 -9.500000e-01 0
2.250000e+00 -9.500000e-01 0
2.300000e+00 -9.500000e-01 0
2.300000e+00 -9.000000e-01 0
2.250000e+00 -9.000000e-01 0
2.250000e+00 -9.000000e-01 0
2.300000e+00 -9.000000e-01 0
2.300000e+00 -8.500000e-01 0
2.250000e+00 -8.500000e-01 0
2.250000e+00 -8.500000e-01 0
2.300000e+00 -8.500000e-01 0
2.300000e+00 -8.000000e-01 0
2.250000e+00 -8.000000e-01 0
2.250000e+00 -8.000000e-01 0
2.300000e+00 -8.000000e-01 0
2.300000e+00 -7.500000e-01 0
2.250000e+00 -7.500000e-01 0
2.250000e+00 -7.500000e-01 0
2.300000e+00 -7.500000e-01 0
2.300000e+00 -7.000000e-01 0
2.250000e+00 -7.000000e-01 0
2.250000e+00 -7.000000e-01 0
2.300000e+00 -7.000000e-01 0
2.300000e+00 -6.500000e-01 0
2.250000e+00 -6.500000e-01 0
2.250000e+00 -6.500000e-01 0
2.300000e+00 -6.500000e-01 0
2.300000e+00 -6.000000e-01 0
2.250000e+00 -6.000000e-01 0
2.250000e+00 -6.000000e-01 0
2.300000e+00 -6.000000e-01 0
2.300000e+00 -5.500000e-01 0
2.250000e+00 -5.500000e-01 0
2.250000e+00 -5.500000e-01 0
2.300000e+00 -5.500000e-01 0
2.300000e+00 -5.000000e-01 0
2.250000e+00 -5.000000e-01 0
2.250000e+00 -5.000000e-01 0
2.300000e+00 -5.000000e-01 0
2.300000e+00 -4.500000e-01 0
2.250000e+00 -4.500000e-01 0
2.250000e+00 -4.500000e-01 0
2.300000e+00 -4.500000e-01 0
2.300000e+00 -4.000000e-01 0
2.250000e+00 -4.000000e-01 0
2.250000e+00 -4.000000e-01 0
2.300000e+00 -4.000000e-01 0
2.300000e+00 -3.500000e-01 0
2.250000e+00 -3.500000e-01 0
2.250000e+00 -3.500000e-01 0
2.300000e+00 -3.500000e-01 0
2.300000e+00 -3.000000e-01 0
2.250000e+00 -3.000000e-01 0
2.250000e+00 -3.000000e-01 0
2.300000e+00 -3.000000e-01 0
2.300000e+00 -2.500000e-01 0
2.250000e+00 -2.500000e-01 0
2.250000e+00 -2.500000e-01 0
2.300000e+00 -2.500000e-01 0
2.300000e+00 -2.000000e-01 0
2.250000e+00 -2.000000e-01 0
2.250000e+00 -2.000000e-01 0
2.300000e+00 -2.000000e-01 0
2.300000e+00 -1.500000e-01 0
2.250000e+00 -1.500000e-01 0
2.250000e+00 -1.500000e-01 0
2.300000e+00 -1.500000e-01 0
2.300000e+00 -1.000000e-01 0
2.250000e+00 -1.000000e-01 0
2.250000e+00 -1.000000e-01 0
2.300000e+00 -1.000000e-01 0
2.300000e+00 -5.000000e-02 0
2.250000e+00 -5.000000e-02 0
2.250000e+00 -5.000000e-02 0
2.300000e+00 -5.000000e-02 0
2.300000e+00 5.551115e-17 0
2.250000e+00 5.551115e-17 0
2.250000e+00 5.551115e-17 0
2.300000e+00 5.551115e-17 0
2.300000e+00 5.000000e-02 0
2.250000e+00 5.000000e-02 0
2.250000e+00 5.000000e-02 0
2.300000e+00 5.000000e-02 0
2.300000e+00 1.000000e-01 0
2.250000e+00 1.000000e-01 0
2.250000e+00 1.000000e-01 0
2.300000e+00 1.000000e-01 0
2.300000e+00 1.500000e-01 0
2.250000e+00 1.500000e-01 0
2.250000e+00 1.500000e-01 0
2.300000e+00 1.500000e-01 0
2.300000e+00 2.000000e-01 0
2.250000e+00 2.000000e-01 0
2.250000e+00 2.000000e-01 0
2.300000e+00 2.000000e-01 0
2.300000e+00 2.500000e-01 0
2.250000e+00 2.500000e-01 0
2.250000e+00 2.500000e-01 0
2.300000e+00 2.500000e-01 0
2.300000e+00 3.000000e-01 0
2.250000e+00 3.000000e-01 0
2.250000e+00 3.000000e-01 0
2.300000e+00 3.000000e-01 0
2.300000e+00 3.500000e-01 0
2.250000e+00 3.500000e-01 0
2.250000e+00 3.500000e-01 0
2.300000e+00 3.500000e-01 0
2.300000e+00 4.000000e-01 0
2.250000e+00 4.000000e-01 0
2.250000e+00 4.000000e-01 0
2.300000e+00 4.000000e-01 0
2.300000e+00 4.500000e-01 0
2.250000e+00 4.500000e-01 0
2.250000e+00 4.500000e-01 0
2.300000e+00 4.500000e-01 0
2.300000e+00 5.000000e-01 0
2.250000e+00 5.000000e-01 0
2.250000e+00 5.000000e-01 0
2.300000e+00 5.000000e-01 0
2.300000e+00 5.500000e-01 0
2.250000e+00 5.500000e-01 0
2.250000e+00 5.500000e-01 0
2.300000e+00 5.500000e-01 0
2.300000e+00 6.000000e-01 0
2.250000e+00 6.000000e-01 0
2.250000e+00 6.000000e-01 0
2.300000e+00 6.000000e-01 0
2.300000e+00 6.500000e-01 0
2.250000e+00 6.500000e-01 0
2.250000e+00 6.500000e-01 0
2.300000e+00 6.500000e-01 0
2.300000e+00 7.000000e-01 0
2.250000e+00 7.000000e-01 0
2.250000e+00 7.000000e-01 0
2.300000e+00 7.000000e-01 0
2.300000e+00 7.500000e-01 0
2.250000e+00 7.500000e-01 0
2.250000e+00 7.500000e-01 0
2.300000e+00 7.500000e-01 0
2.300000e+00 8.000000e-01 0
2.250000e+00 8.000000e-01 0
2.250000e+00 8.000000e-01 0
2.300000e+00 8.000000e-01 0
2.300000e+00 8.500000e-01 0
2.250000e+00 8.500000e-01 0
2.250000e+00 8.500000e-01 0
2.300000e+00 8.500000e-01 0
2.300000e+00 9.000000e-01 0
2.250000e+00 9.000000e-01 0
2.250000e+00 9.000000e-01 0
2.300000e+00 9.000000e-01 0
2.300000e+00 9.500000e-01 0
2.250000e+00 9.500000e-01 0
2.250000e+00 9.500000e-01 0
2.300000e+00 9.500000e-01 0
2.300000e+00 1.000000e+00 0
2.250000e+00 1.000000e+00 0
2.300000e+00 -1.000000e+00 0
2.350000e+00 -1.000000e+00 0
2.350000e+00 -9.500000e-01 0
2.300000e+00 -9.500000e-01 0
2.300000e+00 -9.500000e-01 0
2.350000e+00 -9.500000e-01 0
2.350000e+00 -9.000000e-01 0
2.300000e+00 -9.000000e-01 0
2.300000e+00 -9.000000e-01 0
2.350000e+00 -9.000000e-01 0
2.350000e+00 -8.500000e-01 0
2.300000e+00 -8.500000e-01 0
2.300000e+00 -8.500000e-01 0
2.350000e+00 -8.500000e-01 0
2.350000e+00 -8.000000e-01 0
2.300000e+00 -8.000000e-01 0
2.300000e+00 -8.000000e-01 0
2.350000e+00 -8.000000e-01 0
2.350000e+00 -7.500000e-01 0
2.300000e+00 -7.500000e-01 0
2.300000e+00 -7.500000e-01 0
2.350000e+00 -7.500000e-01 0
2.350000e+00 -7.000000e-01 0
2.300000e+00 -7.000000e-01 0
2.300000e+00 -7.000000e-01 0
2.350000e+00 -7.000000e-01 0
2.350000e+00 -6.500000e-01 0
2.300000e+00 -6.500000e-01 0
2.300000e+00 -6.500000e-01 0
2.350000e+00 -6.500000e-01 0
2.350000e+00 -6.000000e-01 0
2.300000e+00 -6.000000e-01 0
2.300000e+00 -6.000000e-01 0
2.350000e+00 -6.000000e-01 0
2.350000e+00 -5.500000e-01 0
2.300000e+00 -5.500000e-01 0
2.300000e+00 -5.500000e-01 0
2.350000e+00 -5.500000e-01 0
2.350000e+00 -5.000000e-01 0
2.300000e+00 -5.000000e-01 0
2.300000e+00 -5.000000e-01 0
2.350000e+00 -5.000000e-01 0
2.350000e+00 -4.500000e-01 0
2.300000e+00 -4.500000e-01 0
2.300000e+00 -4.500000e-01 0
2.350000e+00 -4.500000e-01 0
2.350000e+00 -4.000000e-01 0
2.300000e+00 -4.000000e-01 0
2.300000e+00 -4.000000e-01 0
2.350000e+00 -4.000000e-01 0
2.350000e+00 -3.500000e-01 0
2.300000e+00 -3.500000e-01 0
2.300000e+00 -3.500000e-01 0
2.350000e+00 -3.500000e-01 0
2.350000e+00 -3.000000e-01 0
2.300000e+00 -3.000000e-01 0
2.300000e+00 -3.000000e-01 0
2.350000e+00 -3.000000e-01 0
2.350000e+00 -2.500000e-01 0
2.300000e+00 -2.500000e-01 0
2.300000e+00 -2.500000e-01 0
2.350000e+00 -2.500000e-01 0
2.350000e+00 -2.000000e-01 0
2.300000e+00 -2.000000e-01 0
2.300000e+00 -2.000000e-01 0
2.350000e+00 -2.000000e-01 0
2.350000e+00 -1.500000e-01 0
2.300000e+00 -1.500000e-01 0
2.300000e+00 -1.500000e-01 0
2.350000e+00 -1.500000e-01 0
2.350000e+00 -1.000000e-01 0
2.300000e+00 -1.000000e-01 0
2.300000e+00 -1.000000e-01 0
2.350000e+00 -1.000000e-01 0
2.350000e+00 -5.000000e-02 0
2.300000e+00 -5.000000e-02 0
2.300000e+00 -5.000000e-02 0
2.350000e+00 -5.000000e-02 0
2.350000e+00 5.551115e-17 0
2.300000e+00 5.551115e-17 0
2.300000e+00 5.551115e-17 0
2.350000e+00 5.551115e-17 0
2.350000e+00 5.000000e-02 0
2.300000e+00 5.000000e-02 0
2.300000e+00 5.000000e-02 0
2.350000e+00 5.000000e-02 0
2.350000e+00 1.000000e-01 0
2.300000e+00 1.000000e-01 0
2.300000e+00 1.000000e-01 0
2.350000e+00 1.000000e-01 0
2.350000e+00 1.500000e-01 0
2.300000e+00 1.500000e-01 0
2.300000e+00 1.500000e-01 0
2.350000e+00 1.500000e-01 0
2.350000e+00 2.000000e-01 0
2.300000e+00 2.000000e-01 0
2.300000e+00 2.000000e-01 0
2.350000e+00 2.000000e-01 0
2.350000e+00 2.500000e-01 0
2.300000e+00 2.500000e-01 0
2.300000e+00 2.500000e-01 0
2.350000e+00 2.500000e-01 0
2.350000e+00 3.000000e-01 0
2.300000e+00 3.000000e-01 0
2.300000e+00 3.000000e-01 0
2.350000e+00 3.000000e-01 0
2.350000e+00 3.500000e-01 0
2.300000e+00 3.500000e-01 0
2.300000e+00 3.500000e-01 0
2.350000e+00 3.500000e-01 0
2.350000e+00 4.000000e-01 0
2.300000e+00 4.000000e-01 0
2.300000e+00 4.000000e-01 0
2.350000e+00 4.000000e-01 0
2.350000e+00 4.500000e-01 0
2.300000e+00 4.500000e-01 0
2.300000e+00 4.500000e-01 0
2.350000e+00 4.500000e-01 0
2.350000e+00 5.000000e-01 0
2.300000e+00 5.000000e-01 0
2.300000e+00 5.000000e-01 0
2.350000e+00 5.000000e-01 0
2.350000e+00 5.500000e-01 0
2.300000e+00 5.500000e-01 0
2.300000e+00 5.500000e-01 0
2.350000e+00 5.500000e-01 0
2.350000e+00 6.000000e-01 0
2.300000e+00 6.000000e-01 0
2.300000e+00 6.000000e-01 0
2.350000e+00 6.000000e-01 0
2.350000e+00 6.500000e-01 0
2.300000e+00 6.500000e-01 0
2.300000e+00 6.500000e-01 0
2.350000e+00 6.500000e-01 0
2.350000e+00 7.000000e-01 0
2.300000e+00 7.000000e-01 0
2.300000e+00 7.000000e-01 0
2.350000e+00 7.000000e-01 0
2.350000e+00 7.500000e-01 0
2.300000e+00 7.500000e-01 0
2.300000e+00 7.500000e-01 0
2.350000e+00 7.500000e-01 0
2.350000e+00 8.000000e-01 0
2.300000e+00 8.000000e-01 0
2.300000e+00 8.000000e-01 0
2.350000e+00 8.000000e-01 0
2.350000e+00 8.500000e-01 0
2.300000e+00 8.500000e-01 0
2.300000e+00 8.500000e-01 0
2.350000e+00 8.500000e-01 0
2.350000e+00 9.000000e-01 0
2.300000e+00 9.000000e-01 0
2.300000e+00 9.000000e-01 0
2.350000e+00 9.000000e-01 0
2.350000e+00 9.500000e-01 0
2.300000e+00 9.500000e-01 0
2.300000e+00 9.500000e-01 0
2.350000e+00 9.500000e-01 0
2.350000e+00 1.000000e+00 0
2.300000e+00 1.000000e+00 0
2.350000e+00 -1.000000e+00 0
2.400000e+00 -1.000000e+00 0
2.400000e+00 -9.500000e-01 0
2.350000e+00 -9.500000e-01 0
2.350000e+00 -9.500000e-01 0
2.400000e+00 -9.500000e-01 0
2.400000e+00 -9.000000e-01 0
2.350000e+00 -9.000000e-01 0
2.350000e+00 -9.000000e-01 0
2.400000e+00 -9.000000e-01 0
2.400000e+00 -8.500000e-01 0
2.350000e+00 -8.500000e-01 0
2.350000e+00 -8.500000e-01 0
2.400000e+00 -8.500000e-01 0
2.400000e+00 -8.000000e-01 0
2.350000e+00 -8.000000e-01 0
2.350000e+00 -8.000000e-01 0
2.400000e+00 -8.000000e-01 0
2.400000e+00 -7.500000e-01 0
2.350000e+00 -7.500000e-01 0
2.350000e+00 -7.500000e-01 0
2.400000e+00 -7.500000e-01 0
2.400000e+00 -7.000000e-01 0
2.350000e+00 -7.000000e-01 0
2.350000e+00 -7.000000e-01 0
2.400000e+00 -7.000000e-01 0
2.400000e+00 -6.500000e-01 0
2.350000e+00 -6.500000e-01 0
2.350000e+00 -6.500000e-01 0
2.400000e+00 -6.500000e-01 0
2.400000e+00 -6.000000e-01 0
2.350000e+00 -6.000000e-01 0
2.350000e+00 -6.000000e-01 0
2.400000e+00 -6.000000e-01 0
2.400000e+00 -5.500000e-01 0
2.350000e+00 -5.500000e-01 0
2.350000e+00 -5.500000e-01 0
2.400000e+00 -5.500000e-01 0
2.400000e+00 -5.000000e-01 0
2.350000e+00 -5.000000e-01 0
2.350000e+00 -5.000000e-01 0
2.400000e+00 -5.000000e-01 0
2.400000e+00 -4.500000e-01 0
2.350000e+00 -4.500000e-01 0
2.350000e+00 -4.500000e-01 0
2.400000e+00 -4.500000e-01 0
2.400000e+00 -4.000000e-01 0
2.350000e+00 -4.000000e-01 0
2.350000e+00 -4.000000e-01 0
2.400000e+00 -4.000000e-01 0
2.400000e+00 -3.500000e-01 0
2.350000e+00 -3.500000e-01 0
2.350000e+00 -3.500000e-01 0
2.400000e+00 -3.500000e-01 0
2.400000e+00 -3.000000e-01 0
2.350000e+00 -3.000000e-01 0
2.350000e+00 -3.000000e-01 0
2.400000e+00 -3.000000e-01 0
2.400000e+00 -2.500000e-01 0
2.350000e+00 -2.500000e-01 0
2.350000e+00 -2.500000e-01 0
2.400000e+00 -2.500000e-01 0
2.400000e+00 -2.000000e-01 0
2.350000e+00 -2.000000e-01 0
2.350000e+00 -2.000000e-01 0
2.400000e+00 -2.000000e-01 0
2.400000e+00 -1.500000e-01 0
2.350000e+00 -1.500000e-01 0
2.350000e+00 -1.500000e-01 0
2.400000e+00 -1.500000e-01 0
2.400000e+00 -1.000000e-01 0
2.350000e+00 -1.000000e-01 0
2.350000e+00 -1.000000e-01 0
2.400000e+00 -1.000000e-01 0
2.400000e+00 -5.000000e-02 0
2.350000e+00 -5.000000e-02 0
2.350000e+00 -5.000000e-02 0
2.400000e+00 -5.000000e-02 0
2.400000e+00 5.551115e-17 0
2.350000e+00 5.551115e-17 0
2.350000e+00 5.551115e-17 0
2.400000e+00 5.551115e-17 0
2.400000e+00 5.000000e-02 0
2.350000e+00 5.000000e-02 0
2.350000e+00 5.000000e-02 0
2.400000e+00 5.000000e-02 0
2.400000e+00 1.000000e-01 0
2.350000e+00 1.000000e-01 0
2.350000e+00 1.000000e-01 0
2.400000e+00 1.000000e-01 0
2.400000e+00 1.500000e-01 0
2.350000e+00 1.500000e-01 0
2.350000e+00 1.500000e-01 0
2.400000e+00 1.500000e-01 0
2.400000e+00 2.000000e-01 0
2.350000e+00 2.000000e-01 0
2.350000e+00 2.000000e-01 0
2.400000e+00 2.000000e-01 0
2.400000e+00 2.500000e-01 0
2.350000e+00 2.500000e-01 0
2.350000e+00 2.500000e-01 0
2.400000e+00 2.500000e-01 0
2.400000e+00 3.000000e-01 0
2.350000e+00 3.000000e-01 0
2.350000e+00 3.000000e-01 0
2.400000e+00 3.000000e-01 0
2.400000e+00 3.500000e-01 0
2.350000e+00 3.500000e-01 0
2.350000e+00 3.500000e-01 0
2.400000e+00 3.500000e-01 0
2.400000e+00 4.000000e-01 0
2.350000e+00 4.000000e-01 0
2.350000e+00 4.000000e-01 0
2.400000e+00 4.000000e-01 0
2.400000e+00 4.500000e-01 0
2.350000e+00 4.500000e-01 0
2.350000e+00 4.500000e-01 0
2.400000e+00 4.500000e-01 0
2.400000e+00 5.000000e-01 0
2.350000e+00 5.000000e-01 0
2.350000e+00 5.000000e-01 0
2.400000e+00 5.000000e-01 0
2.400000e+00 5.500000e-01 0
2.350000e+00 5.500000e-01 0
2.350000e+00 5.500000e-01 0
2.400000e+00 5.500000e-01 0
2.400000e+00 6.000000e-01 0
2.350000e+00 6.000000e-01 0
2.350000e+00 6.000000e-01 0
2.400000e+00 6.000000e-01 0
2.400000e+00 6.500000e-01 0
2.350000e+00 6.500000e-01 0
2.350000e+00 6.500000e-01 0
2.400000e+00 6.500000e-01 0
2.400000e+00 7.000000e-01 0
2.350000e+00 7.000000e-01 0
2.350000e+00 7.000000e-01 0
2.400000e+00 7.000000e-01 0
2.400000e+00 7.500000e-01 0
2.350000e+00 7.500000e-01 0
2.350000e+00 7.500000e-01 0
2.400000e+00 7.500000e-01 0
2.400000e+00 8.000000e-01 0
2.350000e+00 8.000000e-01 0
2.350000e+00 8.000000e-01 0
2.400000e+00 8.000000e-01 0
2.400000e+00 8.500000e-01 0
2.350000e+00 8.500000e-01 0
2.350000e+00 8.500000e-01 0
2.400000e+00 8.500000e-01 0
2.400000e+00 9.000000e-01 0
2.350000e+00 9.000000e-01 0
2.350000e+00 9.000000e-01 0
2.400000e+00 9.000000e-01 0
2.400000e+00 9.500000e-01 0
2.350000e+00 9.500000e-01 0
2.350000e+00 9.500000e-01 0
2.400000e+00 9.500000e-01 0
2.400000e+00 1.000000e+00 0
2.350000e+00 1.000000e+00 0
2.400000e+00 -1.000000e+00 0
2.450000e+00 -1.000000e+00 0
2.450000e+00 -9.500000e-01 0
2.400000e+00 -9.500000e-01 0
2.400000e+00 -9.500000e-01 0
2.450000e+00 -9.500000e-01 0
2.450000e+00 -9.000000e-01 0
2.400000e+00 -9.000000e-01 0
2.400000e+00 -9.000000e-01 0
2.450000e+00 -9.000000e-01 0
2.450000e+00 -8.500000e-01 0
2.400000e+00 -8.500000e-01 0
2.400000e+00 -8.500000e-01 0
2.450000e+00 -8.500000e-01 0
2.450000e+00 -8.000000e-01 0
2.400000e+00 -8.000000e-01 0
2.400000e+00 -8.000000e-01 0
2.450000e+00 -8.000000e-01 0
2.450000e+00 -7.500000e-01 0
2.400000e+00 -7.500000e-01 0
2.400000e+00 -7.500000e-01 0
2.450000e+00 -7.500000e-01 0
2.450000e+00 -7.000000e-01 0
2.400000e+00 -7.000000e-01 0
2.400000e+00 -7.000000e-01 0
2.450000e+00 -7.000000e-01 0
2.450000e+00 -6.500000e-01 0
2.400000e+00 -6.500000e-01 0
2.400000e+00 -6.500000e-01 0
2.450000e+00 -6.500000e-01 0
2.450000e+00 -6.000000e-01 0
2.400000e+00 -6.000000e-01 0
2.400000e+00 -6.000000e-01 0
2.450000e+00 -6.000000e-01 0
2.450000e+00 -5.500000e-01 0
2.400000e+00 -5.500000e-01 0
2.400000e+00 -5.500000e-01 0
2.450000e+00 -5.500000e-01 0
2.450000e+00 -5.000000e-01 0
2.400000e+00 -5.000000e-01 0
2.400000e+00 -5.000000e-01 0
2.450000e+00 -5.000000e-01 0
2.450000e+00 -4.500000e-01 0
2.400000e+00 -4.500000e-01 0
2.400000e+00 -4.500000e-01 0
2.450000e+00 -4.500000e-01 0
2.450000e+00 -4.000000e-01 0
2.400000e+00 -4.000000e-01 0
2.400000e+00 -4.000000e-01 0
2.450000e+00 -4.000000e-01 0
2.450000e+00 -3.500000e-01 0
2.400000e+00 -3.500000e-01 0
2.400000e+00 -3.500000e-01 0
2.450000e+00 -3.500000e-01 0
2.450000e+00 -3.000000e-01 0
2.400000e+00 -3.000000e-01 0
2.400000e+00 -3.000000e-01 0
2.450000e+00 -3.000000e-01 0
2.450000e+00 -2.500000e-01 0
2.400000e+00 -2.500000e-01 0
2.400000e+00 -2.500000e-01 0
2.450000e+00 -2.500000e-01 0
2.450000e+00 -2.000000e-01 0
2.400000e+00 -2.000000e-01 0
2.400000e+00 -2.000000e-01 0
2.450000e+00 -2.000000e-01 0
2.450000e+00 -1.500000e-01 0
2.400000e+00 -1.500000e-01 0
2.400000e+00 -1.500000e-01 0
2.450000e+00 -1.500000e-01 0
2.450000e+00 -1.000000e-01 0
2.400000e+00 -1.000000e-01 0
2.400000e+00 -1.000000e-01 0
2.450000e+00 -1.000000e-01 0
2.450000e+00 -5.000000e-02 0
2.400000e+00 -5.000000e-02 0
2.400000e+00 -5.000000e-02 0
2.450000e+00 -5.000000e-02 0
2.450000e+00 5.551115e-17 0
2.400000e+00 5.551115e-17 0
2.400000e+00 5.551115e-17 0
2.450000e+00 5.551115e-17 0
2.450000e+00 5.000000e-02 0
2.400000e+00 5.000000e-02 0
2.400000e+00 5.000000e-02 0
2.450000e+00 5.000000e-02 0
2.450000e+00 1.000000e-01 0
2.400000e+00 1.000000e-01 0
2.400000e+00 1.000000e-01 0
2.450000e+00 1.000000e-01 0
2.450000e+00 1.500000e-01 0
2.400000e+00 1.500000e-01 0
2.400000e+00 1.500000e-01 0
2.450000e+00 1.500000e-01 0
2.450000e+00 2.000000e-01 0
2.400000e+00 2.000000e-01 0
2.400000e+00 2.000000e-01 0
2.450000e+00 2.000000e-01 0
2.450000e+00 2.500000e-01 0
2.400000e+00 2.500000e-01 0
2.400000e+00 2.500000e-01 0
2.450000e+00 2.500000e-01 0
2.450000e+00 3.000000e-01 0
2.400000e+00 3.000000e-01 0
2.400000e+00 3.000000e-01 0
2.450000e+00 3.000000e-01 0
2.450000e+00 3.500000e-01 0
2.400000e+00 3.500000e-01 0
2.400000e+00 3.500000e-01 0
2.450000e+00 3.500000e-01 0
2.450000e+00 4.000000e-01 0
2.400000e+00 4.000000e-01 0
2.400000e+00 4.000000e-01 0
2.450000e+00 4.000000e-01 0
2.450000e+00 4.500000e-01 0
2.400000e+00 4.500000e-01 0
2.400000e+00 4.500000e-01 0
2.450000e+00 4.500000e-01 0
2.450000e+00 5.000000e-01 0
2.400000e+00 5.000000e-01 0
2.400000e+00 5.000000e-01 0
2.450000e+00 5.000000e-01 0
2.450000e+00 5.500000e-01 0
2.400000e+00 5.500000e-01 0
2.400000e+00 5.500000e-01 0
2.450000e+00 5.500000e-01 0
2.450000e+00 6.000000e-01 0
2.400000e+00 6.000000e-01 0
2.400000e+00 6.000000e-01 0
2.450000e+00 6.000000e-01 0
2.450000e+00 6.500000e-01 0
2.400000e+00 6.500000e-01 0
2.400000e+00 6.500000e-01 0
2.450000e+00 6.500000e-01 0
2.450000e+00 7.000000e-01 0
2.400000e+00 7.000000e-01 0
2.400000e+00 7.000000e-01 0
2.450000e+00 7.000000e-01 0
2.450000e+00 7.500000e-01 0
2.400000e+00 7.500000e-01 0
2.400000e+00 7.500000e-01 0
2.450000e+00 7.500000e-01 0
2.450000e+00 8.000000e-01 0
2.400000e+00 8.000000e-01 0
2.400000e+00 8.000000e-01 0
2.450000e+00 8.000000e-01 0
2.450000e+00 8.500000e-01 0
2.400000e+00 8.500000e-01 0
2.400000e+00 8.500000e-01 0
2.450000e+00 8.500000e-01 0
2.450000e+00 9.000000e-01 0
2.400000e+00 9.000000e-01 0
2.400000e+00 9.000000e-01 0
2.450000e+00 9.000000e-01 0
2.450000e+00 9.500000e-01 0
2.400000e+00 9.500000e-01 0
2.400000e+00 9.500000e-01 0
2.450000e+00 9.500000e-01 0
2.450000e+00 1.000000e+00 0
2.400000e+00 1.000000e+00 0
2.450000e+00 -1.000000e+00 0
2.500000e+00 -1.000000e+00 0
2.500000e+00 -9.500000e-01 0
2.450000e+00 -9.500000e-01 0
2.450000e+00 -9.500000e-01 0
2.500000e+00 -9.500000e-01 0
2.500000e+00 -9.000000e-01 0
2.450000e+00 -9.000000e-01 0
2.450000e+00 -9.000000e-01 0
2.500000e+00 -9.000000e-01 0
2.500000e+00 -8.500000e-01 0
2.450000e+00 -8.500000e-01 0
2.450000e+00 -8.500000e-01 0
2.500000e+00 -8.500000e-01 0
2.500000e+00 -8.000000e-01 0
2.450000e+00 -8.000000e-01 0
2.450000e+00 -8.000000e-01 0
2.500000e+00 -8.000000e-01 0
2.500000e+00 -7.500000e-01 0
2.450000e+00 -7.500000e-01 0
2.450000e+00 -7.500000e-01 0
2.500000e+00 -7.500000e-01 0
2.500000e+00 -7.000000e-01 0
2.450000e+00 -7.000000e-01 0
2.450000e+00 -7.000000e-01 0
2.500000e+00 -7.000000e-01 0
2.500000e+00 -6.500000e-01 0
2.450000e+00 -6.500000e-01 0
2.450000e+00 -6.500000e-01 0
2.500000e+00 -6.500000e-01 0
2.500000e+00 -6.000000e-01 0
2.450000e+00 -6.000000e-01 0
2.450000e+00 -6.000000e-01 0
2.500000e+00 -6.000000e-01 0
2.500000e+00 -5.500000e-01 0
2.450000e+00 -5.500000e-01 0
2.450000e+00 -5.500000e-01 0
2.500000e+00 -5.500000e-01 0
2.500000e+00 -5.000000e-01 0
2.450000e+00 -5.000000e-01 0
2.450000e+00 -5.000000e-01 0
2.500000e+00 -5.000000e-01 0
2.500000e+00 -4.500000e-01 0
2.450000e+00 -4.500000e-01 0
2.450000e+00 -4.500000e-01 0
2.500000e+00 -4.500000e-01 0
2.500000e+00 -4.000000e-01 0
2.450000e+00 -4.000000e-01 0
2.450000e+00 -4.000000e-01 0
2.500000e+00 -4.000000e-01 0
2.500000e+00 -3.500000e-01 0
2.450000e+00 -3.500000e-01 0
2.450000e+00 -3.500000e-01 0
2.500000e+00 -3.500000e-01 0
2.500000e+00 -3.000000e-01 0
2.450000e+00 -3.000000e-01 0
2.450000e+00 -3.000000e-01 0
2.500000e+00 -3.000000e-01 0
2.500000e+00 -2.500000e-01 0
2.450000e+00 -2.500000e-01 0
2.450000e+00 -2.500000e-01 0
2.500000e+00 -2.500000e-01 0
2.500000e+00 -2.000000e-01 0
2.450000e+00 -2.000000e-01 0
2.450000e+00 -2.000000e-01 0
2.500000e+00 -2.000000e-01 0
2.500000e+00 -1.500000e-01 0
2.450000e+00 -1.500000e-01 0
2.450000e+00 -1.500000e-01 0
2.500000e+00 -1.500000e-01 0
2.500000e+00 -1.000000e-01 0
2.450000e+00 -1.000000e-01 0
2.450000e+00 -1.000000e-01 0
2.500000e+00 -1.000000e-01 0
2.500000e+00 -5.000000e-02 0
2.450000e+00 -5.000000e-02 0
2.450000e+00 -5.000000e-02 0
2.500000e+00 -5.000000e-02 0
2.500000e+00 5.551115e-17 0
2.450000e+00 5.551115e-17 0
2.450000e+00 5.551115e-17 0
2.500000e+00 5.551115e-17 0
2.500000e+00 5.000000e-02 0
2.450000e+00 5.000000e-02 0
2.450000e+00 5.000000e-02 0
2.500000e+00 5.000000e-02 0
2.500000e+00 1.000000e-01 0
2.450000e+00 1.000000e-01 0
2.450000e+00 1.000000e-01 0
2.500000e+00 1.000000e-01 0
2.500000e+00 1.500000e-01 0
2.450000e+00 1.500000e-01 0
2.450000e+00 1.500000e-01 0
2.500000e+00 1.500000e-01 0
2.500000e+00 2.000000e-01 0
2.450000e+00 2.000000e-01 0
2.450000e+00 2.000000e-01 0
2.500000e+00 2.000000e-01 0
2.500000e+00 2.500000e-01 0
2.450000e+00 2.500000e-01 0
2.450000e+00 2.500000e-01 0
2.500000e+00 2.500000e-01 0
2.500000e+00 3.000000e-01 0
2.450000e+00 3.000000e-01 0
2.450000e+00 3.000000e-01 0
2.500000e+00 3.000000e-01 0
2.500000e+00 3.500000e-01 0
2.450000e+00 3.500000e-01 0
2.450000e+00 3.500000e-01 0
2.500000e+00 3.500000e-01 0
2.500000e+00 4.000000e-01 0
2.450000e+00 4.000000e-01 0
2.450000e+00 4.000000e-01 0
2.500000e+00 4.000000e-01 0
2.500000e+00 4.500000e-01 0
2.450000e+00 4.500000e-01 0
2.450000e+00 4.500000e-01 0
2.500000e+00 4.500000e-01 0
2.500000e+00 5.000000e-01 0
2.450000e+00 5.000000e-01 0
2.450000e+00 5.000000e-01 0
2.500000e+00 5.000000e-01 0
2.500000e+00 5.500000e-01 0
2.450000e+00 5.500000e-01 0
2.450000e+00 5.500000e-01 0
2.500000e+00 5.500000e-01 0
2.500000e+00 6.000000e-01 0
2.450000e+00 6.000000e-01 0
2.450000e+00 6.000000e-01 0
2.500000e+00 6.000000e-01 0
2.500000e+00 6.500000e-01 0
2.450000e+00 6.500000e-01 0
2.450000e+00 6.500000e-01 0
2.500000e+00 6.500000e-01 0
2.500000e+00 7.000000e-01 0
2.450000e+00 7.000000e-01 0
2.450000e+00 7.000000e-01 0
2.500000e+00 7.000000e-01 0
2.500000e+00 7.500000e-01 0
2.450000e+00 7.500000e-01 0
2.450000e+00 7.500000e-01 0
2.500000e+00 7.500000e-01 0
2.500000e+00 8.000000e-01 0
2.450000e+00 8.000000e-01 0
2.450000e+00 8.000000e-01 0
2.500000e+00 8.000000e-01 0
2.500000e+00 8.500000e-01 0
2.450000e+00 8.500000e-01 0
2.450000e+00 8.500000e-01 0
2.500000e+00 8.500000e-01 0
2.500000e+00 9.000000e-01 0
2.450000e+00 9.000000e-01 0
2.450000e+00 9.000000e-01 0
2.500000e+00 9.000000e-01 0
2.500000e+00 9.500000e-01 0
2.450000e+00 9.500000e-01 0
2.450000e+00 9.500000e-01 0
2.500000e+00 9.500000e-01 0
2.500000e+00 1.000000e+00 0
2.450000e+00 1.000000e+00 0
2.500000e+00 -1.000000e+00 0
2.550000e+00 -1.000000e+00 0
2.550000e+00 -9.500000e-01 0
2.500000e+00 -9.500000e-01 0
2.500000e+00 -9.500000e-01 0
2.550000e+00 -9.500000e-01 0
2.550000e+00 -9.000000e-01 0
2.500000e+00 -9.000000e-01 0
2.500000e+00 -9.000000e-01 0
2.550000e+00 -9.000000e-01 0
2.550000e+00 -8.500000e-01 0
2.500000e+00 -8.500000e-01 0
2.500000e+00 -8.500000e-01 0
2.550000e+00 -8.500000e-01 0
2.550000e+00 -8.000000e-01 0
2.500000e+00 -8.000000e-01 0
2.500000e+00 -8.000000e-01 0
2.550000e+00 -8.000000e-01 0
2.550000e+00 -7.500000e-01 0
2.500000e+00 -7.500000e-01 0
2.500000e+00 -7.500000e-01 0
2.550000e+00 -7.500000e-01 0
2.550000e+00 -7.000000e-01 0
2.500000e+00 -7.000000e-01 0
2.500000e+00 -7.000000e-01 0
2.550000e+00 -7.000000e-01 0
2.550000e+00 -6.500000e-01 0
2.500000e+00 -6.500000e-01 0
2.500000e+00 -6.500000e-01 0
2.550000e+00 -6.500000e-01 0
2.550000e+00 -6.000000e-01 0
2.500000e+00 -6.000000e-01 0
2.500000e+00 -6.000000e-01 0
2.550000e+00 -6.000000e-01 0
2.550000e+00 -5.500000e-01 0
2.500000e+00 -5.500000e-01 0
2.500000e+00 -5.500000e-01 0
2.550000e+00 -5.500000e-01 0
2.550000e+00 -5.000000e-01 0
2.500000e+00 -5.000000e-01 0
2.500000e+00 -5.000000e-01 0
2.550000e+00 -5.000000e-01 0
2.550000e+00 -4.500000e-01 0
2.500000e+00 -4.500000e-01 0
2.500000e+00 -4.500000e-01 0
2.550000e+00 -4.500000e-01 0
2.550000e+00 -4.000000e-01 0
2.500000e+00 -4.000000e-01 0
2.500000e+00 -4.000000e-01 0
2.550000e+00 -4.000000e-01 0
2.550000e+00 -3.500000e-01 0
2.500000e+00 -3.500000e-01 0
2.500000e+00 -3.500000e-01 0
2.550000e+00 -3.500000e-01 0
2.550000e+00 -3.000000e-01 0
2.500000e+00 -3.000000e-01 0
2.500000e+00 -3.000000e-01 0
2.550000e+00 -3.000000e-01 0
2.550000e+00 -2.500000e-01 0
2.500000e+00 -2.500000e-01 0
2.500000e+00 -2.500000e-01 0
2.550000e+00 -2.500000e-01 0
2.550000e+00 -2.000000e-01 0
2.500000e+00 -2.000000e-01 0
2.500000e+00 -2.000000e-01 0
2.550000e+00 -2.000000e-01 0
2.550000e+00 -1.500000e-01 0
2.500000e+00 -1.500000e-01 0
2.500000e+00 -1.500000e-01 0
2.550000e+00 -1.500000e-01 0
2.550000e+00 -1.000000e-01 0
2.500000e+00 -1.000000e-01 0
2.500000e+00 -1.000000e-01 0
2.550000e+00 -1.000000e-01 0
2.550000e+00 -5.000000e-02 0
2.500000e+00 -5.000000e-02 0
2.500000e+00 -5.000000e-02 0
2.550000e+00 -5.000000e-02 0
2.550000e+00 5.551115e-17 0
2.500000e+00 5.551115e-17 0
2.500000e+00 5.551115e-17 0
2.550000e+00 5.551115e-17 0
2.550000e+00 5.000000e-02 0
2.500000e+00 5.000000e-02 0
2.500000e+00 5.000000e-02 0
2.550000e+00 5.000000e-02 0
2.550000e+00 1.000000e-01 0
2.500000e+00 1.000000e-01 0
2.500000e+00 1.000000e-01 0
2.550000e+00 1.000000e-01 0
2.550000e+00 1.500000e-01 0
2.500000e+00 1.500000e-01 0
2.500000e+00 1.500000e-01 0
2.550000e+00 1.500000e-01 0
2.550000e+00 2.000000e-01 0
2.500000e+00 2.000000e-01 0
2.500000e+00 2.000000e-01 0
2.550000e+00 2.000000e-01 0
2.550000e+00 2.500000e-01 0
2.500000e+00 2.500000e-01 0
2.500000e+00 2.500000e-01 0
2.550000e+00 2.500000e-01 0
2.550000e+00 3.000000e-01 0
2.500000e+00 3.000000e-01 0
2.500000e+00 3.000000e-01 0
2.550000e+00 3.000000e-01 0
2.550000e+00 3.500000e-01 0
2.500000e+00 3.500000e-01 0
2.500000e+00 3.500000e-01 0
2.550000e+00 3.500000e-01 0
2.550000e+00 4.000000e-01 0
2.500000e+00 4.000000e-01 0
2.500000e+00 4.000000e-01 0
2.550000e+00 4.000000e-01 0
2.550000e+00 4.500000e-01 0
2.500000e+00 4.500000e-01 0
2.500000e+00 4.500000e-01 0
2.550000e+00 4.500000e-01 0
2.550000e+00 5.000000e-01 0
2.500000e+00 5.000000e-01 0
2.500000e+00 5.000000e-01 0
2.550000e+00 5.000000e-01 0
2.550000e+00 5.500000e-01 0
2.500000e+00 5.500000e-01 0
2.500000e+00 5.500000e-01 0
2.550000e+00 5.500000e-01 0
2.550000e+00 6.000000e-01 0
2.500000e+00 6.000000e-01 0
2.500000e+00 6.000000e-01 0
2.550000e+00 6.000000e-01 0
2.550000e+00 6.500000e-01 0
2.500000e+00 6.500000e-01 0
2.500000e+00 6.500000e-01 0
2.550000e+00 6.500000e-01 0
2.550000e+00 7.000000e-01 0
2.500000e+00 7.000000e-01 0
2.500000e+00 7.000000e-01 0
2.550000e+00 7.000000e-01 0
2.550000e+00 7.500000e-01 0
2.500000e+00 7.500000e-01 0
2.500000e+00 7.500000e-01 0
2.550000e+00 7.500000e-01 0
2.550000e+00 8.000000e-01 0
2.500000e+00 8.000000e-01 0
2.500000e+00 8.000000e-01 0
2.550000e+00 8.000000e-01 0
2.550000e+00 8.500000e-01 0
2.500000e+00 8.500000e-01 0
2.500000e+00 8.500000e-01 0
2.550000e+00 8.500000e-01 0
2.550000e+00 9.000000e-01 0
2.500000e+00 9.000000e-01 0
2.500000e+00 9.000000e-01 0
2.550000e+00 9.000000e-01 0
2.550000e+00 9.500000e-01 0
2.500000e+00 9.500000e-01 0
2.500000e+00 9.500000e-01 0
2.550000e+00 9.500000e-01 0
2.550000e+00 1.000000e+00 0
2.500000e+00 1.000000e+00 0
2.550000e+00 -1.000000e+00 0
2.600000e+00 -1.000000e+00 0
2.600000e+00 -9.500000e-01 0
2.550000e+00 -9.500000e-01 0
2.550000e+00 -9.500000e-01 0
2.600000e+00 -9.500000e-01 0
2.600000e+00 -9.000000e-01 0
2.550000e+00 -9.000000e-01 0
2.550000e+00 -9.000000e-01 0
2.600000e+00 -9.000000e-01 0
2.600000e+00 -8.500000e-01 0
2.550000e+00 -8.500000e-01 0
2.550000e+00 -8.500000e-01 0
2.600000e+00 -8.500000e-01 0
2.600000e+00 -8.000000e-01 0
2.550000e+00 -8.000000e-01 0
2.550000e+00 -8.000000e-01 0
2.600000e+00 -8.000000e-01 0
2.600000e+00 -7.500000e-01 0
2.550000e+00 -7.500000e-01 0
2.550000e+00 -7.500000e-01 0
2.600000e+00 -7.500000e-01 0
2.600000e+00 -7.000000e-01 0
2.550000e+00 -7.000000e-01 0
2.550000e+00 -7.000000e-01 0
2.600000e+00 -7.000000e-01 0
2.600000e+00 -6.500000e-01 0
2.550000e+00 -6.500000e-01 0
2.550000e+00 -6.500000e-01 0
2.600000e+00 -6.500000e-01 0
2.600000e+00 -6.000000e-01 0
2.550000e+00 -6.000000e-01 0
2.550000e+00 -6.000000e-01 0
2.600000e+00 -6.000000e-01 0
2.600000e+00 -5.500000e-01 0
2.550000e+00 -5.500000e-01 0
2.550000e+00 -5.500000e-01 0
2.600000e+00 -5.500000e-01 0
2.600000e+00 -5.000000e-01 0
2.550000e+00 -5.000000e-01 0
2.550000e+00 -5.000000e-01 0
2.600000e+00 -5.000000e-01 0
2.600000e+00 -4.500000e-01 0
2.550000e+00 -4.500000e-01 0
2.550000e+00 -4.500000e-01 0
2.600000e+00 -4.500000e-01 0
2.600000e+00 -4.000000e-01 0
2.550000e+00 -4.000000e-01 0
2.550000e+00 -4.000000e-01 0
2.600000e+00 -4.000000e-01 0
2.600000e+00 -3.500000e-01 0
2.550000e+00 -3.500000e-01 0
2.550000e+00 -3.500000e-01 0
2.600000e+00 -3.500000e-01 0
2.600000e+00 -3.000000e-01 0
2.550000e+00 -3.000000e-01 0
2.550000e+00 -3.000000e-01 0
2.600000e+00 -3.000000e-01 0
2.600000e+00 -2.500000e-01 0
2.550000e+00 -2.500000e-01 0
2.550000e+00 -2.500000e-01 0
2.600000e+00 -2.500000e-01 0
2.600000e+00 -2.000000e-01 0
2.550000e+00 -2.000000e-01 0
2.550000e+00 -2.000000e-01 0
2.600000e+00 -2.000000e-01 0
2.600000e+00 -1.500000e-01 0
2.550000e+00 -1.500000e-01 0
2.550000e+00 -1.500000e-01 0
2.600000e+00 -1.500000e-01 0
2.600000e+00 -1.000000e-01 0
2.550000e+00 -1.000000e-01 0
2.550000e+00 -1.000000e-01 0
2.600000e+00 -1.000000e-01 0
2.600000e+00 -5.000000e-02 0
2.550000e+00 -5.000000e-02 0
2.550000e+00 -5.000000e-02 0
2.600000e+00 -5.000000e-02 0
2.600000e+00 5.551115e-17 0
2.550000e+00 5.551115e-17 0
2.550000e+00 5.551115e-17 0
2.600000e+00 5.551115e-17 0
2.600000e+00 5.000000e-02 0
2.550000e+00 5.000000e-02 0
2.550000e+00 5.000000e-02 0
2.600000e+00 5.000000e-02 0
2.600000e+00 1.000000e-01 0
2.550000e+00 1.000000e-01 0
2.550000e+00 1.000000e-01 0
2.600000e+00 1.000000e-01 0
2.600000e+00 1.500000e-01 0
2.550000e+00 1.500000e-01 0
2.550000e+00 1.500000e-01 0
2.600000e+00 1.500000e-01 0
2.600000e+00 2.000000e-01 0
2.550000e+00 2.000000e-01 0
2.550000e+00 2.000000e-01 0
2.600000e+00 2.000000e-01 0
2.600000e+00 2.500000e-01 0
2.550000e+00 2.500000e-01 0
2.550000e+00 2.500000e-01 0
2.600000e+00 2.500000e-01 0
2.600000e+00 3.000000e-01 0
2.550000e+00 3.000000e-01 0
2.550000e+00 3.000000e-01 0
2.600000e+00 3.000000e-01 0
2.600000e+00 3.500000e-01 0
2.550000e+00 3.500000e-01 0
2.550000e+00 3.500000e-01 0
2.600000e+00 3.500000e-01 0
2.600000e+00 4.000000e-01 0
2.550000e+00 4.000000e-01 0
2.550000e+00 4.000000e-01 0
2.600000e+00 4.000000e-01 0
2.600000e+00 4.500000e-01 0
2.550000e+00 4.500000e-01 0
2.550000e+00 4.500000e-01 0
2.600000e+00 4.500000e-01 0
2.600000e+00 5.000000e-01 0
2.550000e+00 5.000000e-01 0
2.550000e+00 5.000000e-01 0
2.600000e+00 5.000000e-01 0
2.600000e+00 5.500000e-01 0
2.550000e+00 5.500000e-01 0
2.550000e+00 5.500000e-01 0
2.600000e+00 5.500000e-01 0
2.600000e+00 6.000000e-01 0
2.550000e+00 6.000000e-01 0
2.550000e+00 6.000000e-01 0
2.600000e+00 6.000000e-01 0
2.600000e+00 6.500000e-01 0
2.550000e+00 6.500000e-01 0
2.550000e+00 6.500000e-01 0
2.600000e+00 6.500000e-01 0
2.600000e+00 7.000000e-01 0
2.550000e+00 7.000000e-01 0
2.550000e+00 7.000000e-01 0
2.600000e+00 7.000000e-01 0
2.600000e+00 7.500000e-01 0
2.550000e+00 7.500000e-01 0
2.550000e+00 7.500000e-01 0
2.600000e+00 7.500000e-01 0
2.600000e+00 8.000000e-01 0
2.550000e+00 8.000000e-01 0
2.550000e+00 8.000000e-01 0
2.600000e+00 8.000000e-01 0
2.600000e+00 8.500000e-01 0
2.550000e+00 8.500000e-01 0
2.550000e+00 8.500000e-01 0
2.600000e+00 8.500000e-01 0
2.600000e+00 9.000000e-01 0
2.550000e+00 9.000000e-01 0
2.550000e+00 9.000000e-01 0
2.600000e+00 9.000000e-01 0
2.600000e+00 9.500000e-01 0
2.550000e+00 9.500000e-01 0
2.550000e+00 9.500000e-01 0
2.600000e+00 9.500000e-01 0
2.600000e+00 1.000000e+00 0
2.550000e+00 1.000000e+00 0
2.600000e+00 -1.000000e+00 0
2.650000e+00 -1.000000e+00 0
2.650000e+00 -9.500000e-01 0
2.600000e+00 -9.500000e-01 0
2.600000e+00 -9.500000e-01 0
2.650000e+00 -9.500000e-01 0
2.650000e+00 -9.000000e-01 0
2.600000e+00 -9.000000e-01 0
2.600000e+00 -9.000000e-01 0
2.650000e+00 -9.000000e-01 0
2.650000e+00 -8.500000e-01 0
2.600000e+00 -8.500000e-01 0
2.600000e+00 -8.500000e-01 0
2.650000e+00 -8.500000e-01 0
2.650000e+00 -8.000000e-01 0
2.600000e+00 -8.000000e-01 0
2.600000e+00 -8.000000e-01 0
2.650000e+00 -8.000000e-01 0
2.650000e+00 -7.500000e-01 0
2.600000e+00 -7.500000e-01 0
2.600000e+00 -7.500000e-01 0
2.650000e+00 -7.500000e-01 0
2.650000e+00 -7.000000e-01 0
2.600000e+00 -7.000000e-01 0
2.600000e+00 -7.000000e-01 0
2.650000e+00 -7.000000e-01 0
2.650000e+00 -6.500000e-01 0
2.600000e+00 -6.500000e-01 0
2.600000e+00 -6.500000e-01 0
2.650000e+00 -6.500000e-01 0
2.650000e+00 -6.000000e-01 0
2.600000e+00 -6.000000e-01 0
2.600000e+00 -6.000000e-01 0
2.650000e+00 -6.000000e-01 0
2.650000e+00 -5.500000e-01 0
2.600000e+00 -5.500000e-01 0
2.600000e+00 -5.500000e-01 0
2.650000e+00 -5.500000e-01 0
2.650000e+00 -5.000000e-01 0
2.600000e+00 -5.000000e-01 0
2.600000e+00 -5.000000e-01 0
2.650000e+00 -5.000000e-01 0
2.650000e+00 -4.500000e-01 0
2.600000e+00 -4.500000e-01 0
2.600000e+00 -4.500000e-01 0
2.650000e+00 -4.500000e-01 0
2.650000e+00 -4.000000e-01 0
2.600000e+00 -4.000000e-01 0
2.600000e+00 -4.000000e-01 0
2.650000e+00 -4.000000e-01 0
2.650000e+00 -3.500000e-01 0
2.600000e+00 -3.500000e-01 0
2.600000e+00 -3.500000e-01 0
2.650000e+00 -3.500000e-01 0
2.650000e+00 -3.000000e-01 0
2.600000e+00 -3.000000e-01 0
2.600000e+00 -3.000000e-01 0
2.650000e+00 -3.000000e-01 0
2.650000e+00 -2.500000e-01 0
2.600000e+00 -2.500000e-01 0
2.600000e+00 -2.500000e-01 0
2.650000e+00 -2.500000e-01 0
2.650000e+00 -2.000000e-01 0
2.600000e+00 -2.000000e-01 0
2.600000e+00 -2.000000e-01 0
2.650000e+00 -2.000000e-01 0
2.650000e+00 -1.500000e-01 0
2.600000e+00 -1.500000e-01 0
2.600000e+00 -1.500000e-01 0
2.650000e+00 -1.500000e-01 0
2.650000e+00 -1.000000e-01 0
2.600000e+00 -1.000000e-01 0
2.600000e+00 -1.000000e-01 0
2.650000e+00 -1.000000e-01 0
2.650000e+00 -5.000000e-02 0
2.600000e+00 -5.000000e-02 0
2.600000e+00 -5.000000e-02 0
2.650000e+00 -5.000000e-02 0
2.650000e+00 5.551115e-17 0
2.600000e+00 5.551115e-17 0
2.600000e+00 5.551115e-17 0
2.650000e+00 5.551115e-17 0
2.650000e+00 5.000000e-02 0
2.600000e+00 5.000000e-02 0
2.600000e+00 5.000000e-02 0
2.650000e+00 5.000000e-02 0
2.650000e+00 1.000000e-01 0
2.600000e+00 1.000000e-01 0
2.600000e+00 1.000000e-01 0
2.650000e+00 1.000000e-01 0
2.650000e+00 1.500000e-01 0
2.600000e+00 1.500000e-01 0
2.600000e+00 1.500000e-01 0
2.650000e+00 1.500000e-01 0
2.650000e+00 2.000000e-01 0
2.600000e+00 2.000000e-01 0
2.600000e+00 2.000000e-01 0
2.650000e+00 2.000000e-01 0
2.650000e+00 2.500000e-01 0
2.600000e+00 2.500000e-01 0
2.600000e+00 2.500000e-01 0
2.650000e+00 2.500000e-01 0
2.650000e+00 3.000000e-01 0
2.600000e+00 3.000000e-01 0
2.600000e+00 3.000000e-01 0
2.650000e+00 3.000000e-01 0
2.650000e+00 3.500000e-01 0
2.600000e+00 3.500000e-01 0
2.600000e+00 3.500000e-01 0
2.650000e+00 3.500000e-01 0
2.650000e+00 4.000000e-01 0
2.600000e+00 4.000000e-01 0
2.600000e+00 4.000000e-01 0
2.650000e+00 4.000000e-01 0
2.650000e+00 4.500000e-01 0
2.600000e+00 4.500000e-01 0
2.600000e+00 4.500000e-01 0
2.650000e+00 4.500000e-01 0
2.650000e+00 5.000000e-01 0
2.600000e+00 5.000000e-01 0
2.600000e+00 5.000000e-01 0
2.650000e+00 5.000000e-01 0
2.650000e+00 5.500000e-01 0
2.600000e+00 5.500000e-01 0
2.600000e+00 5.500000e-01 0
2.650000e+00 5.500000e-01 0
2.650000e+00 6.000000e-01 0
2.600000e+00 6.000000e-01 0
2.600000e+00 6.000000e-01 0
2.650000e+00 6.000000e-01 0
2.650000e+00 6.500000e-01 0
2.600000e+00 6.500000e-01 0
2.600000e+00 6.500000e-01 0
2.650000e+00 6.500000e-01 0
2.650000e+00 7.000000e-01 0
2.600000e+00 7.000000e-01 0
2.600000e+00 7.000000e-01 0
2.650000e+00 7.000000e-01 0
2.650000e+00 7.500000e-01 0
2.600000e+00 7.500000e-01 0
2.600000e+00 7.500000e-01 0
2.650000e+00 7.500000e-01 0
2.650000e+00 8.000000e-01 0
2.600000e+00 8.000000e-01 0
2.600000e+00 8.000000e-01 0
2.650000e+00 8.000000e-01 0
2.650000e+00 8.500000e-01 0
2.600000e+00 8.500000e-01 0
2.600000e+00 8.500000e-01 0
2.650000e+00 8.500000e-01 0
2.650000e+00 9.000000e-01 0
2.600000e+00 9.000000e-01 0
2.600000e+00 9.000000e-01 0
2.650000e+00 9.000000e-01 0
2.650000e+00 9.500000e-01 0
2.600000e+00 9.500000e-01 0
2.600000e+00 9.500000e-01 0
2.650000e+00 9.500000e-01 0
2.650000e+00 1.000000e+00 0
2.600000e+00 1.000000e+00 0
2.650000e+00 -1.000000e+00 0
2.700000e+00 -1.000000e+00 0
2.700000e+00 -9.500000e-01 0
2.650000e+00 -9.500000e-01 0
2.650000e+00 -9.500000e-01 0
2.700000e+00 -9.500000e-01 0
2.700000e+00 -9.000000e-01 0
2.650000e+00 -9.000000e-01 0
2.650000e+00 -9.000000e-01 0
2.700000e+00 -9.000000e-01 0
2.700000e+00 -8.500000e-01 0
2.650000e+00 -8.500000e-01 0
2.650000e+00 -8.500000e-01 0
2.700000e+00 -8.500000e-01 0
2.700000e+00 -8.000000e-01 0
2.650000e+00 -8.000000e-01 0
2.650000e+00 -8.000000e-01 0
2.700000e+00 -8.000000e-01 0
2.700000e+00 -7.500000e-01 0
2.650000e+00 -7.500000e-01 0
2.650000e+00 -7.500000e-01 0
2.700000e+00 -7.500000e-01 0
2.700000e+00 -7.000000e-01 0
2.650000e+00 -7.000000e-01 0
2.650000e+00 -7.000000e-01 0
2.700000e+00 -7.000000e-01 0
2.700000e+00 -6.500000e-01 0
2.650000e+00 -6.500000e-01 0
2.650000e+00 -6.500000e-01 0
2.700000e+00 -6.500000e-01 0
2.700000e+00 -6.000000e-01 0
2.650000e+00 -6.000000e-01 0
2.650000e+00 -6.000000e-01 0
2.700000e+00 -6.000000e-01 0
2.700000e+00 -5.500000e-01 0
2.650000e+00 -5.500000e-01 0
2.650000e+00 -5.500000e-01 0
2.700000e+00 -5.500000e-01 0
2.700000e+00 -5.000000e-01 0
2.650000e+00 -5.000000e-01 0
2.650000e+00 -5.000000e-01 0
2.700000e+00 -5.000000e-01 0
2.700000e+00 -4.500000e-01 0
2.650000e+00 -4.500000e-01 0
2.650000e+00 -4.500000e-01 0
2.700000e+00 -4.500000e-01 0
2.700000e+00 -4.000000e-01 0
2.650000e+00 -4.000000e-01 0
2.650000e+00 -4.000000e-01 0
2.700000e+00 -4.000000e-01 0
2.700000e+00 -3.500000e-01 0
2.650000e+00 -3.500000e-01 0
2.650000e+00 -3.500000e-01 0
2.700000e+00 -3.500000e-01 0
2.700000e+00 -3.000000e-01 0
2.650000e+00 -3.000000e-01 0
2.650000e+00 -3.000000e-01 0
2.700000e+00 -3.000000e-01 0
2.700000e+00 -2.500000e-01 0
2.650000e+00 -2.500000e-01 0
2.650000e+00 -2.500000e-01 0
2.700000e+00 -2.500000e-01 0
2.700000e+00 -2.000000e-01 0
2.650000e+00 -2.000000e-01 0
2.650000e+00 -2.000000e-01 0
2.700000e+00 -2.000000e-01 0
2.700000e+00 -1.500000e-01 0
2.650000e+00 -1.500000e-01 0
2.650000e+00 -1.500000e-01 0
2.700000e+00 -1.500000e-01 0
2.700000e+00 -1.000000e-01 0
2.650000e+00 -1.000000e-01 0
2.650000e+00 -1.000000e-01 0
2.700000e+00 -1.000000e-01 0
2.700000e+00 -5.000000e-02 0
2.650000e+00 -5.000000e-02 0
2.650000e+00 -5.000000e-02 0
2.700000e+00 -5.000000e-02 0
2.700000e+00 5.551115e-17 0
2.650000e+00 5.551115e-17 0
2.650000e+00 5.551115e-17 0
2.700000e+00 5.551115e-17 0
2.700000e+00 5.000000e-02 0
2.650000e+00 5.000000e-02 0
2.650000e+00 5.000000e-02 0
2.700000e+00 5.000000e-02 0
2.700000e+00 1.000000e-01 0
2.650000e+00 1.000000e-01 0
2.650000e+00 1.000000e-01 0
2.700000e+00 1.000000e-01 0
2.700000e+00 1.500000e-01 0
2.650000e+00 1.500000e-01 0
2.650000e+00 1.500000e-01 0
2.700000e+00 1.500000e-01 0
2.700000e+00 2.000000e-01 0
2.650000e+00 2.000000e-01 0
2.650000e+00 2.000000e-01 0
2.700000e+00 2.000000e-01 0
2.700000e+00 2.500000e-01 0
2.650000e+00 2.500000e-01 0
2.650000e+00 2.500000e-01 0
2.700000e+00 2.500000e-01 0
2.700000e+00 3.000000e-01 0
2.650000e+00 3.000000e-01 0
2.650000e+00 3.000000e-01 0
2.700000e+00 3.000000e-01 0
2.700000e+00 3.500000e-01 0
2.650000e+00 3.500000e-01 0
2.650000e+00 3.500000e-01 0
2.700000e+00 3.500000e-01 0
2.700000e+00 4.000000e-01 0
2.650000e+00 4.000000e-01 0
2.650000e+00 4.000000e-01 0
2.700000e+00 4.000000e-01 0
2.700000e+00 4.500000e-01 0
2.650000e+00 4.500000e-01 0
2.650000e+00 4.500000e-01 0
2.700000e+00 4.500000e-01 0
2.700000e+00 5.000000e-01 0
2.650000e+00 5.000000e-01 0
2.650000e+00 5.000000e-01 0
2.700000e+00 5.000000e-01 0
2.700000e+00 5.500000e-01 0
2.650000e+00 5.500000e-01 0
2.650000e+00 5.500000e-01 0
2.700000e+00 5.500000e-01 0
2.700000e+00 6.000000e-01 0
2.650000e+00 6.000000e-01 0
2.650000e+00 6.000000e-01 0
2.700000e+00 6.000000e-01 0
2.700000e+00 6.500000e-01 0
2.650000e+00 6.500000e-01 0
2.650000e+00 6.500000e-01 0
2.700000e+00 6.500000e-01 0
2.700000e+00 7.000000e-01 0
2.650000e+00 7.000000e-01 0
2.650000e+00 7.000000e-01 0
2.700000e+00 7.000000e-01 0
2.700000e+00 7.500000e-01 0
2.650000e+00 7.500000e-01 0
2.650000e+00 7.500000e-01 0
2.700000e+00 7.500000e-01 0
2.700000e+00 8.000000e-01 0
2.650000e+00 8.000000e-01 0
2.650000e+00 8.000000e-01 0
2.700000e+00 8.000000e-01 0
2.700000e+00 8.500000e-01 0
2.650000e+00 8.500000e-01 0
2.650000e+00 8.500000e-01 0
2.700000e+00 8.500000e-01 0
2.700000e+00 9.000000e-01 0
2.650000e+00 9.000000e-01 0
2.650000e+00 9.000000e-01 0
2.700000e+00 9.000000e-01 0
2.700000e+00 9.500000e-01 0
2.650000e+00 9.500000e-01 0
2.650000e+00 9.500000e-01 0
2.700000e+00 9.500000e-01 0
2.700000e+00 1.000000e+00 0
2.650000e+00 1.000000e+00 0
2.700000e+00 -1.000000e+00 0
2.750000e+00 -1.000000e+00 0
2.750000e+00 -9.500000e-01 0
2.700000e+00 -9.500000e-01 0
2.700000e+00 -9.500000e-01 0
2.750000e+00 -9.500000e-01 0
2.750000e+00 -9.000000e-01 0
2.700000e+00 -9.000000e-01 0
2.700000e+00 -9.000000e-01 0
2.750000e+00 -9.000000e-01 0
2.750000e+00 -8.500000e-01 0
2.700000e+00 -8.500000e-01 0
2.700000e+00 -8.500000e-01 0
2.750000e+00 -8.500000e-01 0
2.750000e+00 -8.000000e-01 0
2.700000e+00 -8.000000e-01 0
2.700000e+00 -8.000000e-01 0
2.750000e+00 -8.000000e-01 0
2.750000e+00 -7.500000e-01 0
2.700000e+00 -7.500000e-01 0
2.700000e+00 -7.500000e-01 0
2.750000e+00 -7.500000e-01 0
2.750000e+00 -7.000000e-01 0
2.700000e+00 -7.000000e-01 0
2.700000e+00 -7.000000e-01 0
2.750000e+00 -7.000000e-01 0
2.750000e+00 -6.500000e-01 0
2.700000e+00 -6.500000e-01 0
2.700000e+00 -6.500000e-01 0
2.750000e+00 -6.500000e-01 0
2.750000e+00 -6.000000e-01 0
2.700000e+00 -6.000000e-01 0
2.700000e+00 -6.000000e-01 0
2.750000e+00 -6.000000e-01 0
2.750000e+00 -5.500000e-01 0
2.700000e+00 -5.500000e-01 0
2.700000e+00 -5.500000e-01 0
2.750000e+00 -5.500000e-01 0
2.750000e+00 -5.000000e-01 0
2.700000e+00 -5.000000e-01 0
2.700000e+00 -5.000000e-01 0
2.750000e+00 -5.000000e-01 0
2.750000e+00 -4.500000e-01 0
2.700000e+00 -4.500000e-01 0
2.700000e+00 -4.500000e-01 0
2.750000e+00 -4.500000e-01 0
2.750000e+00 -4.000000e-01 0
2.700000e+00 -4.000000e-01 0
2.700000e+00 -4.000000e-01 0
2.750000e+00 -4.000000e-01 0
2.750000e+00 -3.500000e-01 0
2.700000e+00 -3.500000e-01 0
2.700000e+00 -3.500000e-01 0
2.750000e+00 -3.500000e-01 0
2.750000e+00 -3.000000e-01 0
2.700000e+00 -3.000000e-01 0
2.700000e+00 -3.000000e-01 0
2.750000e+00 -3.000000e-01 0
2.750000e+00 -2.500000e-01 0
2.700000e+00 -2.500000e-01 0
2.700000e+00 -2.500000e-01 0
2.750000e+00 -2.500000e-01 0
2.750000e+00 -2.000000e-01 0
2.700000e+00 -2.000000e-01 0
2.700000e+00 -2.000000e-01 0
2.750000e+00 -2.000000e-01 0
2.750000e+00 -1.500000e-01 0
2.700000e+00 -1.500000e-01 0
2.700000e+00 -1.500000e-01 0
2.750000e+00 -1.500000e-01 0
2.750000e+00 -1.000000e-01 0
2.700000e+00 -1.000000e-01 0
2.700000e+00 -1.000000e-01 0
2.750000e+00 -1.000000e-01 0
2.750000e+00 -5.000000e-02 0
2.700000e+00 -5.000000e-02 0
2.700000e+00 -5.000000e-02 0
2.750000e+00 -5.000000e-02 0
2.750000e+00 5.551115e-17 0
2.700000e+00 5.551115e-17 0
2.700000e+00 5.551115e-17 0
2.750000e+00 5.551115e-17 0
2.750000e+00 5.000000e-02 0
2.700000e+00 5.000000e-02 0
2.700000e+00 5.000000e-02 0
2.750000e+00 5.000000e-02 0
2.750000e+00 1.000000e-01 0
2.700000e+00 1.000000e-01 0
2.700000e+00 1.000000e-01 0
2.750000e+00 1.000000e-01 0
2.750000e+00 1.500000e-01 0
2.700000e+00 1.500000e-01 0
2.700000e+00 1.500000e-01 0
2.750000e+00 1.500000e-01 0
2.750000e+00 2.000000e-01 0
2.700000e+00 2.000000e-01 0
2.700000e+00 2.000000e-01 0
2.750000e+00 2.000000e-01 0
2.750000e+00 2.500000e-01 0
2.700000e+00 2.500000e-01 0
2.700000e+00 2.500000e-01 0
2.750000e+00 2.500000e-01 0
2.750000e+00 3.000000e-01 0
2.700000e+00 3.000000e-01 0
2.700000e+00 3.000000e-01 0
2.750000e+00 3.000000e-01 0
2.750000e+00 3.500000e-01 0
2.700000e+00 3.500000e-01 0
2.700000e+00 3.500000e-01 0
2.750000e+00 3.500000e-01 0
2.750000e+00 4.000000e-01 0
2.700000e+00 4.000000e-01 0
2.700000e+00 4.000000e-01 0
2.750000e+00 4.000000e-01 0
2.750000e+00 4.500000e-01 0
2.700000e+00 4.500000e-01 0
2.700000e+00 4.500000e-01 0
2.750000e+00 4.500000e-01 0
2.750000e+00 5.000000e-01 0
2.700000e+00 5.000000e-01 0
2.700000e+00 5.000000e-01 0
2.750000e+00 5.000000e-01 0
2.750000e+00 5.500000e-01 0
2.700000e+00 5.500000e-01 0
2.700000e+00 5.500000e-01 0
2.750000e+00 5.500000e-01 0
2.750000e+00 6.000000e-01 0
2.700000e+00 6.000000e-01 0
2.700000e+00 6.000000e-01 0
2.750000e+00 6.000000e-01 0
2.750000e+00 6.500000e-01 0
2.700000e+00 6.500000e-01 0
2.700000e+00 6.500000e-01 0
2.750000e+00 6.500000e-01 0
2.750000e+00 7.000000e-01 0
2.700000e+00 7.000000e-01 0
2.700000e+00 7.000000e-01 0
2.750000e+00 7.000000e-01 0
2.750000e+00 7.500000e-01 0
2.700000e+00 7.500000e-01 0
2.700000e+00 7.500000e-01 0
2.750000e+00 7.500000e-01 0
2.750000e+00 8.000000e-01 0
2.700000e+00 8.000000e-01 0
2.700000e+00 8.000000e-01 0
2.750000e+00 8.000000e-01 0
2.750000e+00 8.500000e-01 0
2.700000e+00 8.500000e-01 0
2.700000e+00 8.500000e-01 0
2.750000e+00 8.500000e-01 0
2.750000e+00 9.000000e-01 0
2.700000e+00 9.000000e-01 0
2.700000e+00 9.000000e-01 0
2.750000e+00 9.000000e-01 0
2.750000e+00 9.500000e-01 0
2.700000e+00 9.500000e-01 0
2.700000e+00 9.500000e-01 0
2.750000e+00 9.500000e-01 0
2.750000e+00 1.000000e+00 0
2.700000e+00 1.000000e+00 0
2.750000e+00 -1.000000e+00 0
2.800000e+00 -1.000000e+00 0
2.800000e+00 -9.500000e-01 0
2.750000e+00 -9.500000e-01 0
2.750000e+00 -9.500000e-01 0
2.800000e+00 -9.500000e-01 0
2.800000e+00 -9.000000e-01 0
2.750000e+00 -9.000000e-01 0
2.750000e+00 -9.000000e-01 0
2.800000e+00 -9.000000e-01 0
2.800000e+00 -8.500000e-01 0
2.750000e+00 -8.500000e-01 0
2.750000e+00 -8.500000e-01 0
2.800000e+00 -8.500000e-01 0
2.800000e+00 -8.000000e-01 0
2.750000e+00 -8.000000e-01 0
2.750000e+00 -8.000000e-01 0
2.800000e+00 -8.000000e-01 0
2.800000e+00 -7.500000e-01 0
2.750000e+00 -7.500000e-01 0
2.750000e+00 -7.500000e-01 0
2.800000e+00 -7.500000e-01 0
2.800000e+00 -7.000000e-01 0
2.750000e+00 -7.000000e-01 0
2.750000e+00 -7.000000e-01 0
2.800000e+00 -7.000000e-01 0
2.800000e+00 -6.500000e-01 0
2.750000e+00 -6.500000e-01 0
2.750000e+00 -6.500000e-01 0
2.800000e+00 -6.500000e-01 0
2.800000e+00 -6.000000e-01 0
2.750000e+00 -6.000000e-01 0
2.750000e+00 -6.000000e-01 0
2.800000e+00 -6.000000e-01 0
2.800000e+00 -5.500000e-01 0
2.750000e+00 -5.500000e-01 0
2.750000e+00 -5.500000e-01 0
2.800000e+00 -5.500000e-01 0
2.800000e+00 -5.000000e-01 0
2.750000e+00 -5.000000e-01 0
2.750000e+00 -5.000000e-01 0
2.800000e+00 -5.000000e-01 0
2.800000e+00 -4.500000e-01 0
2.750000e+00 -4.500000e-01 0
2.750000e+00 -4.500000e-01 0
2.800000e+00 -4.500000e-01 0
2.800000e+00 -4.000000e-01 0
2.750000e+00 -4.000000e-01 0
2.750000e+00 -4.000000e-01 0
2.800000e+00 -4.000000e-01 0
2.800000e+00 -3.500000e-01 0
2.750000e+00 -3.500000e-01 0
2.750000e+00 -3.500000e-01 0
2.800000e+00 -3.500000e-01 0
2.800000e+00 -3.000000e-01 0
2.750000e+00 -3.000000e-01 0
2.750000e+00 -3.000000e-01 0
2.800000e+00 -3.000000e-01 0
2.800000e+00 -2.500000e-01 0
2.750000e+00 -2.500000e-01 0
2.750000e+00 -2.500000e-01 0
2.800000e+00 -2.500000e-01 0
2.800000e+00 -2.000000e-01 0
2.750000e+00 -2.000000e-01 0
2.750000e+00 -2.000000e-01 0
2.800000e+00 -2.000000e-01 0
2.800000e+00 -1.500000e-01 0
2.750000e+00 -1.500000e-01 0
2.750000e+00 -1.500000e-01 0
2.800000e+00 -1.500000e-01 0
2.800000e+00 -1.000000e-01 0
2.750000e+00 -1.000000e-01 0
2.750000e+00 -1.000000e-01 0
2.800000e+00 -1.000000e-01 0
2.800000e+00 -5.000000e-02 0
2.750000e+00 -5.000000e-02 0
2.750000e+00 -5.000000e-02 0
2.800000e+00 -5.000000e-02 0
2.800000e+00 5.551115e-17 0
2.750000e+00 5.551115e-17 0
2.750000e+00 5.551115e-17 0
2.800000e+00 5.551115e-17 0
2.800000e+00 5.000000e-02 0
2.750000e+00 5.000000e-02 0
2.750000e+00 5.000000e-02 0
2.800000e+00 5.000000e-02 0
2.800000e+00 1.000000e-01 0
2.750000e+00 1.000000e-01 0
2.750000e+00 1.000000e-01 0
2.800000e+00 1.000000e-01 0
2.800000e+00 1.500000e-01 0
2.750000e+00 1.500000e-01 0
2.750000e+00 1.500000e-01 0
2.800000e+00 1.500000e-01 0
2.800000e+00 2.000000e-01 0
2.750000e+00 2.000000e-01 0
2.750000e+00 2.000000e-01 0
2.800000e+00 2.000000e-01 0
2.800000e+00 2.500000e-01 0
2.750000e+00 2.500000e-01 0
2.750000e+00 2.500000e-01 0
2.800000e+00 2.500000e-01 0
2.800000e+00 3.000000e-01 0
2.750000e+00 3.000000e-01 0
2.750000e+00 3.000000e-01 0
2.800000e+00 3.000000e-01 0
2.800000e+00 3.500000e-01 0
2.750000e+00 3.500000e-01 0
2.750000e+00 3.500000e-01 0
2.800000e+00 3.500000e-01 0
2.800000e+00 4.000000e-01 0
2.750000e+00 4.000000e-01 0
2.750000e+00 4.000000e-01 0
2.800000e+00 4.000000e-01 0
2.800000e+00 4.500000e-01 0
2.750000e+00 4.500000e-01 0
2.750000e+00 4.500000e-01 0
2.800000e+00 4.500000e-01 0
2.800000e+00 5.000000e-01 0
2.750000e+00 5.000000e-01 0
2.750000e+00 5.000000e-01 0
2.800000e+00 5.000000e-01 0
2.800000e+00 5.500000e-01 0
2.750000e+00 5.500000e-01 0
2.750000e+00 5.500000e-01 0
2.800000e+00 5.500000e-01 0
2.800000e+00 6.000000e-01 0
2.750000e+00 6.000000e-01 0
2.750000e+00 6.000000e-01 0
2.800000e+00 6.000000e-01 0
2.800000e+00 6.500000e-01 0
2.750000e+00 6.500000e-01 0
2.750000e+00 6.500000e-01 0
2.800000e+00 6.500000e-01 0
2.800000e+00 7.000000e-01 0
2.750000e+00 7.000000e-01 0
2.750000e+00 7.000000e-01 0
2.800000e+00 7.000000e-01 0
2.800000e+00 7.500000e-01 0
2.750000e+00 7.500000e-01 0
2.750000e+00 7.500000e-01 0
2.800000e+00 7.500000e-01 0
2.800000e+00 8.000000e-01 0
2.750000e+00 8.000000e-01 0
2.750000e+00 8.000000e-01 0
2.800000e+00 8.000000e-01 0
2.800000e+00 8.500000e-01 0
2.750000e+00 8.500000e-01 0
2.750000e+00 8.500000e-01 0
2.800000e+00 8.500000e-01 0
2.800000e+00 9.000000e-01 0
2.750000e+00 9.000000e-01 0
2.750000e+00 9.000000e-01 0
2.800000e+00 9.000000e-01 0
2.800000e+00 9.500000e-01 0
2.750000e+00 9.500000e-01 0
2.750000e+00 9.500000e-01 0
2.800000e+00 9.500000e-01 0
2.800000e+00 1.000000e+00 0
2.750000e+00 1.000000e+00 0
2.800000e+00 -1.000000e+00 0
2.850000e+00 -1.000000e+00 0
2.850000e+00 -9.500000e-01 0
2.800000e+00 -9.500000e-01 0
2.800000e+00 -9.500000e-01 0
2.850000e+00 -9.500000e-01 0
2.850000e+00 -9.000000e-01 0
2.800000e+00 -9.000000e-01 0
2.800000e+00 -9.000000e-01 0
2.850000e+00 -9.000000e-01 0
2.850000e+00 -8.500000e-01 0
2.800000e+00 -8.500000e-01 0
2.800000e+00 -8.500000e-01 0
2.850000e+00 -8.500000e-01 0
2.850000e+00 -8.000000e-01 0
2.800000e+00 -8.000000e-01 0
2.800000e+00 -8.000000e-01 0
2.850000e+00 -8.000000e-01 0
2.850000e+00 -7.500000e-01 0
2.800000e+00 -7.500000e-01 0
2.800000e+00 -7.500000e-01 0
2.850000e+00 -7.500000e-01 0
2.850000e+00 -7.000000e-01 0
2.800000e+00 -7.000000e-01 0
2.800000e+00 -7.000000e-01 0
2.850000e+00 -7.000000e-01 0
2.850000e+00 -6.500000e-01 0
2.800000e+00 -6.500000e-01 0
2.800000e+00 -6.500000e-01 0
2.850000e+00 -6.500000e-01 0
2.850000e+00 -6.000000e-01 0
2.800000e+00 -6.000000e-01 0
2.800000e+00 -6.000000e-01 0
2.850000e+00 -6.000000e-01 0
2.850000e+00 -5.500000e-01 0
2.800000e+00 -5.500000e-01 0
2.800000e+00 -5.500000e-01 0
2.850000e+00 -5.500000e-01 0
2.850000e+00 -5.000000e-01 0
2.800000e+00 -5.000000e-01 0
2.800000e+00 -5.000000e-01 0
2.850000e+00 -5.000000e-01 0
2.850000e+00 -4.500000e-01 0
2.800000e+00 -4.500000e-01 0
2.800000e+00 -4.500000e-01 0
2.850000e+00 -4.500000e-01 0
2.850000e+00 -4.000000e-01 0
2.800000e+00 -4.000000e-01 0
2.800000e+00 -4.000000e-01 0
2.850000e+00 -4.000000e-01 0
2.850000e+00 -3.500000e-01 0
2.800000e+00 -3.500000e-01 0
2.800000e+00 -3.500000e-01 0
2.850000e+00 -3.500000e-01 0
2.850000e+00 -3.000000e-01 0
2.800000e+00 -3.000000e-01 0
2.800000e+00 -3.000000e-01 0
2.850000e+00 -3.000000e-01 0
2.850000e+00 -2.500000e-01 0
2.800000e+00 -2.500000e-01 0
2.800000e+00 -2.500000e-01 0
2.850000e+00 -2.500000e-01 0
2.850000e+00 -2.000000e-01 0
2.800000e+00 -2.000000e-01 0
2.800000e+00 -2.000000e-01 0
2.850000e+00 -2.000000e-01 0
2.850000e+00 -1.500000e-01 0
2.800000e+00 -1.500000e-01 0
2.800000e+00 -1.500000e-01 0
2.850000e+00 -1.500000e-01 0
2.850000e+00 -1.000000e-01 0
2.800000e+00 -1.000000e-01 0
2.800000e+00 -1.000000e-01 0
2.850000e+00 -1.000000e-01 0
2.850000e+00 -5.000000e-02 0
2.800000e+00 -5.000000e-02 0
2.800000e+00 -5.000000e-02 0
2.850000e+00 -5.000000e-02 0
2.850000e+00 5.551115e-17 0
2.800000e+00 5.551115e-17 0
2.800000e+00 5.551115e-17 0
2.850000e+00 5.551115e-17 0
2.850000e+00 5.000000e-02 0
2.800000e+00 5.000000e-02 0
2.800000e+00 5.000000e-02 0
2.850000e+00 5.000000e-02 0
2.850000e+00 1.000000e-01 0
2.800000e+00 1.000000e-01 0
2.800000e+00 1.000000e-01 0
2.850000e+00 1.000000e-01 0
2.850000e+00 1.500000e-01 0
2.800000e+00 1.500000e-01 0
2.800000e+00 1.500000e-01 0
2.850000e+00 1.500000e-01 0
2.850000e+00 2.000000e-01 0
2.800000e+00 2.000000e-01 0
2.800000e+00 2.000000e-01 0
2.850000e+00 2.000000e-01 0
2.850000e+00 2.500000e-01 0
2.800000e+00 2.500000e-01 0
2.800000e+00 2.500000e-01 0
2.850000e+00 2.500000e-01 0
2.850000e+00 3.000000e-01 0
2.800000e+00 3.000000e-01 0
2.800000e+00 3.000000e-01 0
2.850000e+00 3.000000e-01 0
2.850000e+00 3.500000e-01 0
2.800000e+00 3.500000e-01 0
2.800000e+00 3.500000e-01 0
2.850000e+00 3.500000e-01 0
2.850000e+00 4.000000e-01 0
2.800000e+00 4.000000e-01 0
2.800000e+00 4.000000e-01 0
2.850000e+00 4.000000e-01 0
2.850000e+00 4.500000e-01 0
2.800000e+00 4.500000e-01 0
2.800000e+00 4.500000e-01 0
2.850000e+00 4.500000e-01 0
2.850000e+00 5.000000e-01 0
2.800000e+00 5.000000e-01 0
2.800000e+00 5.000000e-01 0
2.850000e+00 5.000000e-01 0
2.850000e+00 5.500000e-01 0
2.800000e+00 5.500000e-01 0
2.800000e+00 5.500000e-01 0
2.850000e+00 5.500000e-01 0
2.850000e+00 6.000000e-01 0
2.800000e+00 6.000000e-01 0
2.800000e+00 6.000000e-01 0
2.850000e+00 6.000000e-01 0
2.850000e+00 6.500000e-01 0
2.800000e+00 6.500000e-01 0
2.800000e+00 6.500000e-01 0
2.850000e+00 6.500000e-01 0
2.850000e+00 7.000000e-01 0
2.800000e+00 7.000000e-01 0
2.800000e+00 7.000000e-01 0
2.850000e+00 7.000000e-01 0
2.850000e+00 7.500000e-01 0
2.800000e+00 7.500000e-01 0
2.800000e+00 7.500000e-01 0
2.850000e+00 7.500000e-01 0
2.850000e+00 8.000000e-01 0
2.800000e+00 8.000000e-01 0
2.800000e+00 8.000000e-01 0
2.850000e+00 8.000000e-01 0
2.850000e+00 8.500000e-01 0
2.800000e+00 8.500000e-01 0
2.800000e+00 8.500000e-01 0
2.850000e+00 8.500000e-01 0
2.850000e+00 9.000000e-01 0
2.800000e+00 9.000000e-01 0
2.800000e+00 9.000000e-01 0
2.850000e+00 9.000000e-01 0
2.850000e+00 9.500000e-01 0
2.800000e+00 9.500000e-01 0
2.800000e+00 9.500000e-01 0
2.850000e+00 9.500000e-01 0
2.850000e+00 1.000000e+00 0
2.800000e+00 1.000000e+00 0
2.850000e+00 -1.000000e+00 0
2.900000e+00 -1.000000e+00 0
2.900000e+00 -9.500000e-01 0
2.850000e+00 -9.500000e-01 0
2.850000e+00 -9.500000e-01 0
2.900000e+00 -9.500000e-01 0
2.900000e+00 -9.000000e-01 0
2.850000e+00 -9.000000e-01 0
2.850000e+00 -9.000000e-01 0
2.900000e+00 -9.000000e-01 0
2.900000e+00 -8.500000e-01 0
2.850000e+00 -8.500000e-01 0
2.850000e+00 -8.500000e-01 0
2.900000e+00 -8.500000e-01 0
2.900000e+00 -8.000000e-01 0
2.850000e+00 -8.000000e-01 0
2.850000e+00 -8.000000e-01 0
2.900000e+00 -8.000000e-01 0
2.900000e+00 -7.500000e-01 0
2.850000e+00 -7.500000e-01 0
2.850000e+00 -7.500000e-01 0
2.900000e+00 -7.500000e-01 0
2.900000e+00 -7.000000e-01 0
2.850000e+00 -7.000000e-01 0
2.850000e+00 -7.000000e-01 0
2.900000e+00 -7.000000e-01 0
2.900000e+00 -6.500000e-01 0
2.850000e+00 -6.500000e-01 0
2.850000e+00 -6.500000e-01 0
2.900000e+00 -6.500000e-01 0
2.900000e+00 -6.000000e-01 0
2.850000e+00 -6.000000e-01 0
2.850000e+00 -6.000000e-01 0
2.900000e+00 -6.000000e-01 0
2.900000e+00 -5.500000e-01 0
2.850000e+00 -5.500000e-01 0
2.850000e+00 -5.500000e-01 0
2.900000e+00 -5.500000e-01 0
2.900000e+00 -5.000000e-01 0
2.850000e+00 -5.000000e-01 0
2.850000e+00 -5.000000e-01 0
2.900000e+00 -5.000000e-01 0
2.900000e+00 -4.500000e-01 0
2.850000e+00 -4.500000e-01 0
2.850000e+00 -4.500000e-01 0
2.900000e+00 -4.500000e-01 0
2.900000e+00 -4.000000e-01 0
2.850000e+00 -4.000000e-01 0
2.850000e+00 -4.000000e-01 0
2.900000e+00 -4.000000e-01 0
2.900000e+00 -3.500000e-01 0
2.850000e+00 -3.500000e-01 0
2.850000e+00 -3.500000e-01 0
2.900000e+00 -3.500000e-01 0
2.900000e+00 -3.000000e-01 0
2.850000e+00 -3.000000e-01 0
2.850000e+00 -3.000000e-01 0
2.900000e+00 -3.000000e-01 0
2.900000e+00 -2.500000e-01 0
2.850000e+00 -2.500000e-01 0
2.850000e+00 -2.500000e-01 0
2.900000e+00 -2.500000e-01 0
2.900000e+00 -2.000000e-01 0
2.850000e+00 -2.000000e-01 0
2.850000e+00 -2.000000e-01 0
2.900000e+00 -2.000000e-01 0
2.900000e+00 -1.500000e-01 0
2.850000e+00 -1.500000e-01 0
2.850000e+00 -1.500000e-01 0
2.900000e+00 -1.500000e-01 0
2.900000e+00 -1.000000e-01 0
2.850000e+00 -1.000000e-01 0
2.850000e+00 -1.000000e-01 0
2.900000e+00 -1.000000e-01 0
2.900000e+00 -5.000000e-02 0
2.850000e+00 -5.000000e-02 0
2.850000e+00 -5.000000e-02 0
2.900000e+00 -5.000000e-02 0
2.900000e+00 5.551115e-17 0
2.850000e+00 5.551115e-17 0
2.850000e+00 5.551115e-17 0
2.900000e+00 5.551115e-17 0
2.900000e+00 5.000000e-02 0
2.850000e+00 5.000000e-02 0
2.850000e+00 5.000000e-02 0
2.900000e+00 5.000000e-02 0
2.900000e+00 1.000000e-01 0
2.850000e+00 1.000000e-01 0
2.850000e+00 1.000000e-01 0
2.900000e+00 1.000000e-01 0
2.900000e+00 1.500000e-01 0
2.850000e+00 1.500000e-01 0
2.850000e+00 1.500000e-01 0
2.900000e+00 1.500000e-01 0
2.900000e+00 2.000000e-01 0
2.850000e+00 2.000000e-01 0
2.850000e+00 2.000000e-01 0
2.900000e+00 2.000000e-01 0
2.900000e+00 2.500000e-01 0
2.850000e+00 2.500000e-01 0
2.850000e+00 2.500000e-01 0
2.900000e+00 2.500000e-01 0
2.900000e+00 3.000000e-01 0
2.850000e+00 3.000000e-01 0
2.850000e+00 3.000000e-01 0
2.900000e+00 3.000000e-01 0
2.900000e+00 3.500000e-01 0
2.850000e+00 3.500000e-01 0
2.850000e+00 3.500000e-01 0
2.900000e+00 3.500000e-01 0
2.900000e+00 4.000000e-01 0
2.850000e+00 4.000000e-01 0
2.850000e+00 4.000000e-01 0
2.900000e+00 4.000000e-01 0
2.900000e+00 4.500000e-01 0
2.850000e+00 4.500000e-01 0
2.850000e+00 4.500000e-01 0
2.900000e+00 4.500000e-01 0
2.900000e+00 5.000000e-01 0
2.850000e+00 5.000000e-01 0
2.850000e+00 5.000000e-01 0
2.900000e+00 5.000000e-01 0
2.900000e+00 5.500000e-01 0
2.850000e+00 5.500000e-01 0
2.850000e+00 5.500000e-01 0
2.900000e+00 5.500000e-01 0
2.900000e+00 6.000000e-01 0
2.850000e+00 6.000000e-01 0
2.850000e+00 6.000000e-01 0
2.900000e+00 6.000000e-01 0
2.900000e+00 6.500000e-01 0
2.850000e+00 6.500000e-01 0
2.850000e+00 6.500000e-01 0
2.900000e+00 6.500000e-01 0
2.900000e+00 7.000000e-01 0
2.850000e+00 7.000000e-01 0
2.850000e+00 7.000000e-01 0
2.900000e+00 7.000000e-01 0
2.900000e+00 7.500000e-01 0
2.850000e+00 7.500000e-01 0
2.850000e+00 7.500000e-01 0
2.900000e+00 7.500000e-01 0
2.900000e+00 8.000000e-01 0
2.850000e+00 8.000000e-01 0
2.850000e+00 8.000000e-01 0
2.900000e+00 8.000000e-01 0
2.900000e+00 8.500000e-01 0
2.850000e+00 8.500000e-01 0
2.850000e+00 8.500000e-01 0
2.900000e+00 8.500000e-01 0
2.900000e+00 9.000000e-01 0
2.850000e+00 9.000000e-01 0
2.850000e+00 9.000000e-01 0
2.900000e+00 9.000000e-01 0
2.900000e+00 9.500000e-01 0
2.850000e+00 9.500000e-01 0
2.850000e+00 9.500000e-01 0
2.900000e+00 9.500000e-01 0
2.900000e+00 1.000000e+00 0
2.850000e+00 1.000000e+00 0
2.900000e+00 -1.000000e+00 0
2.950000e+00 -1.000000e+00 0
2.950000e+00 -9.500000e-01 0
2.900000e+00 -9.500000e-01 0
2.900000e+00 -9.500000e-01 0
2.950000e+00 -9.500000e-01 0
2.950000e+00 -9.000000e-01 0
2.900000e+00 -9.000000e-01 0
2.900000e+00 -9.000000e-01 0
2.950000e+00 -9.000000e-01 0
2.950000e+00 -8.500000e-01 0
2.900000e+00 -8.500000e-01 0
2.900000e+00 -8.500000e-01 0
2.950000e+00 -8.500000e-01 0
2.950000e+00 -8.000000e-01 0
2.900000e+00 -8.000000e-01 0
2.900000e+00 -8.000000e-01 0
2.950000e+00 -8.000000e-01 0
2.950000e+00 -7.500000e-01 0
2.900000e+00 -7.500000e-01 0
2.900000e+00 -7.500000e-01 0
2.950000e+00 -7.500000e-01 0
2.950000e+00 -7.000000e-01 0
2.900000e+00 -7.000000e-01 0
2.900000e+00 -7.000000e-01 0
2.950000e+00 -7.000000e-01 0
2.950000e+00 -6.500000e-01 0
2.900000e+00 -6.500000e-01 0
2.900000e+00 -6.500000e-01 0
2.950000e+00 -6.500000e-01 0
2.950000e+00 -6.000000e-01 0
2.900000e+00 -6.000000e-01 0
2.900000e+00 -6.000000e-01 0
2.950000e+00 -6.000000e-01 0
2.950000e+00 -5.500000e-01 0
2.900000e+00 -5.500000e-01 0
2.900000e+00 -5.500000e-01 0
2.950000e+00 -5.500000e-01 0
2.950000e+00 -5.000000e-01 0
2.900000e+00 -5.000000e-01 0
2.900000e+00 -5.000000e-01 0
2.950000e+00 -5.000000e-01 0
2.950000e+00 -4.500000e-01 0
2.900000e+00 -4.500000e-01 0
2.900000e+00 -4.500000e-01 0
2.950000e+00 -4.500000e-01 0
2.950000e+00 -4.000000e-01 0
2.900000e+00 -4.000000e-01 0
2.900000e+00 -4.000000e-01 0
2.950000e+00 -4.000000e-01 0
2.950000e+00 -3.500000e-01 0
2.900000e+00 -3.500000e-01 0
2.900000e+00 -3.500000e-01 0
2.950000e+00 -3.500000e-01 0
2.950000e+00 -3.000000e-01 0
2.900000e+00 -3.000000e-01 0
2.900000e+00 -3.000000e-01 0
2.950000e+00 -3.000000e-01 0
2.950000e+00 -2.500000e-01 0
2.900000e+00 -2.500000e-01 0
2.900000e+00 -2.500000e-01 0
2.950000e+00 -2.500000e-01 0
2.950000e+00 -2.000000e-01 0
2.900000e+00 -2.000000e-01 0
2.900000e+00 -2.000000e-01 0
2.950000e+00 -2.000000e-01 0
2.950000e+00 -1.500000e-01 0
2.900000e+00 -1.500000e-01 0
2.900000e+00 -1.500000e-01 0
2.950000e+00 -1.500000e-01 0
2.950000e+00 -1.000000e-01 0
2.900000e+00 -1.000000e-01 0
2.900000e+00 -1.000000e-01 0
2.950000e+00 -1.000000e-01 0
2.950000e+00 -5.000000e-02 0
2.900000e+00 -5.000000e-02 0
2.900000e+00 -5.000000e-02 0
2.950000e+00 -5.000000e-02 0
2.950000e+00 5.551115e-17 0
2.900000e+00 5.551115e-17 0
2.900000e+00 5.551115e-17 0
2.950000e+00 5.551115e-17 0
2.950000e+00 5.000000e-02 0
2.900000e+00 5.000000e-02 0
2.900000e+00 5.000000e-02 0
2.950000e+00 5.000000e-02 0
2.950000e+00 1.000000e-01 0
2.900000e+00 1.000000e-01 0
2.900000e+00 1.000000e-01 0
2.950000e+00 1.000000e-01 0
2.950000e+00 1.500000e-01 0
2.900000e+00 1.500000e-01 0
2.900000e+00 1.500000e-01 0
2.950000e+00 1.500000e-01 0
2.950000e+00 2.000000e-01 0
2.900000e+00 2.000000e-01 0
2.900000e+00 2.000000e-01 0
2.950000e+00 2.000000e-01 0
2.950000e+00 2.500000e-01 0
2.900000e+00 2.500000e-01 0
2.900000e+00 2.500000e-01 0
2.950000e+00 2.500000e-01 0
2.950000e+00 3.000000e-01 0
2.900000e+00 3.000000e-01 0
2.900000e+00 3.000000e-01 0
2.950000e+00 3.000000e-01 0
2.950000e+00 3.500000e-01 0
2.900000e+00 3.500000e-01 0
2.900000e+00 3.500000e-01 0
2.950000e+00 3.500000e-01 0
2.950000e+00 4.000000e-01 0
2.900000e+00 4.000000e-01 0
2.900000e+00 4.000000e-01 0
2.950000e+00 4.000000e-01 0
2.950000e+00 4.500000e-01 0
2.900000e+00 4.500000e-01 0
2.900000e+00 4.500000e-01 0
2.950000e+00 4.500000e-01 0
2.950000e+00 5.000000e-01 0
2.900000e+00 5.000000e-01 0
2.900000e+00 5.000000e-01 0
2.950000e+00 5.000000e-01 0
2.950000e+00 5.500000e-01 0
2.900000e+00 5.500000e-01 0
2.900000e+00 5.500000e-01 0
2.950000e+00 5.500000e-01 0
2.950000e+00 6.000000e-01 0
2.900000e+00 6.000000e-01 0
2.900000e+00 6.000000e-01 0
2.950000e+00 6.000000e-01 0
2.950000e+00 6.500000e-01 0
2.900000e+00 6.500000e-01 0
2.900000e+00 6.500000e-01 0
2.950000e+00 6.500000e-01 0
2.950000e+00 7.000000e-01 0
2.900000e+00 7.000000e-01 0
2.900000e+00 7.000000e-01 0
2.950000e+00 7.000000e-01 0
2.950000e+00 7.500000e-01 0
2.900000e+00 7.500000e-01 0
2.900000e+00 7.500000e-01 0
2.950000e+00 7.500000e-01 0
2.950000e+00 8.000000e-01 0
2.900000e+00 8.000000e-01 0
2.900000e+00 8.000000e-01 0
2.950000e+00 8.000000e-01 0
2.950000e+00 8.500000e-01 0
2.900000e+00 8.500000e-01 0
2.900000e+00 8.500000e-01 0
2.950000e+00 8.500000e-01 0
2.950000e+00 9.000000e-01 0
2.900000e+00 9.000000e-01 0
2.900000e+00 9.000000e-01 0
2.950000e+00 9.000000e-01 0
2.950000e+00 9.500000e-01 0
2.900000e+00 9.500000e-01 0
2.900000e+00 9.500000e-01 0
2.950000e+00 9.500000e-01 0
2.950000e+00 1.000000e+00 0
2.900000e+00 1.000000e+00 0
2.950000e+00 -1.000000e+00 0
3.000000e+00 -1.000000e+00 0
3.000000e+00 -9.500000e-01 0
2.950000e+00 -9.500000e-01 0
2.950000e+00 -9.500000e-01 0
3.000000e+00 -9.500000e-01 0
3.000000e+00 -9.000000e-01 0
2.950000e+00 -9.000000e-01 0
2.950000e+00 -9.000000e-01 0
3.000000e+00 -9.000000e-01 0
3.000000e+00 -8.500000e-01 0
2.950000e+00 -8.500000e-01 0
2.950000e+00 -8.500000e-01 0
3.000000e+00 -8.500000e-01 0
3.000000e+00 -8.000000e-01 0
2.950000e+00 -8.000000e-01 0
2.950000e+00 -8.000000e-01 0
3.000000e+00 -8.000000e-01 0
3.000000e+00 -7.500000e-01 0
2.950000e+00 -7.500000e-01 0
2.950000e+00 -7.500000e-01 0
3.000000e+00 -7.500000e-01 0
3.000000e+00 -7.000000e-01 0
2.950000e+00 -7.000000e-01 0
2.950000e+00 -7.000000e-01 0
3.000000e+00 -7.000000e-01 0
3.000000e+00 -6.500000e-01 0
2.950000e+00 -6.500000e-01 0
2.950000e+00 -6.500000e-01 0
3.000000e+00 -6.500000e-01 0
3.000000e+00 -6.000000e-01 0
2.950000e+00 -6.000000e-01 0
2.950000e+00 -6.000000e-01 0
3.000000e+00 -6.000000e-01 0
3.000000e+00 -5.500000e-01 0
2.950000e+00 -5.500000e-01 0
2.950000e+00 -5.500000e-01 0
3.000000e+00 -5.500000e-01 0
3.000000e+00 -5.000000e-01 0
2.950000e+00 -5.000000e-01 0
2.950000e+00 -5.000000e-01 0
3.000000e+00 -5.000000e-01 0
3.000000e+00 -4.500000e-01 0
2.950000e+00 -4.500000e-01 0
2.950000e+00 -4.500000e-01 0
3.000000e+00 -4.500000e-01 0
3.000000e+00 -4.000000e-01 0
2.950000e+00 -4.000000e-01 0
2.950000e+00 -4.000000e-01 0
3.000000e+00 -4.000000e-01 0
3.000000e+00 -3.500000e-01 0
2.950000e+00 -3.500000e-01 0
2.950000e+00 -3.500000e-01 0
3.000000e+00 -3.500000e-01 0
3.000000e+00 -3.000000e-01 0
2.950000e+00 -3.000000e-01 0
2.950000e+00 -3.000000e-01 0
3.000000e+00 -3.000000e-01 0
3.000000e+00 -2.500000e-01 0
2.950000e+00 -2.500000e-01 0
2.950000e+00 -2.500000e-01 0
3.000000e+00 -2.500000e-01 0
3.000000e+00 -2.000000e-01 0
2.950000e+00 -2.000000e-01 0
2.950000e+00 -2.000000e-01 0
3.000000e+00 -2.000000e-01 0
3.000000e+00 -1.500000e-01 0
2.950000e+00 -1.500000e-01 0
2.950000e+00 -1.500000e-01 0
3.000000e+00 -1.500000e-01 0
3.000000e+00 -1.000000e-01 0
2.950000e+00 -1.000000e-01 0
2.950000e+00 -1.000000e-01 0
3.000000e+00 -1.000000e-01 0
3.000000e+00 -5.000000e-02 0
2.950000e+00 -5.000000e-02 0
2.950000e+00 -5.000000e-02 0
3.000000e+00 -5.000000e-02 0
3.000000e+00 5.551115e-17 0
2.950000e+00 5.551115e-17 0
2.950000e+00 5.551115e-17 0
3.000000e+00 5.551115e-17 0
3.000000e+00 5.000000e-02 0
2.950000e+00 5.000000e-02 0
2.950000e+00 5.000000e-02 0
3.000000e+00 5.000000e-02 0
3.000000e+00 1.000000e-01 0
2.950000e+00 1.000000e-01 0
2.950000e+00 1.000000e-01 0
3.000000e+00 1.000000e-01 0
3.000000e+00 1.500000e-01 0
2.950000e+00 1.500000e-01 0
2.950000e+00 1.500000e-01 0
3.000000e+00 1.500000e-01 0
3.000000e+00 2.000000e-01 0
2.950000e+00 2.000000e-01 0
2.950000e+00 2.000000e-01 0
3.000000e+00 2.000000e-01 0
3.000000e+00 2.500000e-01 0
2.950000e+00 2.500000e-01 0
2.950000e+00 2.500000e-01 0
3.000000e+00 2.500000e-01 0
3.000000e+00 3.000000e-01 0
2.950000e+00 3.000000e-01 0
2.950000e+00 3.000000e-01 0
3.000000e+00 3.000000e-01 0
3.000000e+00 3.500000e-01 0
2.950000e+00 3.500000e-01 0
2.950000e+00 3.500000e-01 0
3.000000e+00 3.500000e-01 0
3.000000e+00 4.000000e-01 0
2.950000e+00 4.000000e-01 0
2.950000e+00 4.000000e-01 0
3.000000e+00 4.000000e-01 0
3.000000e+00 4.500000e-01 0
2.950000e+00 4.500000e-01 0
2.950000e+00 4.500000e-01 0
3.000000e+00 4.500000e-01 0
3.000000e+00 5.000000e-01 0
2.950000e+00 5.000000e-01 0
2.950000e+00 5.000000e-01 0
3.000000e+00 5.000000e-01 0
3.000000e+00 5.500000e-01 0
2.950000e+00 5.500000e-01 0
2.950000e+00 5.500000e-01 0
3.000000e+00 5.500000e-01 0
3.000000e+00 6.000000e-01 0
2.950000e+00 6.000000e-01 0
2.950000e+00 6.000000e-01 0
3.000000e+00 6.000000e-01 0
3.000000e+00 6.500000e-01 0
2.950000e+00 6.500000e-01 0
2.950000e+00 6.500000e-01 0
3.000000e+00 6.500000e-01 0
3.000000e+00 7.000000e-01 0
2.950000e+00 7.000000e-01 0
2.950000e+00 7.000000e-01 0
3.000000e+00 7.000000e-01 0
3.000000e+00 7.500000e-01 0
2.950000e+00 7.500000e-01 0
2.950000e+00 7.500000e-01 0
3.000000e+00 7.500000e-01 0
3.000000e+00 8.000000e-01 0
2.950000e+00 8.000000e-01 0
2.950000e+00 8.000000e-01 0
3.000000e+00 8.000000e-01 0
3.000000e+00 8.500000e-01 0
2.950000e+00 8.500000e-01 0
2.950000e+00 8.500000e-01 0
3.000000e+00 8.500000e-01 0
3.000000e+00 9.000000e-01 0
2.950000e+00 9.000000e-01 0
2.950000e+00 9.000000e-01 0
3.000000e+00 9.000000e-01 0
3.000000e+00 9.500000e-01 0
2.950000e+00 9.500000e-01 0
2.950000e+00 9.500000e-01 0
3.000000e+00 9.500000e-01 0
3.000000e+00 1.000000e+00 0
2.950000e+00 1.000000e+00 0
3.000000e+00 -1.000000e+00 0
3.050000e+00 -1.000000e+00 0
3.050000e+00 -9.500000e-01 0
3.000000e+00 -9.500000e-01 0
3.000000e+00 -9.500000e-01 0
3.050000e+00 -9.500000e-01 0
3.050000e+00 -9.000000e-01 0
3.000000e+00 -9.000000e-01 0
3.000000e+00 -9.000000e-01 0
3.050000e+00 -9.000000e-01 0
3.050000e+00 -8.500000e-01 0
3.000000e+00 -8.500000e-01 0
3.000000e+00 -8.500000e-01 0
3.050000e+00 -8.500000e-01 0
3.050000e+00 -8.000000e-01 0
3.000000e+00 -8.000000e-01 0
3.000000e+00 -8.000000e-01 0
3.050000e+00 -8.000000e-01 0
3.050000e+00 -7.500000e-01 0
3.000000e+00 -7.500000e-01 0
3.000000e+00 -7.500000e-01 0
3.050000e+00 -7.500000e-01 0
3.050000e+00 -7.000000e-01 0
3.000000e+00 -7.000000e-01 0
3.000000e+00 -7.000000e-01 0
3.050000e+00 -7.000000e-01 0
3.050000e+00 -6.500000e-01 0
3.000000e+00 -6.500000e-01 0
3.000000e+00 -6.500000e-01 0
3.050000e+00 -6.500000e-01 0
3.050000e+00 -6.000000e-01 0
3.000000e+00 -6.000000e-01 0
3.000000e+00 -6.000000e-01 0
3.050000e+00 -6.000000e-01 0
3.050000e+00 -5.500000e-01 0
3.000000e+00 -5.500000e-01 0
3.000000e+00 -5.500000e-01 0
3.050000e+00 -5.500000e-01 0
3.050000e+00 -5.000000e-01 0
3.000000e+00 -5.000000e-01 0
3.000000e+00 -5.000000e-01 0
3.050000e+00 -5.000000e-01 0
3.050000e+00 -4.500000e-01 0
3.000000e+00 -4.500000e-01 0
3.000000e+00 -4.500000e-01 0
3.050000e+00 -4.500000e-01 0
3.050000e+00 -4.000000e-01 0
3.000000e+00 -4.000000e-01 0
3.000000e+00 -4.000000e-01 0
3.050000e+00 -4.000000e-01 0
3.050000e+00 -3.500000e-01 0
3.000000e+00 -3.500000e-01 0
3.000000e+00 -3.500000e-01 0
3.050000e+00 -3.500000e-01 0
3.050000e+00 -3.000000e-01 0
3.000000e+00 -3.000000e-01 0
3.000000e+00 -3.000000e-01 0
3.050000e+00 -3.000000e-01 0
3.050000e+00 -2.500000e-01 0
3.000000e+00 -2.500000e-01 0
3.000000e+00 -2.500000e-01 0
3.050000e+00 -2.500000e-01 0
3.050000e+00 -2.000000e-01 0
3.000000e+00 -2.000000e-01 0
3.000000e+00 -2.000000e-01 0
3.050000e+00 -2.000000e-01 0
3.050000e+00 -1.500000e-01 0
3.000000e+00 -1.500000e-01 0
3.000000e+00 -1.500000e-01 0
3.050000e+00 -1.500000e-01 0
3.050000e+00 -1.000000e-01 0
3.000000e+00 -1.000000e-01 0
3.000000e+00 -1.000000e-01 0
3.050000e+00 -1.000000e-01 0
3.050000e+00 -5.000000e-02 0
3.000000e+00 -5.000000e-02 0
3.000000e+00 -5.000000e-02 0
3.050000e+00 -5.000000e-02 0
3.050000e+00 5.551115e-17 0
3.000000e+00 5.551115e-17 0
3.000000e+00 5.551115e-17 0
3.050000e+00 5.551115e-17 0
3.050000e+00 5.000000e-02 0
3.000000e+00 5.000000e-02 0
3.000000e+00 5.000000e-02 0
3.050000e+00 5.000000e-02 0
3.050000e+00 1.000000e-01 0
3.000000e+00 1.000000e-01 0
3.000000e+00 1.000000e-01 0
3.050000e+00 1.000000e-01 0
3.050000e+00 1.500000e-01 0
3.000000e+00 1.500000e-01 0
3.000000e+00 1.500000e-01 0
3.050000e+00 1.500000e-01 0
3.050000e+00 2.000000e-01 0
3.000000e+00 2.000000e-01 0
3.000000e+00 2.000000e-01 0
3.050000e+00 2.000000e-01 0
3.050000e+00 2.500000e-01 0
3.000000e+00 2.500000e-01 0
3.000000e+00 2.500000e-01 0
3.050000e+00 2.500000e-01 0
3.050000e+00 3.000000e-01 0
3.000000e+00 3.000000e-01 0
3.000000e+00 3.000000e-01 0
3.050000e+00 3.000000e-01 0
3.050000e+00 3.500000e-01 0
3.000000e+00 3.500000e-01 0
3.000000e+00 3.500000e-01 0
3.050000e+00 3.500000e-01 0
3.050000e+00 4.000000e-01 0
3.000000e+00 4.000000e-01 0
3.000000e+00 4.000000e-01 0
3.050000e+00 4.000000e-01 0
3.050000e+00 4.500000e-01 0
3.000000e+00 4.500000e-01 0
3.000000e+00 4.500000e-01 0
3.050000e+00 4.500000e-01 0
3.050000e+00 5.000000e-01 0
3.000000e+00 5.000000e-01 0
3.000000e+00 5.000000e-01 0
3.050000e+00 5.000000e-01 0
3.050000e+00 5.500000e-01 0
3.000000e+00 5.500000e-01 0
3.000000e+00 5.500000e-01 0
3.050000e+00 5.500000e-01 0
3.050000e+00 6.000000e-01 0
3.000000e+00 6.000000e-01 0
3.000000e+00 6.000000e-01 0
3.050000e+00 6.000000e-01 0
3.050000e+00 6.500000e-01 0
3.000000e+00 6.500000e-01 0
3.000000e+00 6.500000e-01 0
3.050000e+00 6.500000e-01 0
3.050000e+00 7.000000e-01 0
3.000000e+00 7.000000e-01 0
3.000000e+00 7.000000e-01 0
3.050000e+00 7.000000e-01 0
3.050000e+00 7.500000e-01 0
3.000000e+00 7.500000e-01 0
3.000000e+00 7.500000e-01 0
3.050000e+00 7.500000e-01 0
3.050000e+00 8.000000e-01 0
3.000000e+00 8.000000e-01 0
3.000000e+00 8.000000e-01 0
3.050000e+00 8.000000e-01 0
3.050000e+00 8.500000e-01 0
3.000000e+00 8.500000e-01 0
3.000000e+00 8.500000e-01 0
3.050000e+00 8.500000e-01 0
3.050000e+00 9.000000e-01 0
3.000000e+00 9.000000e-01 0
3.000000e+00 9.000000e-01 0
3.050000e+00 9.000000e-01 0
3.050000e+00 9.500000e-01 0
3.000000e+00 9.500000e-01 0
3.000000e+00 9.500000e-01 0
3.050000e+00 9.500000e-01 0
3.050000e+00 1.000000e+00 0
3.000000e+00 1.000000e+00 0
3.050000e+00 -1.000000e+00 0
3.100000e+00 -1.000000e+00 0
3.100000e+00 -9.500000e-01 0
3.050000e+00 -9.500000e-01 0
3.050000e+00 -9.500000e-01 0
3.100000e+00 -9.500000e-01 0
3.100000e+00 -9.000000e-01 0
3.050000e+00 -9.000000e-01 0
3.050000e+00 -9.000000e-01 0
3.100000e+00 -9.000000e-01 0
3.100000e+00 -8.500000e-01 0
3.050000e+00 -8.500000e-01 0
3.050000e+00 -8.500000e-01 0
3.100000e+00 -8.500000e-01 0
3.100000e+00 -8.000000e-01 0
3.050000e+00 -8.000000e-01 0
3.050000e+00 -8.000000e-01 0
3.100000e+00 -8.000000e-01 0
3.100000e+00 -7.500000e-01 0
3.050000e+00 -7.500000e-01 0
3.050000e+00 -7.500000e-01 0
3.100000e+00 -7.500000e-01 0
3.100000e+00 -7.000000e-01 0
3.050000e+00 -7.000000e-01 0
3.050000e+00 -7.000000e-01 0
3.100000e+00 -7.000000e-01 0
3.100000e+00 -6.500000e-01 0
3.050000e+00 -6.500000e-01 0
3.050000e+00 -6.500000e-01 0
3.100000e+00 -6.500000e-01 0
3.100000e+00 -6.000000e-01 0
3.050000e+00 -6.000000e-01 0
3.050000e+00 -6.000000e-01 0
3.100000e+00 -6.000000e-01 0
3.100000e+00 -5.500000e-01 0
3.050000e+00 -5.500000e-01 0
3.050000e+00 -5.500000e-01 0
3.100000e+00 -5.500000e-01 0
3.100000e+00 -5.000000e-01 0
3.050000e+00 -5.000000e-01 0
3.050000e+00 -5.000000e-01 0
3.100000e+00 -5.000000e-01 0
3.100000e+00 -4.500000e-01 0
3.050000e+00 -4.500000e-01 0
3.050000e+00 -4.500000e-01 0
3.100000e+00 -4.500000e-01 0
3.100000e+00 -4.000000e-01 0
3.050000e+00 -4.000000e-01 0
3.050000e+00 -4.000000e-01 0
3.100000e+00 -4.000000e-01 0
3.100000e+00 -3.500000e-01 0
3.050000e+00 -3.500000e-01 0
3.050000e+00 -3.500000e-01 0
3.100000e+00 -3.500000e-01 0
3.100000e+00 -3.000000e-01 0
3.050000e+00 -3.000000e-01 0
3.050000e+00 -3.000000e-01 0
3.100000e+00 -3.000000e-01 0
3.100000e+00 -2.500000e-01 0
3.050000e+00 -2.500000e-01 0
3.050000e+00 -2.500000e-01 0
3.100000e+00 -2.500000e-01 0
3.100000e+00 -2.000000e-01 0
3.050000e+00 -2.000000e-01 0
3.050000e+00 -2.000000e-01 0
3.100000e+00 -2.000000e-01 0
3.100000e+00 -1.500000e-01 0
3.050000e+00 -1.500000e-01 0
3.050000e+00 -1.500000e-01 0
3.100000e+00 -1.500000e-01 0
3.100000e+00 -1.000000e-01 0
3.050000e+00 -1.000000e-01 0
3.050000e+00 -1.000000e-01 0
3.100000e+00 -1.000000e-01 0
3.100000e+00 -5.000000e-02 0
3.050000e+00 -5.000000e-02 0
3.050000e+00 -5.000000e-02 0
3.100000e+00 -5.000000e-02 0
3.100000e+00 5.551115e-17 0
3.050000e+00 5.551115e-17 0
3.050000e+00 5.551115e-17 0
3.100000e+00 5.551115e-17 0
3.100000e+00 5.000000e-02 0
3.050000e+00 5.000000e-02 0
3.050000e+00 5.000000e-02 0
3.100000e+00 5.000000e-02 0
3.100000e+00 1.000000e-01 0
3.050000e+00 1.000000e-01 0
3.050000e+00 1.000000e-01 0
3.100000e+00 1.000000e-01 0
3.100000e+00 1.500000e-01 0
3.050000e+00 1.500000e-01 0
3.050000e+00 1.500000e-01 0
3.100000e+00 1.500000e-01 0
3.100000e+00 2.000000e-01 0
3.050000e+00 2.000000e-01 0
3.050000e+00 2.000000e-01 0
3.100000e+00 2.000000e-01 0
3.100000e+00 2.500000e-01 0
3.050000e+00 2.500000e-01 0
3.050000e+00 2.500000e-01 0
3.100000e+00 2.500000e-01 0
3.100000e+00 3.000000e-01 0
3.050000e+00 3.000000e-01 0
3.050000e+00 3.000000e-01 0
3.100000e+00 3.000000e-01 0
3.100000e+00 3.500000e-01 0
3.050000e+00 3.500000e-01 0
3.050000e+00 3.500000e-01 0
3.100000e+00 3.500000e-01 0
3.100000e+00 4.000000e-01 0
3.050000e+00 4.000000e-01 0
3.050000e+00 4.000000e-01 0
3.100000e+00 4.000000e-01 0
3.100000e+00 4.500000e-01 0
3.050000e+00 4.500000e-01 0
3.050000e+00 4.500000e-01 0
3.100000e+00 4.500000e-01 0
3.100000e+00 5.000000e-01 0
3.050000e+00 5.000000e-01 0
3.050000e+00 5.000000e-01 0
3.100000e+00 5.000000e-01 0
3.100000e+00 5.500000e-01 0
3.050000e+00 5.500000e-01 0
3.050000e+00 5.500000e-01 0
3.100000e+00 5.500000e-01 0
3.100000e+00 6.000000e-01 0
3.050000e+00 6.000000e-01 0
3.050000e+00 6.000000e-01 0
3.100000e+00 6.000000e-01 0
3.100000e+00 6.500000e-01 0
3.050000e+00 6.500000e-01 0
3.050000e+00 6.500000e-01 0
3.100000e+00 6.500000e-01 0
3.100000e+00 7.000000e-01 0
3.050000e+00 7.000000e-01 0
3.050000e+00 7.000000e-01 0
3.100000e+00 7.000000e-01 0
3.100000e+00 7.500000e-01 0
3.050000e+00 7.500000e-01 0
3.050000e+00 7.500000e-01 0
3.100000e+00 7.500000e-01 0
3.100000e+00 8.000000e-01 0
3.050000e+00 8.000000e-01 0
3.050000e+00 8.000000e-01 0
3.100000e+00 8.000000e-01 0
3.100000e+00 8.500000e-01 0
3.050000e+00 8.500000e-01 0
3.050000e+00 8.500000e-01 0
3.100000e+00 8.500000e-01 0
3.100000e+00 9.000000e-01 0
3.050000e+00 9.000000e-01 0
3.050000e+00 9.000000e-01 0
3.100000e+00 9.000000e-01 0
3.100000e+00 9.500000e-01 0
3.050000e+00 9.500000e-01 0
3.050000e+00 9.500000e-01 0
3.100000e+00 9.500000e-01 0
3.100000e+00 1.000000e+00 0
3.050000e+00 1.000000e+00 0
3.100000e+00 -1.000000e+00 0
3.150000e+00 -1.000000e+00 0
3.150000e+00 -9.500000e-01 0
3.100000e+00 -9.500000e-01 0
3.100000e+00 -9.500000e-01 0
3.150000e+00 -9.500000e-01 0
3.150000e+00 -9.000000e-01 0
3.100000e+00 -9.000000e-01 0
3.100000e+00 -9.000000e-01 0
3.150000e+00 -9.000000e-01 0
3.150000e+00 -8.500000e-01 0
3.100000e+00 -8.500000e-01 0
3.100000e+00 -8.500000e-01 0
3.150000e+00 -8.500000e-01 0
3.150000e+00 -8.000000e-01 0
3.100000e+00 -8.000000e-01 0
3.100000e+00 -8.000000e-01 0
3.150000e+00 -8.000000e-01 0
3.150000e+00 -7.500000e-01 0
3.100000e+00 -7.500000e-01 0
3.100000e+00 -7.500000e-01 0
3.150000e+00 -7.500000e-01 0
3.150000e+00 -7.000000e-01 0
3.100000e+00 -7.000000e-01 0
3.100000e+00 -7.000000e-01 0
3.150000e+00 -7.000000e-01 0
3.150000e+00 -6.500000e-01 0
3.100000e+00 -6.500000e-01 0
3.100000e+00 -6.500000e-01 0
3.150000e+00 -6.500000e-01 0
3.150000e+00 -6.000000e-01 0
3.100000e+00 -6.000000e-01 0
3.100000e+00 -6.000000e-01 0
3.150000e+00 -6.000000e-01 0
3.150000e+00 -5.500000e-01 0
3.100000e+00 -5.500000e-01 0
3.100000e+00 -5.500000e-01 0
3.150000e+00 -5.500000e-01 0
3.150000e+00 -5.000000e-01 0
3.100000e+00 -5.000000e-01 0
3.100000e+00 -5.000000e-01 0
3.150000e+00 -5.000000e-01 0
3.150000e+00 -4.500000e-01 0
3.100000e+00 -4.500000e-01 0
3.100000e+00 -4.500000e-01 0
3.150000e+00 -4.500000e-01 0
3.150000e+00 -4.000000e-01 0
3.100000e+00 -4.000000e-01 0
3.100000e+00 -4.000000e-01 0
3.150000e+00 -4.000000e-01 0
3.150000e+00 -3.500000e-01 0
3.100000e+00 -3.500000e-01 0
3.100000e+00 -3.500000e-01 0
3.150000e+00 -3.500000e-01 0
3.150000e+00 -3.000000e-01 0
3.100000e+00 -3.000000e-01 0
3.100000e+00 -3.000000e-01 0
3.150000e+00 -3.000000e-01 0
3.150000e+00 -2.500000e-01 0
3.100000e+00 -2.500000e-01 0
3.100000e+00 -2.500000e-01 0
3.150000e+00 -2.500000e-01 0
3.150000e+00 -2.000000e-01 0
3.100000e+00 -2.000000e-01 0
3.100000e+00 -2.000000e-01 0
3.150000e+00 -2.000000e-01 0
3.150000e+00 -1.500000e-01 0
3.100000e+00 -1.500000e-01 0
3.100000e+00 -1.500000e-01 0
3.150000e+00 -1.500000e-01 0
3.150000e+00 -1.000000e-01 0
3.100000e+00 -1.000000e-01 0
3.100000e+00 -1.000000e-01 0
3.150000e+00 -1.000000e-01 0
3.150000e+00 -5.000000e-02 0
3.100000e+00 -5.000000e-02 0
3.100000e+00 -5.000000e-02 0
3.150000e+00 -5.000000e-02 0
3.150000e+00 5.551115e-17 0
3.100000e+00 5.551115e-17 0
3.100000e+00 5.551115e-17 0
3.150000e+00 5.551115e-17 0
3.150000e+00 5.000000e-02 0
3.100000e+00 5.000000e-02 0
3.100000e+00 5.000000e-02 0
3.150000e+00 5.000000e-02 0
3.150000e+00 1.000000e-01 0
3.100000e+00 1.000000e-01 0
3.100000e+00 1.000000e-01 0
3.150000e+00 1.000000e-01 0
3.150000e+00 1.500000e-01 0
3.100000e+00 1.500000e-01 0
3.100000e+00 1.500000e-01 0
3.150000e+00 1.500000e-01 0
3.150000e+00 2.000000e-01 0
3.100000e+00 2.000000e-01 0
3.100000e+00 2.000000e-01 0
3.150000e+00 2.000000e-01 0
3.150000e+00 2.500000e-01 0
3.100000e+00 2.500000e-01 0
3.100000e+00 2.500000e-01 0
3.150000e+00 2.500000e-01 0
3.150000e+00 3.000000e-01 0
3.100000e+00 3.000000e-01 0
3.100000e+00 3.000000e-01 0
3.150000e+00 3.000000e-01 0
3.150000e+00 3.500000e-01 0
3.100000e+00 3.500000e-01 0
3.100000e+00 3.500000e-01 0
3.150000e+00 3.500000e-01 0
3.150000e+00 4.000000e-01 0
3.100000e+00 4.000000e-01 0
3.100000e+00 4.000000e-01 0
3.150000e+00 4.000000e-01 0
3.150000e+00 4.500000e-01 0
3.100000e+00 4.500000e-01 0
3.100000e+00 4.500000e-01 0
3.150000e+00 4.500000e-01 0
3.150000e+00 5.000000e-01 0
3.100000e+00 5.000000e-01 0
3.100000e+00 5.000000e-01 0
3.150000e+00 5.000000e-01 0
3.150000e+00 5.500000e-01 0
3.100000e+00 5.500000e-01 0
3.100000e+00 5.500000e-01 0
3.150000e+00 5.500000e-01 0
3.150000e+00 6.000000e-01 0
3.100000e+00 6.000000e-01 0
3.100000e+00 6.000000e-01 0
3.150000e+00 6.000000e-01 0
3.150000e+00 6.500000e-01 0
3.100000e+00 6.500000e-01 0
3.100000e+00 6.500000e-01 0
3.150000e+00 6.500000e-01 0
3.150000e+00 7.000000e-01 0
3.100000e+00 7.000000e-01 0
3.100000e+00 7.000000e-01 0
3.150000e+00 7.000000e-01 0
3.150000e+00 7.500000e-01 0
3.100000e+00 7.500000e-01 0
3.100000e+00 7.500000e-01 0
3.150000e+00 7.500000e-01 0
3.150000e+00 8.000000e-01 0
3.100000e+00 8.000000e-01 0
3.100000e+00 8.000000e-01 0
3.150000e+00 8.000000e-01 0
3.150000e+00 8.500000e-01 0
3.100000e+00 8.500000e-01 0
3.100000e+00 8.500000e-01 0
3.150000e+00 8.500000e-01 0
3.150000e+00 9.000000e-01 0
3.100000e+00 9.000000e-01 0
3.100000e+00 9.000000e-01 0
3.150000e+00 9.000000e-01 0
3.150000e+00 9.500000e-01 0
3.100000e+00 9.500000e-01 0
3.100000e+00 9.500000e-01 0
3.150000e+00 9.500000e-01 0
3.150000e+00 1.000000e+00 0
3.100000e+00 1.000000e+00 0
3.150000e+00 -1.000000e+00 0
3.200000e+00 -1.000000e+00 0
3.200000e+00 -9.500000e-01 0
3.150000e+00 -9.500000e-01 0
3.150000e+00 -9.500000e-01 0
3.200000e+00 -9.500000e-01 0
3.200000e+00 -9.000000e-01 0
3.150000e+00 -9.000000e-01 0
3.150000e+00 -9.000000e-01 0
3.200000e+00 -9.000000e-01 0
3.200000e+00 -8.500000e-01 0
3.150000e+00 -8.500000e-01 0
3.150000e+00 -8.500000e-01 0
3.200000e+00 -8.500000e-01 0
3.200000e+00 -8.000000e-01 0
3.150000e+00 -8.000000e-01 0
3.150000e+00 -8.000000e-01 0
3.200000e+00 -8.000000e-01 0
3.200000e+00 -7.500000e-01 0
3.150000e+00 -7.500000e-01 0
3.150000e+00 -7.500000e-01 0
3.200000e+00 -7.500000e-01 0
3.200000e+00 -7.000000e-01 0
3.150000e+00 -7.000000e-01 0
3.150000e+00 -7.000000e-01 0
3.200000e+00 -7.000000e-01 0
3.200000e+00 -6.500000e-01 0
3.150000e+00 -6.500000e-01 0
3.150000e+00 -6.500000e-01 0
3.200000e+00 -6.500000e-01 0
3.200000e+00 -6.000000e-01 0
3.150000e+00 -6.000000e-01 0
3.150000e+00 -6.000000e-01 0
3.200000e+00 -6.000000e-01 0
3.200000e+00 -5.500000e-01 0
3.150000e+00 -5.500000e-01 0
3.150000e+00 -5.500000e-01 0
3.200000e+00 -5.500000e-01 0
3.200000e+00 -5.000000e-01 0
3.150000e+00 -5.000000e-01 0
3.150000e+00 -5.000000e-01 0
3.200000e+00 -5.000000e-01 0
3.200000e+00 -4.500000e-01 0
3.150000e+00 -4.500000e-01 0
3.150000e+00 -4.500000e-01 0
3.200000e+00 -4.500000e-01 0
3.200000e+00 -4.000000e-01 0
3.150000e+00 -4.000000e-01 0
3.150000e+00 -4.000000e-01 0
3.200000e+00 -4.000000e-01 0
3.200000e+00 -3.500000e-01 0
3.150000e+00 -3.500000e-01 0
3.150000e+00 -3.500000e-01 0
3.200000e+00 -3.500000e-01 0
3.200000e+00 -3.000000e-01 0
3.150000e+00 -3.000000e-01 0
3.150000e+00 -3.000000e-01 0
3.200000e+00 -3.000000e-01 0
3.200000e+00 -2.500000e-01 0
3.150000e+00 -2.500000e-01 0
3.150000e+00 -2.500000e-01 0
3.200000e+00 -2.500000e-01 0
3.200000e+00 -2.000000e-01 0
3.150000e+00 -2.000000e-01 0
3.150000e+00 -2.000000e-01 0
3.200000e+00 -2.000000e-01 0
3.200000e+00 -1.500000e-01 0
3.150000e+00 -1.500000e-01 0
3.150000e+00 -1.500000e-01 0
3.200000e+00 -1.500000e-01 0
3.200000e+00 -1.000000e-01 0
3.150000e+00 -1.000000e-01 0
3.150000e+00 -1.000000e-01 0
3.200000e+00 -1.000000e-01 0
3.200000e+00 -5.000000e-02 0
3.150000e+00 -5.000000e-02 0
3.150000e+00 -5.000000e-02 0
3.200000e+00 -5.000000e-02 0
3.200000e+00 5.551115e-17 0
3.150000e+00 5.551115e-17 0
3.150000e+00 5.551115e-17 0
3.200000e+00 5.551115e-17 0
3.200000e+00 5.000000e-02 0
3.150000e+00 5.000000e-02 0
3.150000e+00 5.000000e-02 0
3.200000e+00 5.000000e-02 0
3.200000e+00 1.000000e-01 0
3.150000e+00 1.000000e-01 0
3.150000e+00 1.000000e-01 0
3.200000e+00 1.000000e-01 0
3.200000e+00 1.500000e-01 0
3.150000e+00 1.500000e-01 0
3.150000e+00 1.500000e-01 0
3.200000e+00 1.500000e-01 0
3.200000e+00 2.000000e-01 0
3.150000e+00 2.000000e-01 0
3.150000e+00 2.000000e-01 0
3.200000e+00 2.000000e-01 0
3.200000e+00 2.500000e-01 0
3.150000e+00 2.500000e-01 0
3.150000e+00 2.500000e-01 0
3.200000e+00 2.500000e-01 0
3.200000e+00 3.000000e-01 0
3.150000e+00 3.000000e-01 0
3.150000e+00 3.000000e-01 0
3.200000e+00 3.000000e-01 0
3.200000e+00 3.500000e-01 0
3.150000e+00 3.500000e-01 0
3.150000e+00 3.500000e-01 0
3.200000e+00 3.500000e-01 0
3.200000e+00 4.000000e-01 0
3.150000e+00 4.000000e-01 0
3.150000e+00 4.000000e-01 0
3.200000e+00 4.000000e-01 0
3.200000e+00 4.500000e-01 0
3.150000e+00 4.500000e-01 0
3.150000e+00 4.500000e-01 0
3.200000e+00 4.500000e-01 0
3.200000e+00 5.000000e-01 0
3.150000e+00 5.000000e-01 0
3.150000e+00 5.000000e-01 0
3.200000e+00 5.000000e-01 0
3.200000e+00 5.500000e-01 0
3.150000e+00 5.500000e-01 0
3.150000e+00 5.500000e-01 0
3.200000e+00 5.500000e-01 0
3.200000e+00 6.000000e-01 0
3.150000e+00 6.000000e-01 0
3.150000e+00 6.000000e-01 0
3.200000e+00 6.000000e-01 0
3.200000e+00 6.500000e-01 0
3.150000e+00 6.500000e-01 0
3.150000e+00 6.500000e-01 0
3.200000e+00 6.500000e-01 0
3.200000e+00 7.000000e-01 0
3.150000e+00 7.000000e-01 0
3.150000e+00 7.000000e-01 0
3.200000e+00 7.000000e-01 0
3.200000e+00 7.500000e-01 0
3.150000e+00 7.500000e-01 0
3.150000e+00 7.500000e-01 0
3.200000e+00 7.500000e-01 0
3.200000e+00 8.000000e-01 0
3.150000e+00 8.000000e-01 0
3.150000e+00 8.000000e-01 0
3.200000e+00 8.000000e-01 0
3.200000e+00 8.500000e-01 0
3.150000e+00 8.500000e-01 0
3.150000e+00 8.500000e-01 0
3.200000e+00 8.500000e-01 0
3.200000e+00 9.000000e-01 0
3.150000e+00 9.000000e-01 0
3.150000e+00 9.000000e-01 0
3.200000e+00 9.000000e-01 0
3.200000e+00 9.500000e-01 0
3.150000e+00 9.500000e-01 0
3.150000e+00 9.500000e-01 0
3.200000e+00 9.500000e-01 0
3.200000e+00 1.000000e+00 0
3.150000e+00 1.000000e+00 0
3.200000e+00 -1.000000e+00 0
3.250000e+00 -1.000000e+00 0
3.250000e+00 -9.500000e-01 0
3.200000e+00 -9.500000e-01 0
3.200000e+00 -9.500000e-01 0
3.250000e+00 -9.500000e-01 0
3.250000e+00 -9.000000e-01 0
3.200000e+00 -9.000000e-01 0
3.200000e+00 -9.000000e-01 0
3.250000e+00 -9.000000e-01 0
3.250000e+00 -8.500000e-01 0
3.200000e+00 -8.500000e-01 0
3.200000e+00 -8.500000e-01 0
3.250000e+00 -8.500000e-01 0
3.250000e+00 -8.000000e-01 0
3.200000e+00 -8.000000e-01 0
3.200000e+00 -8.000000e-01 0
3.250000e+00 -8.000000e-01 0
3.250000e+00 -7.500000e-01 0
3.200000e+00 -7.500000e-01 0
3.200000e+00 -7.500000e-01 0
3.250000e+00 -7.500000e-01 0
3.250000e+00 -7.000000e-01 0
3.200000e+00 -7.000000e-01 0
3.200000e+00 -7.000000e-01 0
3.250000e+00 -7.000000e-01 0
3.250000e+00 -6.500000e-01 0
3.200000e+00 -6.500000e-01 0
3.200000e+00 -6.500000e-01 0
3.250000e+00 -6.500000e-01 0
3.250000e+00 -6.000000e-01 0
3.200000e+00 -6.000000e-01 0
3.200000e+00 -6.000000e-01 0
3.250000e+00 -6.000000e-01 0
3.250000e+00 -5.500000e-01 0
3.200000e+00 -5.500000e-01 0
3.200000e+00 -5.500000e-01 0
3.250000e+00 -5.500000e-01 0
3.250000e+00 -5.000000e-01 0
3.200000e+00 -5.000000e-01 0
3.200000e+00 -5.000000e-01 0
3.250000e+00 -5.000000e-01 0
3.250000e+00 -4.500000e-01 0
3.200000e+00 -4.500000e-01 0
3.200000e+00 -4.500000e-01 0
3.250000e+00 -4.500000e-01 0
3.250000e+00 -4.000000e-01 0
3.200000e+00 -4.000000e-01 0
3.200000e+00 -4.000000e-01 0
3.250000e+00 -4.000000e-01 0
3.250000e+00 -3.500000e-01 0
3.200000e+00 -3.500000e-01 0
3.200000e+00 -3.500000e-01 0
3.250000e+00 -3.500000e-01 0
3.250000e+00 -3.000000e-01 0
3.200000e+00 -3.000000e-01 0
3.200000e+00 -3.000000e-01 0
3.250000e+00 -3.000000e-01 0
3.250000e+00 -2.500000e-01 0
3.200000e+00 -2.500000e-01 0
3.200000e+00 -2.500000e-01 0
3.250000e+00 -2.500000e-01 0
3.250000e+00 -2.000000e-01 0
3.200000e+00 -2.000000e-01 0
3.200000e+00 -2.000000e-01 0
3.250000e+00 -2.000000e-01 0
3.250000e+00 -1.500000e-01 0
3.200000e+00 -1.500000e-01 0
3.200000e+00 -1.500000e-01 0
3.250000e+00 -1.500000e-01 0
3.250000e+00 -1.000000e-01 0
3.200000e+00 -1.000000e-01 0
3.200000e+00 -1.000000e-01 0
3.250000e+00 -1.000000e-01 0
3.250000e+00 -5.000000e-02 0
3.200000e+00 -5.000000e-02 0
3.200000e+00 -5.000000e-02 0
3.250000e+00 -5.000000e-02 0
3.250000e+00 5.551115e-17 0
3.200000e+00 5.551115e-17 0
3.200000e+00 5.551115e-17 0
3.250000e+00 5.551115e-17 0
3.250000e+00 5.000000e-02 0
3.200000e+00 5.000000e-02 0
3.200000e+00 5.000000e-02 0
3.250000e+00 5.000000e-02 0
3.250000e+00 1.000000e-01 0
3.200000e+00 1.000000e-01 0
3.200000e+00 1.000000e-01 0
3.250000e+00 1.000000e-01 0
3.250000e+00 1.500000e-01 0
3.200000e+00 1.500000e-01 0
3.200000e+00 1.500000e-01 0
3.250000e+00 1.500000e-01 0
3.250000e+00 2.000000e-01 0
3.200000e+00 2.000000e-01 0
3.200000e+00 2.000000e-01 0
3.250000e+00 2.000000e-01 0
3.250000e+00 2.500000e-01 0
3.200000e+00 2.500000e-01 0
3.200000e+00 2.500000e-01 0
3.250000e+00 2.500000e-01 0
3.250000e+00 3.000000e-01 0
3.200000e+00 3.000000e-01 0
3.200000e+00 3.000000e-01 0
3.250000e+00 3.000000e-01 0
3.250000e+00 3.500000e-01 0
3.200000e+00 3.500000e-01 0
3.200000e+00 3.500000e-01 0
3.250000e+00 3.500000e-01 0
3.250000e+00 4.000000e-01 0
3.200000e+00 4.000000e-01 0
3.200000e+00 4.000000e-01 0
3.250000e+00 4.000000e-01 0
3.250000e+00 4.500000e-01 0
3.200000e+00 4.500000e-01 0
3.200000e+00 4.500000e-01 0
3.250000e+00 4.500000e-01 0
3.250000e+00 5.000000e-01 0
3.200000e+00 5.000000e-01 0
3.200000e+00 5.000000e-01 0
3.250000e+00 5.000000e-01 0
3.250000e+00 5.500000e-01 0
3.200000e+00 5.500000e-01 0
3.200000e+00 5.500000e-01 0
3.250000e+00 5.500000e-01 0
3.250000e+00 6.000000e-01 0
3.200000e+00 6.000000e-01 0
3.200000e+00 6.000000e-01 0
3.250000e+00 6.000000e-01 0
3.250000e+00 6.500000e-01 0
3.200000e+00 6.500000e-01 0
3.200000e+00 6.500000e-01 0
3.250000e+00 6.500000e-01 0
3.250000e+00 7.000000e-01 0
3.200000e+00 7.000000e-01 0
3.200000e+00 7.000000e-01 0
3.250000e+00 7.000000e-01 0
3.250000e+00 7.500000e-01 0
3.200000e+00 7.500000e-01 0
3.200000e+00 7.500000e-01 0
3.250000e+00 7.500000e-01 0
3.250000e+00 8.000000e-01 0
3.200000e+00 8.000000e-01 0
3.200000e+00 8.000000e-01 0
3.250000e+00 8.000000e-01 0
3.250000e+00 8.500000e-01 0
3.200000e+00 8.500000e-01 0
3.200000e+00 8.500000e-01 0
3.250000e+00 8.500000e-01 0
3.250000e+00 9.000000e-01 0
3.200000e+00 9.000000e-01 0
3.200000e+00 9.000000e-01 0
3.250000e+00 9.000000e-01 0
3.250000e+00 9.500000e-01 0
3.200000e+00 9.500000e-01 0
3.200000e+00 9.500000e-01 0
3.250000e+00 9.500000e-01 0
3.250000e+00 1.000000e+00 0
3.200000e+00 1.000000e+00 0
3.250000e+00 -1.000000e+00 0
3.300000e+00 -1.000000e+00 0
3.300000e+00 -9.500000e-01 0
3.250000e+00 -9.500000e-01 0
3.250000e+00 -9.500000e-01 0
3.300000e+00 -9.500000e-01 0
3.300000e+00 -9.000000e-01 0
3.250000e+00 -9.000000e-01 0
3.250000e+00 -9.000000e-01 0
3.300000e+00 -9.000000e-01 0
3.300000e+00 -8.500000e-01 0
3.250000e+00 -8.500000e-01 0
3.250000e+00 -8.500000e-01 0
3.300000e+00 -8.500000e-01 0
3.300000e+00 -8.000000e-01 0
3.250000e+00 -8.000000e-01 0
3.250000e+00 -8.000000e-01 0
3.300000e+00 -8.000000e-01 0
3.300000e+00 -7.500000e-01 0
3.250000e+00 -7.500000e-01 0
3.250000e+00 -7.500000e-01 0
3.300000e+00 -7.500000e-01 0
3.300000e+00 -7.000000e-01 0
3.250000e+00 -7.000000e-01 0
3.250000e+00 -7.000000e-01 0
3.300000e+00 -7.000000e-01 0
3.300000e+00 -6.500000e-01 0
3.250000e+00 -6.500000e-01 0
3.250000e+00 -6.500000e-01 0
3.300000e+00 -6.500000e-01 0
3.300000e+00 -6.000000e-01 0
3.250000e+00 -6.000000e-01 0
3.250000e+00 -6.000000e-01 0
3.300000e+00 -6.000000e-01 0
3.300000e+00 -5.500000e-01 0
3.250000e+00 -5.500000e-01 0
3.250000e+00 -5.500000e-01 0
3.300000e+00 -5.500000e-01 0
3.300000e+00 -5.000000e-01 0
3.250000e+00 -5.000000e-01 0
3.250000e+00 -5.000000e-01 0
3.300000e+00 -5.000000e-01 0
3.300000e+00 -4.500000e-01 0
3.250000e+00 -4.500000e-01 0
3.250000e+00 -4.500000e-01 0
3.300000e+00 -4.500000e-01 0
3.300000e+00 -4.000000e-01 0
3.250000e+00 -4.000000e-01 0
3.250000e+00 -4.000000e-01 0
3.300000e+00 -4.000000e-01 0
3.300000e+00 -3.500000e-01 0
3.250000e+00 -3.500000e-01 0
3.250000e+00 -3.500000e-01 0
3.300000e+00 -3.500000e-01 0
3.300000e+00 -3.000000e-01 0
3.250000e+00 -3.000000e-01 0
3.250000e+00 -3.000000e-01 0
3.300000e+00 -3.000000e-01 0
3.300000e+00 -2.500000e-01 0
3.250000e+00 -2.500000e-01 0
3.250000e+00 -2.500000e-01 0
3.300000e+00 -2.500000e-01 0
3.300000e+00 -2.000000e-01 0
3.250000e+00 -2.000000e-01 0
3.250000e+00 -2.000000e-01 0
3.300000e+00 -2.000000e-01 0
3.300000e+00 -1.500000e-01 0
3.250000e+00 -1.500000e-01 0
3.250000e+00 -1.500000e-01 0
3.300000e+00 -1.500000e-01 0
3.300000e+00 -1.000000e-01 0
3.250000e+00 -1.000000e-01 0
3.250000e+00 -1.000000e-01 0
3.300000e+00 -1.000000e-01 0
3.300000e+00 -5.000000e-02 0
3.250000e+00 -5.000000e-02 0
3.250000e+00 -5.000000e-02 0
3.300000e+00 -5.000000e-02 0
3.300000e+00 5.551115e-17 0
3.250000e+00 5.551115e-17 0
3.250000e+00 5.551115e-17 0
3.300000e+00 5.551115e-17 0
3.300000e+00 5.000000e-02 0
3.250000e+00 5.000000e-02 0
3.250000e+00 5.000000e-02 0
3.300000e+00 5.000000e-02 0
3.300000e+00 1.000000e-01 0
3.250000e+00 1.000000e-01 0
3.250000e+00 1.000000e-01 0
3.300000e+00 1.000000e-01 0
3.300000e+00 1.500000e-01 0
3.250000e+00 1.500000e-01 0
3.250000e+00 1.500000e-01 0
3.300000e+00 1.500000e-01 0
3.300000e+00 2.000000e-01 0
3.250000e+00 2.000000e-01 0
3.250000e+00 2.000000e-01 0
3.300000e+00 2.000000e-01 0
3.300000e+00 2.500000e-01 0
3.250000e+00 2.500000e-01 0
3.250000e+00 2.500000e-01 0
3.300000e+00 2.500000e-01 0
3.300000e+00 3.000000e-01 0
3.250000e+00 3.000000e-01 0
3.250000e+00 3.000000e-01 0
3.300000e+00 3.000000e-01 0
3.300000e+00 3.500000e-01 0
3.250000e+00 3.500000e-01 0
3.250000e+00 3.500000e-01 0
3.300000e+00 3.500000e-01 0
3.300000e+00 4.000000e-01 0
3.250000e+00 4.000000e-01 0
3.250000e+00 4.000000e-01 0
3.300000e+00 4.000000e-01 0
3.300000e+00 4.500000e-01 0
3.250000e+00 4.500000e-01 0
3.250000e+00 4.500000e-01 0
3.300000e+00 4.500000e-01 0
3.300000e+00 5.000000e-01 0
3.250000e+00 5.000000e-01 0
3.250000e+00 5.000000e-01 0
3.300000e+00 5.000000e-01 0
3.300000e+00 5.500000e-01 0
3.250000e+00 5.500000e-01 0
3.250000e+00 5.500000e-01 0
3.300000e+00 5.500000e-01 0
3.300000e+00 6.000000e-01 0
3.250000e+00 6.000000e-01 0
3.250000e+00 6.000000e-01 0
3.300000e+00 6.000000e-01 0
3.300000e+00 6.500000e-01 0
3.250000e+00 6.500000e-01 0
3.250000e+00 6.500000e-01 0
3.300000e+00 6.500000e-01 0
3.300000e+00 7.000000e-01 0
3.250000e+00 7.000000e-01 0
3.250000e+00 7.000000e-01 0
3.300000e+00 7.000000e-01 0
3.300000e+00 7.500000e-01 0
3.250000e+00 7.500000e-01 0
3.250000e+00 7.500000e-01 0
3.300000e+00 7.500000e-01 0
3.300000e+00 8.000000e-01 0
3.250000e+00 8.000000e-01 0
3.250000e+00 8.000000e-01 0
3.300000e+00 8.000000e-01 0
3.300000e+00 8.500000e-01 0
3.250000e+00 8.500000e-01 0
3.250000e+00 8.500000e-01 0
3.300000e+00 8.500000e-01 0
3.300000e+00 9.000000e-01 0
3.250000e+00 9.000000e-01 0
3.250000e+00 9.000000e-01 0
3.300000e+00 9.000000e-01 0
3.300000e+00 9.500000e-01 0
3.250000e+00 9.500000e-01 0
3.250000e+00 9.500000e-01 0
3.300000e+00 9.500000e-01 0
3.300000e+00 1.000000e+00 0
3.250000e+00 1.000000e+00 0
3.300000e+00 -1.000000e+00 0
3.350000e+00 -1.000000e+00 0
3.350000e+00 -9.500000e-01 0
3.300000e+00 -9.500000e-01 0
3.300000e+00 -9.500000e-01 0
3.350000e+00 -9.500000e-01 0
3.350000e+00 -9.000000e-01 0
3.300000e+00 -9.000000e-01 0
3.300000e+00 -9.000000e-01 0
3.350000e+00 -9.000000e-01 0
3.350000e+00 -8.500000e-01 0
3.300000e+00 -8.500000e-01 0
3.300000e+00 -8.500000e-01 0
3.350000e+00 -8.500000e-01 0
3.350000e+00 -8.000000e-01 0
3.300000e+00 -8.000000e-01 0
3.300000e+00 -8.000000e-01 0
3.350000e+00 -8.000000e-01 0
3.350000e+00 -7.500000e-01 0
3.300000e+00 -7.500000e-01 0
3.300000e+00 -7.500000e-01 0
3.350000e+00 -7.500000e-01 0
3.350000e+00 -7.000000e-01 0
3.300000e+00 -7.000000e-01 0
3.300000e+00 -7.000000e-01 0
3.350000e+00 -7.000000e-01 0
3.350000e+00 -6.500000e-01 0
3.300000e+00 -6.500000e-01 0
3.300000e+00 -6.500000e-01 0
3.350000e+00 -6.500000e-01 0
3.350000e+00 -6.000000e-01 0
3.300000e+00 -6.000000e-01 0
3.300000e+00 -6.000000e-01 0
3.350000e+00 -6.000000e-01 0
3.350000e+00 -5.500000e-01 0
3.300000e+00 -5.500000e-01 0
3.300000e+00 -5.500000e-01 0
3.350000e+00 -5.500000e-01 0
3.350000e+00 -5.000000e-01 0
3.300000e+00 -5.000000e-01 0
3.300000e+00 -5.000000e-01 0
3.350000e+00 -5.000000e-01 0
3.350000e+00 -4.500000e-01 0
3.300000e+00 -4.500000e-01 0
3.300000e+00 -4.500000e-01 0
3.350000e+00 -4.500000e-01 0
3.350000e+00 -4.000000e-01 0
3.300000e+00 -4.000000e-01 0
3.300000e+00 -4.000000e-01 0
3.350000e+00 -4.000000e-01 0
3.350000e+00 -3.500000e-01 0
3.300000e+00 -3.500000e-01 0
3.300000e+00 -3.500000e-01 0
3.350000e+00 -3.500000e-01 0
3.350000e+00 -3.000000e-01 0
3.300000e+00 -3.000000e-01 0
3.300000e+00 -3.000000e-01 0
3.350000e+00 -3.000000e-01 0
3.350000e+00 -2.500000e-01 0
3.300000e+00 -2.500000e-01 0
3.300000e+00 -2.500000e-01 0
3.350000e+00 -2.500000e-01 0
3.350000e+00 -2.000000e-01 0
3.300000e+00 -2.000000e-01 0
3.300000e+00 -2.000000e-01 0
3.350000e+00 -2.000000e-01 0
3.350000e+00 -1.500000e-01 0
3.300000e+00 -1.500000e-01 0
3.300000e+00 -1.500000e-01 0
3.350000e+00 -1.500000e-01 0
3.350000e+00 -1.000000e-01 0
3.300000e+00 -1.000000e-01 0
3.300000e+00 -1.000000e-01 0
3.350000e+00 -1.000000e-01 0
3.350000e+00 -5.000000e-02 0
3.300000e+00 -5.000000e-02 0
3.300000e+00 -5.000000e-02 0
3.350000e+00 -5.000000e-02 0
3.350000e+00 5.551115e-17 0
3.300000e+00 5.551115e-17 0
3.300000e+00 5.551115e-17 0
3.350000e+00 5.551115e-17 0
3.350000e+00 5.000000e-02 0
3.300000e+00 5.000000e-02 0
3.300000e+00 5.000000e-02 0
3.350000e+00 5.000000e-02 0
3.350000e+00 1.000000e-01 0
3.300000e+00 1.000000e-01 0
3.300000e+00 1.000000e-01 0
3.350000e+00 1.000000e-01 0
3.350000e+00 1.500000e-01 0
3.300000e+00 1.500000e-01 0
3.300000e+00 1.500000e-01 0
3.350000e+00 1.500000e-01 0
3.350000e+00 2.000000e-01 0
3.300000e+00 2.000000e-01 0
3.300000e+00 2.000000e-01 0
3.350000e+00 2.000000e-01 0
3.350000e+00 2.500000e-01 0
3.300000e+00 2.500000e-01 0
3.300000e+00 2.500000e-01 0
3.350000e+00 2.500000e-01 0
3.350000e+00 3.000000e-01 0
3.300000e+00 3.000000e-01 0
3.300000e+00 3.000000e-01 0
3.350000e+00 3.000000e-01 0
3.350000e+00 3.500000e-01 0
3.300000e+00 3.500000e-01 0
3.300000e+00 3.500000e-01 0
3.350000e+00 3.500000e-01 0
3.350000e+00 4.000000e-01 0
3.300000e+00 4.000000e-01 0
3.300000e+00 4.000000e-01 0
3.350000e+00 4.000000e-01 0
3.350000e+00 4.500000e-01 0
3.300000e+00 4.500000e-01 0
3.300000e+00 4.500000e-01 0
3.350000e+00 4.500000e-01 0
3.350000e+00 5.000000e-01 0
3.300000e+00 5.000000e-01 0
3.300000e+00 5.000000e-01 0
3.350000e+00 5.000000e-01 0
3.350000e+00 5.500000e-01 0
3.300000e+00 5.500000e-01 0
3.300000e+00 5.500000e-01 0
3.350000e+00 5.500000e-01 0
3.350000e+00 6.000000e-01 0
3.300000e+00 6.000000e-01 0
3.300000e+00 6.000000e-01 0
3.350000e+00 6.000000e-01 0
3.350000e+00 6.500000e-01 0
3.300000e+00 6.500000e-01 0
3.300000e+00 6.500000e-01 0
3.350000e+00 6.500000e-01 0
3.350000e+00 7.000000e-01 0
3.300000e+00 7.000000e-01 0
3.300000e+00 7.000000e-01 0
3.350000e+00 7.000000e-01 0
3.350000e+00 7.500000e-01 0
3.300000e+00 7.500000e-01 0
3.300000e+00 7.500000e-01 0
3.350000e+00 7.500000e-01 0
3.350000e+00 8.000000e-01 0
3.300000e+00 8.000000e-01 0
3.300000e+00 8.000000e-01 0
3.350000e+00 8.000000e-01 0
3.350000e+00 8.500000e-01 0
3.300000e+00 8.500000e-01 0
3.300000e+00 8.500000e-01 0
3.350000e+00 8.500000e-01 0
3.350000e+00 9.000000e-01 0
3.300000e+00 9.000000e-01 0
3.300000e+00 9.000000e-01 0
3.350000e+00 9.000000e-01 0
3.350000e+00 9.500000e-01 0
3.300000e+00 9.500000e-01 0
3.300000e+00 9.500000e-01 0
3.350000e+00 9.500000e-01 0
3.350000e+00 1.000000e+00 0
3.300000e+00 1.000000e+00 0
3.350000e+00 -1.000000e+00 0
3.400000e+00 -1.000000e+00 0
3.400000e+00 -9.500000e-01 0
3.350000e+00 -9.500000e-01 0
3.350000e+00 -9.500000e-01 0
3.400000e+00 -9.500000e-01 0
3.400000e+00 -9.000000e-01 0
3.350000e+00 -9.000000e-01 0
3.350000e+00 -9.000000e-01 0
3.400000e+00 -9.000000e-01 0
3.400000e+00 -8.500000e-01 0
3.350000e+00 -8.500000e-01 0
3.350000e+00 -8.500000e-01 0
3.400000e+00 -8.500000e-01 0
3.400000e+00 -8.000000e-01 0
3.350000e+00 -8.000000e-01 0
3.350000e+00 -8.000000e-01 0
3.400000e+00 -8.000000e-01 0
3.400000e+00 -7.500000e-01 0
3.350000e+00 -7.500000e-01 0
3.350000e+00 -7.500000e-01 0
3.400000e+00 -7.500000e-01 0
3.400000e+00 -7.000000e-01 0
3.350000e+00 -7.000000e-01 0
3.350000e+00 -7.000000e-01 0
3.400000e+00 -7.000000e-01 0
3.400000e+00 -6.500000e-01 0
3.350000e+00 -6.500000e-01 0
3.350000e+00 -6.500000e-01 0
3.400000e+00 -6.500000e-01 0
3.400000e+00 -6.000000e-01 0
3.350000e+00 -6.000000e-01 0
3.350000e+00 -6.000000e-01 0
3.400000e+00 -6.000000e-01 0
3.400000e+00 -5.500000e-01 0
3.350000e+00 -5.500000e-01 0
3.350000e+00 -5.500000e-01 0
3.400000e+00 -5.500000e-01 0
3.400000e+00 -5.000000e-01 0
3.350000e+00 -5.000000e-01 0
3.350000e+00 -5.000000e-01 0
3.400000e+00 -5.000000e-01 0
3.400000e+00 -4.500000e-01 0
3.350000e+00 -4.500000e-01 0
3.350000e+00 -4.500000e-01 0
3.400000e+00 -4.500000e-01 0
3.400000e+00 -4.000000e-01 0
3.350000e+00 -4.000000e-01 0
3.350000e+00 -4.000000e-01 0
3.400000e+00 -4.000000e-01 0
3.400000e+00 -3.500000e-01 0
3.350000e+00 -3.500000e-01 0
3.350000e+00 -3.500000e-01 0
3.400000e+00 -3.500000e-01 0
3.400000e+00 -3.000000e-01 0
3.350000e+00 -3.000000e-01 0
3.350000e+00 -3.000000e-01 0
3.400000e+00 -3.000000e-01 0
3.400000e+00 -2.500000e-01 0
3.350000e+00 -2.500000e-01 0
3.350000e+00 -2.500000e-01 0
3.400000e+00 -2.500000e-01 0
3.400000e+00 -2.000000e-01 0
3.350000e+00 -2.000000e-01 0
3.350000e+00 -2.000000e-01 0
3.400000e+00 -2.000000e-01 0
3.400000e+00 -1.500000e-01 0
3.350000e+00 -1.500000e-01 0
3.350000e+00 -1.500000e-01 0
3.400000e+00 -1.500000e-01 0
3.400000e+00 -1.000000e-01 0
3.350000e+00 -1.000000e-01 0
3.350000e+00 -1.000000e-01 0
3.400000e+00 -1.000000e-01 0
3.400000e+00 -5.000000e-02 0
3.350000e+00 -5.000000e-02 0
3.350000e+00 -5.000000e-02 0
3.400000e+00 -5.000000e-02 0
3.400000e+00 5.551115e-17 0
3.350000e+00 5.551115e-17 0
3.350000e+00 5.551115e-17 0
3.400000e+00 5.551115e-17 0
3.400000e+00 5.000000e-02 0
3.350000e+00 5.000000e-02 0
3.350000e+00 5.000000e-02 0
3.400000e+00 5.000000e-02 0
3.400000e+00 1.000000e-01 0
3.350000e+00 1.000000e-01 0
3.350000e+00 1.000000e-01 0
3.400000e+00 1.000000e-01 0
3.400000e+00 1.500000e-01 0
3.350000e+00 1.500000e-01 0
3.350000e+00 1.500000e-01 0
3.400000e+00 1.500000e-01 0
3.400000e+00 2.000000e-01 0
3.350000e+00 2.000000e-01 0
3.350000e+00 2.000000e-01 0
3.400000e+00 2.000000e-01 0
3.400000e+00 2.500000e-01 0
3.350000e+00 2.500000e-01 0
3.350000e+00 2.500000e-01 0
3.400000e+00 2.500000e-01 0
3.400000e+00 3.000000e-01 0
3.350000e+00 3.000000e-01 0
3.350000e+00 3.000000e-01 0
3.400000e+00 3.000000e-01 0
3.400000e+00 3.500000e-01 0
3.350000e+00 3.500000e-01 0
3.350000e+00 3.500000e-01 0
3.400000e+00 3.500000e-01 0
3.400000e+00 4.000000e-01 0
3.350000e+00 4.000000e-01 0
3.350000e+00 4.000000e-01 0
3.400000e+00 4.000000e-01 0
3.400000e+00 4.500000e-01 0
3.350000e+00 4.500000e-01 0
3.350000e+00 4.500000e-01 0
3.400000e+00 4.500000e-01 0
3.400000e+00 5.000000e-01 0
3.350000e+00 5.000000e-01 0
3.350000e+00 5.000000e-01 0
3.400000e+00 5.000000e-01 0
3.400000e+00 5.500000e-01 0
3.350000e+00 5.500000e-01 0
3.350000e+00 5.500000e-01 0
3.400000e+00 5.500000e-01 0
3.400000e+00 6.000000e-01 0
3.350000e+00 6.000000e-01 0
3.350000e+00 6.000000e-01 0
3.400000e+00 6.000000e-01 0
3.400000e+00 6.500000e-01 0
3.350000e+00 6.500000e-01 0
3.350000e+00 6.500000e-01 0
3.400000e+00 6.500000e-01 0
3.400000e+00 7.000000e-01 0
3.350000e+00 7.000000e-01 0
3.350000e+00 7.000000e-01 0
3.400000e+00 7.000000e-01 0
3.400000e+00 7.500000e-01 0
3.350000e+00 7.500000e-01 0
3.350000e+00 7.500000e-01 0
3.400000e+00 7.500000e-01 0
3.400000e+00 8.000000e-01 0
3.350000e+00 8.000000e-01 0
3.350000e+00 8.000000e-01 0
3.400000e+00 8.000000e-01 0
3.400000e+00 8.500000e-01 0
3.350000e+00 8.500000e-01 0
3.350000e+00 8.500000e-01 0
3.400000e+00 8.500000e-01 0
3.400000e+00 9.000000e-01 0
3.350000e+00 9.000000e-01 0
3.350000e+00 9.000000e-01 0
3.400000e+00 9.000000e-01 0
3.400000e+00 9.500000e-01 0
3.350000e+00 9.500000e-01 0
3.350000e+00 9.500000e-01 0
3.400000e+00 9.500000e-01 0
3.400000e+00 1.000000e+00 0
3.350000e+00 1.000000e+00 0
3.400000e+00 -1.000000e+00 0
3.450000e+00 -1.000000e+00 0
3.450000e+00 -9.500000e-01 0
3.400000e+00 -9.500000e-01 0
3.400000e+00 -9.500000e-01 0
3.450000e+00 -9.500000e-01 0
3.450000e+00 -9.000000e-01 0
3.400000e+00 -9.000000e-01 0
3.400000e+00 -9.000000e-01 0
3.450000e+00 -9.000000e-01 0
3.450000e+00 -8.500000e-01 0
3.400000e+00 -8.500000e-01 0
3.400000e+00 -8.500000e-01 0
3.450000e+00 -8.500000e-01 0
3.450000e+00 -8.000000e-01 0
3.400000e+00 -8.000000e-01 0
3.400000e+00 -8.000000e-01 0
3.450000e+00 -8.000000e-01 0
3.450000e+00 -7.500000e-01 0
3.400000e+00 -7.500000e-01 0
3.400000e+00 -7.500000e-01 0
3.450000e+00 -7.500000e-01 0
3.450000e+00 -7.000000e-01 0
3.400000e+00 -7.000000e-01 0
3.400000e+00 -7.000000e-01 0
3.450000e+00 -7.000000e-01 0
3.450000e+00 -6.500000e-01 0
3.400000e+00 -6.500000e-01 0
3.400000e+00 -6.500000e-01 0
3.450000e+00 -6.500000e-01 0
3.450000e+00 -6.000000e-01 0
3.400000e+00 -6.000000e-01 0
3.400000e+00 -6.000000e-01 0
3.450000e+00 -6.000000e-01 0
3.450000e+00 -5.500000e-01 0
3.400000e+00 -5.500000e-01 0
3.400000e+00 -5.500000e-01 0
3.450000e+00 -5.500000e-01 0
3.450000e+00 -5.000000e-01 0
3.400000e+00 -5.000000e-01 0
3.400000e+00 -5.000000e-01 0
3.450000e+00 -5.000000e-01 0
3.450000e+00 -4.500000e-01 0
3.400000e+00 -4.500000e-01 0
3.400000e+00 -4.500000e-01 0
3.450000e+00 -4.500000e-01 0
3.450000e+00 -4.000000e-01 0
3.400000e+00 -4.000000e-01 0
3.400000e+00 -4.000000e-01 0
3.450000e+00 -4.000000e-01 0
3.450000e+00 -3.500000e-01 0
3.400000e+00 -3.500000e-01 0
3.400000e+00 -3.500000e-01 0
3.450000e+00 -3.500000e-01 0
3.450000e+00 -3.000000e-01 0
3.400000e+00 -3.000000e-01 0
3.400000e+00 -3.000000e-01 0
3.450000e+00 -3.000000e-01 0
3.450000e+00 -2.500000e-01 0
3.400000e+00 -2.500000e-01 0
3.400000e+00 -2.500000e-01 0
3.450000e+00 -2.500000e-01 0
3.450000e+00 -2.000000e-01 0
3.400000e+00 -2.000000e-01 0
3.400000e+00 -2.000000e-01 0
3.450000e+00 -2.000000e-01 0
3.450000e+00 -1.500000e-01 0
3.400000e+00 -1.500000e-01 0
3.400000e+00 -1.500000e-01 0
3.450000e+00 -1.500000e-01 0
3.450000e+00 -1.000000e-01 0
3.400000e+00 -1.000000e-01 0
3.400000e+00 -1.000000e-01 0
3.450000e+00 -1.000000e-01 0
3.450000e+00 -5.000000e-02 0
3.400000e+00 -5.000000e-02 0
3.400000e+00 -5.000000e-02 0
3.450000e+00 -5.000000e-02 0
3.450000e+00 5.551115e-17 0
3.400000e+00 5.551115e-17 0
3.400000e+00 5.551115e-17 0
3.450000e+00 5.551115e-17 0
3.450000e+00 5.000000e-02 0
3.400000e+00 5.000000e-02 0
3.400000e+00 5.000000e-02 0
3.450000e+00 5.000000e-02 0
3.450000e+00 1.000000e-01 0
3.400000e+00 1.000000e-01 0
3.400000e+00 1.000000e-01 0
3.450000e+00 1.000000e-01 0
3.450000e+00 1.500000e-01 0
3.400000e+00 1.500000e-01 0
3.400000e+00 1.500000e-01 0
3.450000e+00 1.500000e-01 0
3.450000e+00 2.000000e-01 0
3.400000e+00 2.000000e-01 0
3.400000e+00 2.000000e-01 0
3.450000e+00 2.000000e-01 0
3.450000e+00 2.500000e-01 0
3.400000e+00 2.500000e-01 0
3.400000e+00 2.500000e-01 0
3.450000e+00 2.500000e-01 0
3.450000e+00 3.000000e-01 0
3.400000e+00 3.000000e-01 0
3.400000e+00 3.000000e-01 0
3.450000e+00 3.000000e-01 0
3.450000e+00 3.500000e-01 0
3.400000e+00 3.500000e-01 0
3.400000e+00 3.500000e-01 0
3.450000e+00 3.500000e-01 0
3.450000e+00 4.000000e-01 0
3.400000e+00 4.000000e-01 0
3.400000e+00 4.000000e-01 0
3.450000e+00 4.000000e-01 0
3.450000e+00 4.500000e-01 0
3.400000e+00 4.500000e-01 0
3.400000e+00 4.500000e-01 0
3.450000e+00 4.500000e-01 0
3.450000e+00 5.000000e-01 0
3.400000e+00 5.000000e-01 0
3.400000e+00 5.000000e-01 0
3.450000e+00 5.000000e-01 0
3.450000e+00 5.500000e-01 0
3.400000e+00 5.500000e-01 0
3.400000e+00 5.500000e-01 0
3.450000e+00 5.500000e-01 0
3.450000e+00 6.000000e-01 0
3.400000e+00 6.000000e-01 0
3.400000e+00 6.000000e-01 0
3.450000e+00 6.000000e-01 0
3.450000e+00 6.500000e-01 0
3.400000e+00 6.500000e-01 0
3.400000e+00 6.500000e-01 0
3.450000e+00 6.500000e-01 0
3.450000e+00 7.000000e-01 0
3.400000e+00 7.000000e-01 0
3.400000e+00 7.000000e-01 0
3.450000e+00 7.000000e-01 0
3.450000e+00 7.500000e-01 0
3.400000e+00 7.500000e-01 0
3.400000e+00 7.500000e-01 0
3.450000e+00 7.500000e-01 0
3.450000e+00 8.000000e-01 0
3.400000e+00 8.000000e-01 0
3.400000e+00 8.000000e-01 0
3.450000e+00 8.000000e-01 0
3.450000e+00 8.500000e-01 0
3.400000e+00 8.500000e-01 0
3.400000e+00 8.500000e-01 0
3.450000e+00 8.500000e-01 0
3.450000e+00 9.000000e-01 0
3.400000e+00 9.000000e-01 0
3.400000e+00 9.000000e-01 0
3.450000e+00 9.000000e-01 0
3.450000e+00 9.500000e-01 0
3.400000e+00 9.500000e-01 0
3.400000e+00 9.500000e-01 0
3.450000e+00 9.500000e-01 0
3.450000e+00 1.000000e+00 0
3.400000e+00 1.000000e+00 0
3.450000e+00 -1.000000e+00 0
3.500000e+00 -1.000000e+00 0
3.500000e+00 -9.500000e-01 0
3.450000e+00 -9.500000e-01 0
3.450000e+00 -9.500000e-01 0
3.500000e+00 -9.500000e-01 0
3.500000e+00 -9.000000e-01 0
3.450000e+00 -9.000000e-01 0
3.450000e+00 -9.000000e-01 0
3.500000e+00 -9.000000e-01 0
3.500000e+00 -8.500000e-01 0
3.450000e+00 -8.500000e-01 0
3.450000e+00 -8.500000e-01 0
3.500000e+00 -8.500000e-01 0
3.500000e+00 -8.000000e-01 0
3.450000e+00 -8.000000e-01 0
3.450000e+00 -8.000000e-01 0
3.500000e+00 -8.000000e-01 0
3.500000e+00 -7.500000e-01 0
3.450000e+00 -7.500000e-01 0
3.450000e+00 -7.500000e-01 0
3.500000e+00 -7.500000e-01 0
3.500000e+00 -7.000000e-01 0
3.450000e+00 -7.000000e-01 0
3.450000e+00 -7.000000e-01 0
3.500000e+00 -7.000000e-01 0
3.500000e+00 -6.500000e-01 0
3.450000e+00 -6.500000e-01 0
3.450000e+00 -6.500000e-01 0
3.500000e+00 -6.500000e-01 0
3.500000e+00 -6.000000e-01 0
3.450000e+00 -6.000000e-01 0
3.450000e+00 -6.000000e-01 0
3.500000e+00 -6.000000e-01 0
3.500000e+00 -5.500000e-01 0
3.450000e+00 -5.500000e-01 0
3.450000e+00 -5.500000e-01 0
3.500000e+00 -5.500000e-01 0
3.500000e+00 -5.000000e-01 0
3.450000e+00 -5.000000e-01 0
3.450000e+00 -5.000000e-01 0
3.500000e+00 -5.000000e-01 0
3.500000e+00 -4.500000e-01 0
3.450000e+00 -4.500000e-01 0
3.450000e+00 -4.500000e-01 0
3.500000e+00 -4.500000e-01 0
3.500000e+00 -4.000000e-01 0
3.450000e+00 -4.000000e-01 0
3.450000e+00 -4.000000e-01 0
3.500000e+00 -4.000000e-01 0
3.500000e+00 -3.500000e-01 0
3.450000e+00 -3.500000e-01 0
3.450000e+00 -3.500000e-01 0
3.500000e+00 -3.500000e-01 0
3.500000e+00 -3.000000e-01 0
3.450000e+00 -3.000000e-01 0
3.450000e+00 -3.000000e-01 0
3.500000e+00 -3.000000e-01 0
3.500000e+00 -2.500000e-01 0
3.450000e+00 -2.500000e-01 0
3.450000e+00 -2.500000e-01 0
3.500000e+00 -2.500000e-01 0
3.500000e+00 -2.000000e-01 0
3.450000e+00 -2.000000e-01 0
3.450000e+00 -2.000000e-01 0
3.500000e+00 -2.000000e-01 0
3.500000e+00 -1.500000e-01 0
3.450000e+00 -1.500000e-01 0
3.450000e+00 -1.500000e-01 0
3.500000e+00 -1.500000e-01 0
3.500000e+00 -1.000000e-01 0
3.450000e+00 -1.000000e-01 0
3.450000e+00 -1.000000e-01 0
3.500000e+00 -1.000000e-01 0
3.500000e+00 -5.000000e-02 0
3.450000e+00 -5.000000e-02 0
3.450000e+00 -5.000000e-02 0
3.500000e+00 -5.000000e-02 0
3.500000e+00 5.551115e-17 0
3.450000e+00 5.551115e-17 0
3.450000e+00 5.551115e-17 0
3.500000e+00 5.551115e-17 0
3.500000e+00 5.000000e-02 0
3.450000e+00 5.000000e-02 0
3.450000e+00 5.000000e-02 0
3.500000e+00 5.000000e-02 0
3.500000e+00 1.000000e-01 0
3.450000e+00 1.000000e-01 0
3.450000e+00 1.000000e-01 0
3.500000e+00 1.000000e-01 0
3.500000e+00 1.500000e-01 0
3.450000e+00 1.500000e-01 0
3.450000e+00 1.500000e-01 0
3.500000e+00 1.500000e-01 0
3.500000e+00 2.000000e-01 0
3.450000e+00 2.000000e-01 0
3.450000e+00 2.000000e-01 0
3.500000e+00 2.000000e-01 0
3.500000e+00 2.500000e-01 0
3.450000e+00 2.500000e-01 0
3.450000e+00 2.500000e-01 0
3.500000e+00 2.500000e-01 0
3.500000e+00 3.000000e-01 0
3.450000e+00 3.000000e-01 0
3.450000e+00 3.000000e-01 0
3.500000e+00 3.000000e-01 0
3.500000e+00 3.500000e-01 0
3.450000e+00 3.500000e-01 0
3.450000e+00 3.500000e-01 0
3.500000e+00 3.500000e-01 0
3.500000e+00 4.000000e-01 0
3.450000e+00 4.000000e-01 0
3.450000e+00 4.000000e-01 0
3.500000e+00 4.000000e-01 0
3.500000e+00 4.500000e-01 0
3.450000e+00 4.500000e-01 0
3.450000e+00 4.500000e-01 0
3.500000e+00 4.500000e-01 0
3.500000e+00 5.000000e-01 0
3.450000e+00 5.000000e-01 0
3.450000e+00 5.000000e-01 0
3.500000e+00 5.000000e-01 0
3.500000e+00 5.500000e-01 0
3.450000e+00 5.500000e-01 0
3.450000e+00 5.500000e-01 0
3.500000e+00 5.500000e-01 0
3.500000e+00 6.000000e-01 0
3.450000e+00 6.000000e-01 0
3.450000e+00 6.000000e-01 0
3.500000e+00 6.000000e-01 0
3.500000e+00 6.500000e-01 0
3.450000e+00 6.500000e-01 0
3.450000e+00 6.500000e-01 0
3.500000e+00 6.500000e-01 0
3.500000e+00 7.000000e-01 0
3.450000e+00 7.000000e-01 0
3.450000e+00 7.000000e-01 0
3.500000e+00 7.000000e-01 0
3.500000e+00 7.500000e-01 0
3.450000e+00 7.500000e-01 0
3.450000e+00 7.500000e-01 0
3.500000e+00 7.500000e-01 0
3.500000e+00 8.000000e-01 0
3.450000e+00 8.000000e-01 0
3.450000e+00 8.000000e-01 0
3.500000e+00 8.000000e-01 0
3.500000e+00 8.500000e-01 0
3.450000e+00 8.500000e-01 0
3.450000e+00 8.500000e-01 0
3.500000e+00 8.500000e-01 0
3.500000e+00 9.000000e-01 0
3.450000e+00 9.000000e-01 0
3.450000e+00 9.000000e-01 0
3.500000e+00 9.000000e-01 0
3.500000e+00 9.500000e-01 0
3.450000e+00 9.500000e-01 0
3.450000e+00 9.500000e-01 0
3.500000e+00 9.500000e-01 0
3.500000e+00 1.000000e+00 0
3.450000e+00 1.000000e+00 0
3.500000e+00 -1.000000e+00 0
3.550000e+00 -1.000000e+00 0
3.550000e+00 -9.500000e-01 0
3.500000e+00 -9.500000e-01 0
3.500000e+00 -9.500000e-01 0
3.550000e+00 -9.500000e-01 0
3.550000e+00 -9.000000e-01 0
3.500000e+00 -9.000000e-01 0
3.500000e+00 -9.000000e-01 0
3.550000e+00 -9.000000e-01 0
3.550000e+00 -8.500000e-01 0
3.500000e+00 -8.500000e-01 0
3.500000e+00 -8.500000e-01 0
3.550000e+00 -8.500000e-01 0
3.550000e+00 -8.000000e-01 0
3.500000e+00 -8.000000e-01 0
3.500000e+00 -8.000000e-01 0
3.550000e+00 -8.000000e-01 0
3.550000e+00 -7.500000e-01 0
3.500000e+00 -7.500000e-01 0
3.500000e+00 -7.500000e-01 0
3.550000e+00 -7.500000e-01 0
3.550000e+00 -7.000000e-01 0
3.500000e+00 -7.000000e-01 0
3.500000e+00 -7.000000e-01 0
3.550000e+00 -7.000000e-01 0
3.550000e+00 -6.500000e-01 0
3.500000e+00 -6.500000e-01 0
3.500000e+00 -6.500000e-01 0
3.550000e+00 -6.500000e-01 0
3.550000e+00 -6.000000e-01 0
3.500000e+00 -6.000000e-01 0
3.500000e+00 -6.000000e-01 0
3.550000e+00 -6.000000e-01 0
3.550000e+00 -5.500000e-01 0
3.500000e+00 -5.500000e-01 0
3.500000e+00 -5.500000e-01 0
3.550000e+00 -5.500000e-01 0
3.550000e+00 -5.000000e-01 0
3.500000e+00 -5.000000e-01 0
3.500000e+00 -5.000000e-01 0
3.550000e+00 -5.000000e-01 0
3.550000e+00 -4.500000e-01 0
3.500000e+00 -4.500000e-01 0
3.500000e+00 -4.500000e-01 0
3.550000e+00 -4.500000e-01 0
3.550000e+00 -4.000000e-01 0
3.500000e+00 -4.000000e-01 0
3.500000e+00 -4.000000e-01 0
3.550000e+00 -4.000000e-01 0
3.550000e+00 -3.500000e-01 0
3.500000e+00 -3.500000e-01 0
3.500000e+00 -3.500000e-01 0
3.550000e+00 -3.500000e-01 0
3.550000e+00 -3.000000e-01 0
3.500000e+00 -3.000000e-01 0
3.500000e+00 -3.000000e-01 0
3.550000e+00 -3.000000e-01 0
3.550000e+00 -2.500000e-01 0
3.500000e+00 -2.500000e-01 0
3.500000e+00 -2.500000e-01 0
3.550000e+00 -2.500000e-01 0
3.550000e+00 -2.000000e-01 0
3.500000e+00 -2.000000e-01 0
3.500000e+00 -2.000000e-01 0
3.550000e+00 -2.000000e-01 0
3.550000e+00 -1.500000e-01 0
3.500000e+00 -1.500000e-01 0
3.500000e+00 -1.500000e-01 0
3.550000e+00 -1.500000e-01 0
3.550000e+00 -1.000000e-01 0
3.500000e+00 -1.000000e-01 0
3.500000e+00 -1.000000e-01 0
3.550000e+00 -1.000000e-01 0
3.550000e+00 -5.000000e-02 0
3.500000e+00 -5.000000e-02 0
3.500000e+00 -5.000000e-02 0
3.550000e+00 -5.000000e-02 0
3.550000e+00 5.551115e-17 0
3.500000e+00 5.551115e-17 0
3.500000e+00 5.551115e-17 0
3.550000e+00 5.551115e-17 0
3.550000e+00 5.000000e-02 0
3.500000e+00 5.000000e-02 0
3.500000e+00 5.000000e-02 0
3.550000e+00 5.000000e-02 0
3.550000e+00 1.000000e-01 0
3.500000e+00 1.000000e-01 0
3.500000e+00 1.000000e-01 0
3.550000e+00 1.000000e-01 0
3.550000e+00 1.500000e-01 0
3.500000e+00 1.500000e-01 0
3.500000e+00 1.500000e-01 0
3.550000e+00 1.500000e-01 0
3.550000e+00 2.000000e-01 0
3.500000e+00 2.000000e-01 0
3.500000e+00 2.000000e-01 0
3.550000e+00 2.000000e-01 0
3.550000e+00 2.500000e-01 0
3.500000e+00 2.500000e-01 0
3.500000e+00 2.500000e-01 0
3.550000e+00 2.500000e-01 0
3.550000e+00 3.000000e-01 0
3.500000e+00 3.000000e-01 0
3.500000e+00 3.000000e-01 0
3.550000e+00 3.000000e-01 0
3.550000e+00 3.500000e-01 0
3.500000e+00 3.500000e-01 0
3.500000e+00 3.500000e-01 0
3.550000e+00 3.500000e-01 0
3.550000e+00 4.000000e-01 0
3.500000e+00 4.000000e-01 0
3.500000e+00 4.000000e-01 0
3.550000e+00 4.000000e-01 0
3.550000e+00 4.500000e-01 0
3.500000e+00 4.500000e-01 0
3.500000e+00 4.500000e-01 0
3.550000e+00 4.500000e-01 0
3.550000e+00 5.000000e-01 0
3.500000e+00 5.000000e-01 0
3.500000e+00 5.000000e-01 0
3.550000e+00 5.000000e-01 0
3.550000e+00 5.500000e-01 0
3.500000e+00 5.500000e-01 0
3.500000e+00 5.500000e-01 0
3.550000e+00 5.500000e-01 0
3.550000e+00 6.000000e-01 0
3.500000e+00 6.000000e-01 0
3.500000e+00 6.000000e-01 0
3.550000e+00 6.000000e-01 0
3.550000e+00 6.500000e-01 0
3.500000e+00 6.500000e-01 0
3.500000e+00 6.500000e-01 0
3.550000e+00 6.500000e-01 0
3.550000e+00 7.000000e-01 0
3.500000e+00 7.000000e-01 0
3.500000e+00 7.000000e-01 0
3.550000e+00 7.000000e-01 0
3.550000e+00 7.500000e-01 0
3.500000e+00 7.500000e-01 0
3.500000e+00 7.500000e-01 0
3.550000e+00 7.500000e-01 0
3.550000e+00 8.000000e-01 0
3.500000e+00 8.000000e-01 0
3.500000e+00 8.000000e-01 0
3.550000e+00 8.000000e-01 0
3.550000e+00 8.500000e-01 0
3.500000e+00 8.500000e-01 0
3.500000e+00 8.500000e-01 0
3.550000e+00 8.500000e-01 0
3.550000e+00 9.000000e-01 0
3.500000e+00 9.000000e-01 0
3.500000e+00 9.000000e-01 0
3.550000e+00 9.000000e-01 0
3.550000e+00 9.500000e-01 0
3.500000e+00 9.500000e-01 0
3.500000e+00 9.500000e-01 0
3.550000e+00 9.500000e-01 0
3.550000e+00 1.000000e+00 0
3.500000e+00 1.000000e+00 0
3.550000e+00 -1.000000e+00 0
3.600000e+00 -1.000000e+00 0
3.600000e+00 -9.500000e-01 0
3.550000e+00 -9.500000e-01 0
3.550000e+00 -9.500000e-01 0
3.600000e+00 -9.500000e-01 0
3.600000e+00 -9.000000e-01 0
3.550000e+00 -9.000000e-01 0
3.550000e+00 -9.000000e-01 0
3.600000e+00 -9.000000e-01 0
3.600000e+00 -8.500000e-01 0
3.550000e+00 -8.500000e-01 0
3.550000e+00 -8.500000e-01 0
3.600000e+00 -8.500000e-01 0
3.600000e+00 -8.000000e-01 0
3.550000e+00 -8.000000e-01 0
3.550000e+00 -8.000000e-01 0
3.600000e+00 -8.000000e-01 0
3.600000e+00 -7.500000e-01 0
3.550000e+00 -7.500000e-01 0
3.550000e+00 -7.500000e-01 0
3.600000e+00 -7.500000e-01 0
3.600000e+00 -7.000000e-01 0
3.550000e+00 -7.000000e-01 0
3.550000e+00 -7.000000e-01 0
3.600000e+00 -7.000000e-01 0
3.600000e+00 -6.500000e-01 0
3.550000e+00 -6.500000e-01 0
3.550000e+00 -6.500000e-01 0
3.600000e+00 -6.500000e-01 0
3.600000e+00 -6.000000e-01 0
3.550000e+00 -6.000000e-01 0
3.550000e+00 -6.000000e-01 0
3.600000e+00 -6.000000e-01 0
3.600000e+00 -5.500000e-01 0
3.550000e+00 -5.500000e-01 0
3.550000e+00 -5.500000e-01 0
3.600000e+00 -5.500000e-01 0
3.600000e+00 -5.000000e-01 0
3.550000e+00 -5.000000e-01 0
3.550000e+00 -5.000000e-01 0
3.600000e+00 -5.000000e-01 0
3.600000e+00 -4.500000e-01 0
3.550000e+00 -4.500000e-01 0
3.550000e+00 -4.500000e-01 0
3.600000e+00 -4.500000e-01 0
3.600000e+00 -4.000000e-01 0
3.550000e+00 -4.000000e-01 0
3.550000e+00 -4.000000e-01 0
3.600000e+00 -4.000000e-01 0
3.600000e+00 -3.500000e-01 0
3.550000e+00 -3.500000e-01 0
3.550000e+00 -3.500000e-01 0
3.600000e+00 -3.500000e-01 0
3.600000e+00 -3.000000e-01 0
3.550000e+00 -3.000000e-01 0
3.550000e+00 -3.000000e-01 0
3.600000e+00 -3.000000e-01 0
3.600000e+00 -2.500000e-01 0
3.550000e+00 -2.500000e-01 0
3.550000e+00 -2.500000e-01 0
3.600000e+00 -2.500000e-01 0
3.600000e+00 -2.000000e-01 0
3.550000e+00 -2.000000e-01 0
3.550000e+00 -2.000000e-01 0
3.600000e+00 -2.000000e-01 0
3.600000e+00 -1.500000e-01 0
3.550000e+00 -1.500000e-01 0
3.550000e+00 -1.500000e-01 0
3.600000e+00 -1.500000e-01 0
3.600000e+00 -1.000000e-01 0
3.550000e+00 -1.000000e-01 0
3.550000e+00 -1.000000e-01 0
3.600000e+00 -1.000000e-01 0
3.600000e+00 -5.000000e-02 0
3.550000e+00 -5.000000e-02 0
3.550000e+00 -5.000000e-02 0
3.600000e+00 -5.000000e-02 0
3.600000e+00 5.551115e-17 0
3.550000e+00 5.551115e-17 0
3.550000e+00 5.551115e-17 0
3.600000e+00 5.551115e-17 0
3.600000e+00 5.000000e-02 0
3.550000e+00 5.000000e-02 0
3.550000e+00 5.000000e-02 0
3.600000e+00 5.000000e-02 0
3.600000e+00 1.000000e-01 0
3.550000e+00 1.000000e-01 0
3.550000e+00 1.000000e-01 0
3.600000e+00 1.000000e-01 0
3.600000e+00 1.500000e-01 0
3.550000e+00 1.500000e-01 0
3.550000e+00 1.500000e-01 0
3.600000e+00 1.500000e-01 0
3.600000e+00 2.000000e-01 0
3.550000e+00 2.000000e-01 0
3.550000e+00 2.000000e-01 0
3.600000e+00 2.000000e-01 0
3.600000e+00 2.500000e-01 0
3.550000e+00 2.500000e-01 0
3.550000e+00 2.500000e-01 0
3.600000e+00 2.500000e-01 0
3.600000e+00 3.000000e-01 0
3.550000e+00 3.000000e-01 0
3.550000e+00 3.000000e-01 0
3.600000e+00 3.000000e-01 0
3.600000e+00 3.500000e-01 0
3.550000e+00 3.500000e-01 0
3.550000e+00 3.500000e-01 0
3.600000e+00 3.500000e-01 0
3.600000e+00 4.000000e-01 0
3.550000e+00 4.000000e-01 0
3.550000e+00 4.000000e-01 0
3.600000e+00 4.000000e-01 0
3.600000e+00 4.500000e-01 0
3.550000e+00 4.500000e-01 0
3.550000e+00 4.500000e-01 0
3.600000e+00 4.500000e-01 0
3.600000e+00 5.000000e-01 0
3.550000e+00 5.000000e-01 0
3.550000e+00 5.000000e-01 0
3.600000e+00 5.000000e-01 0
3.600000e+00 5.500000e-01 0
3.550000e+00 5.500000e-01 0
3.550000e+00 5.500000e-01 0
3.600000e+00 5.500000e-01 0
3.600000e+00 6.000000e-01 0
3.550000e+00 6.000000e-01 0
3.550000e+00 6.000000e-01 0
3.600000e+00 6.000000e-01 0
3.600000e+00 6.500000e-01 0
3.550000e+00 6.500000e-01 0
3.550000e+00 6.500000e-01 0
3.600000e+00 6.500000e-01 0
3.600000e+00 7.000000e-01 0
3.550000e+00 7.000000e-01 0
3.550000e+00 7.000000e-01 0
3.600000e+00 7.000000e-01 0
3.600000e+00 7.500000e-01 0
3.550000e+00 7.500000e-01 0
3.550000e+00 7.500000e-01 0
3.600000e+00 7.500000e-01 0
3.600000e+00 8.000000e-01 0
3.550000e+00 8.000000e-01 0
3.550000e+00 8.000000e-01 0
3.600000e+00 8.000000e-01 0
3.600000e+00 8.500000e-01 0
3.550000e+00 8.500000e-01 0
3.550000e+00 8.500000e-01 0
3.600000e+00 8.500000e-01 0
3.600000e+00 9.000000e-01 0
3.550000e+00 9.000000e-01 0
3.550000e+00 9.000000e-01 0
3.600000e+00 9.000000e-01 0
3.600000e+00 9.500000e-01 0
3.550000e+00 9.500000e-01 0
3.550000e+00 9.500000e-01 0
3.600000e+00 9.500000e-01 0
3.600000e+00 1.000000e+00 0
3.550000e+00 1.000000e+00 0
3.600000e+00 -1.000000e+00 0
3.650000e+00 -1.000000e+00 0
3.650000e+00 -9.500000e-01 0
3.600000e+00 -9.500000e-01 0
3.600000e+00 -9.500000e-01 0
3.650000e+00 -9.500000e-01 0
3.650000e+00 -9.000000e-01 0
3.600000e+00 -9.000000e-01 0
3.600000e+00 -9.000000e-01 0
3.650000e+00 -9.000000e-01 0
3.650000e+00 -8.500000e-01 0
3.600000e+00 -8.500000e-01 0
3.600000e+00 -8.500000e-01 0
3.650000e+00 -8.500000e-01 0
3.650000e+00 -8.000000e-01 0
3.600000e+00 -8.000000e-01 0
3.600000e+00 -8.000000e-01 0
3.650000e+00 -8.000000e-01 0
3.650000e+00 -7.500000e-01 0
3.600000e+00 -7.500000e-01 0
3.600000e+00 -7.500000e-01 0
3.650000e+00 -7.500000e-01 0
3.650000e+00 -7.000000e-01 0
3.600000e+00 -7.000000e-01 0
3.600000e+00 -7.000000e-01 0
3.650000e+00 -7.000000e-01 0
3.650000e+00 -6.500000e-01 0
3.600000e+00 -6.500000e-01 0
3.600000e+00 -6.500000e-01 0
3.650000e+00 -6.500000e-01 0
3.650000e+00 -6.000000e-01 0
3.600000e+00 -6.000000e-01 0
3.600000e+00 -6.000000e-01 0
3.650000e+00 -6.000000e-01 0
3.650000e+00 -5.500000e-01 0
3.600000e+00 -5.500000e-01 0
3.600000e+00 -5.500000e-01 0
3.650000e+00 -5.500000e-01 0
3.650000e+00 -5.000000e-01 0
3.600000e+00 -5.000000e-01 0
3.600000e+00 -5.000000e-01 0
3.650000e+00 -5.000000e-01 0
3.650000e+00 -4.500000e-01 0
3.600000e+00 -4.500000e-01 0
3.600000e+00 -4.500000e-01 0
3.650000e+00 -4.500000e-01 0
3.650000e+00 -4.000000e-01 0
3.600000e+00 -4.000000e-01 0
3.600000e+00 -4.000000e-01 0
3.650000e+00 -4.000000e-01 0
3.650000e+00 -3.500000e-01 0
3.600000e+00 -3.500000e-01 0
3.600000e+00 -3.500000e-01 0
3.650000e+00 -3.500000e-01 0
3.650000e+00 -3.000000e-01 0
3.600000e+00 -3.000000e-01 0
3.600000e+00 -3.000000e-01 0
3.650000e+00 -3.000000e-01 0
3.650000e+00 -2.500000e-01 0
3.600000e+00 -2.500000e-01 0
3.600000e+00 -2.500000e-01 0
3.650000e+00 -2.500000e-01 0
3.650000e+00 -2.000000e-01 0
3.600000e+00 -2.000000e-01 0
3.600000e+00 -2.000000e-01 0
3.650000e+00 -2.000000e-01 0
3.650000e+00 -1.500000e-01 0
3.600000e+00 -1.500000e-01 0
3.600000e+00 -1.500000e-01 0
3.650000e+00 -1.500000e-01 0
3.650000e+00 -1.000000e-01 0
3.600000e+00 -1.000000e-01 0
3.600000e+00 -1.000000e-01 0
3.650000e+00 -1.000000e-01 0
3.650000e+00 -5.000000e-02 0
3.600000e+00 -5.000000e-02 0
3.600000e+00 -5.000000e-02 0
3.650000e+00 -5.000000e-02 0
3.650000e+00 5.551115e-17 0
3.600000e+00 5.551115e-17 0
3.600000e+00 5.551115e-17 0
3.650000e+00 5.551115e-17 0
3.650000e+00 5.000000e-02 0
3.600000e+00 5.000000e-02 0
3.600000e+00 5.000000e-02 0
3.650000e+00 5.000000e-02 0
3.650000e+00 1.000000e-01 0
3.600000e+00 1.000000e-01 0
3.600000e+00 1.000000e-01 0
3.650000e+00 1.000000e-01 0
3.650000e+00 1.500000e-01 0
3.600000e+00 1.500000e-01 0
3.600000e+00 1.500000e-01 0
3.650000e+00 1.500000e-01 0
3.650000e+00 2.000000e-01 0
3.600000e+00 2.000000e-01 0
3.600000e+00 2.000000e-01 0
3.650000e+00 2.000000e-01 0
3.650000e+00 2.500000e-01 0
3.600000e+00 2.500000e-01 0
3.600000e+00 2.500000e-01 0
3.650000e+00 2.500000e-01 0
3.650000e+00 3.000000e-01 0
3.600000e+00 3.000000e-01 0
3.600000e+00 3.000000e-01 0
3.650000e+00 3.000000e-01 0
3.650000e+00 3.500000e-01 0
3.600000e+00 3.500000e-01 0
3.600000e+00 3.500000e-01 0
3.650000e+00 3.500000e-01 0
3.650000e+00 4.000000e-01 0
3.600000e+00 4.000000e-01 0
3.600000e+00 4.000000e-01 0
3.650000e+00 4.000000e-01 0
3.650000e+00 4.500000e-01 0
3.600000e+00 4.500000e-01 0
3.600000e+00 4.500000e-01 0
3.650000e+00 4.500000e-01 0
3.650000e+00 5.000000e-01 0
3.600000e+00 5.000000e-01 0
3.600000e+00 5.000000e-01 0
3.650000e+00 5.000000e-01 0
3.650000e+00 5.500000e-01 0
3.600000e+00 5.500000e-01 0
3.600000e+00 5.500000e-01 0
3.650000e+00 5.500000e-01 0
3.650000e+00 6.000000e-01 0
3.600000e+00 6.000000e-01 0
3.600000e+00 6.000000e-01 0
3.650000e+00 6.000000e-01 0
3.650000e+00 6.500000e-01 0
3.600000e+00 6.500000e-01 0
3.600000e+00 6.500000e-01 0
3.650000e+00 6.500000e-01 0
3.650000e+00 7.000000e-01 0
3.600000e+00 7.000000e-01 0
3.600000e+00 7.000000e-01 0
3.650000e+00 7.000000e-01 0
3.650000e+00 7.500000e-01 0
3.600000e+00 7.500000e-01 0
3.600000e+00 7.500000e-01 0
3.650000e+00 7.500000e-01 0
3.650000e+00 8.000000e-01 0
3.600000e+00 8.000000e-01 0
3.600000e+00 8.000000e-01 0
3.650000e+00 8.000000e-01 0
3.650000e+00 8.500000e-01 0
3.600000e+00 8.500000e-01 0
3.600000e+00 8.500000e-01 0
3.650000e+00 8.500000e-01 0
3.650000e+00 9.000000e-01 0
3.600000e+00 9.000000e-01 0
3.600000e+00 9.000000e-01 0
3.650000e+00 9.000000e-01 0
3.650000e+00 9.500000e-01 0
3.600000e+00 9.500000e-01 0
3.600000e+00 9.500000e-01 0
3.650000e+00 9.500000e-01 0
3.650000e+00 1.000000e+00 0
3.600000e+00 1.000000e+00 0
3.650000e+00 -1.000000e+00 0
3.700000e+00 -1.000000e+00 0
3.700000e+00 -9.500000e-01 0
3.650000e+00 -9.500000e-01 0
3.650000e+00 -9.500000e-01 0
3.700000e+00 -9.500000e-01 0
3.700000e+00 -9.000000e-01 0
3.650000e+00 -9.000000e-01 0
3.650000e+00 -9.000000e-01 0
3.700000e+00 -9.000000e-01 0
3.700000e+00 -8.500000e-01 0
3.650000e+00 -8.500000e-01 0
3.650000e+00 -8.500000e-01 0
3.700000e+00 -8.500000e-01 0
3.700000e+00 -8.000000e-01 0
3.650000e+00 -8.000000e-01 0
3.650000e+00 -8.000000e-01 0
3.700000e+00 -8.000000e-01 0
3.700000e+00 -7.500000e-01 0
3.650000e+00 -7.500000e-01 0
3.650000e+00 -7.500000e-01 0
3.700000e+00 -7.500000e-01 0
3.700000e+00 -7.000000e-01 0
3.650000e+00 -7.000000e-01 0
3.650000e+00 -7.000000e-01 0
3.700000e+00 -7.000000e-01 0
3.700000e+00 -6.500000e-01 0
3.650000e+00 -6.500000e-01 0
3.650000e+00 -6.500000e-01 0
3.700000e+00 -6.500000e-01 0
3.700000e+00 -6.000000e-01 0
3.650000e+00 -6.000000e-01 0
3.650000e+00 -6.000000e-01 0
3.700000e+00 -6.000000e-01 0
3.700000e+00 -5.500000e-01 0
3.650000e+00 -5.500000e-01 0
3.650000e+00 -5.500000e-01 0
3.700000e+00 -5.500000e-01 0
3.700000e+00 -5.000000e-01 0
3.650000e+00 -5.000000e-01 0
3.650000e+00 -5.000000e-01 0
3.700000e+00 -5.000000e-01 0
3.700000e+00 -4.500000e-01 0
3.650000e+00 -4.500000e-01 0
3.650000e+00 -4.500000e-01 0
3.700000e+00 -4.500000e-01 0
3.700000e+00 -4.000000e-01 0
3.650000e+00 -4.000000e-01 0
3.650000e+00 -4.000000e-01 0
3.700000e+00 -4.000000e-01 0
3.700000e+00 -3.500000e-01 0
3.650000e+00 -3.500000e-01 0
3.650000e+00 -3.500000e-01 0
3.700000e+00 -3.500000e-01 0
3.700000e+00 -3.000000e-01 0
3.650000e+00 -3.000000e-01 0
3.650000e+00 -3.000000e-01 0
3.700000e+00 -3.000000e-01 0
3.700000e+00 -2.500000e-01 0
3.650000e+00 -2.500000e-01 0
3.650000e+00 -2.500000e-01 0
3.700000e+00 -2.500000e-01 0
3.700000e+00 -2.000000e-01 0
3.650000e+00 -2.000000e-01 0
3.650000e+00 -2.000000e-01 0
3.700000e+00 -2.000000e-01 0
3.700000e+00 -1.500000e-01 0
3.650000e+00 -1.500000e-01 0
3.650000e+00 -1.500000e-01 0
3.700000e+00 -1.500000e-01 0
3.700000e+00 -1.000000e-01 0
3.650000e+00 -1.000000e-01 0
3.650000e+00 -1.000000e-01 0
3.700000e+00 -1.000000e-01 0
3.700000e+00 -5.000000e-02 0
3.650000e+00 -5.000000e-02 0
3.650000e+00 -5.000000e-02 0
3.700000e+00 -5.000000e-02 0
3.700000e+00 5.551115e-17 0
3.650000e+00 5.551115e-17 0
3.650000e+00 5.551115e-17 0
3.700000e+00 5.551115e-17 0
3.700000e+00 5.000000e-02 0
3.650000e+00 5.000000e-02 0
3.650000e+00 5.000000e-02 0
3.700000e+00 5.000000e-02 0
3.700000e+00 1.000000e-01 0
3.650000e+00 1.000000e-01 0
3.650000e+00 1.000000e-01 0
3.700000e+00 1.000000e-01 0
3.700000e+00 1.500000e-01 0
3.650000e+00 1.500000e-01 0
3.650000e+00 1.500000e-01 0
3.700000e+00 1.500000e-01 0
3.700000e+00 2.000000e-01 0
3.650000e+00 2.000000e-01 0
3.650000e+00 2.000000e-01 0
3.700000e+00 2.000000e-01 0
3.700000e+00 2.500000e-01 0
3.650000e+00 2.500000e-01 0
3.650000e+00 2.500000e-01 0
3.700000e+00 2.500000e-01 0
3.700000e+00 3.000000e-01 0
3.650000e+00 3.000000e-01 0
3.650000e+00 3.000000e-01 0
3.700000e+00 3.000000e-01 0
3.700000e+00 3.500000e-01 0
3.650000e+00 3.500000e-01 0
3.650000e+00 3.500000e-01 0
3.700000e+00 3.500000e-01 0
3.700000e+00 4.000000e-01 0
3.650000e+00 4.000000e-01 0
3.650000e+00 4.000000e-01 0
3.700000e+00 4.000000e-01 0
3.700000e+00 4.500000e-01 0
3.650000e+00 4.500000e-01 0
3.650000e+00 4.500000e-01 0
3.700000e+00 4.500000e-01 0
3.700000e+00 5.000000e-01 0
3.650000e+00 5.000000e-01 0
3.650000e+00 5.000000e-01 0
3.700000e+00 5.000000e-01 0
3.700000e+00 5.500000e-01 0
3.650000e+00 5.500000e-01 0
3.650000e+00 5.500000e-01 0
3.700000e+00 5.500000e-01 0
3.700000e+00 6.000000e-01 0
3.650000e+00 6.000000e-01 0
3.650000e+00 6.000000e-01 0
3.700000e+00 6.000000e-01 0
3.700000e+00 6.500000e-01 0
3.650000e+00 6.500000e-01 0
3.650000e+00 6.500000e-01 0
3.700000e+00 6.500000e-01 0
3.700000e+00 7.000000e-01 0
3.650000e+00 7.000000e-01 0
3.650000e+00 7.000000e-01 0
3.700000e+00 7.000000e-01 0
3.700000e+00 7.500000e-01 0
3.650000e+00 7.500000e-01 0
3.650000e+00 7.500000e-01 0
3.700000e+00 7.500000e-01 0
3.700000e+00 8.000000e-01 0
3.650000e+00 8.000000e-01 0
3.650000e+00 8.000000e-01 0
3.700000e+00 8.000000e-01 0
3.700000e+00 8.500000e-01 0
3.650000e+00 8.500000e-01 0
3.650000e+00 8.500000e-01 0
3.700000e+00 8.500000e-01 0
3.700000e+00 9.000000e-01 0
3.650000e+00 9.000000e-01 0
3.650000e+00 9.000000e-01 0
3.700000e+00 9.000000e-01 0
3.700000e+00 9.500000e-01 0
3.650000e+00 9.500000e-01 0
3.650000e+00 9.500000e-01 0
3.700000e+00 9.500000e-01 0
3.700000e+00 1.000000e+00 0
3.650000e+00 1.000000e+00 0
3.700000e+00 -1.000000e+00 0
3.750000e+00 -1.000000e+00 0
3.750000e+00 -9.500000e-01 0
3.700000e+00 -9.500000e-01 0
3.700000e+00 -9.500000e-01 0
3.750000e+00 -9.500000e-01 0
3.750000e+00 -9.000000e-01 0
3.700000e+00 -9.000000e-01 0
3.700000e+00 -9.000000e-01 0
3.750000e+00 -9.000000e-01 0
3.750000e+00 -8.500000e-01 0
3.700000e+00 -8.500000e-01 0
3.700000e+00 -8.500000e-01 0
3.750000e+00 -8.500000e-01 0
3.750000e+00 -8.000000e-01 0
3.700000e+00 -8.000000e-01 0
3.700000e+00 -8.000000e-01 0
3.750000e+00 -8.000000e-01 0
3.750000e+00 -7.500000e-01 0
3.700000e+00 -7.500000e-01 0
3.700000e+00 -7.500000e-01 0
3.750000e+00 -7.500000e-01 0
3.750000e+00 -7.000000e-01 0
3.700000e+00 -7.000000e-01 0
3.700000e+00 -7.000000e-01 0
3.750000e+00 -7.000000e-01 0
3.750000e+00 -6.500000e-01 0
3.700000e+00 -6.500000e-01 0
3.700000e+00 -6.500000e-01 0
3.750000e+00 -6.500000e-01 0
3.750000e+00 -6.000000e-01 0
3.700000e+00 -6.000000e-01 0
3.700000e+00 -6.000000e-01 0
3.750000e+00 -6.000000e-01 0
3.750000e+00 -5.500000e-01 0
3.700000e+00 -5.500000e-01 0
3.700000e+00 -5.500000e-01 0
3.750000e+00 -5.500000e-01 0
3.750000e+00 -5.000000e-01 0
3.700000e+00 -5.000000e-01 0
3.700000e+00 -5.000000e-01 0
3.750000e+00 -5.000000e-01 0
3.750000e+00 -4.500000e-01 0
3.700000e+00 -4.500000e-01 0
3.700000e+00 -4.500000e-01 0
3.750000e+00 -4.500000e-01 0
3.750000e+00 -4.000000e-01 0
3.700000e+00 -4.000000e-01 0
3.700000e+00 -4.000000e-01 0
3.750000e+00 -4.000000e-01 0
3.750000e+00 -3.500000e-01 0
3.700000e+00 -3.500000e-01 0
3.700000e+00 -3.500000e-01 0
3.750000e+00 -3.500000e-01 0
3.750000e+00 -3.000000e-01 0
3.700000e+00 -3.000000e-01 0
3.700000e+00 -3.000000e-01 0
3.750000e+00 -3.000000e-01 0
3.750000e+00 -2.500000e-01 0
3.700000e+00 -2.500000e-01 0
3.700000e+00 -2.500000e-01 0
3.750000e+00 -2.500000e-01 0
3.750000e+00 -2.000000e-01 0
3.700000e+00 -2.000000e-01 0
3.700000e+00 -2.000000e-01 0
3.750000e+00 -2.000000e-01 0
3.750000e+00 -1.500000e-01 0
3.700000e+00 -1.500000e-01 0
3.700000e+00 -1.500000e-01 0
3.750000e+00 -1.500000e-01 0
3.750000e+00 -1.000000e-01 0
3.700000e+00 -1.000000e-01 0
3.700000e+00 -1.000000e-01 0
3.750000e+00 -1.000000e-01 0
3.750000e+00 -5.000000e-02 0
3.700000e+00 -5.000000e-02 0
3.700000e+00 -5.000000e-02 0
3.750000e+00 -5.000000e-02 0
3.750000e+00 5.551115e-17 0
3.700000e+00 5.551115e-17 0
3.700000e+00 5.551115e-17 0
3.750000e+00 5.551115e-17 0
3.750000e+00 5.000000e-02 0
3.700000e+00 5.000000e-02 0
3.700000e+00 5.000000e-02 0
3.750000e+00 5.000000e-02 0
3.750000e+00 1.000000e-01 0
3.700000e+00 1.000000e-01 0
3.700000e+00 1.000000e-01 0
3.750000e+00 1.000000e-01 0
3.750000e+00 1.500000e-01 0
3.700000e+00 1.500000e-01 0
3.700000e+00 1.500000e-01 0
3.750000e+00 1.500000e-01 0
3.750000e+00 2.000000e-01 0
3.700000e+00 2.000000e-01 0
3.700000e+00 2.000000e-01 0
3.750000e+00 2.000000e-01 0
3.750000e+00 2.500000e-01 0
3.700000e+00 2.500000e-01 0
3.700000e+00 2.500000e-01 0
3.750000e+00 2.500000e-01 0
3.750000e+00 3.000000e-01 0
3.700000e+00 3.000000e-01 0
3.700000e+00 3.000000e-01 0
3.750000e+00 3.000000e-01 0
3.750000e+00 3.500000e-01 0
3.700000e+00 3.500000e-01 0
3.700000e+00 3.500000e-01 0
3.750000e+00 3.500000e-01 0
3.750000e+00 4.000000e-01 0
3.700000e+00 4.000000e-01 0
3.700000e+00 4.000000e-01 0
3.750000e+00 4.000000e-01 0
3.750000e+00 4.500000e-01 0
3.700000e+00 4.500000e-01 0
3.700000e+00 4.500000e-01 0
3.750000e+00 4.500000e-01 0
3.750000e+00 5.000000e-01 0
3.700000e+00 5.000000e-01 0
3.700000e+00 5.000000e-01 0
3.750000e+00 5.000000e-01 0
3.750000e+00 5.500000e-01 0
3.700000e+00 5.500000e-01 0
3.700000e+00 5.500000e-01 0
3.750000e+00 5.500000e-01 0
3.750000e+00 6.000000e-01 0
3.700000e+00 6.000000e-01 0
3.700000e+00 6.000000e-01 0
3.750000e+00 6.000000e-01 0
3.750000e+00 6.500000e-01 0
3.700000e+00 6.500000e-01 0
3.700000e+00 6.500000e-01 0
3.750000e+00 6.500000e-01 0
3.750000e+00 7.000000e-01 0
3.700000e+00 7.000000e-01 0
3.700000e+00 7.000000e-01 0
3.750000e+00 7.000000e-01 0
3.750000e+00 7.500000e-01 0
3.700000e+00 7.500000e-01 0
3.700000e+00 7.500000e-01 0
3.750000e+00 7.500000e-01 0
3.750000e+00 8.000000e-01 0
3.700000e+00 8.000000e-01 0
3.700000e+00 8.000000e-01 0
3.750000e+00 8.000000e-01 0
3.750000e+00 8.500000e-01 0
3.700000e+00 8.500000e-01 0
3.700000e+00 8.500000e-01 0
3.750000e+00 8.500000e-01 0
3.750000e+00 9.000000e-01 0
3.700000e+00 9.000000e-01 0
3.700000e+00 9.000000e-01 0
3.750000e+00 9.000000e-01 0
3.750000e+00 9.500000e-01 0
3.700000e+00 9.500000e-01 0
3.700000e+00 9.500000e-01 0
3.750000e+00 9.500000e-01 0
3.750000e+00 1.000000e+00 0
3.700000e+00 1.000000e+00 0
3.750000e+00 -1.000000e+00 0
3.800000e+00 -1.000000e+00 0
3.800000e+00 -9.500000e-01 0
3.750000e+00 -9.500000e-01 0
3.750000e+00 -9.500000e-01 0
3.800000e+00 -9.500000e-01 0
3.800000e+00 -9.000000e-01 0
3.750000e+00 -9.000000e-01 0
3.750000e+00 -9.000000e-01 0
3.800000e+00 -9.000000e-01 0
3.800000e+00 -8.500000e-01 0
3.750000e+00 -8.500000e-01 0
3.750000e+00 -8.500000e-01 0
3.800000e+00 -8.500000e-01 0
3.800000e+00 -8.000000e-01 0
3.750000e+00 -8.000000e-01 0
3.750000e+00 -8.000000e-01 0
3.800000e+00 -8.000000e-01 0
3.800000e+00 -7.500000e-01 0
3.750000e+00 -7.500000e-01 0
3.750000e+00 -7.500000e-01 0
3.800000e+00 -7.500000e-01 0
3.800000e+00 -7.000000e-01 0
3.750000e+00 -7.000000e-01 0
3.750000e+00 -7.000000e-01 0
3.800000e+00 -7.000000e-01 0
3.800000e+00 -6.500000e-01 0
3.750000e+00 -6.500000e-01 0
3.750000e+00 -6.500000e-01 0
3.800000e+00 -6.500000e-01 0
3.800000e+00 -6.000000e-01 0
3.750000e+00 -6.000000e-01 0
3.750000e+00 -6.000000e-01 0
3.800000e+00 -6.000000e-01 0
3.800000e+00 -5.500000e-01 0
3.750000e+00 -5.500000e-01 0
3.750000e+00 -5.500000e-01 0
3.800000e+00 -5.500000e-01 0
3.800000e+00 -5.000000e-01 0
3.750000e+00 -5.000000e-01 0
3.750000e+00 -5.000000e-01 0
3.800000e+00 -5.000000e-01 0
3.800000e+00 -4.500000e-01 0
3.750000e+00 -4.500000e-01 0
3.750000e+00 -4.500000e-01 0
3.800000e+00 -4.500000e-01 0
3.800000e+00 -4.000000e-01 0
3.750000e+00 -4.000000e-01 0
3.750000e+00 -4.000000e-01 0
3.800000e+00 -4.000000e-01 0
3.800000e+00 -3.500000e-01 0
3.750000e+00 -3.500000e-01 0
3.750000e+00 -3.500000e-01 0
3.800000e+00 -3.500000e-01 0
3.800000e+00 -3.000000e-01 0
3.750000e+00 -3.000000e-01 0
3.750000e+00 -3.000000e-01 0
3.800000e+00 -3.000000e-01 0
3.800000e+00 -2.500000e-01 0
3.750000e+00 -2.500000e-01 0
3.750000e+00 -2.500000e-01 0
3.800000e+00 -2.500000e-01 0
3.800000e+00 -2.000000e-01 0
3.750000e+00 -2.000000e-01 0
3.750000e+00 -2.000000e-01 0
3.800000e+00 -2.000000e-01 0
3.800000e+00 -1.500000e-01 0
3.750000e+00 -1.500000e-01 0
3.750000e+00 -1.500000e-01 0
3.800000e+00 -1.500000e-01 0
3.800000e+00 -1.000000e-01 0
3.750000e+00 -1.000000e-01 0
3.750000e+00 -1.000000e-01 0
3.800000e+00 -1.000000e-01 0
3.800000e+00 -5.000000e-02 0
3.750000e+00 -5.000000e-02 0
3.750000e+00 -5.000000e-02 0
3.800000e+00 -5.000000e-02 0
3.800000e+00 5.551115e-17 0
3.750000e+00 5.551115e-17 0
3.750000e+00 5.551115e-17 0
3.800000e+00 5.551115e-17 0
3.800000e+00 5.000000e-02 0
3.750000e+00 5.000000e-02 0
3.750000e+00 5.000000e-02 0
3.800000e+00 5.000000e-02 0
3.800000e+00 1.000000e-01 0
3.750000e+00 1.000000e-01 0
3.750000e+00 1.000000e-01 0
3.800000e+00 1.000000e-01 0
3.800000e+00 1.500000e-01 0
3.750000e+00 1.500000e-01 0
3.750000e+00 1.500000e-01 0
3.800000e+00 1.500000e-01 0
3.800000e+00 2.000000e-01 0
3.750000e+00 2.000000e-01 0
3.750000e+00 2.000000e-01 0
3.800000e+00 2.000000e-01 0
3.800000e+00 2.500000e-01 0
3.750000e+00 2.500000e-01 0
3.750000e+00 2.500000e-01 0
3.800000e+00 2.500000e-01 0
3.800000e+00 3.000000e-01 0
3.750000e+00 3.000000e-01 0
3.750000e+00 3.000000e-01 0
3.800000e+00 3.000000e-01 0
3.800000e+00 3.500000e-01 0
3.750000e+00 3.500000e-01 0
3.750000e+00 3.500000e-01 0
3.800000e+00 3.500000e-01 0
3.800000e+00 4.000000e-01 0
3.750000e+00 4.000000e-01 0
3.750000e+00 4.000000e-01 0
3.800000e+00 4.000000e-01 0
3.800000e+00 4.500000e-01 0
3.750000e+00 4.500000e-01 0
3.750000e+00 4.500000e-01 0
3.800000e+00 4.500000e-01 0
3.800000e+00 5.000000e-01 0
3.750000e+00 5.000000e-01 0
3.750000e+00 5.000000e-01 0
3.800000e+00 5.000000e-01 0
3.800000e+00 5.500000e-01 0
3.750000e+00 5.500000e-01 0
3.750000e+00 5.500000e-01 0
3.800000e+00 5.500000e-01 0
3.800000e+00 6.000000e-01 0
3.750000e+00 6.000000e-01 0
3.750000e+00 6.000000e-01 0
3.800000e+00 6.000000e-01 0
3.800000e+00 6.500000e-01 0
3.750000e+00 6.500000e-01 0
3.750000e+00 6.500000e-01 0
3.800000e+00 6.500000e-01 0
3.800000e+00 7.000000e-01 0
3.750000e+00 7.000000e-01 0
3.750000e+00 7.000000e-01 0
3.800000e+00 7.000000e-01 0
3.800000e+00 7.500000e-01 0
3.750000e+00 7.500000e-01 0
3.750000e+00 7.500000e-01 0
3.800000e+00 7.500000e-01 0
3.800000e+00 8.000000e-01 0
3.750000e+00 8.000000e-01 0
3.750000e+00 8.000000e-01 0
3.800000e+00 8.000000e-01 0
3.800000e+00 8.500000e-01 0
3.750000e+00 8.500000e-01 0
3.750000e+00 8.500000e-01 0
3.800000e+00 8.500000e-01 0
3.800000e+00 9.000000e-01 0
3.750000e+00 9.000000e-01 0
3.750000e+00 9.000000e-01 0
3.800000e+00 9.000000e-01 0
3.800000e+00 9.500000e-01 0
3.750000e+00 9.500000e-01 0
3.750000e+00 9.500000e-01 0
3.800000e+00 9.500000e-01 0
3.800000e+00 1.000000e+00 0
3.750000e+00 1.000000e+00 0
3.800000e+00 -1.000000e+00 0
3.850000e+00 -1.000000e+00 0
3.850000e+00 -9.500000e-01 0
3.800000e+00 -9.500000e-01 0
3.800000e+00 -9.500000e-01 0
3.850000e+00 -9.500000e-01 0
3.850000e+00 -9.000000e-01 0
3.800000e+00 -9.000000e-01 0
3.800000e+00 -9.000000e-01 0
3.850000e+00 -9.000000e-01 0
3.850000e+00 -8.500000e-01 0
3.800000e+00 -8.500000e-01 0
3.800000e+00 -8.500000e-01 0
3.850000e+00 -8.500000e-01 0
3.850000e+00 -8.000000e-01 0
3.800000e+00 -8.000000e-01 0
3.800000e+00 -8.000000e-01 0
3.850000e+00 -8.000000e-01 0
3.850000e+00 -7.500000e-01 0
3.800000e+00 -7.500000e-01 0
3.800000e+00 -7.500000e-01 0
3.850000e+00 -7.500000e-01 0
3.850000e+00 -7.000000e-01 0
3.800000e+00 -7.000000e-01 0
3.800000e+00 -7.000000e-01 0
3.850000e+00 -7.000000e-01 0
3.850000e+00 -6.500000e-01 0
3.800000e+00 -6.500000e-01 0
3.800000e+00 -6.500000e-01 0
3.850000e+00 -6.500000e-01 0
3.850000e+00 -6.000000e-01 0
3.800000e+00 -6.000000e-01 0
3.800000e+00 -6.000000e-01 0
3.850000e+00 -6.000000e-01 0
3.850000e+00 -5.500000e-01 0
3.800000e+00 -5.500000e-01 0
3.800000e+00 -5.500000e-01 0
3.850000e+00 -5.500000e-01 0
3.850000e+00 -5.000000e-01 0
3.800000e+00 -5.000000e-01 0
3.800000e+00 -5.000000e-01 0
3.850000e+00 -5.000000e-01 0
3.850000e+00 -4.500000e-01 0
3.800000e+00 -4.500000e-01 0
3.800000e+00 -4.500000e-01 0
3.850000e+00 -4.500000e-01 0
3.850000e+00 -4.000000e-01 0
3.800000e+00 -4.000000e-01 0
3.800000e+00 -4.000000e-01 0
3.850000e+00 -4.000000e-01 0
3.850000e+00 -3.500000e-01 0
3.800000e+00 -3.500000e-01 0
3.800000e+00 -3.500000e-01 0
3.850000e+00 -3.500000e-01 0
3.850000e+00 -3.000000e-01 0
3.800000e+00 -3.000000e-01 0
3.800000e+00 -3.000000e-01 0
3.850000e+00 -3.000000e-01 0
3.850000e+00 -2.500000e-01 0
3.800000e+00 -2.500000e-01 0
3.800000e+00 -2.500000e-01 0
3.850000e+00 -2.500000e-01 0
3.850000e+00 -2.000000e-01 0
3.800000e+00 -2.000000e-01 0
3.800000e+00 -2.000000e-01 0
3.850000e+00 -2.000000e-01 0
3.850000e+00 -1.500000e-01 0
3.800000e+00 -1.500000e-01 0
3.800000e+00 -1.500000e-01 0
3.850000e+00 -1.500000e-01 0
3.850000e+00 -1.000000e-01 0
3.800000e+00 -1.000000e-01 0
3.800000e+00 -1.000000e-01 0
3.850000e+00 -1.000000e-01 0
3.850000e+00 -5.000000e-02 0
3.800000e+00 -5.000000e-02 0
3.800000e+00 -5.000000e-02 0
3.850000e+00 -5.000000e-02 0
3.850000e+00 5.551115e-17 0
3.800000e+00 5.551115e-17 0
3.800000e+00 5.551115e-17 0
3.850000e+00 5.551115e-17 0
3.850000e+00 5.000000e-02 0
3.800000e+00 5.000000e-02 0
3.800000e+00 5.000000e-02 0
3.850000e+00 5.000000e-02 0
3.850000e+00 1.000000e-01 0
3.800000e+00 1.000000e-01 0
3.800000e+00 1.000000e-01 0
3.850000e+00 1.000000e-01 0
3.850000e+00 1.500000e-01 0
3.800000e+00 1.500000e-01 0
3.800000e+00 1.500000e-01 0
3.850000e+00 1.500000e-01 0
3.850000e+00 2.000000e-01 0
3.800000e+00 2.000000e-01 0
3.800000e+00 2.000000e-01 0
3.850000e+00 2.000000e-01 0
3.850000e+00 2.500000e-01 0
3.800000e+00 2.500000e-01 0
3.800000e+00 2.500000e-01 0
3.850000e+00 2.500000e-01 0
3.850000e+00 3.000000e-01 0
3.800000e+00 3.000000e-01 0
3.800000e+00 3.000000e-01 0
3.850000e+00 3.000000e-01 0
3.850000e+00 3.500000e-01 0
3.800000e+00 3.500000e-01 0
3.800000e+00 3.500000e-01 0
3.850000e+00 3.500000e-01 0
3.850000e+00 4.000000e-01 0
3.800000e+00 4.000000e-01 0
3.800000e+00 4.000000e-01 0
3.850000e+00 4.000000e-01 0
3.850000e+00 4.500000e-01 0
3.800000e+00 4.500000e-01 0
3.800000e+00 4.500000e-01 0
3.850000e+00 4.500000e-01 0
3.850000e+00 5.000000e-01 0
3.800000e+00 5.000000e-01 0
3.800000e+00 5.000000e-01 0
3.850000e+00 5.000000e-01 0
3.850000e+00 5.500000e-01 0
3.800000e+00 5.500000e-01 0
3.800000e+00 5.500000e-01 0
3.850000e+00 5.500000e-01 0
3.850000e+00 6.000000e-01 0
3.800000e+00 6.000000e-01 0
3.800000e+00 6.000000e-01 0
3.850000e+00 6.000000e-01 0
3.850000e+00 6.500000e-01 0
3.800000e+00 6.500000e-01 0
3.800000e+00 6.500000e-01 0
3.850000e+00 6.500000e-01 0
3.850000e+00 7.000000e-01 0
3.800000e+00 7.000000e-01 0
3.800000e+00 7.000000e-01 0
3.850000e+00 7.000000e-01 0
3.850000e+00 7.500000e-01 0
3.800000e+00 7.500000e-01 0
3.800000e+00 7.500000e-01 0
3.850000e+00 7.500000e-01 0
3.850000e+00 8.000000e-01 0
3.800000e+00 8.000000e-01 0
3.800000e+00 8.000000e-01 0
3.850000e+00 8.000000e-01 0
3.850000e+00 8.500000e-01 0
3.800000e+00 8.500000e-01 0
3.800000e+00 8.500000e-01 0
3.850000e+00 8.500000e-01 0
3.850000e+00 9.000000e-01 0
3.800000e+00 9.000000e-01 0
3.800000e+00 9.000000e-01 0
3.850000e+00 9.000000e-01 0
3.850000e+00 9.500000e-01 0
3.800000e+00 9.500000e-01 0
3.800000e+00 9.500000e-01 0
3.850000e+00 9.500000e-01 0
3.850000e+00 1.000000e+00 0
3.800000e+00 1.000000e+00 0
3.850000e+00 -1.000000e+00 0
3.900000e+00 -1.000000e+00 0
3.900000e+00 -9.500000e-01 0
3.850000e+00 -9.500000e-01 0
3.850000e+00 -9.500000e-01 0
3.900000e+00 -9.500000e-01 0
3.900000e+00 -9.000000e-01 0
3.850000e+00 -9.000000e-01 0
3.850000e+00 -9.000000e-01 0
3.900000e+00 -9.000000e-01 0
3.900000e+00 -8.500000e-01 0
3.850000e+00 -8.500000e-01 0
3.850000e+00 -8.500000e-01 0
3.900000e+00 -8.500000e-01 0
3.900000e+00 -8.000000e-01 0
3.850000e+00 -8.000000e-01 0
3.850000e+00 -8.000000e-01 0
3.900000e+00 -8.000000e-01 0
3.900000e+00 -7.500000e-01 0
3.850000e+00 -7.500000e-01 0
3.850000e+00 -7.500000e-01 0
3.900000e+00 -7.500000e-01 0
3.900000e+00 -7.000000e-01 0
3.850000e+00 -7.000000e-01 0
3.850000e+00 -7.000000e-01 0
3.900000e+00 -7.000000e-01 0
3.900000e+00 -6.500000e-01 0
3.850000e+00 -6.500000e-01 0
3.850000e+00 -6.500000e-01 0
3.900000e+00 -6.500000e-01 0
3.900000e+00 -6.000000e-01 0
3.850000e+00 -6.000000e-01 0
3.850000e+00 -6.000000e-01 0
3.900000e+00 -6.000000e-01 0
3.900000e+00 -5.500000e-01 0
3.850000e+00 -5.500000e-01 0
3.850000e+00 -5.500000e-01 0
3.900000e+00 -5.500000e-01 0
3.900000e+00 -5.000000e-01 0
3.850000e+00 -5.000000e-01 0
3.850000e+00 -5.000000e-01 0
3.900000e+00 -5.000000e-01 0
3.900000e+00 -4.500000e-01 0
3.850000e+00 -4.500000e-01 0
3.850000e+00 -4.500000e-01 0
3.900000e+00 -4.500000e-01 0
3.900000e+00 -4.000000e-01 0
3.850000e+00 -4.000000e-01 0
3.850000e+00 -4.000000e-01 0
3.900000e+00 -4.000000e-01 0
3.900000e+00 -3.500000e-01 0
3.850000e+00 -3.500000e-01 0
3.850000e+00 -3.500000e-01 0
3.900000e+00 -3.500000e-01 0
3.900000e+00 -3.000000e-01 0
3.850000e+00 -3.000000e-01 0
3.850000e+00 -3.000000e-01 0
3.900000e+00 -3.000000e-01 0
3.900000e+00 -2.500000e-01 0
3.850000e+00 -2.500000e-01 0
3.850000e+00 -2.500000e-01 0
3.900000e+00 -2.500000e-01 0
3.900000e+00 -2.000000e-01 0
3.850000e+00 -2.000000e-01 0
3.850000e+00 -2.000000e-01 0
3.900000e+00 -2.000000e-01 0
3.900000e+00 -1.500000e-01 0
3.850000e+00 -1.500000e-01 0
3.850000e+00 -1.500000e-01 0
3.900000e+00 -1.500000e-01 0
3.900000e+00 -1.000000e-01 0
3.850000e+00 -1.000000e-01 0
3.850000e+00 -1.000000e-01 0
3.900000e+00 -1.000000e-01 0
3.900000e+00 -5.000000e-02 0
3.850000e+00 -5.000000e-02 0
3.850000e+00 -5.000000e-02 0
3.900000e+00 -5.000000e-02 0
3.900000e+00 5.551115e-17 0
3.850000e+00 5.551115e-17 0
3.850000e+00 5.551115e-17 0
3.900000e+00 5.551115e-17 0
3.900000e+00 5.000000e-02 0
3.850000e+00 5.000000e-02 0
3.850000e+00 5.000000e-02 0
3.900000e+00 5.000000e-02 0
3.900000e+00 1.000000e-01 0
3.850000e+00 1.000000e-01 0
3.850000e+00 1.000000e-01 0
3.900000e+00 1.000000e-01 0
3.900000e+00 1.500000e-01 0
3.850000e+00 1.500000e-01 0
3.850000e+00 1.500000e-01 0
3.900000e+00 1.500000e-01 0
3.900000e+00 2.000000e-01 0
3.850000e+00 2.000000e-01 0
3.850000e+00 2.000000e-01 0
3.900000e+00 2.000000e-01 0
3.900000e+00 2.500000e-01 0
3.850000e+00 2.500000e-01 0
3.850000e+00 2.500000e-01 0
3.900000e+00 2.500000e-01 0
3.900000e+00 3.000000e-01 0
3.850000e+00 3.000000e-01 0
3.850000e+00 3.000000e-01 0
3.900000e+00 3.000000e-01 0
3.900000e+00 3.500000e-01 0
3.850000e+00 3.500000e-01 0
3.850000e+00 3.500000e-01 0
3.900000e+00 3.500000e-01 0
3.900000e+00 4.000000e-01 0
3.850000e+00 4.000000e-01 0
3.850000e+00 4.000000e-01 0
3.900000e+00 4.000000e-01 0
3.900000e+00 4.500000e-01 0
3.850000e+00 4.500000e-01 0
3.850000e+00 4.500000e-01 0
3.900000e+00 4.500000e-01 0
3.900000e+00 5.000000e-01 0
3.850000e+00 5.000000e-01 0
3.850000e+00 5.000000e-01 0
3.900000e+00 5.000000e-01 0
3.900000e+00 5.500000e-01 0
3.850000e+00 5.500000e-01 0
3.850000e+00 5.500000e-01 0
3.900000e+00 5.500000e-01 0
3.900000e+00 6.000000e-01 0
3.850000e+00 6.000000e-01 0
3.850000e+00 6.000000e-01 0
3.900000e+00 6.000000e-01 0
3.900000e+00 6.500000e-01 0
3.850000e+00 6.500000e-01 0
3.850000e+00 6.500000e-01 0
3.900000e+00 6.500000e-01 0
3.900000e+00 7.000000e-01 0
3.850000e+00 7.000000e-01 0
3.850000e+00 7.000000e-01 0
3.900000e+00 7.000000e-01 0
3.900000e+00 7.500000e-01 0
3.850000e+00 7.500000e-01 0
3.850000e+00 7.500000e-01 0
3.900000e+00 7.500000e-01 0
3.900000e+00 8.000000e-01 0
3.850000e+00 8.000000e-01 0
3.850000e+00 8.000000e-01 0
3.900000e+00 8.000000e-01 0
3.900000e+00 8.500000e-01 0
3.850000e+00 8.500000e-01 0
3.850000e+00 8.500000e-01 0
3.900000e+00 8.500000e-01 0
3.900000e+00 9.000000e-01 0
3.850000e+00 9.000000e-01 0
3.850000e+00 9.000000e-01 0
3.900000e+00 9.000000e-01 0
3.900000e+00 9.500000e-01 0
3.850000e+00 9.500000e-01 0
3.850000e+00 9.500000e-01 0
3.900000e+00 9.500000e-01 0
3.900000e+00 1.000000e+00 0
3.850000e+00 1.000000e+00 0
3.900000e+00 -1.000000e+00 0
3.950000e+00 -1.000000e+00 0
3.950000e+00 -9.500000e-01 0
3.900000e+00 -9.500000e-01 0
3.900000e+00 -9.500000e-01 0
3.950000e+00 -9.500000e-01 0
3.950000e+00 -9.000000e-01 0
3.900000e+00 -9.000000e-01 0
3.900000e+00 -9.000000e-01 0
3.950000e+00 -9.000000e-01 0
3.950000e+00 -8.500000e-01 0
3.900000e+00 -8.500000e-01 0
3.900000e+00 -8.500000e-01 0
3.950000e+00 -8.500000e-01 0
3.950000e+00 -8.000000e-01 0
3.900000e+00 -8.000000e-01 0
3.900000e+00 -8.000000e-01 0
3.950000e+00 -8.000000e-01 0
3.950000e+00 -7.500000e-01 0
3.900000e+00 -7.500000e-01 0
3.900000e+00 -7.500000e-01 0
3.950000e+00 -7.500000e-01 0
3.950000e+00 -7.000000e-01 0
3.900000e+00 -7.000000e-01 0
3.900000e+00 -7.000000e-01 0
3.950000e+00 -7.000000e-01 0
3.950000e+00 -6.500000e-01 0
3.900000e+00 -6.500000e-01 0
3.900000e+00 -6.500000e-01 0
3.950000e+00 -6.500000e-01 0
3.950000e+00 -6.000000e-01 0
3.900000e+00 -6.000000e-01 0
3.900000e+00 -6.000000e-01 0
3.950000e+00 -6.000000e-01 0
3.950000e+00 -5.500000e-01 0
3.900000e+00 -5.500000e-01 0
3.900000e+00 -5.500000e-01 0
3.950000e+00 -5.500000e-01 0
3.950000e+00 -5.000000e-01 0
3.900000e+00 -5.000000e-01 0
3.900000e+00 -5.000000e-01 0
3.950000e+00 -5.000000e-01 0
3.950000e+00 -4.500000e-01 0
3.900000e+00 -4.500000e-01 0
3.900000e+00 -4.500000e-01 0
3.950000e+00 -4.500000e-01 0
3.950000e+00 -4.000000e-01 0
3.900000e+00 -4.000000e-01 0
3.900000e+00 -4.000000e-01 0
3.950000e+00 -4.000000e-01 0
3.950000e+00 -3.500000e-01 0
3.900000e+00 -3.500000e-01 0
3.900000e+00 -3.500000e-01 0
3.950000e+00 -3.500000e-01 0
3.950000e+00 -3.000000e-01 0
3.900000e+00 -3.000000e-01 0
3.900000e+00 -3.000000e-01 0
3.950000e+00 -3.000000e-01 0
3.950000e+00 -2.500000e-01 0
3.900000e+00 -2.500000e-01 0
3.900000e+00 -2.500000e-01 0
3.950000e+00 -2.500000e-01 0
3.950000e+00 -2.000000e-01 0
3.900000e+00 -2.000000e-01 0
3.900000e+00 -2.000000e-01 0
3.950000e+00 -2.000000e-01 0
3.950000e+00 -1.500000e-01 0
3.900000e+00 -1.500000e-01 0
3.900000e+00 -1.500000e-01 0
3.950000e+00 -1.500000e-01 0
3.950000e+00 -1.000000e-01 0
3.900000e+00 -1.000000e-01 0
3.900000e+00 -1.000000e-01 0
3.950000e+00 -1.000000e-01 0
3.950000e+00 -5.000000e-02 0
3.900000e+00 -5.000000e-02 0
3.900000e+00 -5.000000e-02 0
3.950000e+00 -5.000000e-02 0
3.950000e+00 5.551115e-17 0
3.900000e+00 5.551115e-17 0
3.900000e+00 5.551115e-17 0
3.950000e+00 5.551115e-17 0
3.950000e+00 5.000000e-02 0
3.900000e+00 5.000000e-02 0
3.900000e+00 5.000000e-02 0
3.950000e+00 5.000000e-02 0
3.950000e+00 1.000000e-01 0
3.900000e+00 1.000000e-01 0
3.900000e+00 1.000000e-01 0
3.950000e+00 1.000000e-01 0
3.950000e+00 1.500000e-01 0
3.900000e+00 1.500000e-01 0
3.900000e+00 1.500000e-01 0
3.950000e+00 1.500000e-01 0
3.950000e+00 2.000000e-01 0
3.900000e+00 2.000000e-01 0
3.900000e+00 2.000000e-01 0
3.950000e+00 2.000000e-01 0
3.950000e+00 2.500000e-01 0
3.900000e+00 2.500000e-01 0
3.900000e+00 2.500000e-01 0
3.950000e+00 2.500000e-01 0
3.950000e+00 3.000000e-01 0
3.900000e+00 3.000000e-01 0
3.900000e+00 3.000000e-01 0
3.950000e+00 3.000000e-01 0
3.950000e+00 3.500000e-01 0
3.900000e+00 3.500000e-01 0
3.900000e+00 3.500000e-01 0
3.950000e+00 3.500000e-01 0
3.950000e+00 4.000000e-01 0
3.900000e+00 4.000000e-01 0
3.900000e+00 4.000000e-01 0
3.950000e+00 4.000000e-01 0
3.950000e+00 4.500000e-01 0
3.900000e+00 4.500000e-01 0
3.900000e+00 4.500000e-01 0
3.950000e+00 4.500000e-01 0
3.950000e+00 5.000000e-01 0
3.900000e+00 5.000000e-01 0
3.900000e+00 5.000000e-01 0
3.950000e+00 5.000000e-01 0
3.950000e+00 5.500000e-01 0
3.900000e+00 5.500000e-01 0
3.900000e+00 5.500000e-01 0
3.950000e+00 5.500000e-01 0
3.950000e+00 6.000000e-01 0
3.900000e+00 6.000000e-01 0
3.900000e+00 6.000000e-01 0
3.950000e+00 6.000000e-01 0
3.950000e+00 6.500000e-01 0
3.900000e+00 6.500000e-01 0
3.900000e+00 6.500000e-01 0
3.950000e+00 6.500000e-01 0
3.950000e+00 7.000000e-01 0
3.900000e+00 7.000000e-01 0
3.900000e+00 7.000000e-01 0
3.950000e+00 7.000000e-01 0
3.950000e+00 7.500000e-01 0
3.900000e+00 7.500000e-01 0
3.900000e+00 7.500000e-01 0
3.950000e+00 7.500000e-01 0
3.950000e+00 8.000000e-01 0
3.900000e+00 8.000000e-01 0
3.900000e+00 8.000000e-01 0
3.950000e+00 8.000000e-01 0
3.950000e+00 8.500000e-01 0
3.900000e+00 8.500000e-01 0
3.900000e+00 8.500000e-01 0
3.950000e+00 8.500000e-01 0
3.950000e+00 9.000000e-01 0
3.900000e+00 9.000000e-01 0
3.900000e+00 9.000000e-01 0
3.950000e+00 9.000000e-01 0
3.950000e+00 9.500000e-01 0
3.900000e+00 9.500000e-01 0
3.900000e+00 9.500000e-01 0
3.950000e+00 9.500000e-01 0
3.950000e+00 1.000000e+00 0
3.900000e+00 1.000000e+00 0
3.950000e+00 -1.000000e+00 0
4.000000e+00 -1.000000e+00 0
4.000000e+00 -9.500000e-01 0
3.950000e+00 -9.500000e-01 0
3.950000e+00 -9.500000e-01 0
4.000000e+00 -9.500000e-01 0
4.000000e+00 -9.000000e-01 0
3.950000e+00 -9.000000e-01 0
3.950000e+00 -9.000000e-01 0
4.000000e+00 -9.000000e-01 0
4.000000e+00 -8.500000e-01 0
3.950000e+00 -8.500000e-01 0
3.950000e+00 -8.500000e-01 0
4.000000e+00 -8.500000e-01 0
4.000000e+00 -8.000000e-01 0
3.950000e+00 -8.000000e-01 0
3.950000e+00 -8.000000e-01 0
4.000000e+00 -8.000000e-01 0
4.000000e+00 -7.500000e-01 0
3.950000e+00 -7.500000e-01 0
3.950000e+00 -7.500000e-01 0
4.000000e+00 -7.500000e-01 0
4.000000e+00 -7.000000e-01 0
3.950000e+00 -7.000000e-01 0
3.950000e+00 -7.000000e-01 0
4.000000e+00 -7.000000e-01 0
4.000000e+00 -6.500000e-01 0
3.950000e+00 -6.500000e-01 0
3.950000e+00 -6.500000e-01 0
4.000000e+00 -6.500000e-01 0
4.000000e+00 -6.000000e-01 0
3.950000e+00 -6.000000e-01 0
3.950000e+00 -6.000000e-01 0
4.000000e+00 -6.000000e-01 0
4.000000e+00 -5.500000e-01 0
3.950000e+00 -5.500000e-01 0
3.950000e+00 -5.500000e-01 0
4.000000e+00 -5.500000e-01 0
4.000000e+00 -5.000000e-01 0
3.950000e+00 -5.000000e-01 0
3.950000e+00 -5.000000e-01 0
4.000000e+00 -5.000000e-01 0
4.000000e+00 -4.500000e-01 0
3.950000e+00 -4.500000e-01 0
3.950000e+00 -4.500000e-01 0
4.000000e+00 -4.500000e-01 0
4.000000e+00 -4.000000e-01 0
3.950000e+00 -4.000000e-01 0
3.950000e+00 -4.000000e-01 0
4.000000e+00 -4.000000e-01 0
4.000000e+00 -3.500000e-01 0
3.950000e+00 -3.500000e-01 0
3.950000e+00 -3.500000e-01 0
4.000000e+00 -3.500000e-01 0
4.000000e+00 -3.000000e-01 0
3.950000e+00 -3.000000e-01 0
3.950000e+00 -3.000000e-01 0
4.000000e+00 -3.000000e-01 0
4.000000e+00 -2.500000e-01 0
3.950000e+00 -2.500000e-01 0
3.950000e+00 -2.500000e-01 0
4.000000e+00 -2.500000e-01 0
4.000000e+00 -2.000000e-01 0
3.950000e+00 -2.000000e-01 0
3.950000e+00 -2.000000e-01 0
4.000000e+00 -2.000000e-01 0
4.000000e+00 -1.500000e-01 0
3.950000e+00 -1.500000e-01 0
3.950000e+00 -1.500000e-01 0
4.000000e+00 -1.500000e-01 0
4.000000e+00 -1.000000e-01 0
3.950000e+00 -1.000000e-01 0
3.950000e+00 -1.000000e-01 0
4.000000e+00 -1.000000e-01 0
4.000000e+00 -5.000000e-02 0
3.950000e+00 -5.000000e-02 0
3.950000e+00 -5.000000e-02 0
4.000000e+00 -5.000000e-02 0
4.000000e+00 5.551115e-17 0
3.950000e+00 5.551115e-17 0
3.950000e+00 5.551115e-17 0
4.000000e+00 5.551115e-17 0
4.000000e+00 5.000000e-02 0
3.950000e+00 5.000000e-02 0
3.950000e+00 5.000000e-02 0
4.000000e+00 5.000000e-02 0
4.000000e+00 1.000000e-01 0
3.950000e+00 1.000000e-01 0
3.950000e+00 1.000000e-01 0
4.000000e+00 1.000000e-01 0
4.000000e+00 1.500000e-01 0
3.950000e+00 1.500000e-01 0
3.950000e+00 1.500000e-01 0
4.000000e+00 1.500000e-01 0
4.000000e+00 2.000000e-01 0
3.950000e+00 2.000000e-01 0
3.950000e+00 2.000000e-01 0
4.000000e+00 2.000000e-01 0
4.000000e+00 2.500000e-01 0
3.950000e+00 2.500000e-01 0
3.950000e+00 2.500000e-01 0
4.000000e+00 2.500000e-01 0
4.000000e+00 3.000000e-01 0
3.950000e+00 3.000000e-01 0
3.950000e+00 3.000000e-01 0
4.000000e+00 3.000000e-01 0
4.000000e+00 3.500000e-01 0
3.950000e+00 3.500000e-01 0
3.950000e+00 3.500000e-01 0
4.000000e+00 3.500000e-01 0
4.000000e+00 4.000000e-01 0
3.950000e+00 4.000000e-01 0
3.950000e+00 4.000000e-01 0
4.000000e+00 4.000000e-01 0
4.000000e+00 4.500000e-01 0
3.950000e+00 4.500000e-01 0
3.950000e+00 4.500000e-01 0
4.000000e+00 4.500000e-01 0
4.000000e+00 5.000000e-01 0
3.950000e+00 5.000000e-01 0
3.950000e+00 5.000000e-01 0
4.000000e+00 5.000000e-01 0
4.000000e+00 5.500000e-01 0
3.950000e+00 5.500000e-01 0
3.950000e+00 5.500000e-01 0
4.000000e+00 5.500000e-01 0
4.000000e+00 6.000000e-01 0
3.950000e+00 6.000000e-01 0
3.950000e+00 6.000000e-01 0
4.000000e+00 6.000000e-01 0
4.000000e+00 6.500000e-01 0
3.950000e+00 6.500000e-01 0
3.950000e+00 6.500000e-01 0
4.000000e+00 6.500000e-01 0
4.000000e+00 7.000000e-01 0
3.950000e+00 7.000000e-01 0
3.950000e+00 7.000000e-01 0
4.000000e+00 7.000000e-01 0
4.000000e+00 7.500000e-01 0
3.950000e+00 7.500000e-01 0
3.950000e+00 7.500000e-01 0
4.000000e+00 7.500000e-01 0
4.000000e+00 8.000000e-01 0
3.950000e+00 8.000000e-01 0
3.950000e+00 8.000000e-01 0
4.000000e+00 8.000000e-01 0
4.000000e+00 8.500000e-01 0
3.950000e+00 8.500000e-01 0
3.950000e+00 8.500000e-01 0
4.000000e+00 8.500000e-01 0
4.000000e+00 9.000000e-01 0
3.950000e+00 9.000000e-01 0
3.950000e+00 9.000000e-01 0
4.000000e+00 9.000000e-01 0
4.000000e+00 9.500000e-01 0
3.950000e+00 9.500000e-01 0
3.950000e+00 9.500000e-01 0
4.000000e+00 9.500000e-01 0
4.000000e+00 1.000000e+00 0
3.950000e+00 1.000000e+00 0

CELLS 3200 16000
4 0 1 2 3
4 4 5 6 7
4 8 9 10 11
4 12 13 14 15
4 16 17 18 19
4 20 21 22 23
4 24 25 26 27
4 28 29 30 31
4 32 33 34 35
4 36 37 38 39
4 40 41 42 43
4 44 45 46 47
4 48 49 50 51
4 52 53 54 55
4 56 57 58 59
4 60 61 62 63
4 64 65 66 67
4 68 69 70 71
4 72 73 74 75
4 76 77 78 79
4 80 81 82 83
4 84 85 86 87
4 88 89 90 91
4 92 93 94 95
4 96 97 98 99
4 100 101 102 103
4 104 105 106 107
4 108 109 110 111
4 112 113 114 115
4 116 117 118 119
4 120 121 122 123
4 124 125 126 127
4 128 129 130 131
4 132 133 134 135
4 136 137 138 139
4 140 141 142 143
4 144 145 146 147
4 148 149 150 151
4 152 153 154 155
4 156 157 158 159
4 160 161 162 163
4 164 165 166 167
4 168 169 170 171
4 172 173 174 175
4 176 177 178 179
4 180 181 182 183
4 184 185 186 187
4 188 189 190 191
4 192 193 194 195
4 196 197 198 199
4 200 201 202 203
4 204 205 206 207
4 208 209 210 211
4 212 213 214 215
4 216 217 218 219
4 220 221 222 223
4 224 225 226 227
4 228 229 230 231
4 232 233 234 235
4 236 237 238 239
4 240 241 242 243
4 244 245 246 247
4 248 249 250 251
4 252 253 254 255
4 256 257 258 259
4 260 261 262 263
4 264 265 266 267
4 268 269 270 271
4 272 273 274 275
4 276 277 278 279
4 280 281 282 283
4 284 285 286 287
4 288 289 290 291
4 292 293 294 295
4 296 297 298 299
4 300 301 302 303
4 304 305 306 307
4 308 309 310 311
4 312 313 314 315
4 316 317 318 319
4 320 321 322 323
4 324 325 326 327
4 328 329 330 331
4 332 333 334 335
4 336 337 338 339
4 340 341 342 343
4 344 345 346 347
4 348 349 350 351
4 352 353 354 355
4 356 357 358 359
4 360 361 362 363
4 364 365 366 367
4 368 369 370 371
4 372 373 374 375
4 376 377 378 379
4 380 381 382 383
4 384 385 386 387
4 388 389 390 391
4 392 393 394 395
4 396 397 398 399
4 400 401 402 403
4 404 405 406 407
4 408 409 410 411
4 412 413 414 415
4 416 417 418 419
4 420 421 422 423
4 424 425 426 427
4 428 429 430 431
4 432 433 434 435
4 436 437 438 439
4 440 441 442 443
4 444 445 446 447
4 448 449 450 451
4 452 453 454 455
4 456 457 458 459
4 460 461 462 463
4 464 465 466 467
4 468 469 470 471
4 472 473 474 475
4 476 477 478 479
4 480 481 482 483
4 484 485 486 487
4 488 489 490 491
4 492 493 494 495
4 496 497 498 499
4 500 501 502 503
4 504 505 506 507
4 508 509 510 511
4 512 513 514 515
4 516 517 518 519
4 520 521 522 523
4 524 525 526 527
4 528 529 530 531
4 532 533 534 535
4 536 537 538 539
4 540 541 542 543
4 544 545 546 547
4 548 549 550 551
4 552 553 554 555
4 556 557 558 559
4 560 561 562 563
4 564 565 566 567
4 568 569 570 571
4 572 573 574 575
4 576 577 578 579
4 580 581 582 583
4 584 585 586 587
4 588 589 590 591
4 592 593 594 595
4 596 597 598 599
4 600 601 602 603
4 604 605 606 607
4 608 609 610 611
4 612 613 614 615
4 616 617 618 619
4 620 621 622 623
4 624 625 626 627
4 628 629 630 631
4 632 633 634 635
4 636 637 638 639
4 640 641 642 643
4 644 645 646 647
4 648 649 650 651
4 652 653 654 655
4 656 657 658 659
4 660 661 662 663
4 664 665 666 667
4 668 669 670 671
4 672 673 674 675
4 676 677 678 679
4 680 681 682 683
4 684 685 686 687
4 688 689 690 691
4 692 693 694 695
4 696 697 698 699
4 700 701 702 703
4 704 705 706 707
4 708 709 710 711
4 712 713 714 715
4 716 717 718 719
4 720 721 722 723
4 724 725 726 727
4 728 729 730 731
4 732 733 734 735
4 736 737 738 739
4 740 741 742 743
4 744 745 746 747
4 748 749 750 751
4 752 753 754 755
4 756 757 758 759
4 760 761 762 763
4 764 765 766 767
4 768 769 770 771
4 772 773 774 775
4 776 777 778 779
4 780 781 782 783
4 784 785 786 787
4 788 789 790 791
4 792 793 794 795
4 796 797 798 799
4 800 801 802 803
4 804 805 806 807
4 808 809 810 811
4 812 813 814 815
4 816 817 818 819
4 820 821 822 823
4 824 825 826 827
4 828 829 830 831
4 832 833 834 835
4 836 837 838 839
4 840 841 842 843
4 844 845 846 847
4 848 849 850 851
4 852 853 854 855
4 856 857 858 859
4 860 861 862 863
4 864 865 866 867
4 868 869 870 871
4 872 873 874 875
4 876 877 878 879
4 880 881 882 883
4 884 885 886 887
4 888 889 890 891
4 892 893 894 895
4 896 897 898 899
4 900 901 902 903
4 904 905 906 907
4 908 909 910 911
4 912 913 914 915
4 916 917 918 919
4 920 921 922 923
4 924 925 926 927
4 928 929 930 931
4 932 933 934 935
4 936 937 938 939
4 940 941 942 943
4 944 945 946 947
4 948 949 950 951
4 952 953 954 955
4 956 957 958 959
4 960 961 962 963
4 964 965 966 967
4 968 969 970 971
4 972 973 974 975
4 976 977 978 979
4 980 981 982 983
4 984 985 986 987
4 988 989 990 991
4 992 993 994 995
4 996 997 998 999
4 1000 1001 1002 1003
4 1004 1005 1006 1007
4 1008 1009 1010 1011
4 1012 1013 1014 1015
4 1016 1017 1018 1019
4 1020 1021 1022 1023
4 1024 1025 1026 1027
4 1028 1029 1030 1031
4 1032 1033 1034 1035
4 1036 1037 1038 1039
4 1040 1041 1042 1043
4 1044 1045 1046 1047
4 1048 1049 1050 1051
4 1052 1053 1054 1055
4 1056 1057 1058 1059
4 1060 1061 1062 1063
4 1064 1065 1066 1067
4 1068 1069 1070 1071
4 1072 1073 1074 1075
4 1076 1077 1078 1079
4 1080 1081 1082 1083
4 1084 1085 1086 1087
4 1088 1089 1090 1091
4 1092 1093 1094 1095
4 1096 1097 1098 1099
4 1100 1101 1102 1103
4 1104 1105 1106 1107
4 1108 1109 1110 1111
4 1112 1113 1114 1115
4 1116 1117 1118 1119
4 1120 1121 1122 1123
4 1124 1125 1126 1127
4 1128 1129 1130 1131
4 1132 1133 1134 1135
4 1136 1137 1138 1139
4 1140 1141 1142 1143
4 1144 1145 1146 1147
4 1148 1149 1150 1151
4 1152 1153 1154 1155
4 1156 1157 1158 1159
4 1160 1161 1162 1163
4 1164 1165 1166 1167
4 1168 1169 1170 1171
4 1172 1173 1174 1175
4 1176 1177 1178 1179
4 1180 1181 1182 1183
4 1184 1185 1186 1187
4 1188 1189 1190 1191
4 1192 1193 1194 1195
4 1196 1197 1198 1199
4 1200 1201 1202 1203
4 1204 1205 1206 1207
4 1208 1209 1210 1211
4 1212 1213 1214 1215
4 1216 1217 1218 1219
4 1220 1221 1222 1223
4 1224 1225 1226 1227
4 1228 1229 1230 1231
4 1232 1233 1234 1235
4 1236 1237 1238 1239
4 1240 1241 1242 1243
4 1244 1245 1246 1247
4 1248 1249 1250 1251
4 1252 1253 1254 1255
4 1256 1257 1258 1259
4 1260 1261 1262 1263
4 1264 1265 1266 1267
4 1268 1269 1270 1271
4 1272 1273 1274 1275
4 1276 1277 1278 1279
4 1280 1281 1282 1283
4 1284 1285 1286 1287
4 1288 1289 1290 1291
4 1292 1293 1294 1295
4 1296 1297 1298 1299
4 1300 1301 1302 1303
4 1304 1305 1306 1307
4 1308 1309 1310 1311
4 1312 1313 1314 1315
4 1316 1317 1318 1319
4 1320 1321 1322 1323
4 1324 1325 1326 1327
4 1328 1329 1330 1331
4 1332 1333 1334 1335
4 1336 1337 1338 1339
4 1340 1341 1342 1343
4 1344 1345 1346 1347
4 1348 1349 1350 1351
4 1352 1353 1354 1355
4 1356 1357 1358 1359
4 1360 1361 1362 1363
4 1364 1365 1366 1367
4 1368 1369 1370 1371
4 1372 1373 1374 1375
4 1376 1377 1378 1379
4 1380 1381 1382 1383
4 1384 1385 1386 1387
4 1388 1389 1390 1391
4 1392 1393 1394 1395
4 1396 1397 1398 1399
4 1400 1401 1402 1403
4 1404 1405 1406 1407
4 1408 1409 1410 1411
4 1412 1413 1414 1415
4 1416 1417 1418 1419
4 1420 1421 1422 1423
4 1424 1425 1426 1427
4 1428 1429 1430 1431
4 1432 1433 1434 1435
4 1436 1437 1438 1439
4 1440 1441 1442 1443
4 1444 1445 1446 1447
4 1448 1449 1450 1451
4 1452 1453 1454 1455
4 1456 1457 1458 1459
4 1460 1461 1462 1463
4 1464 1465 1466 1467
4 1468 1469 1470 1471
4 1472 1473 1474 1475
4 1476 1477 1478 1479
4 1480 1481 1482 1483
4 1484 1485 1486 1487
4 1488 1489 1490 1491
4 1492 1493 1494 1495
4 1496 1497 1498 1499
4 1500 1501 1502 1503
4 1504 1505 1506 1507
4 1508 1509 1510 1511
4 1512 1513 1514 1515
4 1516 1517 1518 1519
4 1520 1521 1522 1523
4 1524 1525 1526 1527
4 1528 1529 1530 1531
4 1532 1533 1534 1535
4 1536 1537 1538 1539
4 1540 1541 1542 1543
4 1544 1545 1546 1547
4 1548 1549 1550 1551
4 1552 1553 1554 1555
4 1556 1557 1558 1559
4 1560 1561 1562 1563
4 1564 1565 1566 1567
4 1568 1569 1570 1571
4 1572 1573 1574 1575
4 1576 1577 1578 1579
4 1580 1581 1582 1583
4 1584 1585 1586 1587
4 1588 1589 1590 1591
4 1592 1593 1594 1595
4 1596 1597 1598 1599
4 1600 1601 1602 1603
4 1604 1605 1606 1607
4 1608 1609 1610 1611
4 1612 1613 1614 1615
4 1616 1617 1618 1619
4 1620 1621 1622 1623
4 1624 1625 1626 1627
4 1628 1629 1630 1631
4 1632 1633 1634 1635
4 1636 1637 1638 1639
4 1640 1641 1642 1643
4 1644 1645 1646 1647
4 1648 1649 1650 1651
4 1652 1653 1654 1655
4 1656 1657 1658 1659
4 1660 1661 1662 1663
4 1664 1665 1666 1667
4 1668 1669 1670 1671
4 1672 1673 1674 1675
4 1676 1677 1678 1679
4 1680 1681 1682 1683
4 1684 1685 1686 1687
4 1688 1689 1690 1691
4 1692 1693 1694 1695
4 1696 1697 1698 1699
4 1700 1701 1702 1703
4 1704 1705 1706 1707
4 1708 1709 1710 1711
4 1712 1713 1714 1715
4 1716 1717 1718 1719
4 1720 1721 1722 1723
4 1724 1725 1726 1727
4 1728 1729 1730 1731
4 1732 1733 1734 1735
4 1736 1737 1738 1739
4 1740 1741 1742 1743
4 1744 1745 1746 1747
4 1748 1749 1750 1751
4 1752 1753 1754 1755
4 1756 1757 1758 1759
4 1760 1761 1762 1763
4 1764 1765 1766 1767
4 1768 1769 1770 1771
4 1772 1773 1774 1775
4 1776 1777 1778 1779
4 1780 1781 1782 1783
4 1784 1785 1786 1787
4 1788 1789 1790 1791
4 1792 1793 1794 1795
4 1796 1797 1798 1799
4 1800 1801 1802 1803
4 1804 1805 1806 1807
4 1808 1809 1810 1811
4 1812 1813 1814 1815
4 1816 1817 1818 1819
4 1820 1821 1822 1823
4 1824 1825 1826 1827
4 1828 1829 1830 1831
4 1832 1833 1834 1835
4 1836 1837 1838 1839
4 1840 1841 1842 1843
4 1844 1845 1846 1847
4 1848 1849 1850 1851
4 1852 1853 1854 1855
4 1856 1857 1858 1859
4 1860 1861 1862 1863
4 1864 1865 1866 1867
4 1868 1869 1870 1871
4 1872 1873 1874 1875
4 1876 1877 1878 1879
4 1880 1881 1882 1883
4 1884 1885 1886 1887
4 1888 1889 1890 1891
4 1892 1893 1894 1895
4 1896 1897 1898 1899
4 1900 1901 1902 1903
4 1904 1905 1906 1907
4 1908 1909 1910 1911
4 1912 1913 1914 1915
4 1916 1917 1918 1919
4 1920 1921 1922 1923
4 1924 1925 1926 1927
4 1928 1929 1930 1931
4 1932 1933 1934 1935
4 1936 1937 1938 1939
4 1940 1941 1942 1943
4 1944 1945 1946 1947
4 1948 1949 1950 1951
4 1952 1953 1954 1955
4 1956 1957 1958 1959
4 1960 1961 1962 1963
4 1964 1965 1966 1967
4 1968 1969 1970 1971
4 1972 1973 1974 1975
4 1976 1977 1978 1979
4 1980 1981 1982 1983
4 1984 1985 1986 1987
4 1988 1989 1990 1991
4 1992 1993 1994 1995
4 1996 1997 1998 1999
4 2000 2001 2002 2003
4 2004 2005 2006 2007
4 2008 2009 2010 2011
4 2012 2013 2014 2015
4 2016 2017 2018 2019
4 2020 2021 2022 2023
4 2024 2025 2026 2027
4 2028 2029 2030 2031
4 2032 2033 2034 2035
4 2036 2037 2038 2039
4 2040 2041 2042 2043
4 2044 2045 2046 2047
4 2048 2049 2050 2051
4 2052 2053 2054 2055
4 2056 2057 2058 2059
4 2060 2061 2062 2063
4 2064 2065 2066 2067
4 2068 2069 2070 2071
4 2072 2073 2074 2075
4 2076 2077 2078 2079
4 2080 2081 2082 2083
4 2084 2085 2086 2087
4 2088 2089 2090 2091
4 2092 2093 2094 2095
4 2096 2097 2098 2099
4 2100 2101 2102 2103
4 2104 2105 2106 2107
4 2108 2109 2110 2111
4 2112 2113 2114 2115
4 2116 2117 2118 2119
4 2120 2121 2122 2123
4 2124 2125 2126 2127
4 2128 2129 2130 2131
4 2132 2133 2134 2135
4 2136 2137 2138 2139
4 2140 2141 2142 2143
4 2144 2145 2146 2147
4 2148 2149 2150 2151
4 2152 2153 2154 2155
4 2156 2157 2158 2159
4 2160 2161 2162 2163
4 2164 2165 2166 2167
4 2168 2169 2170 2171
4 2172 2173 2174 2175
4 2176 2177 2178 2179
4 2180 2181 2182 2183
4 2184 2185 2186 2187
4 2188 2189 2190 2191
4 2192 2193 2194 2195
4 2196 2197 2198 2199
4 2200 2201 2202 2203
4 2204 2205 2206 2207
4 2208 2209 2210 2211
4 2212 2213 2214 2215
4 2216 2217 2218 2219
4 2220 2221 2222 2223
4 2224 2225 2226 2227
4 2228 2229 2230 2231
4 2232 2233 2234 2235
4 2236 2237 2238 2239
4 2240 2241 2242 2243
4 2244 2245 2246 2247
4 2248 2249 2250 2251
4 2252 2253 2254 2255
4 2256 2257 2258 2259
4 2260 2261 2262 2263
4 2264 2265 2266 2267
4 2268 2269 2270 2271
4 2272 2273 2274 2275
4 2276 2277 2278 2279
4 2280 2281 2282 2283
4 2284 2285 2286 2287
4 2288 2289 2290 2291
4 2292 2293 2294 2295
4 2296 2297 2298 2299
4 2300 2301 2302 2303
4 2304 2305 2306 2307
4 2308 2309 2310 2311
4 2312 2313 2314 2315
4 2316 2317 2318 2319
4 2320 2321 2322 2323
4 2324 2325 2326 2327
4 2328 2329 2330 2331
4 2332 2333 2334 2335
4 2336 2337 2338 2339
4 2340 2341 2342 2343
4 2344 2345 2346 2347
4 2348 2349 2350 2351
4 2352 2353 2354 2355
4 2356 2357 2358 2359
4 2360 2361 2362 2363
4 2364 2365 2366 2367
4 2368 2369 2370 2371
4 2372 2373 2374 2375
4 2376 2377 2378 2379
4 2380 2381 2382 2383
4 2384 2385 2386 2387
4 2388 2389 2390 2391
4 2392 2393 2394 2395
4 2396 2397 2398 2399
4 2400 2401 2402 2403
4 2404 2405 2406 2407
4 2408 2409 2410 2411
4 2412 2413 2414 2415
4 2416 2417 2418 2419
4 2420 2421 2422 2423
4 2424 2425 2426 2427
4 2428 2429 2430 2431
4 2432 2433 2434 2435
4 2436 2437 2438 2439
4 2440 2441 2442 2443
4 2444 2445 2446 2447
4 2448 2449 2450 2451
4 2452 2453 2454 2455
4 2456 2457 2458 2459
4 2460 2461 2462 2463
4 2464 2465 2466 2467
4 2468 2469 2470 2471
4 2472 2473 2474 2475
4 2476 2477 2478 2479
4 2480 2481 2482 2483
4 2484 2485 2486 2487
4 2488 2489 2490 2491
4 2492 2493 2494 2495
4 2496 2497 2498 2499
4 2500 2501 2502 2503
4 2504 2505 2506 2507
4 2508 2509 2510 2511
4 2512 2513 2514 2515
4 2516 2517 2518 2519
4 2520 2521 2522 2523
4 2524 2525 2526 2527
4 2528 2529 2530 2531
4 2532 2533 2534 2535
4 2536 2537 2538 2539
4 2540 2541 2542 2543
4 2544 2545 2546 2547
4 2548 2549 2550 2551
4 2552 2553 2554 2555
4 2556 2557 2558 2559
4 2560 2561 2562 2563
4 2564 2565 2566 2567
4 2568 2569 2570 2571
4 2572 2573 2574 2575
4 2576 2577 2578 2579
4 2580 2581 2582 2583
4 2584 2585 2586 2587
4 2588 2589 2590 2591
4 2592 2593 2594 2595
4 2596 2597 2598 2599
4 2600 2601 2602 2603
4 2604 2605 2606 2607
4 2608 2609 2610 2611
4 2612 2613 2614 2615
4 2616 2617 2618 2619
4 2620 2621 2622 2623
4 2624 2625 2626 2627
4 2628 2629 2630 2631
4 2632 2633 2634 2635
4 2636 2637 2638 2639
4 2640 2641 2642 2643
4 2644 2645 2646 2647
4 2648 2649 2650 2651
4 2652 2653 2654 2655
4 2656 2657 2658 2659
4 2660 2661 2662 2663
4 2664 2665 2666 2667
4 2668 2669 2670 2671
4 2672 2673 2674 2675
4 2676 2677 2678 2679
4 2680 2681 2682 2683
4 2684 2685 2686 2687
4 2688 2689 2690 2691
4 2692 2693 2694 2695
4 2696 2697 2698 2699
4 2700 2701 2702 2703
4 2704 2705 2706 2707
4 2708 2709 2710 2711
4 2712 2713 2714 2715
4 2716 2717 2718 2719
4 2720 2721 2722 2723
4 2724 2725 2726 2727
4 2728 2729 2730 2731
4 2732 2733 2734 2735
4 2736 2737 2738 2739
4 2740 2741 2742 2743
4 2744 2745 2746 2747
4 2748 2749 2750 2751
4 2752 2753 2754 2755
4 2756 2757 2758 2759
4 2760 2761 2762 2763
4 2764 2765 2766 2767
4 2768 2769 2770 2771
4 2772 2773 2774 2775
4 2776 2777 2778 2779
4 2780 2781 2782 2783
4 2784 2785 2786 2787
4 2788 2789 2790 2791
4 2792 2793 2794 2795
4 2796 2797 2798 2799
4 2800 2801 2802 2803
4 2804 2805 2806 2807
4 2808 2809 2810 2811
4 2812 2813 2814 2815
4 2816 2817 2818 2819
4 2820 2821 2822 2823
4 2824 2825 2826 2827
4 2828 2829 2830 2831
4 2832 2833 2834 2835
4 2836 2837 2838 2839
4 2840 2841 2842 2843
4 2844 2845 2846 2847
4 2848 2849 2850 2851
4 2852 2853 2854 2855
4 2856 2857 2858 2859
4 2860 2861 2862 2863
4 2864 2865 2866 2867
4 2868 2869 2870 2871
4 2872 2873 2874 2875
4 2876 2877 2878 2879
4 2880 2881 2882 2883
4 2884 2885 2886 2887
4 2888 2889 2890 2891
4 2892 2893 2894 2895
4 2896 2897 2898 2899
4 2900 2901 2902 2903
4 2904 2905 2906 2907
4 2908 2909 2910 2911
4 2912 2913 2914 2915
4 2916 2917 2918 2919
4 2920 2921 2922 2923
4 2924 2925 2926 2927
4 2928 2929 2930 2931
4 2932 2933 2934 2935
4 2936 2937 2938 2939
4 2940 2941 2942 2943
4 2944 2945 2946 2947
4 2948 2949 2950 2951
4 2952 2953 2954 2955
4 2956 2957 2958 2959
4 2960 2961 2962 2963
4 2964 2965 2966 2967
4 2968 2969 2970 2971
4 2972 2973 2974 2975
4 2976 2977 2978 2979
4 2980 2981 2982 2983
4 2984 2985 2986 2987
4 2988 2989 2990 2991
4 2992 2993 2994 2995
4 2996 2997 2998 2999
4 3000 3001 3002 3003
4 3004 3005 3006 3007
4 3008 3009 3010 3011
4 3012 3013 3014 3015
4 3016 3017 3018 3019
4 3020 3021 3022 3023
4 3024 3025 3026 3027
4 3028 3029 3030 3031
4 3032 3033 3034 3035
4 3036 3037 3038 3039
4 3040 3041 3042 3043
4 3044 3045 3046 3047
4 3048 3049 3050 3051
4 3052 3053 3054 3055
4 3056 3057 3058 3059
4 3060 3061 3062 3063
4 3064 3065 3066 3067
4 3068 3069 3070 3071
4 3072 3073 3074 3075
4 3076 3077 3078 3079
4 3080 3081 3082 3083
4 3084 3085 3086 3087
4 3088 3089 3090 3091
4 3092 3093 3094 3095
4 3096 3097 3098 3099
4 3100 3101 3102 3103
4 3104 3105 3106 3107
4 3108 3109 3110 3111
4 3112 3113 3114 3115
4 3116 3117 3118 3119
4 3120 3121 3122 3123
4 3124 3125 3126 3127
4 3128 3129 3130 3131
4 3132 3133 3134 3135
4 3136 3137 3138 3139
4 3140 3141 3142 3143
4 3144 3145 3146 3147
4 3148 3149 3150 3151
4 3152 3153 3154 3155
4 3156 3157 3158 3159
4 3160 3161 3162 3163
4 3164 3165 3166 3167
4 3168 3169 3170 3171
4 3172 3173 3174 3175
4 3176 3177 3178 3179
4 3180 3181 3182 3183
4 3184 3185 3186 3187
4 3188 3189 3190 3191
4 3192 3193 3194 3195
4 3196 3197 3198 3199
4 3200 3201 3202 3203
4 3204 3205 3206 3207
4 3208 3209 3210 3211
4 3212 3213 3214 3215
4 3216 3217 3218 3219
4 3220 3221 3222 3223
4 3224 3225 3226 3227
4 3228 3229 3230 3231
4 3232 3233 3234 3235
4 3236 3237 3238 3239
4 3240 3241 3242 3243
4 3244 3245 3246 3247
4 3248 3249 3250 3251
4 3252 3253 3254 3255
4 3256 3257 3258 3259
4 3260 3261 3262 3263
4 3264 3265 3266 3267
4 3268 3269 3270 3271
4 3272 3273 3274 3275
4 3276 3277 3278 3279
4 3280 3281 3282 3283
4 3284 3285 3286 3287
4 3288 3289 3290 3291
4 3292 3293 3294 3295
4 3296 3297 3298 3299
4 3300 3301 3302 3303
4 3304 3305 3306 3307
4 3308 3309 3310 3311
4 3312 3313 3314 3315
4 3316 3317 3318 3319
4 3320 3321 3322 3323
4 3324 3325 3326 3327
4 3328 3329 3330 3331
4 3332 3333 3334 3335
4 3336 3337 3338 3339
4 3340 3341 3342 3343
4 3344 3345 3346 3347
4 3348 3349 3350 3351
4 3352 3353 3354 3355
4 3356 3357 3358 3359
4 3360 3361 3362 3363
4 3364 3365 3366 3367
4 3368 3369 3370 3371
4 3372 3373 3374 3375
4 3376 3377 3378 3379
4 3380 3381 3382 3383
4 3384 3385 3386 3387
4 3388 3389 3390 3391
4 3392 3393 3394 3395
4 3396 3397 3398 3399
4 3400 3401 3402 3403
4 3404 3405 3406 3407
4 3408 3409 3410 3411
4 3412 3413 3414 3415
4 3416 3417 3418 3419
4 3420 3421 3422 3423
4 3424 3425 3426 3427
4 3428 3429 3430 3431
4 3432 3433 3434 3435
4 3436 3437 3438 3439
4 3440 3441 3442 3443
4 3444 3445 3446 3447
4 3448 3449 3450 3451
4 3452 3453 3454 3455
4 3456 3457 3458 3459
4 3460 3461 3462 3463
4 3464 3465 3466 3467
4 3468 3469 3470 3471
4 3472 3473 3474 3475
4 3476 3477 3478 3479
4 3480 3481 3482 3483
4 3484 3485 3486 3487
4 3488 3489 3490 3491
4 3492 3493 3494 3495
4 3496 3497 3498 3499
4 3500 3501 3502 3503
4 3504 3505 3506 3507
4 3508 3509 3510 3511
4 3512 3513 3514 3515
4 3516 3517 3518 3519
4 3520 3521 3522 3523
4 3524 3525 3526 3527
4 3528 3529 3530 3531
4 3532 3533 3534 3535
4 3536 3537 3538 3539
4 3540 3541 3542 3543
4 3544 3545 3546 3547
4 3548 3549 3550 3551
4 3552 3553 3554 3555
4 3556 3557 3558 3559
4 3560 3561 3562 3563
4 3564 3565 3566 3567
4 3568 3569 3570 3571
4 3572 3573 3574 3575
4 3576 3577 3578 3579
4 3580 3581 3582 3583
4 3584 3585 3586 3587
4 3588 3589 3590 3591
4 3592 3593 3594 3595
4 3596 3597 3598 3599
4 3600 3601 3602 3603
4 3604 3605 3606 3607
4 3608 3609 3610 3611
4 3612 3613 3614 3615
4 3616 3617 3618 3619
4 3620 3621 3622 3623
4 3624 3625 3626 3627
4 3628 3629 3630 3631
4 3632 3633 3634 3635
4 3636 3637 3638 3639
4 3640 3641 3642 3643
4 3644 3645 3646 3647
4 3648 3649 3650 3651
4 3652 3653 3654 3655
4 3656 3657 3658 3659
4 3660 3661 3662 3663
4 3664 3665 3666 3667
4 3668 3669 3670 3671
4 3672 3673 3674 3675
4 3676 3677 3678 3679
4 3680 3681 3682 3683
4 3684 3685 3686 3687
4 3688 3689 3690 3691
4 3692 3693 3694 3695
4 3696 3697 3698 3699
4 3700 3701 3702 3703
4 3704 3705 3706 3707
4 3708 3709 3710 3711
4 3712 3713 3714 3715
4 3716 3717 3718 3719
4 3720 3721 3722 3723
4 3724 3725 3726 3727
4 3728 3729 3730 3731
4 3732 3733 3734 3735
4 3736 3737 3738 3739
4 3740 3741 3742 3743
4 3744 3745 3746 3747
4 3748 3749 3750 3751
4 3752 3753 3754 3755
4 3756 3757 3758 3759
4 3760 3761 3762 3763
4 3764 3765 3766 3767
4 3768 3769 3770 3771
4 3772 3773 3774 3775
4 3776 3777 3778 3779
4 3780 3781 3782 3783
4 3784 3785 3786 3787
4 3788 3789 3790 3791
4 3792 3793 3794 3795
4 3796 3797 3798 3799
4 3800 3801 3802 3803
4 3804 3805 3806 3807
4 3808 3809 3810 3811
4 3812 3813 3814 3815
4 3816 3817 3818 3819
4 3820 3821 3822 3823
4 3824 3825 3826 3827
4 3828 3829 3830 3831
4 3832 3833 3834 3835
4 3836 3837 3838 3839
4 3840 3841 3842 3843
4 3844 3845 3846 3847
4 3848 3849 3850 3851
4 3852 3853 3854 3855
4 3856 3857 3858 3859
4 3860 3861 3862 3863
4 3864 3865 3866 3867
4 3868 3869 3870 3871
4 3872 3873 3874 3875
4 3876 3877 3878 3879
4 3880 3881 3882 3883
4 3884 3885 3886 3887
4 3888 3889 3890 3891
4 3892 3893 3894 3895
4 3896 3897 3898 3899
4 3900 3901 3902 3903
4 3904 3905 3906 3907
4 3908 3909 3910 3911
4 3912 3913 3914 3915
4 3916 3917 3918 3919
4 3920 3921 3922 3923
4 3924 3925 3926 3927
4 3928 3929 3930 3931
4 3932 3933 3934 3935
4 3936 3937 3938 3939
4 3940 3941 3942 3943
4 3944 3945 3946 3947
4 3948 3949 3950 3951
4 3952 3953 3954 3955
4 3956 3957 3958 3959
4 3960 3961 3962 3963
4 3964 3965 3966 3967
4 3968 3969 3970 3971
4 3972 3973 3974 3975
4 3976 3977 3978 3979
4 3980 3981 3982 3983
4 3984 3985 3986 3987
4 3988 3989 3990 3991
4 3992 3993 3994 3995
4 3996 3997 3998 3999
4 4000 4001 4002 4003
4 4004 4005 4006 4007
4 4008 4009 4010 4011
4 4012 4013 4014 4015
4 4016 4017 4018 4019
4 4020 4021 4022 4023
4 4024 4025 4026 4027
4 4028 4029 4030 4031
4 4032 4033 4034 4035
4 4036 4037 4038 4039
4 4040 4041 4042 4043
4 4044 4045 4046 4047
4 4048 4049 4050 4051
4 4052 4053 4054 4055
4 4056 4057 4058 4059
4 4060 4061 4062 4063
4 4064 4065 4066 4067
4 4068 4069 4070 4071
4 4072 4073 4074 4075
4 4076 4077 4078 4079
4 4080 4081 4082 4083
4 4084 4085 4086 4087
4 4088 4089 4090 4091
4 4092 4093 4094 4095
4 4096 4097 4098 4099
4 4100 4101 4102 4103
4 4104 4105 4106 4107
4 4108 4109 4110 4111
4 4112 4113 4114 4115
4 4116 4117 4118 4119
4 4120 4121 4122 4123
4 4124 4125 4126 4127
4 4128 4129 4130 4131
4 4132 4133 4134 4135
4 4136 4137 4138 4139
4 4140 4141 4142 4143
4 4144 4145 4146 4147
4 4148 4149 4150 4151
4 4152 4153 4154 4155
4 4156 4157 4158 4159
4 4160 4161 4162 4163
4 4164 4165 4166 4167
4 4168 4169 4170 4171
4 4172 4173 4174 4175
4 4176 4177 4178 4179
4 4180 4181 4182 4183
4 4184 4185 4186 4187
4 4188 4189 4190 4191
4 4192 4193 4194 4195
4 4196 4197 4198 4199
4 4200 4201 4202 4203
4 4204 4205 4206 4207
4 4208 4209 4210 4211
4 4212 4213 4214 4215
4 4216 4217 4218 4219
4 4220 4221 4222 4223
4 4224 4225 4226 4227
4 4228 4229 4230 4231
4 4232 4233 4234 4235
4 4236 4237 4238 4239
4 4240 4241 4242 4243
4 4244 4245 4246 4247
4 4248 4249 4250 4251
4 4252 4253 4254 4255
4 4256 4257 4258 4259
4 4260 4261 4262 4263
4 4264 4265 4266 4267
4 4268 4269 4270 4271
4 4272 4273 4274 4275
4 4276 4277 4278 4279
4 4280 4281 4282 4283
4 4284 4285 4286 4287
4 4288 4289 4290 4291
4 4292 4293 4294 4295
4 4296 4297 4298 4299
4 4300 4301 4302 4303
4 4304 4305 4306 4307
4 4308 4309 4310 4311
4 4312 4313 4314 4315
4 4316 4317 4318 4319
4 4320 4321 4322 4323
4 4324 4325 4326 4327
4 4328 4329 4330 4331
4 4332 4333 4334 4335
4 4336 4337 4338 4339
4 4340 4341 4342 4343
4 4344 4345 4346 4347
4 4348 4349 4350 4351
4 4352 4353 4354 4355
4 4356 4357 4358 4359
4 4360 4361 4362 4363
4 4364 4365 4366 4367
4 4368 4369 4370 4371
4 4372 4373 4374 4375
4 4376 4377 4378 4379
4 4380 4381 4382 4383
4 4384 4385 4386 4387
4 4388 4389 4390 4391
4 4392 4393 4394 4395
4 4396 4397 4398 4399
4 4400 4401 4402 4403
4 4404 4405 4406 4407
4 4408 4409 4410 4411
4 4412 4413 4414 4415
4 4416 4417 4418 4419
4 4420 4421 4422 4423
4 4424 4425 4426 4427
4 4428 4429 4430 4431
4 4432 4433 4434 4435
4 4436 4437 4438 4439
4 4440 4441 4442 4443
4 4444 4445 4446 4447
4 4448 4449 4450 4451
4 4452 4453 4454 4455
4 4456 4457 4458 4459
4 4460 4461 4462 4463
4 4464 4465 4466 4467
4 4468 4469 4470 4471
4 4472 4473 4474 4475
4 4476 4477 4478 4479
4 4480 4481 4482 4483
4 4484 4485 4486 4487
4 4488 4489 4490 4491
4 4492 4493 4494 4495
4 4496 4497 4498 4499
4 4500 4501 4502 4503
4 4504 4505 4506 4507
4 4508 4509 4510 4511
4 4512 4513 4514 4515
4 4516 4517 4518 4519
4 4520 4521 4522 4523
4 4524 4525 4526 4527
4 4528 4529 4530 4531
4 4532 4533 4534 4535
4 4536 4537 4538 4539
4 4540 4541 4542 4543
4 4544 4545 4546 4547
4 4548 4549 4550 4551
4 4552 4553 4554 4555
4 4556 4557 4558 4559
4 4560 4561 4562 4563
4 4564 4565 4566 4567
4 4568 4569 4570 4571
4 4572 4573 4574 4575
4 4576 4577 4578 4579
4 4580 4581 4582 4583
4 4584 4585 4586 4587
4 4588 4589 4590 4591
4 4592 4593 4594 4595
4 4596 4597 4598 4599
4 4600 4601 4602 4603
4 4604 4605 4606 4607
4 4608 4609 4610 4611
4 4612 4613 4614 4615
4 4616 4617 4618 4619
4 4620 4621 4622 4623
4 4624 4625 4626 4627
4 4628 4629 4630 4631
4 4632 4633 4634 4635
4 4636 4637 4638 4639
4 4640 4641 4642 4643
4 4644 4645 4646 4647
4 4648 4649 4650 4651
4 4652 4653 4654 4655
4 4656 4657 4658 4659
4 4660 4661 4662 4663
4 4664 4665 4666 4667
4 4668 4669 4670 4671
4 4672 4673 4674 4675
4 4676 4677 4678 4679
4 4680 4681 4682 4683
4 4684 4685 4686 4687
4 4688 4689 4690 4691
4 4692 4693 4694 4695
4 4696 4697 4698 4699
4 4700 4701 4702 4703
4 4704 4705 4706 4707
4 4708 4709 4710 4711
4 4712 4713 4714 4715
4 4716 4717 4718 4719
4 4720 4721 4722 4723
4 4724 4725 4726 4727
4 4728 4729 4730 4731
4 4732 4733 4734 4735
4 4736 4737 4738 4739
4 4740 4741 4742 4743
4 4744 4745 4746 4747
4 4748 4749 4750 4751
4 4752 4753 4754 4755
4 4756 4757 4758 4759
4 4760 4761 4762 4763
4 4764 4765 4766 4767
4 4768 4769 4770 4771
4 4772 4773 4774 4775
4 4776 4777 4778 4779
4 4780 4781 4782 4783
4 4784 4785 4786 4787
4 4788 4789 4790 4791
4 4792 4793 4794 4795
4 4796 4797 4798 4799
4 4800 4801 4802 4803
4 4804 4805 4806 4807
4 4808 4809 4810 4811
4 4812 4813 4814 4815
4 4816 4817 4818 4819
4 4820 4821 4822 4823
4 4824 4825 4826 4827
4 4828 4829 4830 4831
4 4832 4833 4834 4835
4 4836 4837 4838 4839
4 4840 4841 4842 4843
4 4844 4845 4846 4847
4 4848 4849 4850 4851
4 4852 4853 4854 4855
4 4856 4857 4858 4859
4 4860 4861 4862 4863
4 4864 4865 4866 4867
4 4868 4869 4870 4871
4 4872 4873 4874 4875
4 4876 4877 4878 4879
4 4880 4881 4882 4883
4 4884 4885 4886 4887
4 4888 4889 4890 4891
4 4892 4893 4894 4895
4 4896 4897 4898 4899
4 4900 4901 4902 4903
4 4904 4905 4906 4907
4 4908 4909 4910 4911
4 4912 4913 4914 4915
4 4916 4917 4918 4919
4 4920 4921 4922 4923
4 4924 4925 4926 4927
4 4928 4929 4930 4931
4 4932 4933 4934 4935
4 4936 4937 4938 4939
4 4940 4941 4942 4943
4 4944 4945 4946 4947
4 4948 4949 4950 4951
4 4952 4953 4954 4955
4 4956 4957 4958 4959
4 4960 4961 4962 4963
4 4964 4965 4966 4967
4 4968 4969 4970 4971
4 4972 4973 4974 4975
4 4976 4977 4978 4979
4 4980 4981 4982 4983
4 4984 4985 4986 4987
4 4988 4989 4990 4991
4 4992 4993 4994 4995
4 4996 4997 4998 4999
4 5000 5001 5002 5003
4 5004 5005 5006 5007
4 5008 5009 5010 5011
4 5012 5013 5014 5015
4 5016 5017 5018 5019
4 5020 5021 5022 5023
4 5024 5025 5026 5027
4 5028 5029 5030 5031
4 5032 5033 5034 5035
4 5036 5037 5038 5039
4 5040 5041 5042 5043
4 5044 5045 5046 5047
4 5048 5049 5050 5051
4 5052 5053 5054 5055
4 5056 5057 5058 5059
4 5060 5061 5062 5063
4 5064 5065 5066 5067
4 5068 5069 5070 5071
4 5072 5073 5074 5075
4 5076 5077 5078 5079
4 5080 5081 5082 5083
4 5084 5085 5086 5087
4 5088 5089 5090 5091
4 5092 5093 5094 5095
4 5096 5097 5098 5099
4 5100 5101 5102 5103
4 5104 5105 5106 5107
4 5108 5109 5110 5111
4 5112 5113 5114 5115
4 5116 5117 5118 5119
4 5120 5121 5122 5123
4 5124 5125 5126 5127
4 5128 5129 5130 5131
4 5132 5133 5134 5135
4 5136 5137 5138 5139
4 5140 5141 5142 5143
4 5144 5145 5146 5147
4 5148 5149 5150 5151
4 5152 5153 5154 5155
4 5156 5157 5158 5159
4 5160 5161 5162 5163
4 5164 5165 5166 5167
4 5168 5169 5170 5171
4 5172 5173 5174 5175
4 5176 5177 5178 5179
4 5180 5181 5182 5183
4 5184 5185 5186 5187
4 5188 5189 5190 5191
4 5192 5193 5194 5195
4 5196 5197 5198 5199
4 5200 5201 5202 5203
4 5204 5205 5206 5207
4 5208 5209 5210 5211
4 5212 5213 5214 5215
4 5216 5217 5218 5219
4 5220 5221 5222 5223
4 5224 5225 5226 5227
4 5228 5229 5230 5231
4 5232 5233 5234 5235
4 5236 5237 5238 5239
4 5240 5241 5242 5243
4 5244 5245 5246 5247
4 5248 5249 5250 5251
4 5252 5253 5254 5255
4 5256 5257 5258 5259
4 5260 5261 5262 5263
4 5264 5265 5266 5267
4 5268 5269 5270 5271
4 5272 5273 5274 5275
4 5276 5277 5278 5279
4 5280 5281 5282 5283
4 5284 5285 5286 5287
4 5288 5289 5290 5291
4 5292 5293 5294 5295
4 5296 5297 5298 5299
4 5300 5301 5302 5303
4 5304 5305 5306 5307
4 5308 5309 5310 5311
4 5312 5313 5314 5315
4 5316 5317 5318 5319
4 5320 5321 5322 5323
4 5324 5325 5326 5327
4 5328 5329 5330 5331
4 5332 5333 5334 5335
4 5336 5337 5338 5339
4 5340 5341 5342 5343
4 5344 5345 5346 5347
4 5348 5349 5350 5351
4 5352 5353 5354 5355
4 5356 5357 5358 5359
4 5360 5361 5362 5363
4 5364 5365 5366 5367
4 5368 5369 5370 5371
4 5372 5373 5374 5375
4 5376 5377 5378 5379
4 5380 5381 5382 5383
4 5384 5385 5386 5387
4 5388 5389 5390 5391
4 5392 5393 5394 5395
4 5396 5397 5398 5399
4 5400 5401 5402 5403
4 5404 5405 5406 5407
4 5408 5409 5410 5411
4 5412 5413 5414 5415
4 5416 5417 5418 5419
4 5420 5421 5422 5423
4 5424 5425 5426 5427
4 5428 5429 5430 5431
4 5432 5433 5434 5435
4 5436 5437 5438 5439
4 5440 5441 5442 5443
4 5444 5445 5446 5447
4 5448 5449 5450 5451
4 5452 5453 5454 5455
4 5456 5457 5458 5459
4 5460 5461 5462 5463
4 5464 5465 5466 5467
4 5468 5469 5470 5471
4 5472 5473 5474 5475
4 5476 5477 5478 5479
4 5480 5481 5482 5483
4 5484 5485 5486 5487
4 5488 5489 5490 5491
4 5492 5493 5494 5495
4 5496 5497 5498 5499
4 5500 5501 5502 5503
4 5504 5505 5506 5507
4 5508 5509 5510 5511
4 5512 5513 5514 5515
4 5516 5517 5518 5519
4 5520 5521 5522 5523
4 5524 5525 5526 5527
4 5528 5529 5530 5531
4 5532 5533 5534 5535
4 5536 5537 5538 5539
4 5540 5541 5542 5543
4 5544 5545 5546 5547
4 5548 5549 5550 5551
4 5552 5553 5554 5555
4 5556 5557 5558 5559
4 5560 5561 5562 5563
4 5564 5565 5566 5567
4 5568 5569 5570 5571
4 5572 5573 5574 5575
4 5576 5577 5578 5579
4 5580 5581 5582 5583
4 5584 5585 5586 5587
4 5588 5589 5590 5591
4 5592 5593 5594 5595
4 5596 5597 5598 5599
4 5600 5601 5602 5603
4 5604 5605 5606 5607
4 5608 5609 5610 5611
4 5612 5613 5614 5615
4 5616 5617 5618 5619
4 5620 5621 5622 5623
4 5624 5625 5626 5627
4 5628 5629 5630 5631
4 5632 5633 5634 5635
4 5636 5637 5638 5639
4 5640 5641 5642 5643
4 5644 5645 5646 5647
4 5648 5649 5650 5651
4 5652 5653 5654 5655
4 5656 5657 5658 5659
4 5660 5661 5662 5663
4 5664 5665 5666 5667
4 5668 5669 5670 5671
4 5672 5673 5674 5675
4 5676 5677 5678 5679
4 5680 5681 5682 5683
4 5684 5685 5686 5687
4 5688 5689 5690 5691
4 5692 5693 5694 5695
4 5696 5697 5698 5699
4 5700 5701 5702 5703
4 5704 5705 5706 5707
4 5708 5709 5710 5711
4 5712 5713 5714 5715
4 5716 5717 5718 5719
4 5720 5721 5722 5723
4 5724 5725 5726 5727
4 5728 5729 5730 5731
4 5732 5733 5734 5735
4 5736 5737 5738 5739
4 5740 5741 5742 5743
4 5744 5745 5746 5747
4 5748 5749 5750 5751
4 5752 5753 5754 5755
4 5756 5757 5758 5759
4 5760 5761 5762 5763
4 5764 5765 5766 5767
4 5768 5769 5770 5771
4 5772 5773 5774 5775
4 5776 5777 5778 5779
4 5780 5781 5782 5783
4 5784 5785 5786 5787
4 5788 5789 5790 5791
4 5792 5793 5794 5795
4 5796 5797 5798 5799
4 5800 5801 5802 5803
4 5804 5805 5806 5807
4 5808 5809 5810 5811
4 5812 5813 5814 5815
4 5816 5817 5818 5819
4 5820 5821 5822 5823
4 5824 5825 5826 5827
4 5828 5829 5830 5831
4 5832 5833 5834 5835
4 5836 5837 5838 5839
4 5840 5841 5842 5843
4 5844 5845 5846 5847
4 5848 5849 5850 5851
4 5852 5853 5854 5855
4 5856 5857 5858 5859
4 5860 5861 5862 5863
4 5864 5865 5866 5867
4 5868 5869 5870 5871
4 5872 5873 5874 5875
4 5876 5877 5878 5879
4 5880 5881 5882 5883
4 5884 5885 5886 5887
4 5888 5889 5890 5891
4 5892 5893 5894 5895
4 5896 5897 5898 5899
4 5900 5901 5902 5903
4 5904 5905 5906 5907
4 5908 5909 5910 5911
4 5912 5913 5914 5915
4 5916 5917 5918 5919
4 5920 5921 5922 5923
4 5924 5925 5926 5927
4 5928 5929 5930 5931
4 5932 5933 5934 5935
4 5936 5937 5938 5939
4 5940 5941 5942 5943
4 5944 5945 5946 5947
4 5948 5949 5950 5951
4 5952 5953 5954 5955
4 5956 5957 5958 5959
4 5960 5961 5962 5963
4 5964 5965 5966 5967
4 5968 5969 5970 5971
4 5972 5973 5974 5975
4 5976 5977 5978 5979
4 5980 5981 5982 5983
4 5984 5985 5986 5987
4 5988 5989 5990 5991
4 5992 5993 5994 5995
4 5996 5997 5998 5999
4 6000 6001 6002 6003
4 6004 6005 6006 6007
4 6008 6009 6010 6011
4 6012 6013 6014 6015
4 6016 6017 6018 6019
4 6020 6021 6022 6023
4 6024 6025 6026 6027
4 6028 6029 6030 6031
4 6032 6033 6034 6035
4 6036 6037 6038 6039
4 6040 6041 6042 6043
4 6044 6045 6046 6047
4 6048 6049 6050 6051
4 6052 6053 6054 6055
4 6056 6057 6058 6059
4 6060 6061 6062 6063
4 6064 6065 6066 6067
4 6068 6069 6070 6071
4 6072 6073 6074 6075
4 6076 6077 6078 6079
4 6080 6081 6082 6083
4 6084 6085 6086 6087
4 6088 6089 6090 6091
4 6092 6093 6094 6095
4 6096 6097 6098 6099
4 6100 6101 6102 6103
4 6104 6105 6106 6107
4 6108 6109 6110 6111
4 6112 6113 6114 6115
4 6116 6117 6118 6119
4 6120 6121 6122 6123
4 6124 6125 6126 6127
4 6128 6129 6130 6131
4 6132 6133 6134 6135
4 6136 6137 6138 6139
4 6140 6141 6142 6143
4 6144 6145 6146 6147
4 6148 6149 6150 6151
4 6152 6153 6154 6155
4 6156 6157 6158 6159
4 6160 6161 6162 6163
4 6164 6165 6166 6167
4 6168 6169 6170 6171
4 6172 6173 6174 6175
4 6176 6177 6178 6179
4 6180 6181 6182 6183
4 6184 6185 6186 6187
4 6188 6189 6190 6191
4 6192 6193 6194 6195
4 6196 6197 6198 6199
4 6200 6201 6202 6203
4 6204 6205 6206 6207
4 6208 6209 6210 6211
4 6212 6213 6214 6215
4 6216 6217 6218 6219
4 6220 6221 6222 6223
4 6224 6225 6226 6227
4 6228 6229 6230 6231
4 6232 6233 6234 6235
4 6236 6237 6238 6239
4 6240 6241 6242 6243
4 6244 6245 6246 6247
4 6248 6249 6250 6251
4 6252 6253 6254 6255
4 6256 6257 6258 6259
4 6260 6261 6262 6263
4 6264 6265 6266 6267
4 6268 6269 6270 6271
4 6272 6273 6274 6275
4 6276 6277 6278 6279
4 6280 6281 6282 6283
4 6284 6285 6286 6287
4 6288 6289 6290 6291
4 6292 6293 6294 6295
4 6296 6297 6298 6299
4 6300 6301 6302 6303
4 6304 6305 6306 6307
4 6308 6309 6310 6311
4 6312 6313 6314 6315
4 6316 6317 6318 6319
4 6320 6321 6322 6323
4 6324 6325 6326 6327
4 6328 6329 6330 6331
4 6332 6333 6334 6335
4 6336 6337 6338 6339
4 6340 6341 6342 6343
4 6344 6345 6346 6347
4 6348 6349 6350 6351
4 6352 6353 6354 6355
4 6356 6357 6358 6359
4 6360 6361 6362 6363
4 6364 6365 6366 6367
4 6368 6369 6370 6371
4 6372 6373 6374 6375
4 6376 6377 6378 6379
4 6380 6381 6382 6383
4 6384 6385 6386 6387
4 6388 6389 6390 6391
4 6392 6393 6394 6395
4 6396 6397 6398 6399
4 6400 6401 6402 6403
4 6404 6405 6406 6407
4 6408 6409 6410 6411
4 6412 6413 6414 6415
4 6416 6417 6418 6419
4 6420 6421 6422 6423
4 6424 6425 6426 6427
4 6428 6429 6430 6431
4 6432 6433 6434 6435
4 6436 6437 6438 6439
4 6440 6441 6442 6443
4 6444 6445 6446 6447
4 6448 6449 6450 6451
4 6452 6453 6454 6455
4 6456 6457 6458 6459
4 6460 6461 6462 6463
4 6464 6465 6466 6467
4 6468 6469 6470 6471
4 6472 6473 6474 6475
4 6476 6477 6478 6479
4 6480 6481 6482 6483
4 6484 6485 6486 6487
4 6488 6489 6490 6491
4 6492 6493 6494 6495
4 6496 6497 6498 6499
4 6500 6501 6502 6503
4 6504 6505 6506 6507
4 6508 6509 6510 6511
4 6512 6513 6514 6515
4 6516 6517 6518 6519
4 6520 6521 6522 6523
4 6524 6525 6526 6527
4 6528 6529 6530 6531
4 6532 6533 6534 6535
4 6536 6537 6538 6539
4 6540 6541 6542 6543
4 6544 6545 6546 6547
4 6548 6549 6550 6551
4 6552 6553 6554 6555
4 6556 6557 6558 6559
4 6560 6561 6562 6563
4 6564 6565 6566 6567
4 6568 6569 6570 6571
4 6572 6573 6574 6575
4 6576 6577 6578 6579
4 6580 6581 6582 6583
4 6584 6585 6586 6587
4 6588 6589 6590 6591
4 6592 6593 6594 6595
4 6596 6597 6598 6599
4 6600 6601 6602 6603
4 6604 6605 6606 6607
4 6608 6609 6610 6611
4 6612 6613 6614 6615
4 6616 6617 6618 6619
4 6620 6621 6622 6623
4 6624 6625 6626 6627
4 6628 6629 6630 6631
4 6632 6633 6634 6635
4 6636 6637 6638 6639
4 6640 6641 6642 6643
4 6644 6645 6646 6647
4 6648 6649 6650 6651
4 6652 6653 6654 6655
4 6656 6657 6658 6659
4 6660 6661 6662 6663
4 6664 6665 6666 6667
4 6668 6669 6670 6671
4 6672 6673 6674 6675
4 6676 6677 6678 6679
4 6680 6681 6682 6683
4 6684 6685 6686 6687
4 6688 6689 6690 6691
4 6692 6693 6694 6695
4 6696 6697 6698 6699
4 6700 6701 6702 6703
4 6704 6705 6706 6707
4 6708 6709 6710 6711
4 6712 6713 6714 6715
4 6716 6717 6718 6719
4 6720 6721 6722 6723
4 6724 6725 6726 6727
4 6728 6729 6730 6731
4 6732 6733 6734 6735
4 6736 6737 6738 6739
4 6740 6741 6742 6743
4 6744 6745 6746 6747
4 6748 6749 6750 6751
4 6752 6753 6754 6755
4 6756 6757 6758 6759
4 6760 6761 6762 6763
4 6764 6765 6766 6767
4 6768 6769 6770 6771
4 6772 6773 6774 6775
4 6776 6777 6778 6779
4 6780 6781 6782 6783
4 6784 6785 6786 6787
4 6788 6789 6790 6791
4 6792 6793 6794 6795
4 6796 6797 6798 6799
4 6800 6801 6802 6803
4 6804 6805 6806 6807
4 6808 6809 6810 6811
4 6812 6813 6814 6815
4 6816 6817 6818 6819
4 6820 6821 6822 6823
4 6824 6825 6826 6827
4 6828 6829 6830 6831
4 6832 6833 6834 6835
4 6836 6837 6838 6839
4 6840 6841 6842 6843
4 6844 6845 6846 6847
4 6848 6849 6850 6851
4 6852 6853 6854 6855
4 6856 6857 6858 6859
4 6860 6861 6862 6863
4 6864 6865 6866 6867
4 6868 6869 6870 6871
4 6872 6873 6874 6875
4 6876 6877 6878 6879
4 6880 6881 6882 6883
4 6884 6885 6886 6887
4 6888 6889 6890 6891
4 6892 6893 6894 6895
4 6896 6897 6898 6899
4 6900 6901 6902 6903
4 6904 6905 6906 6907
4 6908 6909 6910 6911
4 6912 6913 6914 6915
4 6916 6917 6918 6919
4 6920 6921 6922 6923
4 6924 6925 6926 6927
4 6928 6929 6930 6931
4 6932 6933 6934 6935
4 6936 6937 6938 6939
4 6940 6941 6942 6943
4 6944 6945 6946 6947
4 6948 6949 6950 6951
4 6952 6953 6954 6955
4 6956 6957 6958 6959
4 6960 6961 6962 6963
4 6964 6965 6966 6967
4 6968 6969 6970 6971
4 6972 6973 6974 6975
4 6976 6977 6978 6979
4 6980 6981 6982 6983
4 6984 6985 6986 6987
4 6988 6989 6990 6991
4 6992 6993 6994 6995
4 6996 6997 6998 6999
4 7000 7001 7002 7003
4 7004 7005 7006 7007
4 7008 7009 7010 7011
4 7012 7013 7014 7015
4 7016 7017 7018 7019
4 7020 7021 7022 7023
4 7024 7025 7026 7027
4 7028 7029 7030 7031
4 7032 7033 7034 7035
4 7036 7037 7038 7039
4 7040 7041 7042 7043
4 7044 7045 7046 7047
4 7048 7049 7050 7051
4 7052 7053 7054 7055
4 7056 7057 7058 7059
4 7060 7061 7062 7063
4 7064 7065 7066 7067
4 7068 7069 7070 7071
4 7072 7073 7074 7075
4 7076 7077 7078 7079
4 7080 7081 7082 7083
4 7084 7085 7086 7087
4 7088 7089 7090 7091
4 7092 7093 7094 7095
4 7096 7097 7098 7099
4 7100 7101 7102 7103
4 7104 7105 7106 7107
4 7108 7109 7110 7111
4 7112 7113 7114 7115
4 7116 7117 7118 7119
4 7120 7121 7122 7123
4 7124 7125 7126 7127
4 7128 7129 7130 7131
4 7132 7133 7134 7135
4 7136 7137 7138 7139
4 7140 7141 7142 7143
4 7144 7145 7146 7147
4 7148 7149 7150 7151
4 7152 7153 7154 7155
4 7156 7157 7158 7159
4 7160 7161 7162 7163
4 7164 7165 7166 7167
4 7168 7169 7170 7171
4 7172 7173 7174 7175
4 7176 7177 7178 7179
4 7180 7181 7182 7183
4 7184 7185 7186 7187
4 7188 7189 7190 7191
4 7192 7193 7194 7195
4 7196 7197 7198 7199
4 7200 7201 7202 7203
4 7204 7205 7206 7207
4 7208 7209 7210 7211
4 7212 7213 7214 7215
4 7216 7217 7218 7219
4 7220 7221 7222 7223
4 7224 7225 7226 7227
4 7228 7229 7230 7231
4 7232 7233 7234 7235
4 7236 7237 7238 7239
4 7240 7241 7242 7243
4 7244 7245 7246 7247
4 7248 7249 7250 7251
4 7252 7253 7254 7255
4 7256 7257 7258 7259
4 7260 7261 7262 7263
4 7264 7265 7266 7267
4 7268 7269 7270 7271
4 7272 7273 7274 7275
4 7276 7277 7278 7279
4 7280 7281 7282 7283
4 7284 7285 7286 7287
4 7288 7289 7290 7291
4 7292 7293 7294 7295
4 7296 7297 7298 7299
4 7300 7301 7302 7303
4 7304 7305 7306 7307
4 7308 7309 7310 7311
4 7312 7313 7314 7315
4 7316 7317 7318 7319
4 7320 7321 7322 7323
4 7324 7325 7326 7327
4 7328 7329 7330 7331
4 7332 7333 7334 7335
4 7336 7337 7338 7339
4 7340 7341 7342 7343
4 7344 7345 7346 7347
4 7348 7349 7350 7351
4 7352 7353 7354 7355
4 7356 7357 7358 7359
4 7360 7361 7362 7363
4 7364 7365 7366 7367
4 7368 7369 7370 7371
4 7372 7373 7374 7375
4 7376 7377 7378 7379
4 7380 7381 7382 7383
4 7384 7385 7386 7387
4 7388 7389 7390 7391
4 7392 7393 7394 7395
4 7396 7397 7398 7399
4 7400 7401 7402 7403
4 7404 7405 7406 7407
4 7408 7409 7410 7411
4 7412 7413 7414 7415
4 7416 7417 7418 7419
4 7420 7421 7422 7423
4 7424 7425 7426 7427
4 7428 7429 7430 7431
4 7432 7433 7434 7435
4 7436 7437 7438 7439
4 7440 7441 7442 7443
4 7444 7445 7446 7447
4 7448 7449 7450 7451
4 7452 7453 7454 7455
4 7456 7457 7458 7459
4 7460 7461 7462 7463
4 7464 7465 7466 7467
4 7468 7469 7470 7471
4 7472 7473 7474 7475
4 7476 7477 7478 7479
4 7480 7481 7482 7483
4 7484 7485 7486 7487
4 7488 7489 7490 7491
4 7492 7493 7494 7495
4 7496 7497 7498 7499
4 7500 7501 7502 7503
4 7504 7505 7506 7507
4 7508 7509 7510 7511
4 7512 7513 7514 7515
4 7516 7517 7518 7519
4 7520 7521 7522 7523
4 7524 7525 7526 7527
4 7528 7529 7530 7531
4 7532 7533 7534 7535
4 7536 7537 7538 7539
4 7540 7541 7542 7543
4 7544 7545 7546 7547
4 7548 7549 7550 7551
4 7552 7553 7554 7555
4 7556 7557 7558 7559
4 7560 7561 7562 7563
4 7564 7565 7566 7567
4 7568 7569 7570 7571
4 7572 7573 7574 7575
4 7576 7577 7578 7579
4 7580 7581 7582 7583
4 7584 7585 7586 7587
4 7588 7589 7590 7591
4 7592 7593 7594 7595
4 7596 7597 7598 7599
4 7600 7601 7602 7603
4 7604 7605 7606 7607
4 7608 7609 7610 7611
4 7612 7613 7614 7615
4 7616 7617 7618 7619
4 7620 7621 7622 7623
4 7624 7625 7626 7627
4 7628 7629 7630 7631
4 7632 7633 7634 7635
4 7636 7637 7638 7639
4 7640 7641 7642 7643
4 7644 7645 7646 7647
4 7648 7649 7650 7651
4 7652 7653 7654 7655
4 7656 7657 7658 7659
4 7660 7661 7662 7663
4 7664 7665 7666 7667
4 7668 7669 7670 7671
4 7672 7673 7674 7675
4 7676 7677 7678 7679
4 7680 7681 7682 7683
4 7684 7685 7686 7687
4 7688 7689 7690 7691
4 7692 7693 7694 7695
4 7696 7697 7698 7699
4 7700 7701 7702 7703
4 7704 7705 7706 7707
4 7708 7709 7710 7711
4 7712 7713 7714 7715
4 7716 7717 7718 7719
4 7720 7721 7722 7723
4 7724 7725 7726 7727
4 7728 7729 7730 7731
4 7732 7733 7734 7735
4 7736 7737 7738 7739
4 7740 7741 7742 7743
4 7744 7745 7746 7747
4 7748 7749 7750 7751
4 7752 7753 7754 7755
4 7756 7757 7758 7759
4 7760 7761 7762 7763
4 7764 7765 7766 7767
4 7768 7769 7770 7771
4 7772 7773 7774 7775
4 7776 7777 7778 7779
4 7780 7781 7782 7783
4 7784 7785 7786 7787
4 7788 7789 7790 7791
4 7792 7793 7794 7795
4 7796 7797 7798 7799
4 7800 7801 7802 7803
4 7804 7805 7806 7807
4 7808 7809 7810 7811
4 7812 7813 7814 7815
4 7816 7817 7818 7819
4 7820 7821 7822 7823
4 7824 7825 7826 7827
4 7828 7829 7830 7831
4 7832 7833 7834 7835
4 7836 7837 7838 7839
4 7840 7841 7842 7843
4 7844 7845 7846 7847
4 7848 7849 7850 7851
4 7852 7853 7854 7855
4 7856 7857 7858 7859
4 7860 7861 7862 7863
4 7864 7865 7866 7867
4 7868 7869 7870 7871
4 7872 7873 7874 7875
4 7876 7877 7878 7879
4 7880 7881 7882 7883
4 7884 7885 7886 7887
4 7888 7889 7890 7891
4 7892 7893 7894 7895
4 7896 7897 7898 7899
4 7900 7901 7902 7903
4 7904 7905 7906 7907
4 7908 7909 7910 7911
4 7912 7913 7914 7915
4 7916 7917 7918 7919
4 7920 7921 7922 7923
4 7924 7925 7926 7927
4 7928 7929 7930 7931
4 7932 7933 7934 7935
4 7936 7937 7938 7939
4 7940 7941 7942 7943
4 7944 7945 7946 7947
4 7948 7949 7950 7951
4 7952 7953 7954 7955
4 7956 7957 7958 7959
4 7960 7961 7962 7963
4 7964 7965 7966 7967
4 7968 7969 7970 7971
4 7972 7973 7974 7975
4 7976 7977 7978 7979
4 7980 7981 7982 7983
4 7984 7985 7986 7987
4 7988 7989 7990 7991
4 7992 7993 7994 7995
4 7996 7997 7998 7999
4 8000 8001 8002 8003
4 8004 8005 8006 8007
4 8008 8009 8010 8011
4 8012 8013 8014 8015
4 8016 8017 8018 8019
4 8020 8021 8022 8023
4 8024 8025 8026 8027
4 8028 8029 8030 8031
4 8032 8033 8034 8035
4 8036 8037 8038 8039
4 8040 8041 8042 8043
4 8044 8045 8046 8047
4 8048 8049 8050 8051
4 8052 8053 8054 8055
4 8056 8057 8058 8059
4 8060 8061 8062 8063
4 8064 8065 8066 8067
4 8068 8069 8070 8071
4 8072 8073 8074 8075
4 8076 8077 8078 8079
4 8080 8081 8082 8083
4 8084 8085 8086 8087
4 8088 8089 8090 8091
4 8092 8093 8094 8095
4 8096 8097 8098 8099
4 8100 8101 8102 8103
4 8104 8105 8106 8107
4 8108 8109 8110 8111
4 8112 8113 8114 8115
4 8116 8117 8118 8119
4 8120 8121 8122 8123
4 8124 8125 8126 8127
4 8128 8129 8130 8131
4 8132 8133 8134 8135
4 8136 8137 8138 8139
4 8140 8141 8142 8143
4 8144 8145 8146 8147
4 8148 8149 8150 8151
4 8152 8153 8154 8155
4 8156 8157 8158 8159
4 8160 8161 8162 8163
4 8164 8165 8166 8167
4 8168 8169 8170 8171
4 8172 8173 8174 8175
4 8176 8177 8178 8179
4 8180 8181 8182 8183
4 8184 8185 8186 8187
4 8188 8189 8190 8191
4 8192 8193 8194 8195
4 8196 8197 8198 8199
4 8200 8201 8202 8203
4 8204 8205 8206 8207
4 8208 8209 8210 8211
4 8212 8213 8214 8215
4 8216 8217 8218 8219
4 8220 8221 8222 8223
4 8224 8225 8226 8227
4 8228 8229 8230 8231
4 8232 8233 8234 8235
4 8236 8237 8238 8239
4 8240 8241 8242 8243
4 8244 8245 8246 8247
4 8248 8249 8250 8251
4 8252 8253 8254 8255
4 8256 8257 8258 8259
4 8260 8261 8262 8263
4 8264 8265 8266 8267
4 8268 8269 8270 8271
4 8272 8273 8274 8275
4 8276 8277 8278 8279
4 8280 8281 8282 8283
4 8284 8285 8286 8287
4 8288 8289 8290 8291
4 8292 8293 8294 8295
4 8296 8297 8298 8299
4 8300 8301 8302 8303
4 8304 8305 8306 8307
4 8308 8309 8310 8311
4 8312 8313 8314 8315
4 8316 8317 8318 8319
4 8320 8321 8322 8323
4 8324 8325 8326 8327
4 8328 8329 8330 8331
4 8332 8333 8334 8335
4 8336 8337 8338 8339
4 8340 8341 8342 8343
4 8344 8345 8346 8347
4 8348 8349 8350 8351
4 8352 8353 8354 8355
4 8356 8357 8358 8359
4 8360 8361 8362 8363
4 8364 8365 8366 8367
4 8368 8369 8370 8371
4 8372 8373 8374 8375
4 8376 8377 8378 8379
4 8380 8381 8382 8383
4 8384 8385 8386 8387
4 8388 8389 8390 8391
4 8392 8393 8394 8395
4 8396 8397 8398 8399
4 8400 8401 8402 8403
4 8404 8405 8406 8407
4 8408 8409 8410 8411
4 8412 8413 8414 8415
4 8416 8417 8418 8419
4 8420 8421 8422 8423
4 8424 8425 8426 8427
4 8428 8429 8430 8431
4 8432 8433 8434 8435
4 8436 8437 8438 8439
4 8440 8441 8442 8443
4 8444 8445 8446 8447
4 8448 8449 8450 8451
4 8452 8453 8454 8455
4 8456 8457 8458 8459
4 8460 8461 8462 8463
4 8464 8465 8466 8467
4 8468 8469 8470 8471
4 8472 8473 8474 8475
4 8476 8477 8478 8479
4 8480 8481 8482 8483
4 8484 8485 8486 8487
4 8488 8489 8490 8491
4 8492 8493 8494 8495
4 8496 8497 8498 8499
4 8500 8501 8502 8503
4 8504 8505 8506 8507
4 8508 8509 8510 8511
4 8512 8513 8514 8515
4 8516 8517 8518 8519
4 8520 8521 8522 8523
4 8524 8525 8526 8527
4 8528 8529 8530 8531
4 8532 8533 8534 8535
4 8536 8537 8538 8539
4 8540 8541 8542 8543
4 8544 8545 8546 8547
4 8548 8549 8550 8551
4 8552 8553 8554 8555
4 8556 8557 8558 8559
4 8560 8561 8562 8563
4 8564 8565 8566 8567
4 8568 8569 8570 8571
4 8572 8573 8574 8575
4 8576 8577 8578 8579
4 8580 8581 8582 8583
4 8584 8585 8586 8587
4 8588 8589 8590 8591
4 8592 8593 8594 8595
4 8596 8597 8598 8599
4 8600 8601 8602 8603
4 8604 8605 8606 8607
4 8608 8609 8610 8611
4 8612 8613 8614 8615
4 8616 8617 8618 8619
4 8620 8621 8622 8623
4 8624 8625 8626 8627
4 8628 8629 8630 8631
4 8632 8633 8634 8635
4 8636 8637 8638 8639
4 8640 8641 8642 8643
4 8644 8645 8646 8647
4 8648 8649 8650 8651
4 8652 8653 8654 8655
4 8656 8657 8658 8659
4 8660 8661 8662 8663
4 8664 8665 8666 8667
4 8668 8669 8670 8671
4 8672 8673 8674 8675
4 8676 8677 8678 8679
4 8680 8681 8682 8683
4 8684 8685 8686 8687
4 8688 8689 8690 8691
4 8692 8693 8694 8695
4 8696 8697 8698 8699
4 8700 8701 8702 8703
4 8704 8705 8706 8707
4 8708 8709 8710 8711
4 8712 8713 8714 8715
4 8716 8717 8718 8719
4 8720 8721 8722 8723
4 8724 8725 8726 8727
4 8728 8729 8730 8731
4 8732 8733 8734 8735
4 8736 8737 8738 8739
4 8740 8741 8742 8743
4 8744 8745 8746 8747
4 8748 8749 8750 8751
4 8752 8753 8754 8755
4 8756 8757 8758 8759
4 8760 8761 8762 8763
4 8764 8765 8766 8767
4 8768 8769 8770 8771
4 8772 8773 8774 8775
4 8776 8777 8778 8779
4 8780 8781 8782 8783
4 8784 8785 8786 8787
4 8788 8789 8790 8791
4 8792 8793 8794 8795
4 8796 8797 8798 8799
4 8800 8801 8802 8803
4 8804 8805 8806 8807
4 8808 8809 8810 8811
4 8812 8813 8814 8815
4 8816 8817 8818 8819
4 8820 8821 8822 8823
4 8824 8825 8826 8827
4 8828 8829 8830 8831
4 8832 8833 8834 8835
4 8836 8837 8838 8839
4 8840 8841 8842 8843
4 8844 8845 8846 8847
4 8848 8849 8850 8851
4 8852 8853 8854 8855
4 8856 8857 8858 8859
4 8860 8861 8862 8863
4 8864 8865 8866 8867
4 8868 8869 8870 8871
4 8872 8873 8874 8875
4 8876 8877 8878 8879
4 8880 8881 8882 8883
4 8884 8885 8886 8887
4 8888 8889 8890 8891
4 8892 8893 8894 8895
4 8896 8897 8898 8899
4 8900 8901 8902 8903
4 8904 8905 8906 8907
4 8908 8909 8910 8911
4 8912 8913 8914 8915
4 8916 8917 8918 8919
4 8920 8921 8922 8923
4 8924 8925 8926 8927
4 8928 8929 8930 8931
4 8932 8933 8934 8935
4 8936 8937 8938 8939
4 8940 8941 8942 8943
4 8944 8945 8946 8947
4 8948 8949 8950 8951
4 8952 8953 8954 8955
4 8956 8957 8958 8959
4 8960 8961 8962 8963
4 8964 8965 8966 8967
4 8968 8969 8970 8971
4 8972 8973 8974 8975
4 8976 8977 8978 8979
4 8980 8981 8982 8983
4 8984 8985 8986 8987
4 8988 8989 8990 8991
4 8992 8993 8994 8995
4 8996 8997 8998 8999
4 9000 9001 9002 9003
4 9004 9005 9006 9007
4 9008 9009 9010 9011
4 9012 9013 9014 9015
4 9016 9017 9018 9019
4 9020 9021 9022 9023
4 9024 9025 9026 9027
4 9028 9029 9030 9031
4 9032 9033 9034 9035
4 9036 9037 9038 9039
4 9040 9041 9042 9043
4 9044 9045 9046 9047
4 9048 9049 9050 9051
4 9052 9053 9054 9055
4 9056 9057 9058 9059
4 9060 9061 9062 9063
4 9064 9065 9066 9067
4 9068 9069 9070 9071
4 9072 9073 9074 9075
4 9076 9077 9078 9079
4 9080 9081 9082 9083
4 9084 9085 9086 9087
4 9088 9089 9090 9091
4 9092 9093 9094 9095
4 9096 9097 9098 9099
4 9100 9101 9102 9103
4 9104 9105 9106 9107
4 9108 9109 9110 9111
4 9112 9113 9114 9115
4 9116 9117 9118 9119
4 9120 9121 9122 9123
4 9124 9125 9126 9127
4 9128 9129 9130 9131
4 9132 9133 9134 9135
4 9136 9137 9138 9139
4 9140 9141 9142 9143
4 9144 9145 9146 9147
4 9148 9149 9150 9151
4 9152 9153 9154 9155
4 9156 9157 9158 9159
4 9160 9161 9162 9163
4 9164 9165 9166 9167
4 9168 9169 9170 9171
4 9172 9173 9174 9175
4 9176 9177 9178 9179
4 9180 9181 9182 9183
4 9184 9185 9186 9187
4 9188 9189 9190 9191
4 9192 9193 9194 9195
4 9196 9197 9198 9199
4 9200 9201 9202 9203
4 9204 9205 9206 9207
4 9208 9209 9210 9211
4 9212 9213 9214 9215
4 9216 9217 9218 9219
4 9220 9221 9222 9223
4 9224 9225 9226 9227
4 9228 9229 9230 9231
4 9232 9233 9234 9235
4 9236 9237 9238 9239
4 9240 9241 9242 9243
4 9244 9245 9246 9247
4 9248 9249 9250 9251
4 9252 9253 9254 9255
4 9256 9257 9258 9259
4 9260 9261 9262 9263
4 9264 9265 9266 9267
4 9268 9269 9270 9271
4 9272 9273 9274 9275
4 9276 9277 9278 9279
4 9280 9281 9282 9283
4 9284 9285 9286 9287
4 9288 9289 9290 9291
4 9292 9293 9294 9295
4 9296 9297 9298 9299
4 9300 9301 9302 9303
4 9304 9305 9306 9307
4 9308 9309 9310 9311
4 9312 9313 9314 9315
4 9316 9317 9318 9319
4 9320 9321 9322 9323
4 9324 9325 9326 9327
4 9328 9329 9330 9331
4 9332 9333 9334 9335
4 9336 9337 9338 9339
4 9340 9341 9342 9343
4 9344 9345 9346 9347
4 9348 9349 9350 9351
4 9352 9353 9354 9355
4 9356 9357 9358 9359
4 9360 9361 9362 9363
4 9364 9365 9366 9367
4 9368 9369 9370 9371
4 9372 9373 9374 9375
4 9376 9377 9378 9379
4 9380 9381 9382 9383
4 9384 9385 9386 9387
4 9388 9389 9390 9391
4 9392 9393 9394 9395
4 9396 9397 9398 9399
4 9400 9401 9402 9403
4 9404 9405 9406 9407
4 9408 9409 9410 9411
4 9412 9413 9414 9415
4 9416 9417 9418 9419
4 9420 9421 9422 9423
4 9424 9425 9426 9427
4 9428 9429 9430 9431
4 9432 9433 9434 9435
4 9436 9437 9438 9439
4 9440 9441 9442 9443
4 9444 9445 9446 9447
4 9448 9449 9450 9451
4 9452 9453 9454 9455
4 9456 9457 9458 9459
4 9460 9461 9462 9463
4 9464 9465 9466 9467
4 9468 9469 9470 9471
4 9472 9473 9474 9475
4 9476 9477 9478 9479
4 9480 9481 9482 9483
4 9484 9485 9486 9487
4 9488 9489 9490 9491
4 9492 9493 9494 9495
4 9496 9497 9498 9499
4 9500 9501 9502 9503
4 9504 9505 9506 9507
4 9508 9509 9510 9511
4 9512 9513 9514 9515
4 9516 9517 9518 9519
4 9520 9521 9522 9523
4 9524 9525 9526 9527
4 9528 9529 9530 9531
4 9532 9533 9534 9535
4 9536 9537 9538 9539
4 9540 9541 9542 9543
4 9544 9545 9546 9547
4 9548 9549 9550 9551
4 9552 9553 9554 9555
4 9556 9557 9558 9559
4 9560 9561 9562 9563
4 9564 9565 9566 9567
4 9568 9569 9570 9571
4 9572 9573 9574 9575
4 9576 9577 9578 9579
4 9580 9581 9582 9583
4 9584 9585 9586 9587
4 9588 9589 9590 9591
4 9592 9593 9594 9595
4 9596 9597 9598 9599
4 9600 9601 9602 9603
4 9604 9605 9606 9607
4 9608 9609 9610 9611
4 9612 9613 9614 9615
4 9616 9617 9618 9619
4 9620 9621 9622 9623
4 9624 9625 9626 9627
4 9628 9629 9630 9631
4 9632 9633 9634 9635
4 9636 9637 9638 9639
4 9640 9641 9642 9643
4 9644 9645 9646 9647
4 9648 9649 9650 9651
4 9652 9653 9654 9655
4 9656 9657 9658 9659
4 9660 9661 9662 9663
4 9664 9665 9666 9667
4 9668 9669 9670 9671
4 9672 9673 9674 9675
4 9676 9677 9678 9679
4 9680 9681 9682 9683
4 9684 9685 9686 9687
4 9688 9689 9690 9691
4 9692 9693 9694 9695
4 9696 9697 9698 9699
4 9700 9701 9702 9703
4 9704 9705 9706 9707
4 9708 9709 9710 9711
4 9712 9713 9714 9715
4 9716 9717 9718 9719
4 9720 9721 9722 9723
4 9724 9725 9726 9727
4 9728 9729 9730 9731
4 9732 9733 9734 9735
4 9736 9737 9738 9739
4 9740 9741 9742 9743
4 9744 9745 9746 9747
4 9748 9749 9750 9751
4 9752 9753 9754 9755
4 9756 9757 9758 9759
4 9760 9761 9762 9763
4 9764 9765 9766 9767
4 9768 9769 9770 9771
4 9772 9773 9774 9775
4 9776 9777 9778 9779
4 9780 9781 9782 9783
4 9784 9785 9786 9787
4 9788 9789 9790 9791
4 9792 9793 9794 9795
4 9796 9797 9798 9799
4 9800 9801 9802 9803
4 9804 9805 9806 9807
4 9808 9809 9810 9811
4 9812 9813 9814 9815
4 9816 9817 9818 9819
4 9820 9821 9822 9823
4 9824 9825 9826 9827
4 9828 9829 9830 9831
4 9832 9833 9834 9835
4 9836 9837 9838 9839
4 9840 9841 9842 9843
4 9844 9845 9846 9847
4 9848 9849 9850 9851
4 9852 9853 9854 9855
4 9856 9857 9858 9859
4 9860 9861 9862 9863
4 9864 9865 9866 9867
4 9868 9869 9870 9871
4 9872 9873 9874 9875
4 9876 9877 9878 9879
4 9880 9881 9882 9883
4 9884 9885 9886 9887
4 9888 9889 9890 9891
4 9892 9893 9894 9895
4 9896 9897 9898 9899
4 9900 9901 9902 9903
4 9904 9905 9906 9907
4 9908 9909 9910 9911
4 9912 9913 9914 9915
4 9916 9917 9918 9919
4 9920 9921 9922 9923
4 9924 9925 9926 9927
4 9928 9929 9930 9931
4 9932 9933 9934 9935
4 9936 9937 9938 9939
4 9940 9941 9942 9943
4 9944 9945 9946 9947
4 9948 9949 9950 9951
4 9952 9953 9954 9955
4 9956 9957 9958 9959
4 9960 9961 9962 9963
4 9964 9965 9966 9967
4 9968 9969 9970 9971
4 9972 9973 9974 9975
4 9976 9977 9978 9979
4 9980 9981 9982 9983
4 9984 9985 9986 9987
4 9988 9989 9990 9991
4 9992 9993 9994 9995
4 9996 9997 9998 9999
4 10000 10001 10002 10003
4 10004 10005 10006 10007
4 10008 10009 10010 10011
4 10012 10013 10014 10015
4 10016 10017 10018 10019
4 10020 10021 10022 10023
4 10024 10025 10026 10027
4 10028 10029 10030 10031
4 10032 10033 10034 10035
4 10036 10037 10038 10039
4 10040 10041 10042 10043
4 10044 10045 10046 10047
4 10048 10049 10050 10051
4 10052 10053 10054 10055
4 10056 10057 10058 10059
4 10060 10061 10062 10063
4 10064 10065 10066 10067
4 10068 10069 10070 10071
4 10072 10073 10074 10075
4 10076 10077 10078 10079
4 10080 10081 10082 10083
4 10084 10085 10086 10087
4 10088 10089 10090 10091
4 10092 10093 10094 10095
4 10096 10097 10098 10099
4 10100 10101 10102 10103
4 10104 10105 10106 10107
4 10108 10109 10110 10111
4 10112 10113 10114 10115
4 10116 10117 10118 10119
4 10120 10121 10122 10123
4 10124 10125 10126 10127
4 10128 10129 10130 10131
4 10132 10133 10134 10135
4 10136 10137 10138 10139
4 10140 10141 10142 10143
4 10144 10145 10146 10147
4 10148 10149 10150 10151
4 10152 10153 10154 10155
4 10156 10157 10158 10159
4 10160 10161 10162 10163
4 10164 10165 10166 10167
4 10168 10169 10170 10171
4 10172 10173 10174 10175
4 10176 10177 10178 10179
4 10180 10181 10182 10183
4 10184 10185 10186 10187
4 10188 10189 10190 10191
4 10192 10193 10194 10195
4 10196 10197 10198 10199
4 10200 10201 10202 10203
4 10204 10205 10206 10207
4 10208 10209 10210 10211
4 10212 10213 10214 10215
4 10216 10217 10218 10219
4 10220 10221 10222 10223
4 10224 10225 10226 10227
4 10228 10229 10230 10231
4 10232 10233 10234 10235
4 10236 10237 10238 10239
4 10240 10241 10242 10243
4 10244 10245 10246 10247
4 10248 10249 10250 10251
4 10252 10253 10254 10255
4 10256 10257 10258 10259
4 10260 10261 10262 10263
4 10264 10265 10266 10267
4 10268 10269 10270 10271
4 10272 10273 10274 10275
4 10276 10277 10278 10279
4 10280 10281 10282 10283
4 10284 10285 10286 10287
4 10288 10289 10290 10291
4 10292 10293 10294 10295
4 10296 10297 10298 10299
4 10300 10301 10302 10303
4 10304 10305 10306 10307
4 10308 10309 10310 10311
4 10312 10313 10314 10315
4 10316 10317 10318 10319
4 10320 10321 10322 10323
4 10324 10325 10326 10327
4 10328 10329 10330 10331
4 10332 10333 10334 10335
4 10336 10337 10338 10339
4 10340 10341 10342 10343
4 10344 10345 10346 10347
4 10348 10349 10350 10351
4 10352 10353 10354 10355
4 10356 10357 10358 10359
4 10360 10361 10362 10363
4 10364 10365 10366 10367
4 10368 10369 10370 10371
4 10372 10373 10374 10375
4 10376 10377 10378 10379
4 10380 10381 10382 10383
4 10384 10385 10386 10387
4 10388 10389 10390 10391
4 10392 10393 10394 10395
4 10396 10397 10398 10399
4 10400 10401 10402 10403
4 10404 10405 10406 10407
4 10408 10409 10410 10411
4 10412 10413 10414 10415
4 10416 10417 10418 10419
4 10420 10421 10422 10423
4 10424 10425 10426 10427
4 10428 10429 10430 10431
4 10432 10433 10434 10435
4 10436 10437 10438 10439
4 10440 10441 10442 10443
4 10444 10445 10446 10447
4 10448 10449 10450 10451
4 10452 10453 10454 10455
4 10456 10457 10458 10459
4 10460 10461 10462 10463
4 10464 10465 10466 10467
4 10468 10469 10470 10471
4 10472 10473 10474 10475
4 10476 10477 10478 10479
4 10480 10481 10482 10483
4 10484 10485 10486 10487
4 10488 10489 10490 10491
4 10492 10493 10494 10495
4 10496 10497 10498 10499
4 10500 10501 10502 10503
4 10504 10505 10506 10507
4 10508 10509 10510 10511
4 10512 10513 10514 10515
4 10516 10517 10518 10519
4 10520 10521 10522 10523
4 10524 10525 10526 10527
4 10528 10529 10530 10531
4 10532 10533 10534 10535
4 10536 10537 10538 10539
4 10540 10541 10542 10543
4 10544 10545 10546 10547
4 10548 10549 10550 10551
4 10552 10553 10554 10555
4 10556 10557 10558 10559
4 10560 10561 10562 10563
4 10564 10565 10566 10567
4 10568 10569 10570 10571
4 10572 10573 10574 10575
4 10576 10577 10578 10579
4 10580 10581 10582 10583
4 10584 10585 10586 10587
4 10588 10589 10590 10591
4 10592 10593 10594 10595
4 10596 10597 10598 10599
4 10600 10601 10602 10603
4 10604 10605 10606 10607
4 10608 10609 10610 10611
4 10612 10613 10614 10615
4 10616 10617 10618 10619
4 10620 10621 10622 10623
4 10624 10625 10626 10627
4 10628 10629 10630 10631
4 10632 10633 10634 10635
4 10636 10637 10638 10639
4 10640 10641 10642 10643
4 10644 10645 10646 10647
4 10648 10649 10650 10651
4 10652 10653 10654 10655
4 10656 10657 10658 10659
4 10660 10661 10662 10663
4 10664 10665 10666 10667
4 10668 10669 10670 10671
4 10672 10673 10674 10675
4 10676 10677 10678 10679
4 10680 10681 10682 10683
4 10684 10685 10686 10687
4 10688 10689 10690 10691
4 10692 10693 10694 10695
4 10696 10697 10698 10699
4 10700 10701 10702 10703
4 10704 10705 10706 10707
4 10708 10709 10710 10711
4 10712 10713 10714 10715
4 10716 10717 10718 10719
4 10720 10721 10722 10723
4 10724 10725 10726 10727
4 10728 10729 10730 10731
4 10732 10733 10734 10735
4 10736 10737 10738 10739
4 10740 10741 10742 10743
4 10744 10745 10746 10747
4 10748 10749 10750 10751
4 10752 10753 10754 10755
4 10756 10757 10758 10759
4 10760 10761 10762 10763
4 10764 10765 10766 10767
4 10768 10769 10770 10771
4 10772 10773 10774 10775
4 10776 10777 10778 10779
4 10780 10781 10782 10783
4 10784 10785 10786 10787
4 10788 10789 10790 10791
4 10792 10793 10794 10795
4 10796 10797 10798 10799
4 10800 10801 10802 10803
4 10804 10805 10806 10807
4 10808 10809 10810 10811
4 10812 10813 10814 10815
4 10816 10817 10818 10819
4 10820 10821 10822 10823
4 10824 10825 10826 10827
4 10828 10829 10830 10831
4 10832 10833 10834 10835
4 10836 10837 10838 10839
4 10840 10841 10842 10843
4 10844 10845 10846 10847
4 10848 10849 10850 10851
4 10852 10853 10854 10855
4 10856 10857 10858 10859
4 10860 10861 10862 10863
4 10864 10865 10866 10867
4 10868 10869 10870 10871
4 10872 10873 10874 10875
4 10876 10877 10878 10879
4 10880 10881 10882 10883
4 10884 10885 10886 10887
4 10888 10889 10890 10891
4 10892 10893 10894 10895
4 10896 10897 10898 10899
4 10900 10901 10902 10903
4 10904 10905 10906 10907
4 10908 10909 10910 10911
4 10912 10913 10914 10915
4 10916 10917 10918 10919
4 10920 10921 10922 10923
4 10924 10925 10926 10927
4 10928 10929 10930 10931
4 10932 10933 10934 10935
4 10936 10937 10938 10939
4 10940 10941 10942 10943
4 10944 10945 10946 10947
4 10948 10949 10950 10951
4 10952 10953 10954 10955
4 10956 10957 10958 10959
4 10960 10961 10962 10963
4 10964 10965 10966 10967
4 10968 10969 10970 10971
4 10972 10973 10974 10975
4 10976 10977 10978 10979
4 10980 10981 10982 10983
4 10984 10985 10986 10987
4 10988 10989 10990 10991
4 10992 10993 10994 10995
4 10996 10997 10998 10999
4 11000 11001 11002 11003
4 11004 11005 11006 11007
4 11008 11009 11010 11011
4 11012 11013 11014 11015
4 11016 11017 11018 11019
4 11020 11021 11022 11023
4 11024 11025 11026 11027
4 11028 11029 11030 11031
4 11032 11033 11034 11035
4 11036 11037 11038 11039
4 11040 11041 11042 11043
4 11044 11045 11046 11047
4 11048 11049 11050 11051
4 11052 11053 11054 11055
4 11056 11057 11058 11059
4 11060 11061 11062 11063
4 11064 11065 11066 11067
4 11068 11069 11070 11071
4 11072 11073 11074 11075
4 11076 11077 11078 11079
4 11080 11081 11082 11083
4 11084 11085 11086 11087
4 11088 11089 11090 11091
4 11092 11093 11094 11095
4 11096 11097 11098 11099
4 11100 11101 11102 11103
4 11104 11105 11106 11107
4 11108 11109 11110 11111
4 11112 11113 11114 11115
4 11116 11117 11118 11119
4 11120 11121 11122 11123
4 11124 11125 11126 11127
4 11128 11129 11130 11131
4 11132 11133 11134 11135
4 11136 11137 11138 11139
4 11140 11141 11142 11143
4 11144 11145 11146 11147
4 11148 11149 11150 11151
4 11152 11153 11154 11155
4 11156 11157 11158 11159
4 11160 11161 11162 11163
4 11164 11165 11166 11167
4 11168 11169 11170 11171
4 11172 11173 11174 11175
4 11176 11177 11178 11179
4 11180 11181 11182 11183
4 11184 11185 11186 11187
4 11188 11189 11190 11191
4 11192 11193 11194 11195
4 11196 11197 11198 11199
4 11200 11201 11202 11203
4 11204 11205 11206 11207
4 11208 11209 11210 11211
4 11212 11213 11214 11215
4 11216 11217 11218 11219
4 11220 11221 11222 11223
4 11224 11225 11226 11227
4 11228 11229 11230 11231
4 11232 11233 11234 11235
4 11236 11237 11238 11239
4 11240 11241 11242 11243
4 11244 11245 11246 11247
4 11248 11249 11250 11251
4 11252 11253 11254 11255
4 11256 11257 11258 11259
4 11260 11261 11262 11263
4 11264 11265 11266 11267
4 11268 11269 11270 11271
4 11272 11273 11274 11275
4 11276 11277 11278 11279
4 11280 11281 11282 11283
4 11284 11285 11286 11287
4 11288 11289 11290 11291
4 11292 11293 11294 11295
4 11296 11297 11298 11299
4 11300 11301 11302 11303
4 11304 11305 11306 11307
4 11308 11309 11310 11311
4 11312 11313 11314 11315
4 11316 11317 11318 11319
4 11320 11321 11322 11323
4 11324 11325 11326 11327
4 11328 11329 11330 11331
4 11332 11333 11334 11335
4 11336 11337 11338 11339
4 11340 11341 11342 11343
4 11344 11345 11346 11347
4 11348 11349 11350 11351
4 11352 11353 11354 11355
4 11356 11357 11358 11359
4 11360 11361 11362 11363
4 11364 11365 11366 11367
4 11368 11369 11370 11371
4 11372 11373 11374 11375
4 11376 11377 11378 11379
4 11380 11381 11382 11383
4 11384 11385 11386 11387
4 11388 11389 11390 11391
4 11392 11393 11394 11395
4 11396 11397 11398 11399
4 11400 11401 11402 11403
4 11404 11405 11406 11407
4 11408 11409 11410 11411
4 11412 11413 11414 11415
4 11416 11417 11418 11419
4 11420 11421 11422 11423
4 11424 11425 11426 11427
4 11428 11429 11430 11431
4 11432 11433 11434 11435
4 11436 11437 11438 11439
4 11440 11441 11442 11443
4 11444 11445 11446 11447
4 11448 11449 11450 11451
4 11452 11453 11454 11455
4 11456 11457 11458 11459
4 11460 11461 11462 11463
4 11464 11465 11466 11467
4 11468 11469 11470 11471
4 11472 11473 11474 11475
4 11476 11477 11478 11479
4 11480 11481 11482 11483
4 11484 11485 11486 11487
4 11488 11489 11490 11491
4 11492 11493 11494 11495
4 11496 11497 11498 11499
4 11500 11501 11502 11503
4 11504 11505 11506 11507
4 11508 11509 11510 11511
4 11512 11513 11514 11515
4 11516 11517 11518 11519
4 11520 11521 11522 11523
4 11524 11525 11526 11527
4 11528 11529 11530 11531
4 11532 11533 11534 11535
4 11536 11537 11538 11539
4 11540 11541 11542 11543
4 11544 11545 11546 11547
4 11548 11549 11550 11551
4 11552 11553 11554 11555
4 11556 11557 11558 11559
4 11560 11561 11562 11563
4 11564 11565 11566 11567
4 11568 11569 11570 11571
4 11572 11573 11574 11575
4 11576 11577 11578 11579
4 11580 11581 11582 11583
4 11584 11585 11586 11587
4 11588 11589 11590 11591
4 11592 11593 11594 11595
4 11596 11597 11598 11599
4 11600 11601 11602 11603
4 11604 11605 11606 11607
4 11608 11609 11610 11611
4 11612 11613 11614 11615
4 11616 11617 11618 11619
4 11620 11621 11622 11623
4 11624 11625 11626 11627
4 11628 11629 11630 11631
4 11632 11633 11634 11635
4 11636 11637 11638 11639
4 11640 11641 11642 11643
4 11644 11645 11646 11647
4 11648 11649 11650 11651
4 11652 11653 11654 11655
4 11656 11657 11658 11659
4 11660 11661 11662 11663
4 11664 11665 11666 11667
4 11668 11669 11670 11671
4 11672 11673 11674 11675
4 11676 11677 11678 11679
4 11680 11681 11682 11683
4 11684 11685 11686 11687
4 11688 11689 11690 11691
4 11692 11693 11694 11695
4 11696 11697 11698 11699
4 11700 11701 11702 11703
4 11704 11705 11706 11707
4 11708 11709 11710 11711
4 11712 11713 11714 11715
4 11716 11717 11718 11719
4 11720 11721 11722 11723
4 11724 11725 11726 11727
4 11728 11729 11730 11731
4 11732 11733 11734 11735
4 11736 11737 11738 11739
4 11740 11741 11742 11743
4 11744 11745 11746 11747
4 11748 11749 11750 11751
4 11752 11753 11754 11755
4 11756 11757 11758 11759
4 11760 11761 11762 11763
4 11764 11765 11766 11767
4 11768 11769 11770 11771
4 11772 11773 11774 11775
4 11776 11777 11778 11779
4 11780 11781 11782 11783
4 11784 11785 11786 11787
4 11788 11789 11790 11791
4 11792 11793 11794 11795
4 11796 11797 11798 11799
4 11800 11801 11802 11803
4 11804 11805 11806 11807
4 11808 11809 11810 11811
4 11812 11813 11814 11815
4 11816 11817 11818 11819
4 11820 11821 11822 11823
4 11824 11825 11826 11827
4 11828 11829 11830 11831
4 11832 11833 11834 11835
4 11836 11837 11838 11839
4 11840 11841 11842 11843
4 11844 11845 11846 11847
4 11848 11849 11850 11851
4 11852 11853 11854 11855
4 11856 11857 11858 11859
4 11860 11861 11862 11863
4 11864 11865 11866 11867
4 11868 11869 11870 11871
4 11872 11873 11874 11875
4 11876 11877 11878 11879
4 11880 11881 11882 11883
4 11884 11885 11886 11887
4 11888 11889 11890 11891
4 11892 11893 11894 11895
4 11896 11897 11898 11899
4 11900 11901 11902 11903
4 11904 11905 11906 11907
4 11908 11909 11910 11911
4 11912 11913 11914 11915
4 11916 11917 11918 11919
4 11920 11921 11922 11923
4 11924 11925 11926 11927
4 11928 11929 11930 11931
4 11932 11933 11934 11935
4 11936 11937 11938 11939
4 11940 11941 11942 11943
4 11944 11945 11946 11947
4 11948 11949 11950 11951
4 11952 11953 11954 11955
4 11956 11957 11958 11959
4 11960 11961 11962 11963
4 11964 11965 11966 11967
4 11968 11969 11970 11971
4 11972 11973 11974 11975
4 11976 11977 11978 11979
4 11980 11981 11982 11983
4 11984 11985 11986 11987
4 11988 11989 11990 11991
4 11992 11993 11994 11995
4 11996 11997 11998 11999
4 12000 12001 12002 12003
4 12004 12005 12006 12007
4 12008 12009 12010 12011
4 12012 12013 12014 12015
4 12016 12017 12018 12019
4 12020 12021 12022 12023
4 12024 12025 12026 12027
4 12028 12029 12030 12031
4 12032 12033 12034 12035
4 12036 12037 12038 12039
4 12040 12041 12042 12043
4 12044 12045 12046 12047
4 12048 12049 12050 12051
4 12052 12053 12054 12055
4 12056 12057 12058 12059
4 12060 12061 12062 12063
4 12064 12065 12066 12067
4 12068 12069 12070 12071
4 12072 12073 12074 12075
4 12076 12077 12078 12079
4 12080 12081 12082 12083
4 12084 12085 12086 12087
4 12088 12089 12090 12091
4 12092 12093 12094 12095
4 12096 12097 12098 12099
4 12100 12101 12102 12103
4 12104 12105 12106 12107
4 12108 12109 12110 12111
4 12112 12113 12114 12115
4 12116 12117 12118 12119
4 12120 12121 12122 12123
4 12124 12125 12126 12127
4 12128 12129 12130 12131
4 12132 12133 12134 12135
4 12136 12137 12138 12139
4 12140 12141 12142 12143
4 12144 12145 12146 12147
4 12148 12149 12150 12151
4 12152 12153 12154 12155
4 12156 12157 12158 12159
4 12160 12161 12162 12163
4 12164 12165 12166 12167
4 12168 12169 12170 12171
4 12172 12173 12174 12175
4 12176 12177 12178 12179
4 12180 12181 12182 12183
4 12184 12185 12186 12187
4 12188 12189 12190 12191
4 12192 12193 12194 12195
4 12196 12197 12198 12199
4 12200 12201 12202 12203
4 12204 12205 12206 12207
4 12208 12209 12210 12211
4 12212 12213 12214 12215
4 12216 12217 12218 12219
4 12220 12221 12222 12223
4 12224 12225 12226 12227
4 12228 12229 12230 12231
4 12232 12233 12234 12235
4 12236 12237 12238 12239
4 12240 12241 12242 12243
4 12244 12245 12246 12247
4 12248 12249 12250 12251
4 12252 12253 12254 12255
4 12256 12257 12258 12259
4 12260 12261 12262 12263
4 12264 12265 12266 12267
4 12268 12269 12270 12271
4 12272 12273 12274 12275
4 12276 12277 12278 12279
4 12280 12281 12282 12283
4 12284 12285 12286 12287
4 12288 12289 12290 12291
4 12292 12293 12294 12295
4 12296 12297 12298 12299
4 12300 12301 12302 12303
4 12304 12305 12306 12307
4 12308 12309 12310 12311
4 12312 12313 12314 12315
4 12316 12317 12318 12319
4 12320 12321 12322 12323
4 12324 12325 12326 12327
4 12328 12329 12330 12331
4 12332 12333 12334 12335
4 12336 12337 12338 12339
4 12340 12341 12342 12343
4 12344 12345 12346 12347
4 12348 12349 12350 12351
4 12352 12353 12354 12355
4 12356 12357 12358 12359
4 12360 12361 12362 12363
4 12364 12365 12366 12367
4 12368 12369 12370 12371
4 12372 12373 12374 12375
4 12376 12377 12378 12379
4 12380 12381 12382 12383
4 12384 12385 12386 12387
4 12388 12389 12390 12391
4 12392 12393 12394 12395
4 12396 12397 12398 12399
4 12400 12401 12402 12403
4 12404 12405 12406 12407
4 12408 12409 12410 12411
4 12412 12413 12414 12415
4 12416 12417 12418 12419
4 12420 12421 12422 12423
4 12424 12425 12426 12427
4 12428 12429 12430 12431
4 12432 12433 12434 12435
4 12436 12437 12438 12439
4 12440 12441 12442 12443
4 12444 12445 12446 12447
4 12448 12449 12450 12451
4 12452 12453 12454 12455
4 12456 12457 12458 12459
4 12460 12461 12462 12463
4 12464 12465 12466 12467
4 12468 12469 12470 12471
4 12472 12473 12474 12475
4 12476 12477 12478 12479
4 12480 12481 12482 12483
4 12484 12485 12486 12487
4 12488 12489 12490 12491
4 12492 12493 12494 12495
4 12496 12497 12498 12499
4 12500 12501 12502 12503
4 12504 12505 12506 12507
4 12508 12509 12510 12511
4 12512 12513 12514 12515
4 12516 12517 12518 12519
4 12520 12521 12522 12523
4 12524 12525 12526 12527
4 12528 12529 12530 12531
4 12532 12533 12534 12535
4 12536 12537 12538 12539
4 12540 12541 12542 12543
4 12544 12545 12546 12547
4 12548 12549 12550 12551
4 12552 12553 12554 12555
4 12556 12557 12558 12559
4 12560 12561 12562 12563
4 12564 12565 12566 12567
4 12568 12569 12570 12571
4 12572 12573 12574 12575
4 12576 12577 12578 12579
4 12580 12581 12582 12583
4 12584 12585 12586 12587
4 12588 12589 12590 12591
4 12592 12593 12594 12595
4 12596 12597 12598 12599
4 12600 12601 12602 12603
4 12604 12605 12606 12607
4 12608 12609 12610 12611
4 12612 12613 12614 12615
4 12616 12617 12618 12619
4 12620 12621 12622 12623
4 12624 12625 12626 12627
4 12628 12629 12630 12631
4 12632 12633 12634 12635
4 12636 12637 12638 12639
4 12640 12641 12642 12643
4 12644 12645 12646 12647
4 12648 12649 12650 12651
4 12652 12653 12654 12655
4 12656 12657 12658 12659
4 12660 12661 12662 12663
4 12664 12665 12666 12667
4 12668 12669 12670 12671
4 12672 12673 12674 12675
4 12676 12677 12678 12679
4 12680 12681 12682 12683
4 12684 12685 12686 12687
4 12688 12689 12690 12691
4 12692 12693 12694 12695
4 12696 12697 12698 12699
4 12700 12701 12702 12703
4 12704 12705 12706 12707
4 12708 12709 12710 12711
4 12712 12713 12714 12715
4 12716 12717 12718 12719
4 12720 12721 12722 12723
4 12724 12725 12726 12727
4 12728 12729 12730 12731
4 12732 12733 12734 12735
4 12736 12737 12738 12739
4 12740 12741 12742 12743
4 12744 12745 12746 12747
4 12748 12749 12750 12751
4 12752 12753 12754 12755
4 12756 12757 12758 12759
4 12760 12761 12762 12763
4 12764 12765 12766 12767
4 12768 12769 12770 12771
4 12772 12773 12774 12775
4 12776 12777 12778 12779
4 12780 12781 12782 12783
4 12784 12785 12786 12787
4 12788 12789 12790 12791
4 12792 12793 12794 12795
4 12796 12797 12798 12799

CELL_TYPES 3200
7 7 7 7 7 7 7 7 7 7 7 7 7 7 7 7 7 7 7 7 7 7 7 7 7 7 7 7 7 7 7 7 7 7 7 7 7 7 7 7 7 7 7 7 7 7 7 7 7 7 7 7 7 7 7 7 7 7 7 7 7 7 7 7 7 7 7 7 7 7 7 7 7 7 7 7 7 7 7 7 7 7 7 7 7 7 7 7 7 7 7 7 7 7 7 7 7 7 7 7 7 7 7 7 7 7 7 7 7 7 7 7 7 7 7 7 7 7 7 7 7 7 7 7 7 7 7 7 7 7 7 7 7 7 7 7 7 7 7 7 7 7 7 7 7 7 7 7 7 7 7 7 7 7 7 7 7 7 7 7 7 7 7 7 7 7 7 7 7 7 7 7 7 7 7 7 7 7 7 7 7 7 7 7 7 7 7 7 7 7 7 7 7 7 7 7 7 7 7 7 7 7 7 7 7 7 7 7 7 7 7 7 7 7 7 7 7 7 7 7 7 7 7 7 7 7 7 7 7 7 7 7 7 7 7 7 7 7 7 7 7 7 7 7 7 7 7 7 7 7 7 7 7 7 7 7 7 7 7 7 7 7 7 7 7 7 7 7 7 7 7 7 7 7 7 7 7 7 7 7 7 7 7 7 7 7 7 7 7 7 7 7 7 7 7 7 7 7 7 7 7 7 7 7 7 7 7 7 7 7 7 7 7 7 7 7 7 7 7 7 7 7 7 7 7 7 7 7 7 7 7 7 7 7 7 7 7 7 7 7 7 7 7 7 7 7 7 7 7 7 7 7 7 7 7 7 7 7 7 7 7 7 7 7 7 7 7 7 7 7 7 7 7 7 7 7 7 7 7 7 7 7 7 7 7 7 7 7 7 7 7 7 7 7 7 7 7 7 7 7 7 7 7 7 7 7 7 7 7 7 7 7 7 7 7 7 7 7 7 7 7 7 7 7 7 7 7 7 7 7 7 7 7 7 7 7 7 7 7 7 7 7 7 7 7 7 7 7 7 7 7 7 7 7 7 7 7 7 7 7 7 7 7 7 7 7 7 7 7 7 7 7 7 7 7 7 7 7 7 7 7 7 7 7 7 7 7 7 7 7 7 7 7 7 7 7 7 7 7 7 7 7 7 7 7 7 7 7 7 7 7 7 7 7 7 7 7 7 7 7 7 7 7 7 7 7 7 7 7 7 7 7 7 7 7 7 7 7 7 7 7 7 7 7 7 7 7 7 7 7 7 7 7 7 7 7 7 7 7 7 7 7 7 7 7 7 7 7 7 7 7 7 7 7 7 7 7 7 7 7 7 7 7 7 7 7 7 7 7 7 7 7 7 7 7 7 7 7 7 7 7 7 7 7 7 7 7 7 7 7 7 7 7 7 7 7 7 7 7 7 7 7 7 7 7 7 7 7 7 7 7 7 7 7 7 7 7 7 7 7 7 7 7 7 7 7 7 7 7 7 7 7 7 7 7 7 7 7 7 7 7 7 7 7 7 7 7 7 7 7 7 7 7 7 7 7 7 7 7 7 7 7 7 7 7 7 7 7 7 7 7 7 7 7 7 7 7 7 7 7 7 7 7 7 7 7 7 7 7 7 7 7 7 7 7 7 7 7 7 7 7 7 7 7 7 7 7 7 7 7 7 7 7 7 7 7 7 7 7 7 7 7 7 7 7 7 7 7 7 7 7 7 7 7 7 7 7 7 7 7 7 7 7 7 7 7 7 7 7 7 7 7 7 7 7 7 7 7 7 7 7 7 7 7 7 7 7 7 7 7 7 7 7 7 7 7 7 7 7 7 7 7 7 7 7 7 7 7 7 7 7 7 7 7 7 7 7 7 7 7 7 7 7 7 7 7 7 7 7 7 7 7 7 7 7 7 7 7 7 7 7 7 7 7 7 7 7 7 7 7 7 7 7 7 7 7 7 7 7 7 7 7 7 7 7 7 7 7 7 7 7 7 7 7 7 7 7 7 7 7 7 7 7 7 7 7 7 7 7 7 7 7 7 7 7 7 7 7 7 7 7 7 7 7 7 7 7 7 7 7 7 7 7 7 7 7 7 7 7 7 7 7 7 7 7 7 7 7 7 7 7 7 7 7 7 7 7 7 7 7 7 7 7 7 7 7 7 7 7 7 7 7 7 7 7 7 7 7 7 7 7 7 7 7 7 7 7 7 7 7 7 7 7 7 7 7 7 7 7 7 7 7 7 7 7 7 7 7 7 7 7 7 7 7 7 7 7 7 7 7 7 7 7 7 7 7 7 7 7 7 7 7 7 7 7 7 7 7 7 7 7 7 7 7 7 7 7 7 7 7 7 7 7 7 7 7 7 7 7 7 7 7 7 7 7 7 7 7 7 7 7 7 7 7 7 7 7 7 7 7 7 7 7 7 7 7 7 7 7 7 7 7 7 7 7 7 7 7 7 7 7 7 7 7 7 7 7 7 7 7 7 7 7 7 7 7 7 7 7 7 7 7 7 7 7 7 7 7 7 7 7 7 7 7 7 7 7 7 7 7 7 7 7 7 7 7 7 7 7 7 7 7 7 7 7 7 7 7 7 7 7 7 7 7 7 7 7 7 7 7 7 7 7 7 7 7 7 7 7 7 7 7 7 7 7 7 7 7 7 7 7 7 7 7 7 7 7 7 7 7 7 7 7 7 7 7 7 7 7 7 7 7 7 7 7 7 7 7 7 7 7 7 7 7 7 7 7 7 7 7 7 7 7 7 7 7 7 7 7 7 7 7 7 7 7 7 7 7 7 7 7 7 7 7 7 7 7 7 7 7 7 7 7 7 7 7 7 7 7 7 7 7 7 7 7 7 7 7 7 7 7 7 7 7 7 7 7 7 7 7 7 7 7 7 7 7 7 7 7 7 7 7 7 7 7 7 7 7 7 7 7 7 7 7 7 7 7 7 7 7 7 7 7 7 7 7 7 7 7 7 7 7 7 7 7 7 7 7 7 7 7 7 7 7 7 7 7 7 7 7 7 7 7 7 7 7 7 7 7 7 7 7 7 7 7 7 7 7 7 7 7 7 7 7 7 7 7 7 7 7 7 7 7 7 7 7 7 7 7 7 7 7 7 7 7 7 7 7 7 7 7 7 7 7 7 7 7 7 7 7 7 7 7 7 7 7 7 7 7 7 7 7 7 7 7 7 7 7 7 7 7 7 7 7 7 7 7 7 7 7 7 7 7 7 7 7 7 7 7 7 7 7 7 7 7 7 7 7 7 7 7 7 7 7 7 7 7 7 7 7 7 7 7 7 7 7 7 7 7 7 7 7 7 7 7 7 7 7 7 7 7 7 7 7 7 7 7 7 7 7 7 7 7 7 7 7 7 7 7 7 7 7 7 7 7 7 7 7 7 7 7 7 7 7 7 7 7 7 7 7 7 7 7 7 7 7 7 7 7 7 7 7 7 7 7 7 7 7 7 7 7 7 7 7 7 7 7 7 7 7 7 7 7 7 7 7 7 7 7 7 7 7 7 7 7 7 7 7 7 7 7 7 7 7 7 7 7 7 7 7 7 7 7 7 7 7 7 7 7 7 7 7 7 7 7 7 7 7 7 7 7 7 7 7 7 7 7 7 7 7 7 7 7 7 7 7 7 7 7 7 7 7 7 7 7 7 7 7 7 7 7 7 7 7 7 7 7 7 7 7 7 7 7 7 7 7 7 7 7 7 7 7 7 7 7 7 7 7 7 7 7 7 7 7 7 7 7 7 7 7 7 7 7 7 7 7 7 7 7 7 7 7 7 7 7 7 7 7 7 7 7 7 7 7 7 7 7 7 7 7 7 7 7 7 7 7 7 7 7 7 7 7 7 7 7 7 7 7 7 7 7 7 7 7 7 7 7 7 7 7 7 7 7 7 7 7 7 7 7 7 7 7 7 7 7 7 7 7 7 7 7 7 7 7 7 7 7 7 7 7 7 7 7 7 7 7 7 7 7 7 7 7 7 7 7 7 7 7 7 7 7 7 7 7 7 7 7 7 7 7 7 7 7 7 7 7 7 7 7 7 7 7 7 7 7 7 7 7 7 7 7 7 7 7 7 7 7 7 7 7 7 7 7 7 7 7 7 7 7 7 7 7 7 7 7 7 7 7 7 7 7 7 7 7 7 7 7 7 7 7 7 7 7 7 7 7 7 7 7 7 7 7 7 7 7 7 7 7 7 7 7 7 7 7 7 7 7 7 7 7 7 7 7 7 7 7 7 7 7 7 7 7 7 7 7 7 7 7 7 7 7 7 7 7 7 7 7 7 7 7 7 7 7 7 7 7 7 7 7 7 7 7 7 7 7 7 7 7 7 7 7 7 7 7 7 7 7 7 7 7 7 7 7 7 7 7 7 7 7 7 7 7 7 7 7 7 7 7 7 7 7 7 7 7 7 7 7 7 7 7 7 7 7 7 7 7 7 7 7 7 7 7 7 7 7 7 7 7 7 7 7 7 7 7 7 7 7 7 7 7 7 7 7 7 7 7 7 7 7 7 7 7 7 7 7 7 7 7 7 7 7 7 7 7 7 7 7 7 7 7 7 7 7 7 7 7 7 7 7 7 7 7 7 7 7 7 7 7 7 7 7 7 7 7 7 7 7 7 7 7 7 7 7 7 7 7 7 7 7 7 7 7 7 7 7 7 7 7 7 7 7 7 7 7 7 7 7 7 7 7 7 7 7 7 7 7 7 7 7 7 7 7 7 7 7 7 7 7 7 7 7 7 7 7 7 7 7 7 7 7 7 7 7 7 7 7 7 7 7 7 7 7 7 7 7 7 7 7 7 7 7 7 7 7 7 7 7 7 7 7 7 7 7 7 7 7 7 7 7 7 7 7 7 7 7 7 7 7 7 7 7 7 7 7 7 7 7 7 7 7 7 7 7 7 7 7 7 7 7 7 7 7 7 7 7 7 7 7 7 7 7 7 7 7 7 7 7 7 7 7 7 7 7 7 7 7 7 7 7 7 7 7 7 7 7 7 7 7 7 7 7 7 7 7 7 7 7 7 7 7 7 7 7 7 7 7 7 7 7 7 7 7 7 7 7 7 7 7 7 7 7 7 7 7 7 7 7 7 7 7 7 7 7 7 7 7 7 7 7 7 7 7 7 7 7 7 7 7 7 7 7 7 7 7 7 7 7 7 7 7 7 7 7 7 7 7 7 7 7 7 7 7 7 7 7 7 7 7 7 7 7 7 7 7 7 7 7 7 7 7 7 7 7 7 7 7 7 7 7 7 7 7 7 7 7 7 7 7 7 7 7 7 7 7 7 7 7 7 7 7 7 7 7 7 7 7 7 7 7 7 7 7 7 7 7 7 7 7 7 7 7 7 7 7 7 7 7 7 7 7 7 7 7 7 7 7 7 7 7 7 7 7 7 7 7 7 7 7 7 7 7 7 7 7 7 7 7 7 7 7 7 7 7 7 7 7 7 7 7 7 7 7 7 7 7 7 7 7 7 7 7 7 7 7 7 7 7 7 7 7 7 7 7 7 7 7 7 7 7 7 7 7 7 7 7 7 7 7 7 7 7 7 7 7 7 7 7 7 7 7 7 7 7 7 7 7 7 7 7 7 7 7 7 7 7 7 7 7 7 7 7 7 7 7 7 7 7 7 7 7 7 7 7 7 7 7 7 7 7 7 7 7 7 7 7 7 7 7 7 7 7 7 7 7 7 7 7 7 7 7 7 7 7 7 7 7 7 7 7 7 7 7 7 7 7 7 7 7 7 7 7 7 7 7 7 7 7 7 7 7 7 7 7 7 7 7 7 7 7 7 7 7 7 7 7 7 7 7 7 7 7 7 7 7 7 7 7 7 7 7 7 7 7 7 7 7 7 7 7 7 7 7 7 7 7 7 7 7 7 7 7 7 7 7 7 7 7 7 7 7 7 7 7 7 7 7 7 7 7 7 7 7 7 7 7 7 7 7 7 7 7 7 7 7 7 7 7 7 7 7 7 7 7 7 7 7 7 7 7 7 7 7 7 7 7 7 7 7 7 7 7 7 7 7 7 7 7 7 7 7 7 7 7 7 7 7 7 7 7 7 7 7 7 7 7 7 7 7 7 7 7 7 7 7 7 7 7 7 7 7 7 7 7 7 7 7 7 7 7 7 7 7 7 7 7 7 7 7 7 7 7 7 7 7 7 7 7 7 7 7 7 7 7 7 7 7 7 7 7 7 7 7 7 7 7 7 7 7 7 7 7 7 7 7 7 7 7 7 7 7 7 7 7 7 7 7 7 7 7 7 7 7 7 7 7 7 7 7 7 7 7 7 7 7 7 7 7 7 7 7 7 7 7 7 7 7 7 7 7 7 7 7 7 7 7 7 7 7 7 7 7 7 7 7 7 7 7 7 7 7 7 7 7 7 7 7 7 7 7 7 7 7 7 7 7 7 7 7 7 7 7 7 7 7 7 7 7 7 7 7 7 7 7 7 7 7 7 7 7 7 7 7 7 7 7 7 7 7 7 7 7 7 7 7 7 7 7 7 7 7 7 7 7 7 7 7 7 7 7 7 7 7 7 7 7 7 7 7 7 7 7 7 7 7 7 7 7 7 7 7 7 7 7 7 7 7 7 7 7 7 7 7 7 7 7 7 7 7 7 7 7 7 7 7 7 7 7 7 7 7 7 7 7 7 7 7 7 7 7 7 7 7 7 7 7 7 7 7 7 7 7 7 7 7 7 7 7 7 7 7 7 7 7 7 7 7 7 7 7 7 7 7 7 7 7 7 7 7 7 7 7 7 7 7 7 7 7 7 7 7 7 7 7 7 7 7 7 7 7 7 7 7 7 7 7 7 7 7 7 7 7 7 7 7 7 7 7 7 7 7 7 7 7 7 7 7 7 7 7 7 7 7 7 7 7 7 7 7 7 7 7 7 7 7 7 7 7 7 7 7 7 7 7 7 7 7 7 7 7 7 7 7 7 7 7 7 7 7 7 7 7 7 7 7 7 7 7 7 7 7 7 7 7 7 7 7 7 7 7 7 7 7 7 7 7 7 7 7 7 7 7 7 7 7 7 7 7 7 7 7 7 7 7 7 7 7 7 7 7 7 7 7 7 7 7 7 7 7 7 7 7 7 7 7 7 7 7 7 7 7 7 7 7 7 7 7 7 7 7 7 7 7 7 7 7 7 7 7 7 7 7 7 7 7 7 7 7 7 7 7 7 7 7 7 7 7 7 7 7 7 

POINT_DATA 12800
VECTORS vel FLOAT
6.328749e-04 -7.709190e-04 0
-3.671045e-03 -7.643116e-04 0
1.495830e-01 -3.117186e-03 0
1.472307e-01 3.286749e-03 0
1.472307e-01 3.286749e-03 0
1.495830e-01 -3.117186e-03 0
2.963342e-01 -1.508823e-02 0
2.863601e-01 3.591844e-03 0
2.863601e-01 3.591844e-03 0
2.963342e-01 -1.508823e-02 0
4.305806e-01 -3.358568e-02 0
4.178410e-01 2.651230e-03 0
4.178410e-01 2.651230e-03 0
4.305806e-01 -3.358568e-02 0
5.545773e-01 -5.457166e-02 0
5.413705e-01 1.163177e-03 0
5.413705e-01 1.163177e-03 0
5.545773e-01 -5.457166e-02 0
6.677773e-01 -7.406280e-02 0
6.570581e-01 7.788774e-05 0
6.570581e-01 7.788774e-05 0
6.677773e-01 -7.406280e-02 0
7.729567e-01 -8.927942e-02 0
7.652280e-01 -4.988335e-04 0
7.652280e-01 -4.988335e-04 0
7.729567e-01 -8.927942e-02 0
8.707012e-01 -9.952996e-02 0
8.661004e-01 -5.849949e-04 0
8.661004e-01 -5.849949e-04 0
8.707012e-01 -9.952996e-02 0
9.615666e-01 -1.050808e-01 0
9.596864e-01 -3.889663e-04 0
9.596864e-01 -3.889663e-04 0
9.615666e-01 -1.050808e-01 0
1.045603e+00 -1.065870e-01 0
1.045919e+00 -8.832837e-05 0
1.045919e+00 -8.832837e-05 0
1.045603e+00 -1.065870e-01 0
1.122613e+00 -1.047648e-01 0
1.124724e+00 2.048685e-04 0
1.124724e+00 2.048685e-04 0
1.122613e+00 -1.047648e-01 0
1.192616e+00 -1.002505e-01 0
1.196051e+00 4.368210e-04 0
1.196051e+00 4.368210e-04 0
1.192616e+00 -1.002505e-01 0
1.255487e+00 -9.356827e-02 0
1.259874e+00 5.910757e-04 0
1.259874e+00 5.910757e-04 0
1.255487e+00 -9.356827e-02 0
1.310934e+00 -8.513757e-02 0
1.316184e+00 6.699470e-04 0
1.316184e+00 6.699470e-04 0
1.310934e+00 -8.513757e-02 0
1.359107e+00 -7.529724e-02 0
1.364980e+00 6.835903e-04 0
1.364980e+00 6.835903e-04 0
1.359107e+00 -7.529724e-02 0
1.399943e+00 -6.432797e-02 0
1.406264e+00 6.438186e-04 0
1.406264e+00 6.438186e-04 0
1.399943e+00 -6.432797e-02 0
1.433308e+00 -5.246882e-02 0
1.440039e+00 5.616159e-04 0
1.440039e+00 5.616159e-04 0
1.433308e+00 -5.246882e-02 0
1.459264e+00 -3.992765e-02 0
1.466307e+00 4.472015e-04 0
1.466307e+00 4.472015e-04 0
1.459264e+00 -3.992765e-02 0
1.477868e+00 -2.688852e-02 0
1.485068e+00 3.101166e-04 0
1.485068e+00 3.101166e-04 0
1.477868e+00 -2.688852e-02 0
1.489012e+00 -1.352308e-02 0
1.496326e+00 1.587698e-04 0
1.496326e+00 1.587698e-04 0
1.489012e+00 -1.352308e-02 0
1.492731e+00 2.253433e-06 0
1.500079e+00 2.786196e-07 0
1.500079e+00 2.786196e-07 0
1.492731e+00 2.253433e-06 0
1.489014e+00 1.352697e-02 0
1.496328e+00 -1.583701e-04 0
1.496328e+00 -1.583701e-04 0
1.489014e+00 1.352697e-02 0
1.477838e+00 2.689049e-02 0
1.485074e+00 -3.101177e-04 0
1.485074e+00 -3.101177e-04 0
1.477838e+00 2.689049e-02 0
1.459264e+00 3.992888e-02 0
1.466314e+00 -4.473604e-04 0
1.466314e+00 -4.473604e-04 0
1.459264e+00 3.992888e-02 0
1.433307e+00 5.247093e-02 0
1.440049e+00 -5.615464e-04 0
1.440049e+00 -5.615464e-04 0
1.433307e+00 5.247093e-02 0
1.399943e+00 6.433082e-02 0
1.406277e+00 -6.435616e-04 0
1.406277e+00 -6.435616e-04 0
1.399943e+00 6.433082e-02 0
1.359155e+00 7.529840e-02 0
1.364996e+00 -6.836360e-04 0
1.364996e+00 -6.836360e-04 0
1.359155e+00 7.529840e-02 0
1.310990e+00 8.513821e-02 0
1.316203e+00 -6.700301e-04 0
1.316203e+00 -6.700301e-04 0
1.310990e+00 8.513821e-02 0
1.255485e+00 9.357045e-02 0
1.259896e+00 -5.908274e-04 0
1.259896e+00 -5.908274e-04 0
1.255485e+00 9.357045e-02 0
1.192692e+00 1.002542e-01 0
1.196076e+00 -4.361581e-04 0
1.196076e+00 -4.361581e-04 0
1.192692e+00 1.002542e-01 0
1.122601e+00 1.047696e-01 0
1.124752e+00 -2.036135e-04 0
1.124752e+00 -2.036135e-04 0
1.122601e+00 1.047696e-01 0
1.045499e+00 1.065934e-01 0
1.045950e+00 9.050098e-05 0
1.045950e+00 9.050098e-05 0
1.045499e+00 1.065934e-01 0
9.614516e-01 1.050880e-01 0
9.597222e-01 3.929004e-04 0
9.597222e-01 3.929004e-04 0
9.614516e-01 1.050880e-01 0
8.705788e-01 9.953836e-02 0
8.661434e-01 5.920514e-04 0
8.661434e-01 5.920514e-04 0
8.705788e-01 9.953836e-02 0
7.728353e-01 8.928862e-02 0
7.652805e-01 5.105786e-04 0
7.652805e-01 5.105786e-04 0
7.728353e-01 8.928862e-02 0
6.677661e-01 7.406906e-02 0
6.570580e-01 -5.980626e-05 0
6.570580e-01 -5.980626e-05 0
6.677661e-01 7.406906e-02 0
5.546169e-01 5.456174e-02 0
5.414263e-01 -1.329429e-03 0
5.414263e-01 -1.329429e-03 0
5.546169e-01 5.456174e-02 0
4.309113e-01 3.307832e-02 0
4.178459e-01 -2.649480e-03 0
4.178459e-01 -2.649480e-03 0
4.309113e-01 3.307832e-02 0
2.963415e-01 1.452500e-02 0
2.863810e-01 -3.597132e-03 0
2.863810e-01 -3.597132e-03 0
2.963415e-01 1.452500e-02 0
1.495673e-01 3.087232e-03 0
1.472308e-01 -3.290988e-03 0
1.472308e-01 -3.290988e-03 0
1.495673e-01 3.087232e-03 0
-3.678284e-03 7.623146e-04 0
6.355083e-04 7.764554e-04 0
-3.671045e-03 -7.643116e-04 0
-4.202965e-03 -1.082987e-03 0
1.610169e-01 -1.107403e-02 0
1.495830e-01 -3.117186e-03 0
1.495830e-01 -3.117186e-03 0
1.610169e-01 -1.107403e-02 0
3.183937e-01 -3.347157e-02 0
2.963342e-01 -1.508823e-02 0
2.963342e-01 -1.508823e-02 0
3.183937e-01 -3.347157e-02 0
4.588912e-01 -6.509318e-02 0
4.305806e-01 -3.358568e-02 0
4.305806e-01 -3.358568e-02 0
4.588912e-01 -6.509318e-02 0
5.820256e-01 -9.995920e-02 0
5.545773e-01 -5.457166e-02 0
5.545773e-01 -5.457166e-02 0
5.820256e-01 -9.995920e-02 0
6.914448e-01 -1.312981e-01 0
6.677773e-01 -7.406280e-02 0
6.677773e-01 -7.406280e-02 0
6.914448e-01 -1.312981e-01 0
7.903768e-01 -1.571420e-01 0
7.729567e-01 -8.927942e-02 0
7.729567e-01 -8.927942e-02 0
7.903768e-01 -1.571420e-01 0
8.817084e-01 -1.749432e-01 0
8.707012e-01 -9.952996e-02 0
8.707012e-01 -9.952996e-02 0
8.817084e-01 -1.749432e-01 0
9.667609e-01 -1.853578e-01 0
9.615666e-01 -1.050808e-01 0
9.615666e-01 -1.050808e-01 0
9.667609e-01 -1.853578e-01 0
1.045729e+00 -1.886299e-01 0
1.045603e+00 -1.065870e-01 0
1.045603e+00 -1.065870e-01 0
1.045729e+00 -1.886299e-01 0
1.118604e+00 -1.866303e-01 0
1.122613e+00 -1.047648e-01 0
1.122613e+00 -1.047648e-01 0
1.118604e+00 -1.866303e-01 0
1.184998e+00 -1.794905e-01 0
1.192616e+00 -1.002505e-01 0
1.192616e+00 -1.002505e-01 0
1.184998e+00 -1.794905e-01 0
1.244964e+00 -1.681923e-01 0
1.255487e+00 -9.356827e-02 0
1.255487e+00 -9.356827e-02 0
1.244964e+00 -1.681923e-01 0
1.298181e+00 -1.536548e-01 0
1.310934e+00 -8.513757e-02 0
1.310934e+00 -8.513757e-02 0
1.298181e+00 -1.536548e-01 0
1.344460e+00 -1.363417e-01 0
1.359107e+00 -7.529724e-02 0
1.359107e+00 -7.529724e-02 0
1.344460e+00 -1.363417e-01 0
1.383907e+00 -1.166146e-01 0
1.399943e+00 -6.432797e-02 0
1.399943e+00 -6.432797e-02 0
1.383907e+00 -1.166146e-01 0
1.416043e+00 -9.529423e-02 0
1.433308e+00 -5.246882e-02 0
1.433308e+00 -5.246882e-02 0
1.416043e+00 -9.529423e-02 0
1.441098e+00 -7.282912e-02 0
1.459264e+00 -3.992765e-02 0
1.459264e+00 -3.992765e-02 0
1.441098e+00 -7.282912e-02 0
1.459123e+00 -4.913870e-02 0
1.477868e+00 -2.688852e-02 0
1.477868e+00 -2.688852e-02 0
1.459123e+00 -4.913870e-02 0
1.469960e+00 -2.455644e-02 0
1.489012e+00 -1.352308e-02 0
1.489012e+00 -1.352308e-02 0
1.469960e+00 -2.455644e-02 0
1.473436e+00 1.190164e-04 0
1.492731e+00 2.253433e-06 0
1.492731e+00 2.253433e-06 0
1.473436e+00 1.190164e-04 0
1.469837e+00 2.479320e-02 0
1.489014e+00 1.352697e-02 0
1.489014e+00 1.352697e-02 0
1.469837e+00 2.479320e-02 0
1.459120e+00 4.914124e-02 0
1.477838e+00 2.689049e-02 0
1.477838e+00 2.689049e-02 0
1.459120e+00 4.914124e-02 0
1.441098e+00 7.272314e-02 0
1.459264e+00 3.992888e-02 0
1.459264e+00 3.992888e-02 0
1.441098e+00 7.272314e-02 0
1.416041e+00 9.529691e-02 0
1.433307e+00 5.247093e-02 0
1.433307e+00 5.247093e-02 0
1.416041e+00 9.529691e-02 0
1.383888e+00 1.168300e-01 0
1.399943e+00 6.433082e-02 0
1.399943e+00 6.433082e-02 0
1.383888e+00 1.168300e-01 0
1.344548e+00 1.361586e-01 0
1.359155e+00 7.529840e-02 0
1.359155e+00 7.529840e-02 0
1.344548e+00 1.361586e-01 0
1.298294e+00 1.534689e-01 0
1.310990e+00 8.513821e-02 0
1.310990e+00 8.513821e-02 0
1.298294e+00 1.534689e-01 0
1.244960e+00 1.681933e-01 0
1.255485e+00 9.357045e-02 0
1.255485e+00 9.357045e-02 0
1.244960e+00 1.681933e-01 0
1.184995e+00 1.794978e-01 0
1.192692e+00 1.002542e-01 0
1.192692e+00 1.002542e-01 0
1.184995e+00 1.794978e-01 0
1.118453e+00 1.866455e-01 0
1.122601e+00 1.047696e-01 0
1.122601e+00 1.047696e-01 0
1.118453e+00 1.866455e-01 0
1.045484e+00 1.886628e-01 0
1.045499e+00 1.065934e-01 0
1.045499e+00 1.065934e-01 0
1.045484e+00 1.886628e-01 0
9.665760e-01 1.853169e-01 0
9.614516e-01 1.050880e-01 0
9.614516e-01 1.050880e-01 0
9.665760e-01 1.853169e-01 0
8.815325e-01 1.746220e-01 0
8.705788e-01 9.953836e-02 0
8.705788e-01 9.953836e-02 0
8.815325e-01 1.746220e-01 0
7.902488e-01 1.567222e-01 0
7.728353e-01 8.928862e-02 0
7.728353e-01 8.928862e-02 0
7.902488e-01 1.567222e-01 0
6.912224e-01 1.316320e-01 0
6.677661e-01 7.406906e-02 0
6.677661e-01 7.406906e-02 0
6.912224e-01 1.316320e-01 0
5.818820e-01 9.969034e-02 0
5.546169e-01 5.456174e-02 0
5.546169e-01 5.456174e-02 0
5.818820e-01 9.969034e-02 0
4.586174e-01 6.505432e-02 0
4.309113e-01 3.307832e-02 0
4.309113e-01 3.307832e-02 0
4.586174e-01 6.505432e-02 0
3.183967e-01 3.342910e-02 0
2.963415e-01 1.452500e-02 0
2.963415e-01 1.452500e-02 0
3.183967e-01 3.342910e-02 0
1.609802e-01 1.104650e-02 0
1.495673e-01 3.087232e-03 0
1.495673e-01 3.087232e-03 0
1.609802e-01 1.104650e-02 0
-4.217867e-03 1.074128e-03 0
-3.678284e-03 7.623146e-04 0
-4.202965e-03 -1.082987e-03 0
-3.497759e-03 -1.266094e-03 0
1.809021e-01 -1.516232e-02 0
1.610169e-01 -1.107403e-02 0
1.610169e-01 -1.107403e-02 0
1.809021e-01 -1.516232e-02 0
3.507315e-01 -4.470047e-02 0
3.183937e-01 -3.347157e-02 0
3.183937e-01 -3.347157e-02 0
3.507315e-01 -4.470047e-02 0
4.968463e-01 -8.354654e-02 0
4.588912e-01 -6.509318e-02 0
4.588912e-01 -6.509318e-02 0
4.968463e-01 -8.354654e-02 0
6.199054e-01 -1.260954e-01 0
5.820256e-01 -9.995920e-02 0
5.820256e-01 -9.995920e-02 0
6.199054e-01 -1.260954e-01 0
7.237294e-01 -1.650000e-01 0
6.914448e-01 -1.312981e-01 0
6.914448e-01 -1.312981e-01 0
7.237294e-01 -1.650000e-01 0
8.148922e-01 -1.966096e-01 0
7.903768e-01 -1.571420e-01 0
7.903768e-01 -1.571420e-01 0
8.148922e-01 -1.966096e-01 0
8.978365e-01 -2.193913e-01 0
8.817084e-01 -1.749432e-01 0
8.817084e-01 -1.749432e-01 0
8.978365e-01 -2.193913e-01 0
9.748603e-01 -2.332301e-01 0
9.667609e-01 -1.853578e-01 0
9.667609e-01 -1.853578e-01 0
9.748603e-01 -2.332301e-01 0
1.046755e+00 -2.387737e-01 0
1.045729e+00 -1.886299e-01 0
1.045729e+00 -1.886299e-01 0
1.046755e+00 -2.387737e-01 0
1.113534e+00 -2.369775e-01 0
1.118604e+00 -1.866303e-01 0
1.118604e+00 -1.866303e-01 0
1.113534e+00 -2.369775e-01 0
1.174845e+00 -2.288552e-01 0
1.184998e+00 -1.794905e-01 0
1.184998e+00 -1.794905e-01 0
1.174845e+00 -2.288552e-01 0
1.230488e+00 -2.153604e-01 0
1.244964e+00 -1.681923e-01 0
1.244964e+00 -1.681923e-01 0
1.230488e+00 -2.153604e-01 0
1.280099e+00 -1.973523e-01 0
1.298181e+00 -1.536548e-01 0
1.298181e+00 -1.536548e-01 0
1.280099e+00 -1.973523e-01 0
1.323448e+00 -1.755915e-01 0
1.344460e+00 -1.363417e-01 0
1.344460e+00 -1.363417e-01 0
1.323448e+00 -1.755915e-01 0
1.360404e+00 -1.507545e-01 0
1.383907e+00 -1.166146e-01 0
1.383907e+00 -1.166146e-01 0
1.360404e+00 -1.507545e-01 0
1.390742e+00 -1.234453e-01 0
1.416043e+00 -9.529423e-02 0
1.416043e+00 -9.529423e-02 0
1.390742e+00 -1.234453e-01 0
1.414391e+00 -9.421560e-02 0
1.441098e+00 -7.282912e-02 0
1.441098e+00 -7.282912e-02 0
1.414391e+00 -9.421560e-02 0
1.431347e+00 -6.357962e-02 0
1.459123e+00 -4.913870e-02 0
1.459123e+00 -4.913870e-02 0
1.431347e+00 -6.357962e-02 0
1.441546e+00 -3.201834e-02 0
1.469960e+00 -2.455644e-02 0
1.469960e+00 -2.455644e-02 0
1.441546e+00 -3.201834e-02 0
1.444941e+00 1.051530e-06 0
1.473436e+00 1.190164e-04 0
1.473436e+00 1.190164e-04 0
1.444941e+00 1.051530e-06 0
1.441540e+00 3.202017e-02 0
1.469837e+00 2.479320e-02 0
1.469837e+00 2.479320e-02 0
1.441540e+00 3.202017e-02 0
1.431350e+00 6.358133e-02 0
1.459120e+00 4.914124e-02 0
1.459120e+00 4.914124e-02 0
1.431350e+00 6.358133e-02 0
1.414390e+00 9.421866e-02 0
1.441098e+00 7.272314e-02 0
1.441098e+00 7.272314e-02 0
1.414390e+00 9.421866e-02 0
1.390705e+00 1.234475e-01 0
1.416041e+00 9.529691e-02 0
1.416041e+00 9.529691e-02 0
1.390705e+00 1.234475e-01 0
1.360406e+00 1.507544e-01 0
1.383888e+00 1.168300e-01 0
1.383888e+00 1.168300e-01 0
1.360406e+00 1.507544e-01 0
1.323450e+00 1.755919e-01 0
1.344548e+00 1.361586e-01 0
1.344548e+00 1.361586e-01 0
1.323450e+00 1.755919e-01 0
1.280158e+00 1.973519e-01 0
1.298294e+00 1.534689e-01 0
1.298294e+00 1.534689e-01 0
1.280158e+00 1.973519e-01 0
1.230484e+00 2.153588e-01 0
1.244960e+00 1.681933e-01 0
1.244960e+00 1.681933e-01 0
1.230484e+00 2.153588e-01 0
1.174842e+00 2.288532e-01 0
1.184995e+00 1.794978e-01 0
1.184995e+00 1.794978e-01 0
1.174842e+00 2.288532e-01 0
1.113467e+00 2.369743e-01 0
1.118453e+00 1.866455e-01 0
1.118453e+00 1.866455e-01 0
1.113467e+00 2.369743e-01 0
1.046699e+00 2.387667e-01 0
1.045484e+00 1.886628e-01 0
1.045484e+00 1.886628e-01 0
1.046699e+00 2.387667e-01 0
9.748236e-01 2.332174e-01 0
9.665760e-01 1.853169e-01 0
9.665760e-01 1.853169e-01 0
9.748236e-01 2.332174e-01 0
8.978306e-01 2.193693e-01 0
8.815325e-01 1.746220e-01 0
8.815325e-01 1.746220e-01 0
8.978306e-01 2.193693e-01 0
8.149307e-01 1.965721e-01 0
7.902488e-01 1.567222e-01 0
7.902488e-01 1.567222e-01 0
8.149307e-01 1.965721e-01 0
7.238264e-01 1.649457e-01 0
6.912224e-01 1.316320e-01 0
6.912224e-01 1.316320e-01 0
7.238264e-01 1.649457e-01 0
6.200470e-01 1.260374e-01 0
5.818820e-01 9.969034e-02 0
5.818820e-01 9.969034e-02 0
6.200470e-01 1.260374e-01 0
4.968793e-01 8.351727e-02 0
4.586174e-01 6.505432e-02 0
4.586174e-01 6.505432e-02 0
4.968793e-01 8.351727e-02 0
3.507571e-01 4.431748e-02 0
3.183967e-01 3.342910e-02 0
3.183967e-01 3.342910e-02 0
3.507571e-01 4.431748e-02 0
1.807613e-01 1.497702e-02 0
1.609802e-01 1.104650e-02 0
1.609802e-01 1.104650e-02 0
1.807613e-01 1.497702e-02 0
-3.513531e-03 1.268360e-03 0
-4.217867e-03 1.074128e-03 0
-3.497759e-03 -1.266094e-03 0
-2.358834e-03 -1.130210e-03 0
2.038291e-01 -1.619246e-02 0
1.809021e-01 -1.516232e-02 0
1.809021e-01 -1.516232e-02 0
2.038291e-01 -1.619246e-02 0
3.882537e-01 -4.742926e-02 0
3.507315e-01 -4.470047e-02 0
3.507315e-01 -4.470047e-02 0
3.882537e-01 -4.742926e-02 0
5.406261e-01 -8.800749e-02 0
4.968463e-01 -8.354654e-02 0
4.968463e-01 -8.354654e-02 0
5.406261e-01 -8.800749e-02 0
6.628471e-01 -1.329559e-01 0
6.199054e-01 -1.260954e-01 0
6.199054e-01 -1.260954e-01 0
6.628471e-01 -1.329559e-01 0
7.609482e-01 -1.736748e-01 0
7.237294e-01 -1.650000e-01 0
7.237294e-01 -1.650000e-01 0
7.609482e-01 -1.736748e-01 0
8.437588e-01 -2.078921e-01 0
8.148922e-01 -1.966096e-01 0
8.148922e-01 -1.966096e-01 0
8.437588e-01 -2.078921e-01 0
9.174807e-01 -2.329340e-01 0
8.978365e-01 -2.193913e-01 0
8.978365e-01 -2.193913e-01 0
9.174807e-01 -2.329340e-01 0
9.855050e-01 -2.487871e-01 0
9.748603e-01 -2.332301e-01 0
9.748603e-01 -2.332301e-01 0
9.855050e-01 -2.487871e-01 0
1.049172e+00 -2.559089e-01 0
1.046755e+00 -2.387737e-01 0
1.046755e+00 -2.387737e-01 0
1.049172e+00 -2.559089e-01 0
1.108698e+00 -2.551276e-01 0
1.113534e+00 -2.369775e-01 0
1.113534e+00 -2.369775e-01 0
1.108698e+00 -2.551276e-01 0
1.163805e+00 -2.475059e-01 0
1.174845e+00 -2.288552e-01 0
1.174845e+00 -2.288552e-01 0
1.163805e+00 -2.475059e-01 0
1.214109e+00 -2.337997e-01 0
1.230488e+00 -2.153604e-01 0
1.230488e+00 -2.153604e-01 0
1.214109e+00 -2.337997e-01 0
1.259247e+00 -2.149609e-01 0
1.280099e+00 -1.973523e-01 0
1.280099e+00 -1.973523e-01 0
1.259247e+00 -2.149609e-01 0
1.298844e+00 -1.915849e-01 0
1.323448e+00 -1.755915e-01 0
1.323448e+00 -1.755915e-01 0
1.298844e+00 -1.915849e-01 0
1.332729e+00 -1.648275e-01 0
1.360404e+00 -1.507545e-01 0
1.360404e+00 -1.507545e-01 0
1.332729e+00 -1.648275e-01 0
1.360652e+00 -1.351802e-01 0
1.390742e+00 -1.234453e-01 0
1.390742e+00 -1.234453e-01 0
1.360652e+00 -1.351802e-01 0
1.382484e+00 -1.032757e-01 0
1.414391e+00 -9.421560e-02 0
1.414391e+00 -9.421560e-02 0
1.382484e+00 -1.032757e-01 0
1.398158e+00 -6.999304e-02 0
1.431347e+00 -6.357962e-02 0
1.431347e+00 -6.357962e-02 0
1.398158e+00 -6.999304e-02 0
1.407576e+00 -3.505380e-02 0
1.441546e+00 -3.201834e-02 0
1.441546e+00 -3.201834e-02 0
1.407576e+00 -3.505380e-02 0
1.410720e+00 1.446078e-04 0
1.444941e+00 1.051530e-06 0
1.444941e+00 1.051530e-06 0
1.410720e+00 1.446078e-04 0
1.407575e+00 3.534156e-02 0
1.441540e+00 3.202017e-02 0
1.441540e+00 3.202017e-02 0
1.407575e+00 3.534156e-02 0
1.398151e+00 6.999370e-02 0
1.431350e+00 6.358133e-02 0
1.431350e+00 6.358133e-02 0
1.398151e+00 6.999370e-02 0
1.382483e+00 1.035496e-01 0
1.414390e+00 9.421866e-02 0
1.414390e+00 9.421866e-02 0
1.382483e+00 1.035496e-01 0
1.360638e+00 1.354396e-01 0
1.390705e+00 1.234475e-01 0
1.390705e+00 1.234475e-01 0
1.360638e+00 1.354396e-01 0
1.332732e+00 1.648267e-01 0
1.360406e+00 1.507544e-01 0
1.360406e+00 1.507544e-01 0
1.332732e+00 1.648267e-01 0
1.298867e+00 1.915840e-01 0
1.323450e+00 1.755919e-01 0
1.323450e+00 1.755919e-01 0
1.298867e+00 1.915840e-01 0
1.259248e+00 2.147698e-01 0
1.280158e+00 1.973519e-01 0
1.280158e+00 1.973519e-01 0
1.259248e+00 2.147698e-01 0
1.214107e+00 2.336416e-01 0
1.230484e+00 2.153588e-01 0
1.230484e+00 2.153588e-01 0
1.214107e+00 2.336416e-01 0
1.163803e+00 2.475017e-01 0
1.174842e+00 2.288532e-01 0
1.174842e+00 2.288532e-01 0
1.163803e+00 2.475017e-01 0
1.108699e+00 2.551872e-01 0
1.113467e+00 2.369743e-01 0
1.113467e+00 2.369743e-01 0
1.108699e+00 2.551872e-01 0
1.049194e+00 2.559081e-01 0
1.046699e+00 2.387667e-01 0
1.046699e+00 2.387667e-01 0
1.049194e+00 2.559081e-01 0
9.855542e-01 2.487145e-01 0
9.748236e-01 2.332174e-01 0
9.748236e-01 2.332174e-01 0
9.855542e-01 2.487145e-01 0
9.175656e-01 2.327767e-01 0
8.978306e-01 2.193693e-01 0
8.978306e-01 2.193693e-01 0
9.175656e-01 2.327767e-01 0
8.438843e-01 2.076373e-01 0
8.149307e-01 1.965721e-01 0
8.149307e-01 1.965721e-01 0
8.438843e-01 2.076373e-01 0
7.611091e-01 1.736397e-01 0
7.238264e-01 1.649457e-01 0
7.238264e-01 1.649457e-01 0
7.611091e-01 1.736397e-01 0
6.630041e-01 1.325179e-01 0
6.200470e-01 1.260374e-01 0
6.200470e-01 1.260374e-01 0
6.630041e-01 1.325179e-01 0
5.406193e-01 8.800890e-02 0
4.968793e-01 8.351727e-02 0
4.968793e-01 8.351727e-02 0
5.406193e-01 8.800890e-02 0
3.881440e-01 4.687535e-02 0
3.507571e-01 4.431748e-02 0
3.507571e-01 4.431748e-02 0
3.881440e-01 4.687535e-02 0
2.037789e-01 1.623232e-02 0
1.807613e-01 1.497702e-02 0
1.807613e-01 1.497702e-02 0
2.037789e-01 1.623232e-02 0
-2.354464e-03 1.132992e-03 0
-3.513531e-03 1.268360e-03 0
-2.358834e-03 -1.130210e-03 0
-1.200444e-03 -6.876539e-04 0
2.269321e-01 -1.438850e-02 0
2.038291e-01 -1.619246e-02 0
2.038291e-01 -1.619246e-02 0
2.269321e-01 -1.438850e-02 0
4.245913e-01 -4.397392e-02 0
3.882537e-01 -4.742926e-02 0
3.882537e-01 -4.742926e-02 0
4.245913e-01 -4.397392e-02 0
5.839526e-01 -8.224288e-02 0
5.406261e-01 -8.800749e-02 0
5.406261e-01 -8.800749e-02 0
5.839526e-01 -8.224288e-02 0
7.053740e-01 -1.249196e-01 0
6.628471e-01 -1.329559e-01 0
6.628471e-01 -1.329559e-01 0
7.053740e-01 -1.249196e-01 0
7.984332e-01 -1.644234e-01 0
7.609482e-01 -1.736748e-01 0
7.609482e-01 -1.736748e-01 0
7.984332e-01 -1.644234e-01 0
8.735002e-01 -1.979736e-01 0
8.437588e-01 -2.078921e-01 0
8.437588e-01 -2.078921e-01 0
8.735002e-01 -1.979736e-01 0
9.383992e-01 -2.232324e-01 0
9.174807e-01 -2.329340e-01 0
9.174807e-01 -2.329340e-01 0
9.383992e-01 -2.232324e-01 0
9.975796e-01 -2.398587e-01 0
9.855050e-01 -2.487871e-01 0
9.855050e-01 -2.487871e-01 0
9.975796e-01 -2.398587e-01 0
1.052965e+00 -2.480930e-01 0
1.049172e+00 -2.559089e-01 0
1.049172e+00 -2.559089e-01 0
1.052965e+00 -2.480930e-01 0
1.104939e+00 -2.485755e-01 0
1.108698e+00 -2.551276e-01 0
1.108698e+00 -2.551276e-01 0
1.104939e+00 -2.485755e-01 0
1.153519e+00 -2.421501e-01 0
1.163805e+00 -2.475059e-01 0
1.163805e+00 -2.475059e-01 0
1.153519e+00 -2.421501e-01 0
1.198142e+00 -2.296090e-01 0
1.214109e+00 -2.337997e-01 0
1.214109e+00 -2.337997e-01 0
1.198142e+00 -2.296090e-01 0
1.238481e+00 -2.117935e-01 0
1.259247e+00 -2.149609e-01 0
1.259247e+00 -2.149609e-01 0
1.238481e+00 -2.117935e-01 0
1.273966e+00 -1.893838e-01 0
1.298844e+00 -1.915849e-01 0
1.298844e+00 -1.915849e-01 0
1.273966e+00 -1.893838e-01 0
1.304586e+00 -1.633171e-01 0
1.332729e+00 -1.648275e-01 0
1.332729e+00 -1.648275e-01 0
1.304586e+00 -1.633171e-01 0
1.329838e+00 -1.341989e-01 0
1.360652e+00 -1.351802e-01 0
1.360652e+00 -1.351802e-01 0
1.329838e+00 -1.341989e-01 0
1.349544e+00 -1.026850e-01 0
1.382484e+00 -1.032757e-01 0
1.382484e+00 -1.032757e-01 0
1.349544e+00 -1.026850e-01 0
1.363860e+00 -6.955135e-02 0
1.398158e+00 -6.999304e-02 0
1.398158e+00 -6.999304e-02 0
1.363860e+00 -6.955135e-02 0
1.372436e+00 -3.495208e-02 0
1.407576e+00 -3.505380e-02 0
1.407576e+00 -3.505380e-02 0
1.372436e+00 -3.495208e-02 0
1.375296e+00 7.668363e-05 0
1.410720e+00 1.446078e-04 0
1.410720e+00 1.446078e-04 0
1.375296e+00 7.668363e-05 0
1.372433e+00 3.510480e-02 0
1.407575e+00 3.534156e-02 0
1.407575e+00 3.534156e-02 0
1.372433e+00 3.510480e-02 0
1.363862e+00 6.955137e-02 0
1.398151e+00 6.999370e-02 0
1.398151e+00 6.999370e-02 0
1.363862e+00 6.955137e-02 0
1.349544e+00 1.028283e-01 0
1.382483e+00 1.035496e-01 0
1.382483e+00 1.035496e-01 0
1.349544e+00 1.028283e-01 0
1.329820e+00 1.343324e-01 0
1.360638e+00 1.354396e-01 0
1.360638e+00 1.354396e-01 0
1.329820e+00 1.343324e-01 0
1.304589e+00 1.633161e-01 0
1.332732e+00 1.648267e-01 0
1.332732e+00 1.648267e-01 0
1.304589e+00 1.633161e-01 0
1.274066e+00 1.893828e-01 0
1.298867e+00 1.915840e-01 0
1.298867e+00 1.915840e-01 0
1.274066e+00 1.893828e-01 0
1.238510e+00 2.117039e-01 0
1.259248e+00 2.147698e-01 0
1.259248e+00 2.147698e-01 0
1.238510e+00 2.117039e-01 0
1.198198e+00 2.295404e-01 0
1.214107e+00 2.336416e-01 0
1.214107e+00 2.336416e-01 0
1.198198e+00 2.295404e-01 0
1.153566e+00 2.421461e-01 0
1.163803e+00 2.475017e-01 0
1.163803e+00 2.475017e-01 0
1.153566e+00 2.421461e-01 0
1.105019e+00 2.485809e-01 0
1.108699e+00 2.551872e-01 0
1.108699e+00 2.551872e-01 0
1.105019e+00 2.485809e-01 0
1.052967e+00 2.480632e-01 0
1.049194e+00 2.559081e-01 0
1.049194e+00 2.559081e-01 0
1.052967e+00 2.480632e-01 0
9.975994e-01 2.397896e-01 0
9.855542e-01 2.487145e-01 0
9.855542e-01 2.487145e-01 0
9.975994e-01 2.397896e-01 0
9.384381e-01 2.231212e-01 0
9.175656e-01 2.327767e-01 0
9.175656e-01 2.327767e-01 0
9.384381e-01 2.231212e-01 0
8.737470e-01 1.978199e-01 0
8.438843e-01 2.076373e-01 0
8.438843e-01 2.076373e-01 0
8.737470e-01 1.978199e-01 0
7.984978e-01 1.644154e-01 0
7.611091e-01 1.736397e-01 0
7.611091e-01 1.736397e-01 0
7.984978e-01 1.644154e-01 0
7.054218e-01 1.247043e-01 0
6.630041e-01 1.325179e-01 0
6.630041e-01 1.325179e-01 0
7.054218e-01 1.247043e-01 0
5.839294e-01 8.225948e-02 0
5.406193e-01 8.800890e-02 0
5.406193e-01 8.800890e-02 0
5.839294e-01 8.225948e-02 0
4.245282e-01 4.340128e-02 0
3.881440e-01 4.687535e-02 0
3.881440e-01 4.687535e-02 0
4.245282e-01 4.340128e-02 0
2.268911e-01 1.438878e-02 0
2.037789e-01 1.623232e-02 0
2.037789e-01 1.623232e-02 0
2.268911e-01 1.438878e-02 0
-1.195075e-03 6.550073e-04 0
-2.354464e-03 1.132992e-03 0
-1.200444e-03 -6.876539e-04 0
-6.830969e-04 -1.386706e-04 0
2.474328e-01 -1.164553e-02 0
2.269321e-01 -1.438850e-02 0
2.269321e-01 -1.438850e-02 0
2.474328e-01 -1.164553e-02 0
4.580918e-01 -3.716277e-02 0
4.245913e-01 -4.397392e-02 0
4.245913e-01 -4.397392e-02 0
4.580918e-01 -3.716277e-02 0
6.236420e-01 -7.122234e-02 0
5.839526e-01 -8.224288e-02 0
5.839526e-01 -8.224288e-02 0
6.236420e-01 -7.122234e-02 0
7.452217e-01 -1.096441e-01 0
7.053740e-01 -1.249196e-01 0
7.053740e-01 -1.249196e-01 0
7.452217e-01 -1.096441e-01 0
8.340081e-01 -1.456914e-01 0
7.984332e-01 -1.644234e-01 0
7.984332e-01 -1.644234e-01 0
8.340081e-01 -1.456914e-01 0
9.022176e-01 -1.768441e-01 0
8.735002e-01 -1.979736e-01 0
8.735002e-01 -1.979736e-01 0
9.022176e-01 -1.768441e-01 0
9.591201e-01 -2.008359e-01 0
9.383992e-01 -2.232324e-01 0
9.383992e-01 -2.232324e-01 0
9.591201e-01 -2.008359e-01 0
1.010124e+00 -2.171854e-01 0
9.975796e-01 -2.398587e-01 0
9.975796e-01 -2.398587e-01 0
1.010124e+00 -2.171854e-01 0
1.057709e+00 -2.259414e-01 0
1.052965e+00 -2.480930e-01 0
1.052965e+00 -2.480930e-01 0
1.057709e+00 -2.259414e-01 0
1.102625e+00 -2.275446e-01 0
1.104939e+00 -2.485755e-01 0
1.104939e+00 -2.485755e-01 0
1.102625e+00 -2.275446e-01 0
1.144815e+00 -2.226672e-01 0
1.153519e+00 -2.421501e-01 0
1.153519e+00 -2.421501e-01 0
1.144815e+00 -2.226672e-01 0
1.183843e+00 -2.119581e-01 0
1.198142e+00 -2.296090e-01 0
1.198142e+00 -2.296090e-01 0
1.183843e+00 -2.119581e-01 0
1.219293e+00 -1.961642e-01 0
1.238481e+00 -2.117935e-01 0
1.238481e+00 -2.117935e-01 0
1.219293e+00 -1.961642e-01 0
1.250753e+00 -1.759134e-01 0
1.273966e+00 -1.893838e-01 0
1.273966e+00 -1.893838e-01 0
1.250753e+00 -1.759134e-01 0
1.277884e+00 -1.520559e-01 0
1.304586e+00 -1.633171e-01 0
1.304586e+00 -1.633171e-01 0
1.277884e+00 -1.520559e-01 0
1.300411e+00 -1.251802e-01 0
1.329838e+00 -1.341989e-01 0
1.329838e+00 -1.341989e-01 0
1.300411e+00 -1.251802e-01 0
1.318126e+00 -9.592284e-02 0
1.349544e+00 -1.026850e-01 0
1.349544e+00 -1.026850e-01 0
1.318126e+00 -9.592284e-02 0
1.330880e+00 -6.501888e-02 0
1.363860e+00 -6.955135e-02 0
1.363860e+00 -6.955135e-02 0
1.330880e+00 -6.501888e-02 0
1.338570e+00 -3.270942e-02 0
1.372436e+00 -3.495208e-02 0
1.372436e+00 -3.495208e-02 0
1.338570e+00 -3.270942e-02 0
1.341140e+00 6.088556e-05 0
1.375296e+00 7.668363e-05 0
1.375296e+00 7.668363e-05 0
1.341140e+00 6.088556e-05 0
1.338571e+00 3.283051e-02 0
1.372433e+00 3.510480e-02 0
1.372433e+00 3.510480e-02 0
1.338571e+00 3.283051e-02 0
1.330881e+00 6.501820e-02 0
1.363862e+00 6.955137e-02 0
1.363862e+00 6.955137e-02 0
1.330881e+00 6.501820e-02 0
1.318126e+00 9.603625e-02 0
1.349544e+00 1.028283e-01 0
1.349544e+00 1.028283e-01 0
1.318126e+00 9.603625e-02 0
1.300411e+00 1.252861e-01 0
1.329820e+00 1.343324e-01 0
1.329820e+00 1.343324e-01 0
1.300411e+00 1.252861e-01 0
1.277886e+00 1.520549e-01 0
1.304589e+00 1.633161e-01 0
1.304589e+00 1.633161e-01 0
1.277886e+00 1.520549e-01 0
1.250756e+00 1.759129e-01 0
1.274066e+00 1.893828e-01 0
1.274066e+00 1.893828e-01 0
1.250756e+00 1.759129e-01 0
1.219289e+00 1.960909e-01 0
1.238510e+00 2.117039e-01 0
1.238510e+00 2.117039e-01 0
1.219289e+00 1.960909e-01 0
1.183844e+00 2.118996e-01 0
1.198198e+00 2.295404e-01 0
1.198198e+00 2.295404e-01 0
1.183844e+00 2.118996e-01 0
1.144817e+00 2.226645e-01 0
1.153566e+00 2.421461e-01 0
1.153566e+00 2.421461e-01 0
1.144817e+00 2.226645e-01 0
1.102662e+00 2.275596e-01 0
1.105019e+00 2.485809e-01 0
1.105019e+00 2.485809e-01 0
1.102662e+00 2.275596e-01 0
1.057765e+00 2.259319e-01 0
1.052967e+00 2.480632e-01 0
1.052967e+00 2.480632e-01 0
1.057765e+00 2.259319e-01 0
1.010199e+00 2.171479e-01 0
9.975994e-01 2.397896e-01 0
9.975994e-01 2.397896e-01 0
1.010199e+00 2.171479e-01 0
9.592129e-01 2.007648e-01 0
9.384381e-01 2.231212e-01 0
9.384381e-01 2.231212e-01 0
9.592129e-01 2.007648e-01 0
9.023212e-01 1.767323e-01 0
8.737470e-01 1.978199e-01 0
8.737470e-01 1.978199e-01 0
9.023212e-01 1.767323e-01 0
8.341085e-01 1.457021e-01 0
7.984978e-01 1.644154e-01 0
7.984978e-01 1.644154e-01 0
8.341085e-01 1.457021e-01 0
7.452884e-01 1.094411e-01 0
7.054218e-01 1.247043e-01 0
7.054218e-01 1.247043e-01 0
7.452884e-01 1.094411e-01 0
6.236170e-01 7.124791e-02 0
5.839294e-01 8.225948e-02 0
5.839294e-01 8.225948e-02 0
6.236170e-01 7.124791e-02 0
4.584730e-01 3.695530e-02 0
4.245282e-01 4.340128e-02 0
4.245282e-01 4.340128e-02 0
4.584730e-01 3.695530e-02 0
2.474025e-01 1.164695e-02 0
2.268911e-01 1.438878e-02 0
2.268911e-01 1.438878e-02 0
2.474025e-01 1.164695e-02 0
-6.793629e-04 1.388444e-04 0
-1.195075e-03 6.550073e-04 0
-6.830969e-04 -1.386706e-04 0
-6.271325e-04 2.178366e-04 0
2.645136e-01 -8.948808e-03 0
2.474328e-01 -1.164553e-02 0
2.474328e-01 -1.164553e-02 0
2.645136e-01 -8.948808e-03 0
4.873114e-01 -3.011169e-02 0
4.580918e-01 -3.716277e-02 0
4.580918e-01 -3.716277e-02 0
4.873114e-01 -3.011169e-02 0
6.582247e-01 -5.914430e-02 0
6.236420e-01 -7.122234e-02 0
6.236420e-01 -7.122234e-02 0
6.582247e-01 -5.914430e-02 0
7.807804e-01 -9.211625e-02 0
7.452217e-01 -1.096441e-01 0
7.452217e-01 -1.096441e-01 0
7.807804e-01 -9.211625e-02 0
8.662168e-01 -1.238491e-01 0
8.340081e-01 -1.456914e-01 0
8.340081e-01 -1.456914e-01 0
8.662168e-01 -1.238491e-01 0
9.286846e-01 -1.515913e-01 0
9.022176e-01 -1.768441e-01 0
9.022176e-01 -1.768441e-01 0
9.286846e-01 -1.515913e-01 0
9.786943e-01 -1.735142e-01 0
9.591201e-01 -2.008359e-01 0
9.591201e-01 -2.008359e-01 0
9.786943e-01 -1.735142e-01 0
1.022498e+00 -1.889370e-01 0
1.010124e+00 -2.171854e-01 0
1.010124e+00 -2.171854e-01 0
1.022498e+00 -1.889370e-01 0
1.063084e+00 -1.977518e-01 0
1.057709e+00 -2.259414e-01 0
1.057709e+00 -2.259414e-01 0
1.063084e+00 -1.977518e-01 0
1.101478e+00 -2.002206e-01 0
1.102625e+00 -2.275446e-01 0
1.102625e+00 -2.275446e-01 0
1.101478e+00 -2.002206e-01 0
1.137798e+00 -1.968019e-01 0
1.144815e+00 -2.226672e-01 0
1.144815e+00 -2.226672e-01 0
1.137798e+00 -1.968019e-01 0
1.171575e+00 -1.880856e-01 0
1.183843e+00 -2.119581e-01 0
1.183843e+00 -2.119581e-01 0
1.171575e+00 -1.880856e-01 0
1.202445e+00 -1.746642e-01 0
1.219293e+00 -1.961642e-01 0
1.219293e+00 -1.961642e-01 0
1.202445e+00 -1.746642e-01 0
1.229990e+00 -1.571450e-01 0
1.250753e+00 -1.759134e-01 0
1.250753e+00 -1.759134e-01 0
1.229990e+00 -1.571450e-01 0
1.253825e+00 -1.361636e-01 0
1.277884e+00 -1.520559e-01 0
1.277884e+00 -1.520559e-01 0
1.253825e+00 -1.361636e-01 0
1.273713e+00 -1.123188e-01 0
1.300411e+00 -1.251802e-01 0
1.300411e+00 -1.251802e-01 0
1.273713e+00 -1.123188e-01 0
1.289411e+00 -8.620297e-02 0
1.318126e+00 -9.592284e-02 0
1.318126e+00 -9.592284e-02 0
1.289411e+00 -8.620297e-02 0
1.300721e+00 -5.842536e-02 0
1.330880e+00 -6.501888e-02 0
1.330880e+00 -6.501888e-02 0
1.300721e+00 -5.842536e-02 0
1.307546e+00 -2.946994e-02 0
1.338570e+00 -3.270942e-02 0
1.338570e+00 -3.270942e-02 0
1.307546e+00 -2.946994e-02 0
1.309832e+00 1.456813e-05 0
1.341140e+00 6.088556e-05 0
1.341140e+00 6.088556e-05 0
1.309832e+00 1.456813e-05 0
1.307550e+00 2.949886e-02 0
1.338571e+00 3.283051e-02 0
1.338571e+00 3.283051e-02 0
1.307550e+00 2.949886e-02 0
1.300722e+00 5.842432e-02 0
1.330881e+00 6.501820e-02 0
1.330881e+00 6.501820e-02 0
1.300722e+00 5.842432e-02 0
1.289411e+00 8.622805e-02 0
1.318126e+00 9.603625e-02 0
1.318126e+00 9.603625e-02 0
1.289411e+00 8.622805e-02 0
1.273732e+00 1.123402e-01 0
1.300411e+00 1.252861e-01 0
1.300411e+00 1.252861e-01 0
1.273732e+00 1.123402e-01 0
1.253827e+00 1.361811e-01 0
1.277886e+00 1.520549e-01 0
1.277886e+00 1.520549e-01 0
1.253827e+00 1.361811e-01 0
1.229992e+00 1.571447e-01 0
1.250756e+00 1.759129e-01 0
1.250756e+00 1.759129e-01 0
1.229992e+00 1.571447e-01 0
1.202408e+00 1.746579e-01 0
1.219289e+00 1.960909e-01 0
1.219289e+00 1.960909e-01 0
1.202408e+00 1.746579e-01 0
1.171577e+00 1.880860e-01 0
1.183844e+00 2.118996e-01 0
1.183844e+00 2.118996e-01 0
1.171577e+00 1.880860e-01 0
1.137801e+00 1.968008e-01 0
1.144817e+00 2.226645e-01 0
1.144817e+00 2.226645e-01 0
1.137801e+00 1.968008e-01 0
1.101559e+00 2.002030e-01 0
1.102662e+00 2.275596e-01 0
1.102662e+00 2.275596e-01 0
1.101559e+00 2.002030e-01 0
1.063185e+00 1.977274e-01 0
1.057765e+00 2.259319e-01 0
1.057765e+00 2.259319e-01 0
1.063185e+00 1.977274e-01 0
1.022621e+00 1.889078e-01 0
1.010199e+00 2.171479e-01 0
1.010199e+00 2.171479e-01 0
1.022621e+00 1.889078e-01 0
9.788373e-01 1.734823e-01 0
9.592129e-01 2.007648e-01 0
9.592129e-01 2.007648e-01 0
9.788373e-01 1.734823e-01 0
9.288431e-01 1.515594e-01 0
9.023212e-01 1.767323e-01 0
9.023212e-01 1.767323e-01 0
9.288431e-01 1.515594e-01 0
8.663756e-01 1.238690e-01 0
8.341085e-01 1.457021e-01 0
8.341085e-01 1.457021e-01 0
8.663756e-01 1.238690e-01 0
7.809010e-01 9.209075e-02 0
7.452884e-01 1.094411e-01 0
7.452884e-01 1.094411e-01 0
7.809010e-01 9.209075e-02 0
6.582046e-01 5.917130e-02 0
6.236170e-01 7.124791e-02 0
6.236170e-01 7.124791e-02 0
6.582046e-01 5.917130e-02 0
4.871201e-01 3.001379e-02 0
4.584730e-01 3.695530e-02 0
4.584730e-01 3.695530e-02 0
4.871201e-01 3.001379e-02 0
2.644943e-01 8.990510e-03 0
2.474025e-01 1.164695e-02 0
2.474025e-01 1.164695e-02 0
2.644943e-01 8.990510e-03 0
-6.239069e-04 -2.180922e-04 0
-6.793629e-04 1.388444e-04 0
-6.271325e-04 2.178366e-04 0
-8.590021e-04 3.839264e-04 0
2.782691e-01 -6.688400e-03 0
2.645136e-01 -8.948808e-03 0
2.645136e-01 -8.948808e-03 0
2.782691e-01 -6.688400e-03 0
5.110704e-01 -2.387480e-02 0
4.873114e-01 -3.011169e-02 0
4.873114e-01 -3.011169e-02 0
5.110704e-01 -2.387480e-02 0
6.874459e-01 -4.798603e-02 0
6.582247e-01 -5.914430e-02 0
6.582247e-01 -5.914430e-02 0
6.874459e-01 -4.798603e-02 0
8.110695e-01 -7.576100e-02 0
7.807804e-01 -9.211625e-02 0
7.807804e-01 -9.211625e-02 0
8.110695e-01 -7.576100e-02 0
8.941895e-01 -1.029838e-01 0
8.662168e-01 -1.238491e-01 0
8.662168e-01 -1.238491e-01 0
8.941895e-01 -1.029838e-01 0
9.521597e-01 -1.271343e-01 0
9.286846e-01 -1.515913e-01 0
9.286846e-01 -1.515913e-01 0
9.521597e-01 -1.271343e-01 0
9.965186e-01 -1.466231e-01 0
9.786943e-01 -1.735142e-01 0
9.786943e-01 -1.735142e-01 0
9.965186e-01 -1.466231e-01 0
1.034245e+00 -1.607153e-01 0
1.022498e+00 -1.889370e-01 0
1.022498e+00 -1.889370e-01 0
1.034245e+00 -1.607153e-01 0
1.068786e+00 -1.691978e-01 0
1.063084e+00 -1.977518e-01 0
1.063084e+00 -1.977518e-01 0
1.068786e+00 -1.691978e-01 0
1.101442e+00 -1.721936e-01 0
1.101478e+00 -2.002206e-01 0
1.101478e+00 -2.002206e-01 0
1.101442e+00 -1.721936e-01 0
1.132480e+00 -1.700092e-01 0
1.137798e+00 -1.968019e-01 0
1.137798e+00 -1.968019e-01 0
1.132480e+00 -1.700092e-01 0
1.161504e+00 -1.631123e-01 0
1.171575e+00 -1.880856e-01 0
1.171575e+00 -1.880856e-01 0
1.161504e+00 -1.631123e-01 0
1.188142e+00 -1.519788e-01 0
1.202445e+00 -1.746642e-01 0
1.202445e+00 -1.746642e-01 0
1.188142e+00 -1.519788e-01 0
1.212113e+00 -1.371388e-01 0
1.229990e+00 -1.571450e-01 0
1.229990e+00 -1.571450e-01 0
1.212113e+00 -1.371388e-01 0
1.232903e+00 -1.191093e-01 0
1.253825e+00 -1.361636e-01 0
1.253825e+00 -1.361636e-01 0
1.232903e+00 -1.191093e-01 0
1.250318e+00 -9.843838e-02 0
1.273713e+00 -1.123188e-01 0
1.273713e+00 -1.123188e-01 0
1.250318e+00 -9.843838e-02 0
1.264106e+00 -7.566198e-02 0
1.289411e+00 -8.620297e-02 0
1.289411e+00 -8.620297e-02 0
1.264106e+00 -7.566198e-02 0
1.274047e+00 -5.131244e-02 0
1.300721e+00 -5.842536e-02 0
1.300721e+00 -5.842536e-02 0
1.274047e+00 -5.131244e-02 0
1.280068e+00 -2.591689e-02 0
1.307546e+00 -2.946994e-02 0
1.307546e+00 -2.946994e-02 0
1.280068e+00 -2.591689e-02 0
1.282084e+00 -1.124752e-07 0
1.309832e+00 1.456813e-05 0
1.309832e+00 1.456813e-05 0
1.282084e+00 -1.124752e-07 0
1.280073e+00 2.591659e-02 0
1.307550e+00 2.949886e-02 0
1.307550e+00 2.949886e-02 0
1.280073e+00 2.591659e-02 0
1.274058e+00 5.131129e-02 0
1.300722e+00 5.842432e-02 0
1.300722e+00 5.842432e-02 0
1.274058e+00 5.131129e-02 0
1.264106e+00 7.565976e-02 0
1.289411e+00 8.622805e-02 0
1.289411e+00 8.622805e-02 0
1.264106e+00 7.565976e-02 0
1.250340e+00 9.843439e-02 0
1.273732e+00 1.123402e-01 0
1.273732e+00 1.123402e-01 0
1.250340e+00 9.843439e-02 0
1.232905e+00 1.191086e-01 0
1.253827e+00 1.361811e-01 0
1.253827e+00 1.361811e-01 0
1.232905e+00 1.191086e-01 0
1.212081e+00 1.371387e-01 0
1.229992e+00 1.571447e-01 0
1.229992e+00 1.571447e-01 0
1.212081e+00 1.371387e-01 0
1.188144e+00 1.519895e-01 0
1.202408e+00 1.746579e-01 0
1.202408e+00 1.746579e-01 0
1.188144e+00 1.519895e-01 0
1.161507e+00 1.631257e-01 0
1.171577e+00 1.880860e-01 0
1.171577e+00 1.880860e-01 0
1.161507e+00 1.631257e-01 0
1.132484e+00 1.700092e-01 0
1.137801e+00 1.968008e-01 0
1.137801e+00 1.968008e-01 0
1.132484e+00 1.700092e-01 0
1.101523e+00 1.721765e-01 0
1.101559e+00 2.002030e-01 0
1.101559e+00 2.002030e-01 0
1.101523e+00 1.721765e-01 0
1.068883e+00 1.691811e-01 0
1.063185e+00 1.977274e-01 0
1.063185e+00 1.977274e-01 0
1.068883e+00 1.691811e-01 0
1.034357e+00 1.607014e-01 0
1.022621e+00 1.889078e-01 0
1.022621e+00 1.889078e-01 0
1.034357e+00 1.607014e-01 0
9.966452e-01 1.466142e-01 0
9.788373e-01 1.734823e-01 0
9.788373e-01 1.734823e-01 0
9.966452e-01 1.466142e-01 0
9.522970e-01 1.271321e-01 0
9.288431e-01 1.515594e-01 0
9.288431e-01 1.515594e-01 0
9.522970e-01 1.271321e-01 0
8.943251e-01 1.030039e-01 0
8.663756e-01 1.238690e-01 0
8.663756e-01 1.238690e-01 0
8.943251e-01 1.030039e-01 0
8.111723e-01 7.577200e-02 0
7.809010e-01 9.209075e-02 0
7.809010e-01 9.209075e-02 0
8.111723e-01 7.577200e-02 0
6.874308e-01 4.800894e-02 0
6.582046e-01 5.917130e-02 0
6.582046e-01 5.917130e-02 0
6.874308e-01 4.800894e-02 0
5.108984e-01 2.383565e-02 0
4.871201e-01 3.001379e-02 0
4.871201e-01 3.001379e-02 0
5.108984e-01 2.383565e-02 0
2.782591e-01 6.692676e-03 0
2.644943e-01 8.990510e-03 0
2.644943e-01 8.990510e-03 0
2.782591e-01 6.692676e-03 0
-8.561042e-04 -3.845512e-04 0
-6.239069e-04 -2.180922e-04 0
-8.590021e-04 3.839264e-04 0
-1.218705e-03 4.131659e-04 0
2.891869e-01 -5.013388e-03 0
2.782691e-01 -6.688400e-03 0
2.782691e-01 -6.688400e-03 0
2.891869e-01 -5.013388e-03 0
5.301083e-01 -1.881017e-02 0
5.110704e-01 -2.387480e-02 0
5.110704e-01 -2.387480e-02 0
5.301083e-01 -1.881017e-02 0
7.117065e-01 -3.851930e-02 0
6.874459e-01 -4.798603e-02 0
6.874459e-01 -4.798603e-02 0
7.117065e-01 -3.851930e-02 0
8.364307e-01 -6.175216e-02 0
8.110695e-01 -7.576100e-02 0
8.110695e-01 -7.576100e-02 0
8.364307e-01 -6.175216e-02 0
9.180242e-01 -8.474117e-02 0
8.941895e-01 -1.029838e-01 0
8.941895e-01 -1.029838e-01 0
9.180242e-01 -8.474117e-02 0
9.725397e-01 -1.054862e-01 0
9.521597e-01 -1.271343e-01 0
9.521597e-01 -1.271343e-01 0
9.725397e-01 -1.054862e-01 0
1.012348e+00 -1.224966e-01 0
9.965186e-01 -1.466231e-01 0
9.965186e-01 -1.466231e-01 0
1.012348e+00 -1.224966e-01 0
1.045037e+00 -1.350857e-01 0
1.034245e+00 -1.607153e-01 0
1.034245e+00 -1.607153e-01 0
1.045037e+00 -1.350857e-01 0
1.074461e+00 -1.429822e-01 0
1.068786e+00 -1.691978e-01 0
1.068786e+00 -1.691978e-01 0
1.074461e+00 -1.429822e-01 0
1.102171e+00 -1.462095e-01 0
1.101442e+00 -1.721936e-01 0
1.101442e+00 -1.721936e-01 0
1.102171e+00 -1.462095e-01 0
1.128583e+00 -1.449721e-01 0
1.132480e+00 -1.700092e-01 0
1.132480e+00 -1.700092e-01 0
1.128583e+00 -1.449721e-01 0
1.153394e+00 -1.396014e-01 0
1.161504e+00 -1.631123e-01 0
1.161504e+00 -1.631123e-01 0
1.153394e+00 -1.396014e-01 0
1.176280e+00 -1.304844e-01 0
1.188142e+00 -1.519788e-01 0
1.188142e+00 -1.519788e-01 0
1.176280e+00 -1.304844e-01 0
1.196983e+00 -1.180577e-01 0
1.212113e+00 -1.371388e-01 0
1.212113e+00 -1.371388e-01 0
1.196983e+00 -1.180577e-01 0
1.215005e+00 -1.027670e-01 0
1.232903e+00 -1.191093e-01 0
1.232903e+00 -1.191093e-01 0
1.215005e+00 -1.027670e-01 0
1.230156e+00 -8.508601e-02 0
1.250318e+00 -9.843838e-02 0
1.250318e+00 -9.843838e-02 0
1.230156e+00 -8.508601e-02 0
1.242185e+00 -6.549026e-02 0
1.264106e+00 -7.566198e-02 0
1.264106e+00 -7.566198e-02 0
1.242185e+00 -6.549026e-02 0
1.250874e+00 -4.445571e-02 0
1.274047e+00 -5.131244e-02 0
1.274047e+00 -5.131244e-02 0
1.250874e+00 -4.445571e-02 0
1.256143e+00 -2.246905e-02 0
1.280068e+00 -2.591689e-02 0
1.280068e+00 -2.591689e-02 0
1.256143e+00 -2.246905e-02 0
1.257909e+00 -1.706318e-06 0
1.282084e+00 -1.124752e-07 0
1.282084e+00 -1.124752e-07 0
1.257909e+00 -1.706318e-06 0
1.256148e+00 2.246566e-02 0
1.280073e+00 2.591659e-02 0
1.280073e+00 2.591659e-02 0
1.256148e+00 2.246566e-02 0
1.250883e+00 4.445468e-02 0
1.274058e+00 5.131129e-02 0
1.274058e+00 5.131129e-02 0
1.250883e+00 4.445468e-02 0
1.242186e+00 6.548639e-02 0
1.264106e+00 7.565976e-02 0
1.264106e+00 7.565976e-02 0
1.242186e+00 6.548639e-02 0
1.230177e+00 8.508171e-02 0
1.250340e+00 9.843439e-02 0
1.250340e+00 9.843439e-02 0
1.230177e+00 8.508171e-02 0
1.215006e+00 1.027625e-01 0
1.232905e+00 1.191086e-01 0
1.232905e+00 1.191086e-01 0
1.215006e+00 1.027625e-01 0
1.196951e+00 1.180576e-01 0
1.212081e+00 1.371387e-01 0
1.212081e+00 1.371387e-01 0
1.196951e+00 1.180576e-01 0
1.176281e+00 1.304896e-01 0
1.188144e+00 1.519895e-01 0
1.188144e+00 1.519895e-01 0
1.176281e+00 1.304896e-01 0
1.153397e+00 1.396069e-01 0
1.161507e+00 1.631257e-01 0
1.161507e+00 1.631257e-01 0
1.153397e+00 1.396069e-01 0
1.128587e+00 1.449729e-01 0
1.132484e+00 1.700092e-01 0
1.132484e+00 1.700092e-01 0
1.128587e+00 1.449729e-01 0
1.102247e+00 1.462068e-01 0
1.101523e+00 1.721765e-01 0
1.101523e+00 1.721765e-01 0
1.102247e+00 1.462068e-01 0
1.074549e+00 1.429811e-01 0
1.068883e+00 1.691811e-01 0
1.068883e+00 1.691811e-01 0
1.074549e+00 1.429811e-01 0
1.045135e+00 1.350855e-01 0
1.034357e+00 1.607014e-01 0
1.034357e+00 1.607014e-01 0
1.045135e+00 1.350855e-01 0
1.012451e+00 1.224948e-01 0
9.966452e-01 1.466142e-01 0
9.966452e-01 1.466142e-01 0
1.012451e+00 1.224948e-01 0
9.726438e-01 1.054781e-01 0
9.522970e-01 1.271321e-01 0
9.522970e-01 1.271321e-01 0
9.726438e-01 1.054781e-01 0
9.181185e-01 8.475782e-02 0
8.943251e-01 1.030039e-01 0
8.943251e-01 1.030039e-01 0
9.181185e-01 8.475782e-02 0
8.364938e-01 6.170946e-02 0
8.111723e-01 7.577200e-02 0
8.111723e-01 7.577200e-02 0
8.364938e-01 6.170946e-02 0
7.116962e-01 3.853558e-02 0
6.874308e-01 4.800894e-02 0
6.874308e-01 4.800894e-02 0
7.116962e-01 3.853558e-02 0
5.301016e-01 1.883313e-02 0
5.108984e-01 2.383565e-02 0
5.108984e-01 2.383565e-02 0
5.301016e-01 1.883313e-02 0
2.891837e-01 5.016558e-03 0
2.782591e-01 6.692676e-03 0
2.782591e-01 6.692676e-03 0
2.891837e-01 5.016558e-03 0
-1.216144e-03 -4.132428e-04 0
-8.561042e-04 -3.845512e-04 0
-1.218705e-03 4.131659e-04 0
-1.600750e-03 3.704341e-04 0
2.978332e-01 -3.810171e-03 0
2.891869e-01 -5.013388e-03 0
2.891869e-01 -5.013388e-03 0
2.978332e-01 -3.810171e-03 0
5.458768e-01 -1.486758e-02 0
5.301083e-01 -1.881017e-02 0
5.301083e-01 -1.881017e-02 0
5.458768e-01 -1.486758e-02 0
7.316717e-01 -3.096229e-02 0
7.117065e-01 -3.851930e-02 0
7.117065e-01 -3.851930e-02 0
7.316717e-01 -3.096229e-02 0
8.577853e-01 -5.015560e-02 0
8.364307e-01 -6.175216e-02 0
8.364307e-01 -6.175216e-02 0
8.577853e-01 -5.015560e-02 0
9.383257e-01 -6.941473e-02 0
9.180242e-01 -8.474117e-02 0
9.180242e-01 -8.474117e-02 0
9.383257e-01 -6.941473e-02 0
9.901303e-01 -8.701543e-02 0
9.725397e-01 -1.054862e-01 0
9.725397e-01 -1.054862e-01 0
9.901303e-01 -8.701543e-02 0
1.026243e+00 -1.016813e-01 0
1.012348e+00 -1.224966e-01 0
1.012348e+00 -1.224966e-01 0
1.026243e+00 -1.016813e-01 0
1.054758e+00 -1.127584e-01 0
1.045037e+00 -1.350857e-01 0
1.045037e+00 -1.350857e-01 0
1.054758e+00 -1.127584e-01 0
1.079870e+00 -1.199474e-01 0
1.074461e+00 -1.429822e-01 0
1.074461e+00 -1.429822e-01 0
1.079870e+00 -1.199474e-01 0
1.103351e+00 -1.232031e-01 0
1.102171e+00 -1.462095e-01 0
1.102171e+00 -1.462095e-01 0
1.103351e+00 -1.232031e-01 0
1.125760e+00 -1.226426e-01 0
1.128583e+00 -1.449721e-01 0
1.128583e+00 -1.449721e-01 0
1.125760e+00 -1.226426e-01 0
1.146885e+00 -1.185088e-01 0
1.153394e+00 -1.396014e-01 0
1.153394e+00 -1.396014e-01 0
1.146885e+00 -1.185088e-01 0
1.166498e+00 -1.111021e-01 0
1.176280e+00 -1.304844e-01 0
1.176280e+00 -1.304844e-01 0
1.166498e+00 -1.111021e-01 0
1.184251e+00 -1.007851e-01 0
1.196983e+00 -1.180577e-01 0
1.196983e+00 -1.180577e-01 0
1.184251e+00 -1.007851e-01 0
1.199790e+00 -8.792030e-02 0
1.215005e+00 -1.027670e-01 0
1.215005e+00 -1.027670e-01 0
1.199790e+00 -8.792030e-02 0
1.212901e+00 -7.292072e-02 0
1.230156e+00 -8.508601e-02 0
1.230156e+00 -8.508601e-02 0
1.212901e+00 -7.292072e-02 0
1.223340e+00 -5.620278e-02 0
1.242185e+00 -6.549026e-02 0
1.242185e+00 -6.549026e-02 0
1.223340e+00 -5.620278e-02 0
1.230899e+00 -3.817933e-02 0
1.250874e+00 -4.445571e-02 0
1.250874e+00 -4.445571e-02 0
1.230899e+00 -3.817933e-02 0
1.235475e+00 -1.931505e-02 0
1.256143e+00 -2.246905e-02 0
1.256143e+00 -2.246905e-02 0
1.235475e+00 -1.931505e-02 0
1.237013e+00 -6.401487e-06 0
1.257909e+00 -1.706318e-06 0
1.257909e+00 -1.706318e-06 0
1.237013e+00 -6.401487e-06 0
1.235480e+00 1.930232e-02 0
1.256148e+00 2.246566e-02 0
1.256148e+00 2.246566e-02 0
1.235480e+00 1.930232e-02 0
1.230900e+00 3.817852e-02 0
1.250883e+00 4.445468e-02 0
1.250883e+00 4.445468e-02 0
1.230900e+00 3.817852e-02 0
1.223341e+00 5.619041e-02 0
1.242186e+00 6.548639e-02 0
1.242186e+00 6.548639e-02 0
1.223341e+00 5.619041e-02 0
1.212923e+00 7.290869e-02 0
1.230177e+00 8.508171e-02 0
1.230177e+00 8.508171e-02 0
1.212923e+00 7.290869e-02 0
1.199791e+00 8.792005e-02 0
1.215006e+00 1.027625e-01 0
1.215006e+00 1.027625e-01 0
1.199791e+00 8.792005e-02 0
1.184251e+00 1.007851e-01 0
1.196951e+00 1.180576e-01 0
1.196951e+00 1.180576e-01 0
1.184251e+00 1.007851e-01 0
1.166457e+00 1.111120e-01 0
1.176281e+00 1.304896e-01 0
1.176281e+00 1.304896e-01 0
1.166457e+00 1.111120e-01 0
1.146887e+00 1.185175e-01 0
1.153397e+00 1.396069e-01 0
1.153397e+00 1.396069e-01 0
1.146887e+00 1.185175e-01 0
1.125762e+00 1.226437e-01 0
1.128587e+00 1.449729e-01 0
1.128587e+00 1.449729e-01 0
1.125762e+00 1.226437e-01 0
1.103422e+00 1.232009e-01 0
1.102247e+00 1.462068e-01 0
1.102247e+00 1.462068e-01 0
1.103422e+00 1.232009e-01 0
1.079949e+00 1.199483e-01 0
1.074549e+00 1.429811e-01 0
1.074549e+00 1.429811e-01 0
1.079949e+00 1.199483e-01 0
1.054844e+00 1.127617e-01 0
1.045135e+00 1.350855e-01 0
1.045135e+00 1.350855e-01 0
1.054844e+00 1.127617e-01 0
1.026333e+00 1.016847e-01 0
1.012451e+00 1.224948e-01 0
1.012451e+00 1.224948e-01 0
1.026333e+00 1.016847e-01 0
9.902199e-01 8.701451e-02 0
9.726438e-01 1.054781e-01 0
9.726438e-01 1.054781e-01 0
9.902199e-01 8.701451e-02 0
9.384088e-01 6.942657e-02 0
9.181185e-01 8.475782e-02 0
9.181185e-01 8.475782e-02 0
9.384088e-01 6.942657e-02 0
8.578447e-01 5.012619e-02 0
8.364938e-01 6.170946e-02 0
8.364938e-01 6.170946e-02 0
8.578447e-01 5.012619e-02 0
7.316655e-01 3.097216e-02 0
7.116962e-01 3.853558e-02 0
7.116962e-01 3.853558e-02 0
7.316655e-01 3.097216e-02 0
5.458826e-01 1.472987e-02 0
5.301016e-01 1.883313e-02 0
5.301016e-01 1.883313e-02 0
5.458826e-01 1.472987e-02 0
2.978342e-01 3.811307e-03 0
2.891837e-01 5.016558e-03 0
2.891837e-01 5.016558e-03 0
2.978342e-01 3.811307e-03 0
-1.598655e-03 -3.706622e-04 0
-1.216144e-03 -4.132428e-04 0
-1.600750e-03 3.704341e-04 0
-1.951453e-03 3.041338e-04 0
3.047098e-01 -2.990812e-03 0
2.978332e-01 -3.810171e-03 0
2.978332e-01 -3.810171e-03 0
3.047098e-01 -2.990812e-03 0
5.586446e-01 -1.187348e-02 0
5.458768e-01 -1.486758e-02 0
5.458768e-01 -1.486758e-02 0
5.586446e-01 -1.187348e-02 0
7.480470e-01 -2.504549e-02 0
7.316717e-01 -3.096229e-02 0
7.316717e-01 -3.096229e-02 0
7.480470e-01 -2.504549e-02 0
8.756387e-01 -4.076603e-02 0
8.577853e-01 -5.015560e-02 0
8.577853e-01 -5.015560e-02 0
8.756387e-01 -4.076603e-02 0
9.554784e-01 -5.683096e-02 0
9.383257e-01 -6.941473e-02 0
9.383257e-01 -6.941473e-02 0
9.554784e-01 -5.683096e-02 0
1.005171e+00 -7.162785e-02 0
9.901303e-01 -8.701543e-02 0
9.901303e-01 -8.701543e-02 0
1.005171e+00 -7.162785e-02 0
1.038304e+00 -8.415886e-02 0
1.026243e+00 -1.016813e-01 0
1.026243e+00 -1.016813e-01 0
1.038304e+00 -8.415886e-02 0
1.063383e+00 -9.379231e-02 0
1.054758e+00 -1.127584e-01 0
1.054758e+00 -1.127584e-01 0
1.063383e+00 -9.379231e-02 0
1.084890e+00 -1.002234e-01 0
1.079870e+00 -1.199474e-01 0
1.079870e+00 -1.199474e-01 0
1.084890e+00 -1.002234e-01 0
1.104789e+00 -1.033638e-01 0
1.103351e+00 -1.232031e-01 0
1.103351e+00 -1.232031e-01 0
1.104789e+00 -1.033638e-01 0
1.123756e+00 -1.032618e-01 0
1.125760e+00 -1.226426e-01 0
1.125760e+00 -1.226426e-01 0
1.123756e+00 -1.032618e-01 0
1.141690e+00 -1.001018e-01 0
1.146885e+00 -1.185088e-01 0
1.146885e+00 -1.185088e-01 0
1.141690e+00 -1.001018e-01 0
1.158369e+00 -9.410846e-02 0
1.166498e+00 -1.111021e-01 0
1.166498e+00 -1.111021e-01 0
1.158369e+00 -9.410846e-02 0
1.173598e+00 -8.558370e-02 0
1.184251e+00 -1.007851e-01 0
1.184251e+00 -1.007851e-01 0
1.173598e+00 -8.558370e-02 0
1.186941e+00 -7.481047e-02 0
1.199790e+00 -8.792030e-02 0
1.199790e+00 -8.792030e-02 0
1.186941e+00 -7.481047e-02 0
1.198234e+00 -6.214979e-02 0
1.212901e+00 -7.292072e-02 0
1.212901e+00 -7.292072e-02 0
1.198234e+00 -6.214979e-02 0
1.207249e+00 -4.796290e-02 0
1.223340e+00 -5.620278e-02 0
1.223340e+00 -5.620278e-02 0
1.207249e+00 -4.796290e-02 0
1.213777e+00 -3.260227e-02 0
1.230899e+00 -3.817933e-02 0
1.230899e+00 -3.817933e-02 0
1.213777e+00 -3.260227e-02 0
1.217749e+00 -1.651034e-02 0
1.235475e+00 -1.931505e-02 0
1.235475e+00 -1.931505e-02 0
1.217749e+00 -1.651034e-02 0
1.219082e+00 -1.070741e-05 0
1.237013e+00 -6.401487e-06 0
1.237013e+00 -6.401487e-06 0
1.219082e+00 -1.070741e-05 0
1.217754e+00 1.648900e-02 0
1.235480e+00 1.930232e-02 0
1.235480e+00 1.930232e-02 0
1.217754e+00 1.648900e-02 0
1.213787e+00 3.260167e-02 0
1.230900e+00 3.817852e-02 0
1.230900e+00 3.817852e-02 0
1.213787e+00 3.260167e-02 0
1.207249e+00 4.794209e-02 0
1.223341e+00 5.619041e-02 0
1.223341e+00 5.619041e-02 0
1.207249e+00 4.794209e-02 0
1.198255e+00 6.212951e-02 0
1.212923e+00 7.290869e-02 0
1.212923e+00 7.290869e-02 0
1.198255e+00 6.212951e-02 0
1.186942e+00 7.481036e-02 0
1.199791e+00 8.792005e-02 0
1.199791e+00 8.792005e-02 0
1.186942e+00 7.481036e-02 0
1.173567e+00 8.558382e-02 0
1.184251e+00 1.007851e-01 0
1.184251e+00 1.007851e-01 0
1.173567e+00 8.558382e-02 0
1.158370e+00 9.412593e-02 0
1.166457e+00 1.111120e-01 0
1.166457e+00 1.111120e-01 0
1.158370e+00 9.412593e-02 0
1.141692e+00 1.001176e-01 0
1.146887e+00 1.185175e-01 0
1.146887e+00 1.185175e-01 0
1.141692e+00 1.001176e-01 0
1.123759e+00 1.032630e-01 0
1.125762e+00 1.226437e-01 0
1.125762e+00 1.226437e-01 0
1.123759e+00 1.032630e-01 0
1.104847e+00 1.033568e-01 0
1.103422e+00 1.232009e-01 0
1.103422e+00 1.232009e-01 0
1.104847e+00 1.033568e-01 0
1.084953e+00 1.002217e-01 0
1.079949e+00 1.199483e-01 0
1.079949e+00 1.199483e-01 0
1.084953e+00 1.002217e-01 0
1.063452e+00 9.379687e-02 0
1.054844e+00 1.127617e-01 0
1.054844e+00 1.127617e-01 0
1.063452e+00 9.379687e-02 0
1.038379e+00 8.417009e-02 0
1.026333e+00 1.016847e-01 0
1.026333e+00 1.016847e-01 0
1.038379e+00 8.417009e-02 0
1.005253e+00 7.164517e-02 0
9.902199e-01 8.701451e-02 0
9.902199e-01 8.701451e-02 0
1.005253e+00 7.164517e-02 0
9.555645e-01 5.683786e-02 0
9.384088e-01 6.942657e-02 0
9.384088e-01 6.942657e-02 0
9.555645e-01 5.683786e-02 0
8.757137e-01 4.078896e-02 0
8.578447e-01 5.012619e-02 0
8.578447e-01 5.012619e-02 0
8.757137e-01 4.078896e-02 0
7.480439e-01 2.505006e-02 0
7.316655e-01 3.097216e-02 0
7.316655e-01 3.097216e-02 0
7.480439e-01 2.505006e-02 0
5.587689e-01 1.186606e-02 0
5.458826e-01 1.472987e-02 0
5.458826e-01 1.472987e-02 0
5.587689e-01 1.186606e-02 0
3.047132e-01 2.990728e-03 0
2.978342e-01 3.811307e-03 0
2.978342e-01 3.811307e-03 0
3.047132e-01 2.990728e-03 0
-1.949902e-03 -3.044493e-04 0
-1.598655e-03 -3.706622e-04 0
-1.951453e-03 3.041338e-04 0
-2.251594e-03 2.394190e-04 0
3.102166e-01 -2.357818e-03 0
3.047098e-01 -2.990812e-03 0
3.047098e-01 -2.990812e-03 0
3.102166e-01 -2.357818e-03 0
5.691852e-01 -9.541105e-03 0
5.586446e-01 -1.187348e-02 0
5.586446e-01 -1.187348e-02 0
5.691852e-01 -9.541105e-03 0
7.614756e-01 -2.030680e-02 0
7.480470e-01 -2.504549e-02 0
7.480470e-01 -2.504549e-02 0
7.614756e-01 -2.030680e-02 0
8.902991e-01 -3.326143e-02 0
8.756387e-01 -4.076603e-02 0
8.756387e-01 -4.076603e-02 0
8.902991e-01 -3.326143e-02 0
9.697410e-01 -4.662632e-02 0
9.554784e-01 -5.683096e-02 0
9.554784e-01 -5.683096e-02 0
9.697410e-01 -4.662632e-02 0
1.017843e+00 -5.905306e-02 0
1.005171e+00 -7.162785e-02 0
1.005171e+00 -7.162785e-02 0
1.017843e+00 -5.905306e-02 0
1.048620e+00 -6.969818e-02 0
1.038304e+00 -8.415886e-02 0
1.038304e+00 -8.415886e-02 0
1.048620e+00 -6.969818e-02 0
1.070913e+00 -7.800058e-02 0
1.063383e+00 -9.379231e-02 0
1.063383e+00 -9.379231e-02 0
1.070913e+00 -7.800058e-02 0
1.089441e+00 -8.366908e-02 0
1.084890e+00 -1.002234e-01 0
1.084890e+00 -1.002234e-01 0
1.089441e+00 -8.366908e-02 0
1.106337e+00 -8.659388e-02 0
1.104789e+00 -1.033638e-01 0
1.104789e+00 -1.033638e-01 0
1.106337e+00 -8.659388e-02 0
1.122386e+00 -8.678415e-02 0
1.123756e+00 -1.032618e-01 0
1.123756e+00 -1.032618e-01 0
1.122386e+00 -8.678415e-02 0
1.137582e+00 -8.436665e-02 0
1.141690e+00 -1.001018e-01 0
1.141690e+00 -1.001018e-01 0
1.137582e+00 -8.436665e-02 0
1.151757e+00 -7.951298e-02 0
1.158369e+00 -9.410846e-02 0
1.158369e+00 -9.410846e-02 0
1.151757e+00 -7.951298e-02 0
1.164748e+00 -7.246664e-02 0
1.173598e+00 -8.558370e-02 0
1.173598e+00 -8.558370e-02 0
1.164748e+00 -7.246664e-02 0
1.176165e+00 -6.345977e-02 0
1.186941e+00 -7.481047e-02 0
1.186941e+00 -7.481047e-02 0
1.176165e+00 -6.345977e-02 0
1.185855e+00 -5.279826e-02 0
1.198234e+00 -6.214979e-02 0
1.198234e+00 -6.214979e-02 0
1.185855e+00 -5.279826e-02 0
1.193607e+00 -4.079304e-02 0
1.207249e+00 -4.796290e-02 0
1.207249e+00 -4.796290e-02 0
1.193607e+00 -4.079304e-02 0
1.199230e+00 -2.774958e-02 0
1.213777e+00 -3.260227e-02 0
1.213777e+00 -3.260227e-02 0
1.199230e+00 -2.774958e-02 0
1.202655e+00 -1.406132e-02 0
1.217749e+00 -1.651034e-02 0
1.217749e+00 -1.651034e-02 0
1.202655e+00 -1.406132e-02 0
1.203805e+00 -1.017224e-05 0
1.219082e+00 -1.070741e-05 0
1.219082e+00 -1.070741e-05 0
1.203805e+00 -1.017224e-05 0
1.202659e+00 1.404107e-02 0
1.217754e+00 1.648900e-02 0
1.217754e+00 1.648900e-02 0
1.202659e+00 1.404107e-02 0
1.199239e+00 2.774918e-02 0
1.213787e+00 3.260167e-02 0
1.213787e+00 3.260167e-02 0
1.199239e+00 2.774918e-02 0
1.193608e+00 4.077357e-02 0
1.207249e+00 4.794209e-02 0
1.207249e+00 4.794209e-02 0
1.193608e+00 4.077357e-02 0
1.185873e+00 5.277954e-02 0
1.198255e+00 6.212951e-02 0
1.198255e+00 6.212951e-02 0
1.185873e+00 5.277954e-02 0
1.176165e+00 6.345976e-02 0
1.186942e+00 7.481036e-02 0
1.186942e+00 7.481036e-02 0
1.176165e+00 6.345976e-02 0
1.164720e+00 7.246683e-02 0
1.173567e+00 8.558382e-02 0
1.173567e+00 8.558382e-02 0
1.164720e+00 7.246683e-02 0
1.151758e+00 7.952819e-02 0
1.158370e+00 9.412593e-02 0
1.158370e+00 9.412593e-02 0
1.151758e+00 7.952819e-02 0
1.137583e+00 8.437989e-02 0
1.141692e+00 1.001176e-01 0
1.141692e+00 1.001176e-01 0
1.137583e+00 8.437989e-02 0
1.122388e+00 8.678528e-02 0
1.123759e+00 1.032630e-01 0
1.123759e+00 1.032630e-01 0
1.122388e+00 8.678528e-02 0
1.106387e+00 8.658954e-02 0
1.104847e+00 1.033568e-01 0
1.104847e+00 1.033568e-01 0
1.106387e+00 8.658954e-02 0
1.089494e+00 8.366961e-02 0
1.084953e+00 1.002217e-01 0
1.084953e+00 1.002217e-01 0
1.089494e+00 8.366961e-02 0
1.070970e+00 7.800642e-02 0
1.063452e+00 9.379687e-02 0
1.063452e+00 9.379687e-02 0
1.070970e+00 7.800642e-02 0
1.048683e+00 6.970923e-02 0
1.038379e+00 8.417009e-02 0
1.038379e+00 8.417009e-02 0
1.048683e+00 6.970923e-02 0
1.017913e+00 5.906837e-02 0
1.005253e+00 7.164517e-02 0
1.005253e+00 7.164517e-02 0
1.017913e+00 5.906837e-02 0
9.698188e-01 4.662935e-02 0
9.555645e-01 5.683786e-02 0
9.555645e-01 5.683786e-02 0
9.698188e-01 4.662935e-02 0
8.903716e-01 3.327912e-02 0
8.757137e-01 4.078896e-02 0
8.757137e-01 4.078896e-02 0
8.903716e-01 3.327912e-02 0
7.614744e-01 2.030784e-02 0
7.480439e-01 2.505006e-02 0
7.480439e-01 2.505006e-02 0
7.614744e-01 2.030784e-02 0
5.691038e-01 9.446877e-03 0
5.587689e-01 1.186606e-02 0
5.587689e-01 1.186606e-02 0
5.691038e-01 9.446877e-03 0
3.102205e-01 2.357177e-03 0
3.047132e-01 2.990728e-03 0
3.047132e-01 2.990728e-03 0
3.102205e-01 2.357177e-03 0
-2.250481e-03 -2.396920e-04 0
-1.949902e-03 -3.044493e-04 0
-2.251594e-03 2.394190e-04 0
-2.499987e-03 1.855528e-04 0
3.146582e-01 -1.883624e-03 0
3.102166e-01 -2.357818e-03 0
3.102166e-01 -2.357818e-03 0
3.146582e-01 -1.883624e-03 0
5.775877e-01 -7.721998e-03 0
5.691852e-01 -9.541105e-03 0
5.691852e-01 -9.541105e-03 0
5.775877e-01 -7.721998e-03 0
7.725029e-01 -1.654438e-02 0
7.614756e-01 -2.030680e-02 0
7.614756e-01 -2.030680e-02 0
7.725029e-01 -1.654438e-02 0
9.024364e-01 -2.723118e-02 0
8.902991e-01 -3.326143e-02 0
8.902991e-01 -3.326143e-02 0
9.024364e-01 -2.723118e-02 0
9.816512e-01 -3.834174e-02 0
9.697410e-01 -4.662632e-02 0
9.697410e-01 -4.662632e-02 0
9.816512e-01 -3.834174e-02 0
1.028526e+00 -4.875506e-02 0
1.017843e+00 -5.905306e-02 0
1.017843e+00 -5.905306e-02 0
1.028526e+00 -4.875506e-02 0
1.057418e+00 -5.776106e-02 0
1.048620e+00 -6.969818e-02 0
1.048620e+00 -6.969818e-02 0
1.057418e+00 -5.776106e-02 0
1.077436e+00 -6.487019e-02 0
1.070913e+00 -7.800058e-02 0
1.070913e+00 -7.800058e-02 0
1.077436e+00 -6.487019e-02 0
1.093499e+00 -6.981414e-02 0
1.089441e+00 -8.366908e-02 0
1.089441e+00 -8.366908e-02 0
1.093499e+00 -6.981414e-02 0
1.107880e+00 -7.247516e-02 0
1.106337e+00 -8.659388e-02 0
1.106337e+00 -8.659388e-02 0
1.107880e+00 -7.247516e-02 0
1.121459e+00 -7.283770e-02 0
1.122386e+00 -8.678415e-02 0
1.122386e+00 -8.678415e-02 0
1.121459e+00 -7.283770e-02 0
1.134316e+00 -7.098629e-02 0
1.137582e+00 -8.436665e-02 0
1.137582e+00 -8.436665e-02 0
1.134316e+00 -7.098629e-02 0
1.146337e+00 -6.705108e-02 0
1.151757e+00 -7.951298e-02 0
1.151757e+00 -7.951298e-02 0
1.146337e+00 -6.705108e-02 0
1.157388e+00 -6.122728e-02 0
1.164748e+00 -7.246664e-02 0
1.164748e+00 -7.246664e-02 0
1.157388e+00 -6.122728e-02 0
1.167126e+00 -5.370529e-02 0
1.176165e+00 -6.345977e-02 0
1.176165e+00 -6.345977e-02 0
1.167126e+00 -5.370529e-02 0
1.175412e+00 -4.474260e-02 0
1.185855e+00 -5.279826e-02 0
1.185855e+00 -5.279826e-02 0
1.175412e+00 -4.474260e-02 0
1.182056e+00 -3.460525e-02 0
1.193607e+00 -4.079304e-02 0
1.193607e+00 -4.079304e-02 0
1.182056e+00 -3.460525e-02 0
1.186880e+00 -2.355691e-02 0
1.199230e+00 -2.774958e-02 0
1.199230e+00 -2.774958e-02 0
1.186880e+00 -2.355691e-02 0
1.189823e+00 -1.194300e-02 0
1.202655e+00 -1.406132e-02 0
1.202655e+00 -1.406132e-02 0
1.189823e+00 -1.194300e-02 0
1.190811e+00 -9.203856e-06 0
1.203805e+00 -1.017224e-05 0
1.203805e+00 -1.017224e-05 0
1.190811e+00 -9.203856e-06 0
1.189827e+00 1.192470e-02 0
1.202659e+00 1.404107e-02 0
1.202659e+00 1.404107e-02 0
1.189827e+00 1.192470e-02 0
1.186889e+00 2.355668e-02 0
1.199239e+00 2.774918e-02 0
1.199239e+00 2.774918e-02 0
1.186889e+00 2.355668e-02 0
1.182056e+00 3.458786e-02 0
1.193608e+00 4.077357e-02 0
1.193608e+00 4.077357e-02 0
1.182056e+00 3.458786e-02 0
1.175429e+00 4.472604e-02 0
1.185873e+00 5.277954e-02 0
1.185873e+00 5.277954e-02 0
1.175429e+00 4.472604e-02 0
1.167126e+00 5.368986e-02 0
1.176165e+00 6.345976e-02 0
1.176165e+00 6.345976e-02 0
1.167126e+00 5.368986e-02 0
1.157363e+00 6.122752e-02 0
1.164720e+00 7.246683e-02 0
1.164720e+00 7.246683e-02 0
1.157363e+00 6.122752e-02 0
1.146337e+00 6.706381e-02 0
1.151758e+00 7.952819e-02 0
1.151758e+00 7.952819e-02 0
1.146337e+00 6.706381e-02 0
1.134317e+00 7.099697e-02 0
1.137583e+00 8.437989e-02 0
1.137583e+00 8.437989e-02 0
1.134317e+00 7.099697e-02 0
1.121460e+00 7.283868e-02 0
1.122388e+00 8.678528e-02 0
1.122388e+00 8.678528e-02 0
1.121460e+00 7.283868e-02 0
1.107922e+00 7.247274e-02 0
1.106387e+00 8.658954e-02 0
1.106387e+00 8.658954e-02 0
1.107922e+00 7.247274e-02 0
1.093544e+00 6.981594e-02 0
1.089494e+00 8.366961e-02 0
1.089494e+00 8.366961e-02 0
1.093544e+00 6.981594e-02 0
1.077483e+00 6.487633e-02 0
1.070970e+00 7.800642e-02 0
1.070970e+00 7.800642e-02 0
1.077483e+00 6.487633e-02 0
1.057470e+00 5.777111e-02 0
1.048683e+00 6.970923e-02 0
1.048683e+00 6.970923e-02 0
1.057470e+00 5.777111e-02 0
1.028588e+00 4.876791e-02 0
1.017913e+00 5.906837e-02 0
1.017913e+00 5.906837e-02 0
1.028588e+00 4.876791e-02 0
9.817235e-01 3.834235e-02 0
9.698188e-01 4.662935e-02 0
9.698188e-01 4.662935e-02 0
9.817235e-01 3.834235e-02 0
9.025080e-01 2.724438e-02 0
8.903716e-01 3.327912e-02 0
8.903716e-01 3.327912e-02 0
9.025080e-01 2.724438e-02 0
7.725025e-01 1.654366e-02 0
7.614744e-01 2.030784e-02 0
7.614744e-01 2.030784e-02 0
7.725025e-01 1.654366e-02 0
5.775202e-01 7.718590e-03 0
5.691038e-01 9.446877e-03 0
5.691038e-01 9.446877e-03 0
5.775202e-01 7.718590e-03 0
3.146619e-01 1.882795e-03 0
3.102205e-01 2.357177e-03 0
3.102205e-01 2.357177e-03 0
3.146619e-01 1.882795e-03 0
-2.499229e-03 -1.857369e-04 0
-2.250481e-03 -2.396920e-04 0
-2.499987e-03 1.855528e-04 0
-2.702718e-03 1.437478e-04 0
3.182624e-01 -1.519054e-03 0
3.146582e-01 -1.883624e-03 0
3.146582e-01 -1.883624e-03 0
3.182624e-01 -1.519054e-03 0
5.844562e-01 -6.284780e-03 0
5.775877e-01 -7.721998e-03 0
5.775877e-01 -7.721998e-03 0
5.844562e-01 -6.284780e-03 0
7.815774e-01 -1.353471e-02 0
7.725029e-01 -1.654438e-02 0
7.725029e-01 -1.654438e-02 0
7.815774e-01 -1.353471e-02 0
9.124908e-01 -2.236541e-02 0
9.024364e-01 -2.723118e-02 0
9.024364e-01 -2.723118e-02 0
9.124908e-01 -2.236541e-02 0
9.915874e-01 -3.160260e-02 0
9.816512e-01 -3.834174e-02 0
9.816512e-01 -3.834174e-02 0
9.915874e-01 -3.160260e-02 0
1.037510e+00 -4.031797e-02 0
1.028526e+00 -4.875506e-02 0
1.028526e+00 -4.875506e-02 0
1.037510e+00 -4.031797e-02 0
1.064887e+00 -4.791566e-02 0
1.057418e+00 -5.776106e-02 0
1.057418e+00 -5.776106e-02 0
1.064887e+00 -4.791566e-02 0
1.083047e+00 -5.397374e-02 0
1.077436e+00 -6.487019e-02 0
1.077436e+00 -6.487019e-02 0
1.083047e+00 -5.397374e-02 0
1.097072e+00 -5.825095e-02 0
1.093499e+00 -6.981414e-02 0
1.093499e+00 -6.981414e-02 0
1.097072e+00 -5.825095e-02 0
1.109351e+00 -6.063048e-02 0
1.107880e+00 -7.247516e-02 0
1.107880e+00 -7.247516e-02 0
1.109351e+00 -6.063048e-02 0
1.120845e+00 -6.108257e-02 0
1.121459e+00 -7.283770e-02 0
1.121459e+00 -7.283770e-02 0
1.120845e+00 -6.108257e-02 0
1.131713e+00 -5.966103e-02 0
1.134316e+00 -7.098629e-02 0
1.134316e+00 -7.098629e-02 0
1.131713e+00 -5.966103e-02 0
1.141889e+00 -5.646438e-02 0
1.146337e+00 -6.705108e-02 0
1.146337e+00 -6.705108e-02 0
1.141889e+00 -5.646438e-02 0
1.151269e+00 -5.164863e-02 0
1.157388e+00 -6.122728e-02 0
1.157388e+00 -6.122728e-02 0
1.151269e+00 -5.164863e-02 0
1.159553e+00 -4.536983e-02 0
1.167126e+00 -5.370529e-02 0
1.167126e+00 -5.370529e-02 0
1.159553e+00 -4.536983e-02 0
1.166618e+00 -3.784378e-02 0
1.175412e+00 -4.474260e-02 0
1.175412e+00 -4.474260e-02 0
1.166618e+00 -3.784378e-02 0
1.172294e+00 -2.929707e-02 0
1.182056e+00 -3.460525e-02 0
1.182056e+00 -3.460525e-02 0
1.172294e+00 -2.929707e-02 0
1.176420e+00 -1.995631e-02 0
1.186880e+00 -2.355691e-02 0
1.186880e+00 -2.355691e-02 0
1.176420e+00 -1.995631e-02 0
1.178940e+00 -1.012215e-02 0
1.189823e+00 -1.194300e-02 0
1.189823e+00 -1.194300e-02 0
1.178940e+00 -1.012215e-02 0
1.179786e+00 -8.126937e-06 0
1.190811e+00 -9.203856e-06 0
1.190811e+00 -9.203856e-06 0
1.179786e+00 -8.126937e-06 0
1.178943e+00 1.010600e-02 0
1.189827e+00 1.192470e-02 0
1.189827e+00 1.192470e-02 0
1.178943e+00 1.010600e-02 0
1.176428e+00 1.995622e-02 0
1.186889e+00 2.355668e-02 0
1.186889e+00 2.355668e-02 0
1.176428e+00 1.995622e-02 0
1.172294e+00 2.928188e-02 0
1.182056e+00 3.458786e-02 0
1.182056e+00 3.458786e-02 0
1.172294e+00 2.928188e-02 0
1.166633e+00 3.782946e-02 0
1.175429e+00 4.472604e-02 0
1.175429e+00 4.472604e-02 0
1.166633e+00 3.782946e-02 0
1.159553e+00 4.537003e-02 0
1.167126e+00 5.368986e-02 0
1.167126e+00 5.368986e-02 0
1.159553e+00 4.537003e-02 0
1.151247e+00 5.164889e-02 0
1.157363e+00 6.122752e-02 0
1.157363e+00 6.122752e-02 0
1.151247e+00 5.164889e-02 0
1.141889e+00 5.647488e-02 0
1.146337e+00 6.706381e-02 0
1.146337e+00 6.706381e-02 0
1.141889e+00 5.647488e-02 0
1.131714e+00 5.966951e-02 0
1.134317e+00 7.099697e-02 0
1.134317e+00 7.099697e-02 0
1.131714e+00 5.966951e-02 0
1.120846e+00 6.108339e-02 0
1.121460e+00 7.283868e-02 0
1.121460e+00 7.283868e-02 0
1.120846e+00 6.108339e-02 0
1.109386e+00 6.062941e-02 0
1.107922e+00 7.247274e-02 0
1.107922e+00 7.247274e-02 0
1.109386e+00 6.062941e-02 0
1.097109e+00 5.825347e-02 0
1.093544e+00 6.981594e-02 0
1.093544e+00 6.981594e-02 0
1.097109e+00 5.825347e-02 0
1.083088e+00 5.397978e-02 0
1.077483e+00 6.487633e-02 0
1.077483e+00 6.487633e-02 0
1.083088e+00 5.397978e-02 0
1.064932e+00 4.792468e-02 0
1.057470e+00 5.777111e-02 0
1.057470e+00 5.777111e-02 0
1.064932e+00 4.792468e-02 0
1.037566e+00 4.032884e-02 0
1.028588e+00 4.876791e-02 0
1.028588e+00 4.876791e-02 0
1.037566e+00 4.032884e-02 0
9.916561e-01 3.160219e-02 0
9.817235e-01 3.834235e-02 0
9.817235e-01 3.834235e-02 0
9.916561e-01 3.160219e-02 0
9.125622e-01 2.237542e-02 0
9.025080e-01 2.724438e-02 0
9.025080e-01 2.724438e-02 0
9.125622e-01 2.237542e-02 0
7.815772e-01 1.353343e-02 0
7.725025e-01 1.654366e-02 0
7.725025e-01 1.654366e-02 0
7.815772e-01 1.353343e-02 0
5.843995e-01 6.276812e-03 0
5.775202e-01 7.718590e-03 0
5.775202e-01 7.718590e-03 0
5.843995e-01 6.276812e-03 0
3.182656e-01 1.518262e-03 0
3.146619e-01 1.882795e-03 0
3.146619e-01 1.882795e-03 0
3.182656e-01 1.518262e-03 0
-2.702210e-03 -1.438536e-04 0
-2.499229e-03 -1.857369e-04 0
-2.702718e-03 1.437478e-04 0
-2.867678e-03 1.121883e-04 0
3.212011e-01 -1.232750e-03 0
3.182624e-01 -1.519054e-03 0
3.182624e-01 -1.519054e-03 0
3.212011e-01 -1.232750e-03 0
5.900895e-01 -5.137752e-03 0
5.844562e-01 -6.284780e-03 0
5.844562e-01 -6.284780e-03 0
5.900895e-01 -5.137752e-03 0
7.890617e-01 -1.111059e-02 0
7.815774e-01 -1.353471e-02 0
7.815774e-01 -1.353471e-02 0
7.890617e-01 -1.111059e-02 0
9.208280e-01 -1.841877e-02 0
9.124908e-01 -2.236541e-02 0
9.124908e-01 -2.236541e-02 0
9.208280e-01 -1.841877e-02 0
9.998743e-01 -2.610207e-02 0
9.915874e-01 -3.160260e-02 0
9.915874e-01 -3.160260e-02 0
9.998743e-01 -2.610207e-02 0
1.045052e+00 -3.339199e-02 0
1.037510e+00 -4.031797e-02 0
1.037510e+00 -4.031797e-02 0
1.045052e+00 -3.339199e-02 0
1.071208e+00 -3.978920e-02 0
1.064887e+00 -4.791566e-02 0
1.064887e+00 -4.791566e-02 0
1.071208e+00 -3.978920e-02 0
1.087849e+00 -4.493305e-02 0
1.083047e+00 -5.397374e-02 0
1.083047e+00 -5.397374e-02 0
1.087849e+00 -4.493305e-02 0
1.100187e+00 -4.861044e-02 0
1.097072e+00 -5.825095e-02 0
1.097072e+00 -5.825095e-02 0
1.100187e+00 -4.861044e-02 0
1.110711e+00 -5.071080e-02 0
1.109351e+00 -6.063048e-02 0
1.109351e+00 -6.063048e-02 0
1.110711e+00 -5.071080e-02 0
1.120450e+00 -5.119717e-02 0
1.120845e+00 -6.108257e-02 0
1.120845e+00 -6.108257e-02 0
1.120450e+00 -5.119717e-02 0
1.129633e+00 -5.010188e-02 0
1.131713e+00 -5.966103e-02 0
1.131713e+00 -5.966103e-02 0
1.129633e+00 -5.010188e-02 0
1.138235e+00 -4.749932e-02 0
1.141889e+00 -5.646438e-02 0
1.141889e+00 -5.646438e-02 0
1.138235e+00 -4.749932e-02 0
1.146182e+00 -4.351402e-02 0
1.151269e+00 -5.164863e-02 0
1.151269e+00 -5.164863e-02 0
1.146182e+00 -4.351402e-02 0
1.153212e+00 -3.827387e-02 0
1.159553e+00 -4.536983e-02 0
1.159553e+00 -4.536983e-02 0
1.153212e+00 -3.827387e-02 0
1.159222e+00 -3.195920e-02 0
1.166618e+00 -3.784378e-02 0
1.166618e+00 -3.784378e-02 0
1.159222e+00 -3.195920e-02 0
1.164057e+00 -2.476233e-02 0
1.172294e+00 -2.929707e-02 0
1.172294e+00 -2.929707e-02 0
1.164057e+00 -2.476233e-02 0
1.167576e+00 -1.687719e-02 0
1.176420e+00 -1.995631e-02 0
1.176420e+00 -1.995631e-02 0
1.167576e+00 -1.687719e-02 0
1.169727e+00 -8.563803e-03 0
1.178940e+00 -1.012215e-02 0
1.178940e+00 -1.012215e-02 0
1.169727e+00 -8.563803e-03 0
1.170450e+00 -7.080965e-06 0
1.179786e+00 -8.126937e-06 0
1.179786e+00 -8.126937e-06 0
1.170450e+00 -7.080965e-06 0
1.169730e+00 8.549745e-03 0
1.178943e+00 1.010600e-02 0
1.178943e+00 1.010600e-02 0
1.169730e+00 8.549745e-03 0
1.167583e+00 1.687719e-02 0
1.176428e+00 1.995622e-02 0
1.176428e+00 1.995622e-02 0
1.167583e+00 1.687719e-02 0
1.164057e+00 2.474922e-02 0
1.172294e+00 2.928188e-02 0
1.172294e+00 2.928188e-02 0
1.164057e+00 2.474922e-02 0
1.159235e+00 3.194697e-02 0
1.166633e+00 3.782946e-02 0
1.166633e+00 3.782946e-02 0
1.159235e+00 3.194697e-02 0
1.153212e+00 3.827408e-02 0
1.159553e+00 4.537003e-02 0
1.159553e+00 4.537003e-02 0
1.153212e+00 3.827408e-02 0
1.146162e+00 4.351426e-02 0
1.151247e+00 5.164889e-02 0
1.151247e+00 5.164889e-02 0
1.146162e+00 4.351426e-02 0
1.138236e+00 4.750793e-02 0
1.141889e+00 5.647488e-02 0
1.141889e+00 5.647488e-02 0
1.138236e+00 4.750793e-02 0
1.129633e+00 5.010859e-02 0
1.131714e+00 5.966951e-02 0
1.131714e+00 5.966951e-02 0
1.129633e+00 5.010859e-02 0
1.120451e+00 5.119788e-02 0
1.120846e+00 6.108339e-02 0
1.120846e+00 6.108339e-02 0
1.120451e+00 5.119788e-02 0
1.110740e+00 5.071066e-02 0
1.109386e+00 6.062941e-02 0
1.109386e+00 6.062941e-02 0
1.110740e+00 5.071066e-02 0
1.100218e+00 4.861337e-02 0
1.097109e+00 5.825347e-02 0
1.097109e+00 5.825347e-02 0
1.100218e+00 4.861337e-02 0
1.087883e+00 4.493892e-02 0
1.083088e+00 5.397978e-02 0
1.083088e+00 5.397978e-02 0
1.087883e+00 4.493892e-02 0
1.071248e+00 3.979746e-02 0
1.064932e+00 4.792468e-02 0
1.064932e+00 4.792468e-02 0
1.071248e+00 3.979746e-02 0
1.045104e+00 3.340161e-02 0
1.037566e+00 4.032884e-02 0
1.037566e+00 4.032884e-02 0
1.045104e+00 3.340161e-02 0
9.999407e-01 2.610174e-02 0
9.916561e-01 3.160219e-02 0
9.916561e-01 3.160219e-02 0
9.999407e-01 2.610174e-02 0
9.208998e-01 1.842674e-02 0
9.125622e-01 2.237542e-02 0
9.125622e-01 2.237542e-02 0
9.208998e-01 1.842674e-02 0
7.890615e-01 1.110928e-02 0
7.815772e-01 1.353343e-02 0
7.815772e-01 1.353343e-02 0
7.890615e-01 1.110928e-02 0
5.900414e-01 5.135268e-03 0
5.843995e-01 6.276812e-03 0
5.843995e-01 6.276812e-03 0
5.900414e-01 5.135268e-03 0
3.212037e-01 1.231957e-03 0
3.182656e-01 1.518262e-03 0
3.182656e-01 1.518262e-03 0
3.212037e-01 1.231957e-03 0
-2.867334e-03 -1.122423e-04 0
-2.702210e-03 -1.438536e-04 0
-2.867678e-03 1.121883e-04 0
-3.002309e-03 8.847045e-05 0
3.236072e-01 -1.004305e-03 0
3.212011e-01 -1.232750e-03 0
3.212011e-01 -1.232750e-03 0
3.236072e-01 -1.004305e-03 0
5.946459e-01 -4.201975e-03 0
5.900895e-01 -5.137752e-03 0
5.900895e-01 -5.137752e-03 0
5.946459e-01 -4.201975e-03 0
7.952455e-01 -9.145869e-03 0
7.890617e-01 -1.111059e-02 0
7.890617e-01 -1.111059e-02 0
7.952455e-01 -9.145869e-03 0
9.277013e-01 -1.520161e-02 0
9.208280e-01 -1.841877e-02 0
9.208280e-01 -1.841877e-02 0
9.277013e-01 -1.520161e-02 0
1.006750e+00 -2.159653e-02 0
9.998743e-01 -2.610207e-02 0
9.998743e-01 -2.610207e-02 0
1.006750e+00 -2.159653e-02 0
1.051352e+00 -2.769289e-02 0
1.045052e+00 -3.339199e-02 0
1.045052e+00 -3.339199e-02 0
1.051352e+00 -2.769289e-02 0
1.076528e+00 -3.307221e-02 0
1.071208e+00 -3.978920e-02 0
1.071208e+00 -3.978920e-02 0
1.076528e+00 -3.307221e-02 0
1.091929e+00 -3.742802e-02 0
1.087849e+00 -4.493305e-02 0
1.087849e+00 -4.493305e-02 0
1.091929e+00 -3.742802e-02 0
1.102876e+00 -4.057445e-02 0
1.100187e+00 -4.861044e-02 0
1.100187e+00 -4.861044e-02 0
1.102876e+00 -4.057445e-02 0
1.111939e+00 -4.241008e-02 0
1.110711e+00 -5.071080e-02 0
1.110711e+00 -5.071080e-02 0
1.111939e+00 -4.241008e-02 0
1.120211e+00 -4.289535e-02 0
1.120450e+00 -5.119717e-02 0
1.120450e+00 -5.119717e-02 0
1.120211e+00 -4.289535e-02 0
1.127970e+00 -4.204799e-02 0
1.129633e+00 -5.010188e-02 0
1.129633e+00 -5.010188e-02 0
1.127970e+00 -4.204799e-02 0
1.135235e+00 -3.992407e-02 0
1.138235e+00 -4.749932e-02 0
1.138235e+00 -4.749932e-02 0
1.135235e+00 -3.992407e-02 0
1.141959e+00 -3.662308e-02 0
1.146182e+00 -4.351402e-02 0
1.146182e+00 -4.351402e-02 0
1.141959e+00 -3.662308e-02 0
1.147914e+00 -3.224980e-02 0
1.153212e+00 -3.827387e-02 0
1.153212e+00 -3.827387e-02 0
1.147914e+00 -3.224980e-02 0
1.153015e+00 -2.695466e-02 0
1.159222e+00 -3.195920e-02 0
1.159222e+00 -3.195920e-02 0
1.153015e+00 -2.695466e-02 0
1.157127e+00 -2.090038e-02 0
1.164057e+00 -2.476233e-02 0
1.164057e+00 -2.476233e-02 0
1.157127e+00 -2.090038e-02 0
1.160120e+00 -1.425243e-02 0
1.167576e+00 -1.687719e-02 0
1.167576e+00 -1.687719e-02 0
1.160120e+00 -1.425243e-02 0
1.161952e+00 -7.234502e-03 0
1.169727e+00 -8.563803e-03 0
1.169727e+00 -8.563803e-03 0
1.161952e+00 -7.234502e-03 0
1.162568e+00 -6.109916e-06 0
1.170450e+00 -7.080965e-06 0
1.170450e+00 -7.080965e-06 0
1.162568e+00 -6.109916e-06 0
1.161955e+00 7.222382e-03 0
1.169730e+00 8.549745e-03 0
1.169730e+00 8.549745e-03 0
1.161955e+00 7.222382e-03 0
1.160127e+00 1.425250e-02 0
1.167583e+00 1.687719e-02 0
1.167583e+00 1.687719e-02 0
1.160127e+00 1.425250e-02 0
1.157127e+00 2.088917e-02 0
1.164057e+00 2.474922e-02 0
1.164057e+00 2.474922e-02 0
1.157127e+00 2.088917e-02 0
1.153028e+00 2.694428e-02 0
1.159235e+00 3.194697e-02 0
1.159235e+00 3.194697e-02 0
1.153028e+00 2.694428e-02 0
1.147914e+00 3.225001e-02 0
1.153212e+00 3.827408e-02 0
1.153212e+00 3.827408e-02 0
1.147914e+00 3.225001e-02 0
1.141940e+00 3.662331e-02 0
1.146162e+00 4.351426e-02 0
1.146162e+00 4.351426e-02 0
1.141940e+00 3.662331e-02 0
1.135235e+00 3.993109e-02 0
1.138236e+00 4.750793e-02 0
1.138236e+00 4.750793e-02 0
1.135235e+00 3.993109e-02 0
1.127971e+00 4.205328e-02 0
1.129633e+00 5.010859e-02 0
1.129633e+00 5.010859e-02 0
1.127971e+00 4.205328e-02 0
1.120212e+00 4.289597e-02 0
1.120451e+00 5.119788e-02 0
1.120451e+00 5.119788e-02 0
1.120212e+00 4.289597e-02 0
1.111968e+00 4.241055e-02 0
1.110740e+00 5.071066e-02 0
1.110740e+00 5.071066e-02 0
1.111968e+00 4.241055e-02 0
1.102905e+00 4.057755e-02 0
1.100218e+00 4.861337e-02 0
1.100218e+00 4.861337e-02 0
1.102905e+00 4.057755e-02 0
1.091960e+00 3.743361e-02 0
1.087883e+00 4.493892e-02 0
1.087883e+00 4.493892e-02 0
1.091960e+00 3.743361e-02 0
1.076563e+00 3.307985e-02 0
1.071248e+00 3.979746e-02 0
1.071248e+00 3.979746e-02 0
1.076563e+00 3.307985e-02 0
1.051397e+00 2.770171e-02 0
1.045104e+00 3.340161e-02 0
1.045104e+00 3.340161e-02 0
1.051397e+00 2.770171e-02 0
1.006809e+00 2.159700e-02 0
9.999407e-01 2.610174e-02 0
9.999407e-01 2.610174e-02 0
1.006809e+00 2.159700e-02 0
9.277670e-01 1.520871e-02 0
9.208998e-01 1.842674e-02 0
9.208998e-01 1.842674e-02 0
9.277670e-01 1.520871e-02 0
7.952456e-01 9.144144e-03 0
7.890615e-01 1.110928e-02 0
7.890615e-01 1.110928e-02 0
7.952456e-01 9.144144e-03 0
5.946508e-01 4.155820e-03 0
5.900414e-01 5.135268e-03 0
5.900414e-01 5.135268e-03 0
5.946508e-01 4.155820e-03 0
3.236091e-01 1.003377e-03 0
3.212037e-01 1.231957e-03 0
3.212037e-01 1.231957e-03 0
3.236091e-01 1.003377e-03 0
-3.002101e-03 -8.849921e-05 0
-2.867334e-03 -1.122423e-04 0
-3.002309e-03 8.847045e-05 0
-3.112793e-03 7.049619e-05 0
3.255829e-01 -8.071875e-04 0
3.236072e-01 -1.004305e-03 0
3.236072e-01 -1.004305e-03 0
3.255829e-01 -8.071875e-04 0
5.985079e-01 -3.463521e-03 0
5.946459e-01 -4.201975e-03 0
5.946459e-01 -4.201975e-03 0
5.985079e-01 -3.463521e-03 0
8.003632e-01 -7.542771e-03 0
7.952455e-01 -9.145869e-03 0
7.952455e-01 -9.145869e-03 0
8.003632e-01 -7.542771e-03 0
9.334968e-01 -1.256837e-02 0
9.277013e-01 -1.520161e-02 0
9.277013e-01 -1.520161e-02 0
9.334968e-01 -1.256837e-02 0
1.012554e+00 -1.789473e-02 0
1.006750e+00 -2.159653e-02 0
1.006750e+00 -2.159653e-02 0
1.012554e+00 -1.789473e-02 0
1.056681e+00 -2.299274e-02 0
1.051352e+00 -2.769289e-02 0
1.051352e+00 -2.769289e-02 0
1.056681e+00 -2.299274e-02 0
1.081045e+00 -2.751191e-02 0
1.076528e+00 -3.307221e-02 0
1.076528e+00 -3.307221e-02 0
1.081045e+00 -2.751191e-02 0
1.095415e+00 -3.119276e-02 0
1.091929e+00 -3.742802e-02 0
1.091929e+00 -3.742802e-02 0
1.095415e+00 -3.119276e-02 0
1.105201e+00 -3.387469e-02 0
1.102876e+00 -4.057445e-02 0
1.102876e+00 -4.057445e-02 0
1.105201e+00 -3.387469e-02 0
1.113039e+00 -3.546665e-02 0
1.111939e+00 -4.241008e-02 0
1.111939e+00 -4.241008e-02 0
1.113039e+00 -3.546665e-02 0
1.120067e+00 -3.592938e-02 0
1.120211e+00 -4.289535e-02 0
1.120211e+00 -4.289535e-02 0
1.120067e+00 -3.592938e-02 0
1.126622e+00 -3.527092e-02 0
1.127970e+00 -4.204799e-02 0
1.127970e+00 -4.204799e-02 0
1.126622e+00 -3.527092e-02 0
1.132753e+00 -3.353356e-02 0
1.135235e+00 -3.992407e-02 0
1.135235e+00 -3.992407e-02 0
1.132753e+00 -3.353356e-02 0
1.138429e+00 -3.079686e-02 0
1.141959e+00 -3.662308e-02 0
1.141959e+00 -3.662308e-02 0
1.138429e+00 -3.079686e-02 0
1.143467e+00 -2.714675e-02 0
1.147914e+00 -3.224980e-02 0
1.147914e+00 -3.224980e-02 0
1.143467e+00 -2.714675e-02 0
1.147786e+00 -2.270857e-02 0
1.153015e+00 -2.695466e-02 0
1.153015e+00 -2.695466e-02 0
1.147786e+00 -2.270857e-02 0
1.151272e+00 -1.761965e-02 0
1.157127e+00 -2.090038e-02 0
1.157127e+00 -2.090038e-02 0
1.151272e+00 -1.761965e-02 0
1.153813e+00 -1.202078e-02 0
1.160120e+00 -1.425243e-02 0
1.160120e+00 -1.425243e-02 0
1.153813e+00 -1.202078e-02 0
1.155369e+00 -6.103611e-03 0
1.161952e+00 -7.234502e-03 0
1.161952e+00 -7.234502e-03 0
1.155369e+00 -6.103611e-03 0
1.155892e+00 -5.233057e-06 0
1.162568e+00 -6.109916e-06 0
1.162568e+00 -6.109916e-06 0
1.155892e+00 -5.233057e-06 0
1.155371e+00 6.093239e-03 0
1.161955e+00 7.222382e-03 0
1.161955e+00 7.222382e-03 0
1.155371e+00 6.093239e-03 0
1.153818e+00 1.202091e-02 0
1.160127e+00 1.425250e-02 0
1.160127e+00 1.425250e-02 0
1.153818e+00 1.202091e-02 0
1.151272e+00 1.761012e-02 0
1.157127e+00 2.088917e-02 0
1.157127e+00 2.088917e-02 0
1.151272e+00 1.761012e-02 0
1.147796e+00 2.269978e-02 0
1.153028e+00 2.694428e-02 0
1.153028e+00 2.694428e-02 0
1.147796e+00 2.269978e-02 0
1.143466e+00 2.714696e-02 0
1.147914e+00 3.225001e-02 0
1.147914e+00 3.225001e-02 0
1.143466e+00 2.714696e-02 0
1.138414e+00 3.079708e-02 0
1.141940e+00 3.662331e-02 0
1.141940e+00 3.662331e-02 0
1.138414e+00 3.079708e-02 0
1.132753e+00 3.353925e-02 0
1.135235e+00 3.993109e-02 0
1.135235e+00 3.993109e-02 0
1.132753e+00 3.353925e-02 0
1.126622e+00 3.527506e-02 0
1.127971e+00 4.205328e-02 0
1.127971e+00 4.205328e-02 0
1.126622e+00 3.527506e-02 0
1.120068e+00 3.592989e-02 0
1.120212e+00 4.289597e-02 0
1.120212e+00 4.289597e-02 0
1.120068e+00 3.592989e-02 0
1.113060e+00 3.546743e-02 0
1.111968e+00 4.241055e-02 0
1.111968e+00 4.241055e-02 0
1.113060e+00 3.546743e-02 0
1.105223e+00 3.387770e-02 0
1.102905e+00 4.057755e-02 0
1.102905e+00 4.057755e-02 0
1.105223e+00 3.387770e-02 0
1.095440e+00 3.119783e-02 0
1.091960e+00 3.743361e-02 0
1.091960e+00 3.743361e-02 0
1.095440e+00 3.119783e-02 0
1.081077e+00 2.751863e-02 0
1.076563e+00 3.307985e-02 0
1.076563e+00 3.307985e-02 0
1.081077e+00 2.751863e-02 0
1.056726e+00 2.300036e-02 0
1.051397e+00 2.770171e-02 0
1.051397e+00 2.770171e-02 0
1.056726e+00 2.300036e-02 0
1.012618e+00 1.789528e-02 0
1.006809e+00 2.159700e-02 0
1.006809e+00 2.159700e-02 0
1.012618e+00 1.789528e-02 0
9.335719e-01 1.257420e-02 0
9.277670e-01 1.520871e-02 0
9.277670e-01 1.520871e-02 0
9.335719e-01 1.257420e-02 0
8.003645e-01 7.541235e-03 0
7.952456e-01 9.144144e-03 0
7.952456e-01 9.144144e-03 0
8.003645e-01 7.541235e-03 0
5.985090e-01 3.426521e-03 0
5.946508e-01 4.155820e-03 0
5.946508e-01 4.155820e-03 0
5.985090e-01 3.426521e-03 0
3.255839e-01 8.063966e-04 0
3.236091e-01 1.003377e-03 0
3.236091e-01 1.003377e-03 0
3.255839e-01 8.063966e-04 0
-3.112739e-03 -7.051357e-05 0
-3.002101e-03 -8.849921e-05 0
-3.112793e-03 7.049619e-05 0
-3.203942e-03 5.669959e-05 0
3.272074e-01 -6.697140e-04 0
3.255829e-01 -8.071875e-04 0
3.255829e-01 -8.071875e-04 0
3.272074e-01 -6.697140e-04 0
6.017016e-01 -2.850371e-03 0
5.985079e-01 -3.463521e-03 0
5.985079e-01 -3.463521e-03 0
6.017016e-01 -2.850371e-03 0
8.046062e-01 -6.228745e-03 0
8.003632e-01 -7.542771e-03 0
8.003632e-01 -7.542771e-03 0
8.046062e-01 -6.228745e-03 0
9.382793e-01 -1.040525e-02 0
9.334968e-01 -1.256837e-02 0
9.334968e-01 -1.256837e-02 0
9.382793e-01 -1.040525e-02 0
1.017367e+00 -1.484494e-02 0
1.012554e+00 -1.789473e-02 0
1.012554e+00 -1.789473e-02 0
1.017367e+00 -1.484494e-02 0
1.061124e+00 -1.910847e-02 0
1.056681e+00 -2.299274e-02 0
1.056681e+00 -2.299274e-02 0
1.061124e+00 -1.910847e-02 0
1.084833e+00 -2.290248e-02 0
1.081045e+00 -2.751191e-02 0
1.081045e+00 -2.751191e-02 0
1.084833e+00 -2.290248e-02 0
1.098359e+00 -2.600796e-02 0
1.095415e+00 -3.119276e-02 0
1.095415e+00 -3.119276e-02 0
1.098359e+00 -2.600796e-02 0
1.107186e+00 -2.828711e-02 0
1.105201e+00 -3.387469e-02 0
1.105201e+00 -3.387469e-02 0
1.107186e+00 -2.828711e-02 0
1.114006e+00 -2.965941e-02 0
1.113039e+00 -3.546665e-02 0
1.113039e+00 -3.546665e-02 0
1.114006e+00 -2.965941e-02 0
1.119997e+00 -3.008767e-02 0
1.120067e+00 -3.592938e-02 0
1.120067e+00 -3.592938e-02 0
1.119997e+00 -3.008767e-02 0
1.125537e+00 -2.957365e-02 0
1.126622e+00 -3.527092e-02 0
1.126622e+00 -3.527092e-02 0
1.125537e+00 -2.957365e-02 0
1.130709e+00 -2.814932e-02 0
1.132753e+00 -3.353356e-02 0
1.132753e+00 -3.353356e-02 0
1.130709e+00 -2.814932e-02 0
1.135499e+00 -2.587844e-02 0
1.138429e+00 -3.079686e-02 0
1.138429e+00 -3.079686e-02 0
1.135499e+00 -2.587844e-02 0
1.139753e+00 -2.283153e-02 0
1.143467e+00 -2.714675e-02 0
1.143467e+00 -2.714675e-02 0
1.139753e+00 -2.283153e-02 0
1.143406e+00 -1.911297e-02 0
1.147786e+00 -2.270857e-02 0
1.147786e+00 -2.270857e-02 0
1.143406e+00 -1.911297e-02 0
1.146357e+00 -1.483846e-02 0
1.151272e+00 -1.761965e-02 0
1.151272e+00 -1.761965e-02 0
1.146357e+00 -1.483846e-02 0
1.148510e+00 -1.012749e-02 0
1.153813e+00 -1.202078e-02 0
1.153813e+00 -1.202078e-02 0
1.148510e+00 -1.012749e-02 0
1.149829e+00 -5.143684e-03 0
1.155369e+00 -6.103611e-03 0
1.155369e+00 -6.103611e-03 0
1.149829e+00 -5.143684e-03 0
1.150273e+00 -4.461399e-06 0
1.155892e+00 -5.233057e-06 0
1.155892e+00 -5.233057e-06 0
1.150273e+00 -4.461399e-06 0
1.149831e+00 5.134848e-03 0
1.155371e+00 6.093239e-03 0
1.155371e+00 6.093239e-03 0
1.149831e+00 5.134848e-03 0
1.148514e+00 1.012766e-02 0
1.153818e+00 1.202091e-02 0
1.153818e+00 1.202091e-02 0
1.148514e+00 1.012766e-02 0
1.146357e+00 1.483039e-02 0
1.151272e+00 1.761012e-02 0
1.151272e+00 1.761012e-02 0
1.146357e+00 1.483039e-02 0
1.143415e+00 1.910556e-02 0
1.147796e+00 2.269978e-02 0
1.147796e+00 2.269978e-02 0
1.143415e+00 1.910556e-02 0
1.139753e+00 2.283173e-02 0
1.143466e+00 2.714696e-02 0
1.143466e+00 2.714696e-02 0
1.139753e+00 2.283173e-02 0
1.135485e+00 2.587864e-02 0
1.138414e+00 3.079708e-02 0
1.138414e+00 3.079708e-02 0
1.135485e+00 2.587864e-02 0
1.130709e+00 2.815393e-02 0
1.132753e+00 3.353925e-02 0
1.132753e+00 3.353925e-02 0
1.130709e+00 2.815393e-02 0
1.125537e+00 2.957688e-02 0
1.126622e+00 3.527506e-02 0
1.126622e+00 3.527506e-02 0
1.125537e+00 2.957688e-02 0
1.119997e+00 3.008805e-02 0
1.120068e+00 3.592989e-02 0
1.120068e+00 3.592989e-02 0
1.119997e+00 3.008805e-02 0
1.114023e+00 2.966028e-02 0
1.113060e+00 3.546743e-02 0
1.113060e+00 3.546743e-02 0
1.114023e+00 2.966028e-02 0
1.107205e+00 2.828979e-02 0
1.105223e+00 3.387770e-02 0
1.105223e+00 3.387770e-02 0
1.107205e+00 2.828979e-02 0
1.098381e+00 2.601226e-02 0
1.095440e+00 3.119783e-02 0
1.095440e+00 3.119783e-02 0
1.098381e+00 2.601226e-02 0
1.084862e+00 2.290795e-02 0
1.081077e+00 2.751863e-02 0
1.081077e+00 2.751863e-02 0
1.084862e+00 2.290795e-02 0
1.061167e+00 1.911439e-02 0
1.056726e+00 2.300036e-02 0
1.056726e+00 2.300036e-02 0
1.061167e+00 1.911439e-02 0
1.017431e+00 1.484467e-02 0
1.012618e+00 1.789528e-02 0
1.012618e+00 1.789528e-02 0
1.017431e+00 1.484467e-02 0
9.383555e-01 1.040927e-02 0
9.335719e-01 1.257420e-02 0
9.335719e-01 1.257420e-02 0
9.383555e-01 1.040927e-02 0
8.046076e-01 6.228004e-03 0
8.003645e-01 7.541235e-03 0
8.003645e-01 7.541235e-03 0
8.046076e-01 6.228004e-03 0
6.016694e-01 2.845865e-03 0
5.985090e-01 3.426521e-03 0
5.985090e-01 3.426521e-03 0
6.016694e-01 2.845865e-03 0
3.272079e-01 6.693532e-04 0
3.255839e-01 8.063966e-04 0
3.255839e-01 8.063966e-04 0
3.272079e-01 6.693532e-04 0
-3.203963e-03 -5.669121e-05 0
-3.112739e-03 -7.051357e-05 0
-3.203942e-03 5.669959e-05 0
-3.279660e-03 4.595076e-05 0
3.285448e-01 -5.378847e-04 0
3.272074e-01 -6.697140e-04 0
3.272074e-01 -6.697140e-04 0
3.285448e-01 -5.378847e-04 0
6.043120e-01 -2.347444e-03 0
6.017016e-01 -2.850371e-03 0
6.017016e-01 -2.850371e-03 0
6.043120e-01 -2.347444e-03 0
8.081280e-01 -5.131387e-03 0
8.046062e-01 -6.228745e-03 0
8.046062e-01 -6.228745e-03 0
8.081280e-01 -5.131387e-03 0
9.422611e-01 -8.623250e-03 0
9.382793e-01 -1.040525e-02 0
9.382793e-01 -1.040525e-02 0
9.422611e-01 -8.623250e-03 0
1.021387e+00 -1.232521e-02 0
1.017367e+00 -1.484494e-02 0
1.017367e+00 -1.484494e-02 0
1.021387e+00 -1.232521e-02 0
1.064846e+00 -1.590268e-02 0
1.061124e+00 -1.910847e-02 0
1.061124e+00 -1.910847e-02 0
1.064846e+00 -1.590268e-02 0
1.088018e+00 -1.908924e-02 0
1.084833e+00 -2.290248e-02 0
1.084833e+00 -2.290248e-02 0
1.088018e+00 -1.908924e-02 0
1.100849e+00 -2.170773e-02 0
1.098359e+00 -2.600796e-02 0
1.098359e+00 -2.600796e-02 0
1.100849e+00 -2.170773e-02 0
1.108880e+00 -2.364075e-02 0
1.107186e+00 -2.828711e-02 0
1.107186e+00 -2.828711e-02 0
1.108880e+00 -2.364075e-02 0
1.114850e+00 -2.481812e-02 0
1.114006e+00 -2.965941e-02 0
1.114006e+00 -2.965941e-02 0
1.114850e+00 -2.481812e-02 0
1.119971e+00 -2.520628e-02 0
1.119997e+00 -3.008767e-02 0
1.119997e+00 -3.008767e-02 0
1.119971e+00 -2.520628e-02 0
1.124659e+00 -2.480265e-02 0
1.125537e+00 -2.957365e-02 0
1.125537e+00 -2.957365e-02 0
1.124659e+00 -2.480265e-02 0
1.129020e+00 -2.363155e-02 0
1.130709e+00 -2.814932e-02 0
1.130709e+00 -2.814932e-02 0
1.129020e+00 -2.363155e-02 0
1.133058e+00 -2.174293e-02 0
1.135499e+00 -2.587844e-02 0
1.135499e+00 -2.587844e-02 0
1.133058e+00 -2.174293e-02 0
1.136647e+00 -1.919742e-02 0
1.139753e+00 -2.283153e-02 0
1.139753e+00 -2.283153e-02 0
1.136647e+00 -1.919742e-02 0
1.139731e+00 -1.608080e-02 0
1.143406e+00 -1.911297e-02 0
1.143406e+00 -1.911297e-02 0
1.139731e+00 -1.608080e-02 0
1.142226e+00 -1.249048e-02 0
1.146357e+00 -1.483846e-02 0
1.146357e+00 -1.483846e-02 0
1.142226e+00 -1.249048e-02 0
1.144047e+00 -8.529512e-03 0
1.148510e+00 -1.012749e-02 0
1.148510e+00 -1.012749e-02 0
1.144047e+00 -8.529512e-03 0
1.145163e+00 -4.331695e-03 0
1.149829e+00 -5.143684e-03 0
1.149829e+00 -5.143684e-03 0
1.145163e+00 -4.331695e-03 0
1.145539e+00 -2.851178e-06 0
1.150273e+00 -4.461399e-06 0
1.150273e+00 -4.461399e-06 0
1.145539e+00 -2.851178e-06 0
1.145165e+00 4.326060e-03 0
1.149831e+00 5.134848e-03 0
1.149831e+00 5.134848e-03 0
1.145165e+00 4.326060e-03 0
1.144051e+00 8.529689e-03 0
1.148514e+00 1.012766e-02 0
1.148514e+00 1.012766e-02 0
1.144051e+00 8.529689e-03 0
1.142226e+00 1.248544e-02 0
1.146357e+00 1.483039e-02 0
1.146357e+00 1.483039e-02 0
1.142226e+00 1.248544e-02 0
1.139739e+00 1.607626e-02 0
1.143415e+00 1.910556e-02 0
1.143415e+00 1.910556e-02 0
1.139739e+00 1.607626e-02 0
1.136646e+00 1.919759e-02 0
1.139753e+00 2.283173e-02 0
1.139753e+00 2.283173e-02 0
1.136646e+00 1.919759e-02 0
1.133047e+00 2.174309e-02 0
1.135485e+00 2.587864e-02 0
1.135485e+00 2.587864e-02 0
1.133047e+00 2.174309e-02 0
1.129020e+00 2.363413e-02 0
1.130709e+00 2.815393e-02 0
1.130709e+00 2.815393e-02 0
1.129020e+00 2.363413e-02 0
1.124659e+00 2.480430e-02 0
1.125537e+00 2.957688e-02 0
1.125537e+00 2.957688e-02 0
1.124659e+00 2.480430e-02 0
1.119971e+00 2.520653e-02 0
1.119997e+00 3.008805e-02 0
1.119997e+00 3.008805e-02 0
1.119971e+00 2.520653e-02 0
1.114864e+00 2.481891e-02 0
1.114023e+00 2.966028e-02 0
1.114023e+00 2.966028e-02 0
1.114864e+00 2.481891e-02 0
1.108896e+00 2.364228e-02 0
1.107205e+00 2.828979e-02 0
1.107205e+00 2.828979e-02 0
1.108896e+00 2.364228e-02 0
1.100868e+00 2.170950e-02 0
1.098381e+00 2.601226e-02 0
1.098381e+00 2.601226e-02 0
1.100868e+00 2.170950e-02 0
1.088045e+00 1.909046e-02 0
1.084862e+00 2.290795e-02 0
1.084862e+00 2.290795e-02 0
1.088045e+00 1.909046e-02 0
1.064888e+00 1.590225e-02 0
1.061167e+00 1.911439e-02 0
1.061167e+00 1.911439e-02 0
1.064888e+00 1.590225e-02 0
1.021450e+00 1.232447e-02 0
1.017431e+00 1.484467e-02 0
1.017431e+00 1.484467e-02 0
1.021450e+00 1.232447e-02 0
9.423381e-01 8.617194e-03 0
9.383555e-01 1.040927e-02 0
9.383555e-01 1.040927e-02 0
9.423381e-01 8.617194e-03 0
8.081292e-01 5.130897e-03 0
8.046076e-01 6.228004e-03 0
8.046076e-01 6.228004e-03 0
8.081292e-01 5.130897e-03 0
6.042831e-01 2.322541e-03 0
6.016694e-01 2.845865e-03 0
6.016694e-01 2.845865e-03 0
6.042831e-01 2.322541e-03 0
3.285450e-01 5.378235e-04 0
3.272079e-01 6.693532e-04 0
3.272079e-01 6.693532e-04 0
3.285450e-01 5.378235e-04 0
-3.279678e-03 -4.592554e-05 0
-3.203963e-03 -5.669121e-05 0
-3.279660e-03 4.595076e-05 0
-3.342815e-03 3.742729e-05 0
3.296466e-01 -4.394700e-04 0
3.285448e-01 -5.378847e-04 0
3.285448e-01 -5.378847e-04 0
3.296466e-01 -4.394700e-04 0
6.064375e-01 -1.929843e-03 0
6.043120e-01 -2.347444e-03 0
6.043120e-01 -2.347444e-03 0
6.064375e-01 -1.929843e-03 0
8.110544e-01 -4.245807e-03 0
8.081280e-01 -5.131387e-03 0
8.081280e-01 -5.131387e-03 0
8.110544e-01 -4.245807e-03 0
9.455573e-01 -7.152019e-03 0
9.422611e-01 -8.623250e-03 0
9.422611e-01 -8.623250e-03 0
9.455573e-01 -7.152019e-03 0
1.024727e+00 -1.024101e-02 0
1.021387e+00 -1.232521e-02 0
1.021387e+00 -1.232521e-02 0
1.024727e+00 -1.024101e-02 0
1.067951e+00 -1.323364e-02 0
1.064846e+00 -1.590268e-02 0
1.064846e+00 -1.590268e-02 0
1.067951e+00 -1.323364e-02 0
1.090687e+00 -1.590686e-02 0
1.088018e+00 -1.908924e-02 0
1.088018e+00 -1.908924e-02 0
1.090687e+00 -1.590686e-02 0
1.102945e+00 -1.811135e-02 0
1.100849e+00 -2.170773e-02 0
1.100849e+00 -2.170773e-02 0
1.102945e+00 -1.811135e-02 0
1.110317e+00 -1.974721e-02 0
1.108880e+00 -2.364075e-02 0
1.108880e+00 -2.364075e-02 0
1.110317e+00 -1.974721e-02 0
1.115579e+00 -2.075360e-02 0
1.114850e+00 -2.481812e-02 0
1.114850e+00 -2.481812e-02 0
1.115579e+00 -2.075360e-02 0
1.119975e+00 -2.110015e-02 0
1.119971e+00 -2.520628e-02 0
1.119971e+00 -2.520628e-02 0
1.119975e+00 -2.110015e-02 0
1.123947e+00 -2.078230e-02 0
1.124659e+00 -2.480265e-02 0
1.124659e+00 -2.480265e-02 0
1.123947e+00 -2.078230e-02 0
1.127624e+00 -1.981846e-02 0
1.129020e+00 -2.363155e-02 0
1.129020e+00 -2.363155e-02 0
1.127624e+00 -1.981846e-02 0
1.131029e+00 -1.824890e-02 0
1.133058e+00 -2.174293e-02 0
1.133058e+00 -2.174293e-02 0
1.131029e+00 -1.824890e-02 0
1.134053e+00 -1.612345e-02 0
1.136647e+00 -1.919742e-02 0
1.136647e+00 -1.919742e-02 0
1.134053e+00 -1.612345e-02 0
1.136655e+00 -1.351358e-02 0
1.139731e+00 -1.608080e-02 0
1.139731e+00 -1.608080e-02 0
1.136655e+00 -1.351358e-02 0
1.138763e+00 -1.050119e-02 0
1.142226e+00 -1.249048e-02 0
1.142226e+00 -1.249048e-02 0
1.138763e+00 -1.050119e-02 0
1.140300e+00 -7.173369e-03 0
1.144047e+00 -8.529512e-03 0
1.144047e+00 -8.529512e-03 0
1.140300e+00 -7.173369e-03 0
1.141244e+00 -3.643723e-03 0
1.145163e+00 -4.331695e-03 0
1.145163e+00 -4.331695e-03 0
1.141244e+00 -3.643723e-03 0
1.141562e+00 -2.407762e-06 0
1.145539e+00 -2.851178e-06 0
1.145539e+00 -2.851178e-06 0
1.141562e+00 -2.407762e-06 0
1.141246e+00 3.638967e-03 0
1.145165e+00 4.326060e-03 0
1.145165e+00 4.326060e-03 0
1.141246e+00 3.638967e-03 0
1.140304e+00 7.173543e-03 0
1.144051e+00 8.529689e-03 0
1.144051e+00 8.529689e-03 0
1.140304e+00 7.173543e-03 0
1.138763e+00 1.049694e-02 0
1.142226e+00 1.248544e-02 0
1.142226e+00 1.248544e-02 0
1.138763e+00 1.049694e-02 0
1.136663e+00 1.350978e-02 0
1.139739e+00 1.607626e-02 0
1.139739e+00 1.607626e-02 0
1.136663e+00 1.350978e-02 0
1.134053e+00 1.612018e-02 0
1.136646e+00 1.919759e-02 0
1.136646e+00 1.919759e-02 0
1.134053e+00 1.612018e-02 0
1.131018e+00 1.824903e-02 0
1.133047e+00 2.174309e-02 0
1.133047e+00 2.174309e-02 0
1.131018e+00 1.824903e-02 0
1.127624e+00 1.982059e-02 0
1.129020e+00 2.363413e-02 0
1.129020e+00 2.363413e-02 0
1.127624e+00 1.982059e-02 0
1.123947e+00 2.078360e-02 0
1.124659e+00 2.480430e-02 0
1.124659e+00 2.480430e-02 0
1.123947e+00 2.078360e-02 0
1.119975e+00 2.110030e-02 0
1.119971e+00 2.520653e-02 0
1.119971e+00 2.520653e-02 0
1.119975e+00 2.110030e-02 0
1.115593e+00 2.075421e-02 0
1.114864e+00 2.481891e-02 0
1.114864e+00 2.481891e-02 0
1.115593e+00 2.075421e-02 0
1.110331e+00 1.974839e-02 0
1.108896e+00 2.364228e-02 0
1.108896e+00 2.364228e-02 0
1.110331e+00 1.974839e-02 0
1.102962e+00 1.811268e-02 0
1.100868e+00 2.170950e-02 0
1.100868e+00 2.170950e-02 0
1.102962e+00 1.811268e-02 0
1.090712e+00 1.590769e-02 0
1.088045e+00 1.909046e-02 0
1.088045e+00 1.909046e-02 0
1.090712e+00 1.590769e-02 0
1.067991e+00 1.323311e-02 0
1.064888e+00 1.590225e-02 0
1.064888e+00 1.590225e-02 0
1.067991e+00 1.323311e-02 0
1.024787e+00 1.024031e-02 0
1.021450e+00 1.232447e-02 0
1.021450e+00 1.232447e-02 0
1.024787e+00 1.024031e-02 0
9.456311e-01 7.147062e-03 0
9.423381e-01 8.617194e-03 0
9.423381e-01 8.617194e-03 0
9.456311e-01 7.147062e-03 0
8.110551e-01 4.245580e-03 0
8.081292e-01 5.130897e-03 0
8.081292e-01 5.130897e-03 0
8.110551e-01 4.245580e-03 0
6.064338e-01 1.932642e-03 0
6.042831e-01 2.322541e-03 0
6.042831e-01 2.322541e-03 0
6.064338e-01 1.932642e-03 0
3.296468e-01 4.395478e-04 0
3.285450e-01 5.378235e-04 0
3.285450e-01 5.378235e-04 0
3.296468e-01 4.395478e-04 0
-3.342796e-03 -3.739632e-05 0
-3.279678e-03 -4.592554e-05 0
-3.342815e-03 3.742729e-05 0
-3.395674e-03 3.055457e-05 0
3.305559e-01 -3.657396e-04 0
3.296466e-01 -4.394700e-04 0
3.296466e-01 -4.394700e-04 0
3.305559e-01 -3.657396e-04 0
6.082349e-01 -1.592614e-03 0
6.064375e-01 -1.929843e-03 0
6.064375e-01 -1.929843e-03 0
6.082349e-01 -1.592614e-03 0
8.134868e-01 -3.516009e-03 0
8.110544e-01 -4.245807e-03 0
8.110544e-01 -4.245807e-03 0
8.134868e-01 -3.516009e-03 0
9.483261e-01 -5.935354e-03 0
9.455573e-01 -7.152019e-03 0
9.455573e-01 -7.152019e-03 0
9.483261e-01 -5.935354e-03 0
1.027536e+00 -8.513715e-03 0
1.024727e+00 -1.024101e-02 0
1.024727e+00 -1.024101e-02 0
1.027536e+00 -8.513715e-03 0
1.070565e+00 -1.101749e-02 0
1.067951e+00 -1.323364e-02 0
1.067951e+00 -1.323364e-02 0
1.070565e+00 -1.101749e-02 0
1.092938e+00 -1.325958e-02 0
1.090687e+00 -1.590686e-02 0
1.090687e+00 -1.590686e-02 0
1.092938e+00 -1.325958e-02 0
1.104718e+00 -1.511419e-02 0
1.102945e+00 -1.811135e-02 0
1.102945e+00 -1.811135e-02 0
1.104718e+00 -1.511419e-02 0
1.111540e+00 -1.649652e-02 0
1.110317e+00 -1.974721e-02 0
1.110317e+00 -1.974721e-02 0
1.111540e+00 -1.649652e-02 0
1.116210e+00 -1.735414e-02 0
1.115579e+00 -2.075360e-02 0
1.115579e+00 -2.075360e-02 0
1.116210e+00 -1.735414e-02 0
1.119996e+00 -1.766007e-02 0
1.119975e+00 -2.110015e-02 0
1.119975e+00 -2.110015e-02 0
1.119996e+00 -1.766007e-02 0
1.123365e+00 -1.740874e-02 0
1.123947e+00 -2.078230e-02 0
1.123947e+00 -2.078230e-02 0
1.123365e+00 -1.740874e-02 0
1.126466e+00 -1.661416e-02 0
1.127624e+00 -1.981846e-02 0
1.127624e+00 -1.981846e-02 0
1.126466e+00 -1.661416e-02 0
1.129333e+00 -1.530889e-02 0
1.131029e+00 -1.824890e-02 0
1.131029e+00 -1.824890e-02 0
1.129333e+00 -1.530889e-02 0
1.131880e+00 -1.353396e-02 0
1.134053e+00 -1.612345e-02 0
1.134053e+00 -1.612345e-02 0
1.131880e+00 -1.353396e-02 0
1.134073e+00 -1.134893e-02 0
1.136655e+00 -1.351358e-02 0
1.136655e+00 -1.351358e-02 0
1.134073e+00 -1.134893e-02 0
1.135849e+00 -8.822564e-03 0
1.138763e+00 -1.050119e-02 0
1.138763e+00 -1.050119e-02 0
1.135849e+00 -8.822564e-03 0
1.137146e+00 -6.028407e-03 0
1.140300e+00 -7.173369e-03 0
1.140300e+00 -7.173369e-03 0
1.137146e+00 -6.028407e-03 0
1.137943e+00 -3.062684e-03 0
1.141244e+00 -3.643723e-03 0
1.141244e+00 -3.643723e-03 0
1.137943e+00 -3.062684e-03 0
1.138211e+00 -2.028384e-06 0
1.141562e+00 -2.407762e-06 0
1.141562e+00 -2.407762e-06 0
1.138211e+00 -2.028384e-06 0
1.137944e+00 3.058680e-03 0
1.141246e+00 3.638967e-03 0
1.141246e+00 3.638967e-03 0
1.137944e+00 3.058680e-03 0
1.137150e+00 6.028574e-03 0
1.140304e+00 7.173543e-03 0
1.140304e+00 7.173543e-03 0
1.137150e+00 6.028574e-03 0
1.135849e+00 8.819002e-03 0
1.138763e+00 1.049694e-02 0
1.138763e+00 1.049694e-02 0
1.135849e+00 8.819002e-03 0
1.134079e+00 1.134575e-02 0
1.136663e+00 1.350978e-02 0
1.136663e+00 1.350978e-02 0
1.134079e+00 1.134575e-02 0
1.131879e+00 1.353411e-02 0
1.134053e+00 1.612018e-02 0
1.134053e+00 1.612018e-02 0
1.131879e+00 1.353411e-02 0
1.129324e+00 1.530900e-02 0
1.131018e+00 1.824903e-02 0
1.131018e+00 1.824903e-02 0
1.129324e+00 1.530900e-02 0
1.126466e+00 1.661590e-02 0
1.127624e+00 1.982059e-02 0
1.127624e+00 1.982059e-02 0
1.126466e+00 1.661590e-02 0
1.123365e+00 1.740977e-02 0
1.123947e+00 2.078360e-02 0
1.123947e+00 2.078360e-02 0
1.123365e+00 1.740977e-02 0
1.119996e+00 1.766015e-02 0
1.119975e+00 2.110030e-02 0
1.119975e+00 2.110030e-02 0
1.119996e+00 1.766015e-02 0
1.116222e+00 1.735463e-02 0
1.115593e+00 2.075421e-02 0
1.115593e+00 2.075421e-02 0
1.116222e+00 1.735463e-02 0
1.111552e+00 1.649746e-02 0
1.110331e+00 1.974839e-02 0
1.110331e+00 1.974839e-02 0
1.111552e+00 1.649746e-02 0
1.104734e+00 1.511528e-02 0
1.102962e+00 1.811268e-02 0
1.102962e+00 1.811268e-02 0
1.104734e+00 1.511528e-02 0
1.092962e+00 1.326032e-02 0
1.090712e+00 1.590769e-02 0
1.090712e+00 1.590769e-02 0
1.092962e+00 1.326032e-02 0
1.070604e+00 1.101726e-02 0
1.067991e+00 1.323311e-02 0
1.067991e+00 1.323311e-02 0
1.070604e+00 1.101726e-02 0
1.027596e+00 8.513581e-03 0
1.024787e+00 1.024031e-02 0
1.024787e+00 1.024031e-02 0
1.027596e+00 8.513581e-03 0
9.484009e-01 5.931794e-03 0
9.456311e-01 7.147062e-03 0
9.456311e-01 7.147062e-03 0
9.484009e-01 5.931794e-03 0
8.134873e-01 3.515853e-03 0
8.110551e-01 4.245580e-03 0
8.110551e-01 4.245580e-03 0
8.134873e-01 3.515853e-03 0
6.082297e-01 1.575363e-03 0
6.064338e-01 1.932642e-03 0
6.064338e-01 1.932642e-03 0
6.082297e-01 1.575363e-03 0
3.305560e-01 3.656555e-04 0
3.296468e-01 4.395478e-04 0
3.296468e-01 4.395478e-04 0
3.305560e-01 3.656555e-04 0
-3.395626e-03 -3.054374e-05 0
-3.342796e-03 -3.739632e-05 0
-3.395674e-03 3.055457e-05 0
-3.439901e-03 2.499042e-05 0
3.313064e-01 -2.946214e-04 0
3.305559e-01 -3.657396e-04 0
3.305559e-01 -3.657396e-04 0
3.313064e-01 -2.946214e-04 0
6.097268e-01 -1.318612e-03 0
6.082349e-01 -1.592614e-03 0
6.082349e-01 -1.592614e-03 0
6.097268e-01 -1.318612e-03 0
8.155099e-01 -2.923342e-03 0
8.134868e-01 -3.516009e-03 0
8.134868e-01 -3.516009e-03 0
8.155099e-01 -2.923342e-03 0
9.506348e-01 -4.928798e-03 0
9.483261e-01 -5.935354e-03 0
9.483261e-01 -5.935354e-03 0
9.506348e-01 -4.928798e-03 0
1.029883e+00 -7.082096e-03 0
1.027536e+00 -8.513715e-03 0
1.027536e+00 -8.513715e-03 0
1.029883e+00 -7.082096e-03 0
1.072755e+00 -9.170346e-03 0
1.070565e+00 -1.101749e-02 0
1.070565e+00 -1.101749e-02 0
1.072755e+00 -9.170346e-03 0
1.094828e+00 -1.104867e-02 0
1.092938e+00 -1.325958e-02 0
1.092938e+00 -1.325958e-02 0
1.094828e+00 -1.104867e-02 0
1.106213e+00 -1.260685e-02 0
1.104718e+00 -1.511419e-02 0
1.104718e+00 -1.511419e-02 0
1.106213e+00 -1.260685e-02 0
1.112576e+00 -1.377288e-02 0
1.111540e+00 -1.649652e-02 0
1.111540e+00 -1.649652e-02 0
1.112576e+00 -1.377288e-02 0
1.116751e+00 -1.450174e-02 0
1.116210e+00 -1.735414e-02 0
1.116210e+00 -1.735414e-02 0
1.116751e+00 -1.450174e-02 0
1.120026e+00 -1.476946e-02 0
1.119996e+00 -1.766007e-02 0
1.119996e+00 -1.766007e-02 0
1.120026e+00 -1.476946e-02 0
1.122889e+00 -1.457015e-02 0
1.123365e+00 -1.740874e-02 0
1.123365e+00 -1.740874e-02 0
1.122889e+00 -1.457015e-02 0
1.125506e+00 -1.391461e-02 0
1.126466e+00 -1.661416e-02 0
1.126466e+00 -1.661416e-02 0
1.125506e+00 -1.391461e-02 0
1.127919e+00 -1.282998e-02 0
1.129333e+00 -1.530889e-02 0
1.129333e+00 -1.530889e-02 0
1.127919e+00 -1.282998e-02 0
1.130062e+00 -1.134865e-02 0
1.131880e+00 -1.353396e-02 0
1.131880e+00 -1.353396e-02 0
1.130062e+00 -1.134865e-02 0
1.131908e+00 -9.520827e-03 0
1.134073e+00 -1.134893e-02 0
1.134073e+00 -1.134893e-02 0
1.131908e+00 -9.520827e-03 0
1.133405e+00 -7.404193e-03 0
1.135849e+00 -8.822564e-03 0
1.135849e+00 -8.822564e-03 0
1.133405e+00 -7.404193e-03 0
1.134498e+00 -5.059548e-03 0
1.137146e+00 -6.028407e-03 0
1.137146e+00 -6.028407e-03 0
1.134498e+00 -5.059548e-03 0
1.135169e+00 -2.571781e-03 0
1.137943e+00 -3.062684e-03 0
1.137943e+00 -3.062684e-03 0
1.135169e+00 -2.571781e-03 0
1.135396e+00 -2.317984e-06 0
1.138211e+00 -2.028384e-06 0
1.138211e+00 -2.028384e-06 0
1.135396e+00 -2.317984e-06 0
1.135171e+00 2.567202e-03 0
1.137944e+00 3.058680e-03 0
1.137944e+00 3.058680e-03 0
1.135171e+00 2.567202e-03 0
1.134501e+00 5.059710e-03 0
1.137150e+00 6.028574e-03 0
1.137150e+00 6.028574e-03 0
1.134501e+00 5.059710e-03 0
1.133405e+00 7.400089e-03 0
1.135849e+00 8.819002e-03 0
1.135849e+00 8.819002e-03 0
1.133405e+00 7.400089e-03 0
1.131914e+00 9.517133e-03 0
1.134079e+00 1.134575e-02 0
1.134079e+00 1.134575e-02 0
1.131914e+00 9.517133e-03 0
1.130062e+00 1.134879e-02 0
1.131879e+00 1.353411e-02 0
1.131879e+00 1.353411e-02 0
1.130062e+00 1.134879e-02 0
1.127911e+00 1.283009e-02 0
1.129324e+00 1.530900e-02 0
1.129324e+00 1.530900e-02 0
1.127911e+00 1.283009e-02 0
1.125506e+00 1.391665e-02 0
1.126466e+00 1.661590e-02 0
1.126466e+00 1.661590e-02 0
1.125506e+00 1.391665e-02 0
1.122890e+00 1.457137e-02 0
1.123365e+00 1.740977e-02 0
1.123365e+00 1.740977e-02 0
1.122890e+00 1.457137e-02 0
1.120026e+00 1.476951e-02 0
1.119996e+00 1.766015e-02 0
1.119996e+00 1.766015e-02 0
1.120026e+00 1.476951e-02 0
1.116761e+00 1.450232e-02 0
1.116222e+00 1.735463e-02 0
1.116222e+00 1.735463e-02 0
1.116761e+00 1.450232e-02 0
1.112587e+00 1.377424e-02 0
1.111552e+00 1.649746e-02 0
1.111552e+00 1.649746e-02 0
1.112587e+00 1.377424e-02 0
1.106227e+00 1.260888e-02 0
1.104734e+00 1.511528e-02 0
1.104734e+00 1.511528e-02 0
1.106227e+00 1.260888e-02 0
1.094851e+00 1.105119e-02 0
1.092962e+00 1.326032e-02 0
1.092962e+00 1.326032e-02 0
1.094851e+00 1.105119e-02 0
1.072793e+00 9.173131e-03 0
1.070604e+00 1.101726e-02 0
1.070604e+00 1.101726e-02 0
1.072793e+00 9.173131e-03 0
1.029943e+00 7.082171e-03 0
1.027596e+00 8.513581e-03 0
1.027596e+00 8.513581e-03 0
1.029943e+00 7.082171e-03 0
9.507107e-01 4.931156e-03 0
9.484009e-01 5.931794e-03 0
9.484009e-01 5.931794e-03 0
9.507107e-01 4.931156e-03 0
8.155106e-01 2.923200e-03 0
8.134873e-01 3.515853e-03 0
8.134873e-01 3.515853e-03 0
8.155106e-01 2.923200e-03 0
6.097272e-01 1.318553e-03 0
6.082297e-01 1.575363e-03 0
6.082297e-01 1.575363e-03 0
6.097272e-01 1.318553e-03 0
3.313066e-01 2.945168e-04 0
3.305560e-01 3.656555e-04 0
3.305560e-01 3.656555e-04 0
3.313066e-01 2.945168e-04 0
-3.439913e-03 -2.499302e-05 0
-3.395626e-03 -3.054374e-05 0
-3.439901e-03 2.499042e-05 0
-3.477070e-03 2.049411e-05 0
3.319264e-01 -2.445519e-04 0
3.313064e-01 -2.946214e-04 0
3.313064e-01 -2.946214e-04 0
3.319264e-01 -2.445519e-04 0
6.110136e-01 -1.088890e-03 0
6.097268e-01 -1.318612e-03 0
6.097268e-01 -1.318612e-03 0
6.110136e-01 -1.088890e-03 0
8.171933e-01 -2.422879e-03 0
8.155099e-01 -2.923342e-03 0
8.155099e-01 -2.923342e-03 0
8.171933e-01 -2.422879e-03 0
9.525730e-01 -4.094237e-03 0
9.506348e-01 -4.928798e-03 0
9.506348e-01 -4.928798e-03 0
9.525730e-01 -4.094237e-03 0
1.031855e+00 -5.892579e-03 0
1.029883e+00 -7.082096e-03 0
1.029883e+00 -7.082096e-03 0
1.031855e+00 -5.892579e-03 0
1.074596e+00 -7.639885e-03 0
1.072755e+00 -9.170346e-03 0
1.072755e+00 -9.170346e-03 0
1.074596e+00 -7.639885e-03 0
1.096420e+00 -9.214519e-03 0
1.094828e+00 -1.104867e-02 0
1.094828e+00 -1.104867e-02 0
1.096420e+00 -9.214519e-03 0
1.107474e+00 -1.052381e-02 0
1.106213e+00 -1.260685e-02 0
1.106213e+00 -1.260685e-02 0
1.107474e+00 -1.052381e-02 0
1.113454e+00 -1.150684e-02 0
1.112576e+00 -1.377288e-02 0
1.112576e+00 -1.377288e-02 0
1.113454e+00 -1.150684e-02 0
1.117216e+00 -1.212513e-02 0
1.116751e+00 -1.450174e-02 0
1.116751e+00 -1.450174e-02 0
1.117216e+00 -1.212513e-02 0
1.120061e+00 -1.235784e-02 0
1.120026e+00 -1.476946e-02 0
1.120026e+00 -1.476946e-02 0
1.120061e+00 -1.235784e-02 0
1.122499e+00 -1.219907e-02 0
1.122889e+00 -1.457015e-02 0
1.122889e+00 -1.457015e-02 0
1.122499e+00 -1.219907e-02 0
1.124708e+00 -1.165715e-02 0
1.125506e+00 -1.391461e-02 0
1.125506e+00 -1.391461e-02 0
1.124708e+00 -1.165715e-02 0
1.126738e+00 -1.075417e-02 0
1.127919e+00 -1.282998e-02 0
1.127919e+00 -1.282998e-02 0
1.126738e+00 -1.075417e-02 0
1.128541e+00 -9.516899e-03 0
1.130062e+00 -1.134865e-02 0
1.130062e+00 -1.134865e-02 0
1.128541e+00 -9.516899e-03 0
1.130093e+00 -7.987181e-03 0
1.131908e+00 -9.520827e-03 0
1.131908e+00 -9.520827e-03 0
1.130093e+00 -7.987181e-03 0
1.131352e+00 -6.213400e-03 0
1.133405e+00 -7.404193e-03 0
1.133405e+00 -7.404193e-03 0
1.131352e+00 -6.213400e-03 0
1.132272e+00 -4.246752e-03 0
1.134498e+00 -5.059548e-03 0
1.134498e+00 -5.059548e-03 0
1.132272e+00 -4.246752e-03 0
1.132837e+00 -2.158941e-03 0
1.135169e+00 -2.571781e-03 0
1.135169e+00 -2.571781e-03 0
1.132837e+00 -2.158941e-03 0
1.133027e+00 -1.951608e-06 0
1.135396e+00 -2.317984e-06 0
1.135396e+00 -2.317984e-06 0
1.133027e+00 -1.951608e-06 0
1.132838e+00 2.155088e-03 0
1.135171e+00 2.567202e-03 0
1.135171e+00 2.567202e-03 0
1.132838e+00 2.155088e-03 0
1.132274e+00 4.246910e-03 0
1.134501e+00 5.059710e-03 0
1.134501e+00 5.059710e-03 0
1.132274e+00 4.246910e-03 0
1.131352e+00 6.209959e-03 0
1.133405e+00 7.400089e-03 0
1.133405e+00 7.400089e-03 0
1.131352e+00 6.209959e-03 0
1.130097e+00 7.984095e-03 0
1.131914e+00 9.517133e-03 0
1.131914e+00 9.517133e-03 0
1.130097e+00 7.984095e-03 0
1.128540e+00 9.517028e-03 0
1.130062e+00 1.134879e-02 0
1.130062e+00 1.134879e-02 0
1.128540e+00 9.517028e-03 0
1.126732e+00 1.075427e-02 0
1.127911e+00 1.283009e-02 0
1.127911e+00 1.283009e-02 0
1.126732e+00 1.075427e-02 0
1.124708e+00 1.165883e-02 0
1.125506e+00 1.391665e-02 0
1.125506e+00 1.391665e-02 0
1.124708e+00 1.165883e-02 0
1.122499e+00 1.220005e-02 0
1.122890e+00 1.457137e-02 0
1.122890e+00 1.457137e-02 0
1.122499e+00 1.220005e-02 0
1.120061e+00 1.235787e-02 0
1.120026e+00 1.476951e-02 0
1.120026e+00 1.476951e-02 0
1.120061e+00 1.235787e-02 0
1.117223e+00 1.212565e-02 0
1.116761e+00 1.450232e-02 0
1.116761e+00 1.450232e-02 0
1.117223e+00 1.212565e-02 0
1.113463e+00 1.150799e-02 0
1.112587e+00 1.377424e-02 0
1.112587e+00 1.377424e-02 0
1.113463e+00 1.150799e-02 0
1.107487e+00 1.052548e-02 0
1.106227e+00 1.260888e-02 0
1.106227e+00 1.260888e-02 0
1.107487e+00 1.052548e-02 0
1.096442e+00 9.216533e-03 0
1.094851e+00 1.105119e-02 0
1.094851e+00 1.105119e-02 0
1.096442e+00 9.216533e-03 0
1.074634e+00 7.642002e-03 0
1.072793e+00 9.173131e-03 0
1.072793e+00 9.173131e-03 0
1.074634e+00 7.642002e-03 0
1.031917e+00 5.892323e-03 0
1.029943e+00 7.082171e-03 0
1.029943e+00 7.082171e-03 0
1.031917e+00 5.892323e-03 0
9.526517e-01 4.095825e-03 0
9.507107e-01 4.931156e-03 0
9.507107e-01 4.931156e-03 0
9.526517e-01 4.095825e-03 0
8.171940e-01 2.422882e-03 0
8.155106e-01 2.923200e-03 0
8.155106e-01 2.923200e-03 0
8.171940e-01 2.422882e-03 0
6.109610e-01 1.087321e-03 0
6.097272e-01 1.318553e-03 0
6.097272e-01 1.318553e-03 0
6.109610e-01 1.087321e-03 0
3.319265e-01 2.446696e-04 0
3.313066e-01 2.945168e-04 0
3.313066e-01 2.945168e-04 0
3.319265e-01 2.446696e-04 0
-3.477072e-03 -2.048543e-05 0
-3.439913e-03 -2.499302e-05 0
-3.477070e-03 2.049411e-05 0
-3.508377e-03 1.684732e-05 0
3.324384e-01 -1.964922e-04 0
3.319264e-01 -2.445519e-04 0
3.319264e-01 -2.445519e-04 0
3.324384e-01 -1.964922e-04 0
6.119847e-01 -8.984557e-04 0
6.110136e-01 -1.088890e-03 0
6.110136e-01 -1.088890e-03 0
6.119847e-01 -8.984557e-04 0
8.185949e-01 -2.007716e-03 0
8.171933e-01 -2.422879e-03 0
8.171933e-01 -2.422879e-03 0
8.185949e-01 -2.007716e-03 0
9.541779e-01 -3.401817e-03 0
9.525730e-01 -4.094237e-03 0
9.525730e-01 -4.094237e-03 0
9.541779e-01 -3.401817e-03 0
1.033493e+00 -4.904153e-03 0
1.031855e+00 -5.892579e-03 0
1.031855e+00 -5.892579e-03 0
1.033493e+00 -4.904153e-03 0
1.076130e+00 -6.366192e-03 0
1.074596e+00 -7.639885e-03 0
1.074596e+00 -7.639885e-03 0
1.076130e+00 -6.366192e-03 0
1.097751e+00 -7.685990e-03 0
1.096420e+00 -9.214519e-03 0
1.096420e+00 -9.214519e-03 0
1.097751e+00 -7.685990e-03 0
1.108532e+00 -8.785654e-03 0
1.107474e+00 -1.052381e-02 0
1.107474e+00 -1.052381e-02 0
1.108532e+00 -8.785654e-03 0
1.114194e+00 -9.613689e-03 0
1.113454e+00 -1.150684e-02 0
1.113454e+00 -1.150684e-02 0
1.114194e+00 -9.613689e-03 0
1.117611e+00 -1.013732e-02 0
1.117216e+00 -1.212513e-02 0
1.117216e+00 -1.212513e-02 0
1.117611e+00 -1.013732e-02 0
1.120097e+00 -1.033853e-02 0
1.120061e+00 -1.235784e-02 0
1.120061e+00 -1.235784e-02 0
1.120097e+00 -1.033853e-02 0
1.122180e+00 -1.021166e-02 0
1.122499e+00 -1.219907e-02 0
1.122499e+00 -1.219907e-02 0
1.122180e+00 -1.021166e-02 0
1.124046e+00 -9.763179e-03 0
1.124708e+00 -1.165715e-02 0
1.124708e+00 -1.165715e-02 0
1.124046e+00 -9.763179e-03 0
1.125755e+00 -9.011119e-03 0
1.126738e+00 -1.075417e-02 0
1.126738e+00 -1.075417e-02 0
1.125755e+00 -9.011119e-03 0
1.127270e+00 -7.977637e-03 0
1.128541e+00 -9.516899e-03 0
1.128541e+00 -9.516899e-03 0
1.127270e+00 -7.977637e-03 0
1.128575e+00 -6.697614e-03 0
1.130093e+00 -7.987181e-03 0
1.130093e+00 -7.987181e-03 0
1.128575e+00 -6.697614e-03 0
1.129634e+00 -5.211624e-03 0
1.131352e+00 -6.213400e-03 0
1.131352e+00 -6.213400e-03 0
1.129634e+00 -5.211624e-03 0
1.130408e+00 -3.562732e-03 0
1.132272e+00 -4.246752e-03 0
1.132272e+00 -4.246752e-03 0
1.130408e+00 -3.562732e-03 0
1.130883e+00 -1.811428e-03 0
1.132837e+00 -2.158941e-03 0
1.132837e+00 -2.158941e-03 0
1.130883e+00 -1.811428e-03 0
1.131044e+00 -1.638198e-06 0
1.133027e+00 -1.951608e-06 0
1.133027e+00 -1.951608e-06 0
1.131044e+00 -1.638198e-06 0
1.130884e+00 1.808194e-03 0
1.132838e+00 2.155088e-03 0
1.132838e+00 2.155088e-03 0
1.130884e+00 1.808194e-03 0
1.130410e+00 3.562887e-03 0
1.132274e+00 4.246910e-03 0
1.132274e+00 4.246910e-03 0
1.130410e+00 3.562887e-03 0
1.129634e+00 5.208747e-03 0
1.131352e+00 6.209959e-03 0
1.131352e+00 6.209959e-03 0
1.129634e+00 5.208747e-03 0
1.128579e+00 6.695044e-03 0
1.130097e+00 7.984095e-03 0
1.130097e+00 7.984095e-03 0
1.128579e+00 6.695044e-03 0
1.127270e+00 7.977765e-03 0
1.128540e+00 9.517028e-03 0
1.128540e+00 9.517028e-03 0
1.127270e+00 7.977765e-03 0
1.125750e+00 9.011225e-03 0
1.126732e+00 1.075427e-02 0
1.126732e+00 1.075427e-02 0
1.125750e+00 9.011225e-03 0
1.124046e+00 9.764586e-03 0
1.124708e+00 1.165883e-02 0
1.124708e+00 1.165883e-02 0
1.124046e+00 9.764586e-03 0
1.122180e+00 1.021247e-02 0
1.122499e+00 1.220005e-02 0
1.122499e+00 1.220005e-02 0
1.122180e+00 1.021247e-02 0
1.120097e+00 1.033857e-02 0
1.120061e+00 1.235787e-02 0
1.120061e+00 1.235787e-02 0
1.120097e+00 1.033857e-02 0
1.117617e+00 1.013781e-02 0
1.117223e+00 1.212565e-02 0
1.117223e+00 1.212565e-02 0
1.117617e+00 1.013781e-02 0
1.114202e+00 9.614688e-03 0
1.113463e+00 1.150799e-02 0
1.113463e+00 1.150799e-02 0
1.114202e+00 9.614688e-03 0
1.108544e+00 8.787048e-03 0
1.107487e+00 1.052548e-02 0
1.107487e+00 1.052548e-02 0
1.108544e+00 8.787048e-03 0
1.097772e+00 7.687599e-03 0
1.096442e+00 9.216533e-03 0
1.096442e+00 9.216533e-03 0
1.097772e+00 7.687599e-03 0
1.076168e+00 6.367793e-03 0
1.074634e+00 7.642002e-03 0
1.074634e+00 7.642002e-03 0
1.076168e+00 6.367793e-03 0
1.033555e+00 4.903743e-03 0
1.031917e+00 5.892323e-03 0
1.031917e+00 5.892323e-03 0
1.033555e+00 4.903743e-03 0
9.542567e-01 3.403055e-03 0
9.526517e-01 4.095825e-03 0
9.526517e-01 4.095825e-03 0
9.542567e-01 3.403055e-03 0
8.185954e-01 2.007997e-03 0
8.171940e-01 2.422882e-03 0
8.171940e-01 2.422882e-03 0
8.185954e-01 2.007997e-03 0
6.119850e-01 8.988256e-04 0
6.109610e-01 1.087321e-03 0
6.109610e-01 1.087321e-03 0
6.119850e-01 8.988256e-04 0
3.324385e-01 1.966556e-04 0
3.319265e-01 2.446696e-04 0
3.319265e-01 2.446696e-04 0
3.324385e-01 1.966556e-04 0
-3.508336e-03 -1.683673e-05 0
-3.477072e-03 -2.048543e-05 0
-3.508377e-03 1.684732e-05 0
-3.534761e-03 1.386955e-05 0
3.328608e-01 -1.628701e-04 0
3.324384e-01 -1.964922e-04 0
3.324384e-01 -1.964922e-04 0
3.328608e-01 -1.628701e-04 0
6.128533e-01 -7.414373e-04 0
6.119847e-01 -8.984557e-04 0
6.119847e-01 -8.984557e-04 0
6.128533e-01 -7.414373e-04 0
8.197625e-01 -1.663996e-03 0
8.185949e-01 -2.007716e-03 0
8.185949e-01 -2.007716e-03 0
8.197625e-01 -1.663996e-03 0
9.555179e-01 -2.826537e-03 0
9.541779e-01 -3.401817e-03 0
9.541779e-01 -3.401817e-03 0
9.555179e-01 -2.826537e-03 0
1.034863e+00 -4.081725e-03 0
1.033493e+00 -4.904153e-03 0
1.033493e+00 -4.904153e-03 0
1.034863e+00 -4.081725e-03 0
1.077415e+00 -5.305206e-03 0
1.076130e+00 -6.366192e-03 0
1.076130e+00 -6.366192e-03 0
1.077415e+00 -5.305206e-03 0
1.098867e+00 -6.411372e-03 0
1.097751e+00 -7.685990e-03 0
1.097751e+00 -7.685990e-03 0
1.098867e+00 -6.411372e-03 0
1.109421e+00 -7.334718e-03 0
1.108532e+00 -8.785654e-03 0
1.108532e+00 -8.785654e-03 0
1.109421e+00 -7.334718e-03 0
1.114818e+00 -8.031765e-03 0
1.114194e+00 -9.613689e-03 0
1.114194e+00 -9.613689e-03 0
1.114818e+00 -8.031765e-03 0
1.117947e+00 -8.474666e-03 0
1.117611e+00 -1.013732e-02 0
1.117611e+00 -1.013732e-02 0
1.117947e+00 -8.474666e-03 0
1.120134e+00 -8.647905e-03 0
1.120097e+00 -1.033853e-02 0
1.120097e+00 -1.033853e-02 0
1.120134e+00 -8.647905e-03 0
1.121917e+00 -8.546268e-03 0
1.122180e+00 -1.021166e-02 0
1.122180e+00 -1.021166e-02 0
1.121917e+00 -8.546268e-03 0
1.123496e+00 -8.174789e-03 0
1.124046e+00 -9.763179e-03 0
1.124046e+00 -9.763179e-03 0
1.123496e+00 -8.174789e-03 0
1.124934e+00 -7.548223e-03 0
1.125755e+00 -9.011119e-03 0
1.125755e+00 -9.011119e-03 0
1.124934e+00 -7.548223e-03 0
1.126208e+00 -6.684936e-03 0
1.127270e+00 -7.977637e-03 0
1.127270e+00 -7.977637e-03 0
1.126208e+00 -6.684936e-03 0
1.127305e+00 -5.614021e-03 0
1.128575e+00 -6.697614e-03 0
1.128575e+00 -6.697614e-03 0
1.127305e+00 -5.614021e-03 0
1.128195e+00 -4.369487e-03 0
1.129634e+00 -5.211624e-03 0
1.129634e+00 -5.211624e-03 0
1.128195e+00 -4.369487e-03 0
1.128845e+00 -2.987537e-03 0
1.130408e+00 -3.562732e-03 0
1.130408e+00 -3.562732e-03 0
1.128845e+00 -2.987537e-03 0
1.129245e+00 -1.519143e-03 0
1.130883e+00 -1.811428e-03 0
1.130883e+00 -1.811428e-03 0
1.129245e+00 -1.519143e-03 0
1.129380e+00 -1.371720e-06 0
1.131044e+00 -1.638198e-06 0
1.131044e+00 -1.638198e-06 0
1.129380e+00 -1.371720e-06 0
1.129246e+00 1.516435e-03 0
1.130884e+00 1.808194e-03 0
1.130884e+00 1.808194e-03 0
1.129246e+00 1.516435e-03 0
1.128847e+00 2.987690e-03 0
1.130410e+00 3.562887e-03 0
1.130410e+00 3.562887e-03 0
1.128847e+00 2.987690e-03 0
1.128195e+00 4.367089e-03 0
1.129634e+00 5.208747e-03 0
1.129634e+00 5.208747e-03 0
1.128195e+00 4.367089e-03 0
1.127308e+00 5.611887e-03 0
1.128579e+00 6.695044e-03 0
1.128579e+00 6.695044e-03 0
1.127308e+00 5.611887e-03 0
1.126208e+00 6.685068e-03 0
1.127270e+00 7.977765e-03 0
1.127270e+00 7.977765e-03 0
1.126208e+00 6.685068e-03 0
1.124930e+00 7.548338e-03 0
1.125750e+00 9.011225e-03 0
1.125750e+00 9.011225e-03 0
1.124930e+00 7.548338e-03 0
1.123496e+00 8.175979e-03 0
1.124046e+00 9.764586e-03 0
1.124046e+00 9.764586e-03 0
1.123496e+00 8.175979e-03 0
1.121917e+00 8.546957e-03 0
1.122180e+00 1.021247e-02 0
1.122180e+00 1.021247e-02 0
1.121917e+00 8.546957e-03 0
1.120134e+00 8.647986e-03 0
1.120097e+00 1.033857e-02 0
1.120097e+00 1.033857e-02 0
1.120134e+00 8.647986e-03 0
1.117952e+00 8.475155e-03 0
1.117617e+00 1.013781e-02 0
1.117617e+00 1.013781e-02 0
1.117952e+00 8.475155e-03 0
1.114825e+00 8.032692e-03 0
1.114202e+00 9.614688e-03 0
1.114202e+00 9.614688e-03 0
1.114825e+00 8.032692e-03 0
1.109432e+00 7.335986e-03 0
1.108544e+00 8.787048e-03 0
1.108544e+00 8.787048e-03 0
1.109432e+00 7.335986e-03 0
1.098887e+00 6.412834e-03 0
1.097772e+00 7.687599e-03 0
1.097772e+00 7.687599e-03 0
1.098887e+00 6.412834e-03 0
1.077453e+00 5.306679e-03 0
1.076168e+00 6.367793e-03 0
1.076168e+00 6.367793e-03 0
1.077453e+00 5.306679e-03 0
1.034925e+00 4.081534e-03 0
1.033555e+00 4.903743e-03 0
1.033555e+00 4.903743e-03 0
1.034925e+00 4.081534e-03 0
9.555967e-01 2.827709e-03 0
9.542567e-01 3.403055e-03 0
9.542567e-01 3.403055e-03 0
9.555967e-01 2.827709e-03 0
8.197626e-01 1.664401e-03 0
8.185954e-01 2.007997e-03 0
8.185954e-01 2.007997e-03 0
8.197626e-01 1.664401e-03 0
6.128346e-01 7.408096e-04 0
6.119850e-01 8.988256e-04 0
6.119850e-01 8.988256e-04 0
6.128346e-01 7.408096e-04 0
3.328612e-01 1.630389e-04 0
3.324385e-01 1.966556e-04 0
3.324385e-01 1.966556e-04 0
3.328612e-01 1.630389e-04 0
-3.534712e-03 -1.386099e-05 0
-3.508336e-03 -1.683673e-05 0
-3.534761e-03 1.386955e-05 0
-3.557045e-03 1.140949e-05 0
3.332098e-01 -1.329815e-04 0
3.328608e-01 -1.628701e-04 0
3.328608e-01 -1.628701e-04 0
3.332098e-01 -1.329815e-04 0
6.135465e-01 -6.122466e-04 0
6.128533e-01 -7.414373e-04 0
6.128533e-01 -7.414373e-04 0
6.135465e-01 -6.122466e-04 0
8.207344e-01 -1.374548e-03 0
8.197625e-01 -1.663996e-03 0
8.197625e-01 -1.663996e-03 0
8.207344e-01 -1.374548e-03 0
9.566287e-01 -2.347926e-03 0
9.555179e-01 -2.826537e-03 0
9.555179e-01 -2.826537e-03 0
9.566287e-01 -2.347926e-03 0
1.036003e+00 -3.396290e-03 0
1.034863e+00 -4.081725e-03 0
1.034863e+00 -4.081725e-03 0
1.036003e+00 -3.396290e-03 0
1.078487e+00 -4.423469e-03 0
1.077415e+00 -5.305206e-03 0
1.077415e+00 -5.305206e-03 0
1.078487e+00 -4.423469e-03 0
1.099800e+00 -5.351483e-03 0
1.098867e+00 -6.411372e-03 0
1.098867e+00 -6.411372e-03 0
1.099800e+00 -5.351483e-03 0
1.110166e+00 -6.127240e-03 0
1.109421e+00 -7.334718e-03 0
1.109421e+00 -7.334718e-03 0
1.110166e+00 -6.127240e-03 0
1.115343e+00 -6.714099e-03 0
1.114818e+00 -8.031765e-03 0
1.114818e+00 -8.031765e-03 0
1.115343e+00 -6.714099e-03 0
1.118231e+00 -7.088488e-03 0
1.117947e+00 -8.474666e-03 0
1.117947e+00 -8.474666e-03 0
1.118231e+00 -7.088488e-03 0
1.120168e+00 -7.237168e-03 0
1.120134e+00 -8.647905e-03 0
1.120134e+00 -8.647905e-03 0
1.120168e+00 -7.237168e-03 0
1.121702e+00 -7.155545e-03 0
1.121917e+00 -8.546268e-03 0
1.121917e+00 -8.546268e-03 0
1.121702e+00 -7.155545e-03 0
1.123040e+00 -6.847443e-03 0
1.123496e+00 -8.174789e-03 0
1.123496e+00 -8.174789e-03 0
1.123040e+00 -6.847443e-03 0
1.124252e+00 -6.324623e-03 0
1.124934e+00 -7.548223e-03 0
1.124934e+00 -7.548223e-03 0
1.124252e+00 -6.324623e-03 0
1.125322e+00 -5.602990e-03 0
1.126208e+00 -6.684936e-03 0
1.126208e+00 -6.684936e-03 0
1.125322e+00 -5.602990e-03 0
1.126243e+00 -4.706568e-03 0
1.127305e+00 -5.614021e-03 0
1.127305e+00 -5.614021e-03 0
1.126243e+00 -4.706568e-03 0
1.126991e+00 -3.663877e-03 0
1.128195e+00 -4.369487e-03 0
1.128195e+00 -4.369487e-03 0
1.126991e+00 -3.663877e-03 0
1.127537e+00 -2.505966e-03 0
1.128845e+00 -2.987537e-03 0
1.128845e+00 -2.987537e-03 0
1.127537e+00 -2.505966e-03 0
1.127873e+00 -1.273905e-03 0
1.129245e+00 -1.519143e-03 0
1.129245e+00 -1.519143e-03 0
1.127873e+00 -1.273905e-03 0
1.127987e+00 -8.193727e-07 0
1.129380e+00 -1.371720e-06 0
1.129380e+00 -1.371720e-06 0
1.127987e+00 -8.193727e-07 0
1.127874e+00 1.272290e-03 0
1.129246e+00 1.516435e-03 0
1.129246e+00 1.516435e-03 0
1.127874e+00 1.272290e-03 0
1.127539e+00 2.506118e-03 0
1.128847e+00 2.987690e-03 0
1.128847e+00 2.987690e-03 0
1.127539e+00 2.506118e-03 0
1.126991e+00 3.662464e-03 0
1.128195e+00 4.367089e-03 0
1.128195e+00 4.367089e-03 0
1.126991e+00 3.662464e-03 0
1.126246e+00 4.705328e-03 0
1.127308e+00 5.611887e-03 0
1.127308e+00 5.611887e-03 0
1.126246e+00 4.705328e-03 0
1.125322e+00 5.603128e-03 0
1.126208e+00 6.685068e-03 0
1.126208e+00 6.685068e-03 0
1.125322e+00 5.603128e-03 0
1.124247e+00 6.324751e-03 0
1.124930e+00 7.548338e-03 0
1.124930e+00 7.548338e-03 0
1.124247e+00 6.324751e-03 0
1.123040e+00 6.848197e-03 0
1.123496e+00 8.175979e-03 0
1.123496e+00 8.175979e-03 0
1.123040e+00 6.848197e-03 0
1.121702e+00 7.156004e-03 0
1.121917e+00 8.546957e-03 0
1.121917e+00 8.546957e-03 0
1.121702e+00 7.156004e-03 0
1.120168e+00 7.237300e-03 0
1.120134e+00 8.647986e-03 0
1.120134e+00 8.647986e-03 0
1.120168e+00 7.237300e-03 0
1.118236e+00 7.088860e-03 0
1.117952e+00 8.475155e-03 0
1.117952e+00 8.475155e-03 0
1.118236e+00 7.088860e-03 0
1.115350e+00 6.714677e-03 0
1.114825e+00 8.032692e-03 0
1.114825e+00 8.032692e-03 0
1.115350e+00 6.714677e-03 0
1.110177e+00 6.127902e-03 0
1.109432e+00 7.335986e-03 0
1.109432e+00 7.335986e-03 0
1.110177e+00 6.127902e-03 0
1.099819e+00 5.352044e-03 0
1.098887e+00 6.412834e-03 0
1.098887e+00 6.412834e-03 0
1.099819e+00 5.352044e-03 0
1.078524e+00 4.423687e-03 0
1.077453e+00 5.306679e-03 0
1.077453e+00 5.306679e-03 0
1.078524e+00 4.423687e-03 0
1.036063e+00 3.396654e-03 0
1.034925e+00 4.081534e-03 0
1.034925e+00 4.081534e-03 0
1.036063e+00 3.396654e-03 0
9.567065e-01 2.346886e-03 0
9.555967e-01 2.827709e-03 0
9.555967e-01 2.827709e-03 0
9.567065e-01 2.346886e-03 0
8.207345e-01 1.374632e-03 0
8.197626e-01 1.664401e-03 0
8.197626e-01 1.664401e-03 0
8.207345e-01 1.374632e-03 0
6.135402e-01 6.114283e-04 0
6.128346e-01 7.408096e-04 0
6.128346e-01 7.408096e-04 0
6.135402e-01 6.114283e-04 0
3.332103e-01 1.329416e-04 0
3.328612e-01 1.630389e-04 0
3.328612e-01 1.630389e-04 0
3.332103e-01 1.329416e-04 0
-3.556969e-03 -1.141629e-05 0
-3.534712e-03 -1.386099e-05 0
-3.557045e-03 1.140949e-05 0
-3.575783e-03 9.384656e-06 0
3.334979e-01 -1.067442e-04 0
3.332098e-01 -1.329815e-04 0
3.332098e-01 -1.329815e-04 0
3.334979e-01 -1.067442e-04 0
6.141251e-01 -4.991568e-04 0
6.135465e-01 -6.122466e-04 0
6.135465e-01 -6.122466e-04 0
6.141251e-01 -4.991568e-04 0
8.215437e-01 -1.143702e-03 0
8.207344e-01 -1.374548e-03 0
8.207344e-01 -1.374548e-03 0
8.215437e-01 -1.143702e-03 0
9.575629e-01 -1.951281e-03 0
9.566287e-01 -2.347926e-03 0
9.566287e-01 -2.347926e-03 0
9.575629e-01 -1.951281e-03 0
1.036962e+00 -2.827278e-03 0
1.036003e+00 -3.396290e-03 0
1.036003e+00 -3.396290e-03 0
1.036962e+00 -2.827278e-03 0
1.079389e+00 -3.684085e-03 0
1.078487e+00 -4.423469e-03 0
1.078487e+00 -4.423469e-03 0
1.079389e+00 -3.684085e-03 0
1.100586e+00 -4.461054e-03 0
1.099800e+00 -5.351483e-03 0
1.099800e+00 -5.351483e-03 0
1.100586e+00 -4.461054e-03 0
1.110795e+00 -5.111661e-03 0
1.110166e+00 -6.127240e-03 0
1.110166e+00 -6.127240e-03 0
1.110795e+00 -5.111661e-03 0
1.115786e+00 -5.604933e-03 0
1.115343e+00 -6.714099e-03 0
1.115343e+00 -6.714099e-03 0
1.115786e+00 -5.604933e-03 0
1.118473e+00 -5.920868e-03 0
1.118231e+00 -7.088488e-03 0
1.118231e+00 -7.088488e-03 0
1.118473e+00 -5.920868e-03 0
1.120200e+00 -6.048126e-03 0
1.120168e+00 -7.237168e-03 0
1.120168e+00 -7.237168e-03 0
1.120200e+00 -6.048126e-03 0
1.121524e+00 -5.982503e-03 0
1.121702e+00 -7.155545e-03 0
1.121702e+00 -7.155545e-03 0
1.121524e+00 -5.982503e-03 0
1.122659e+00 -5.727104e-03 0
1.123040e+00 -6.847443e-03 0
1.123040e+00 -6.847443e-03 0
1.122659e+00 -5.727104e-03 0
1.123680e+00 -5.291900e-03 0
1.124252e+00 -6.324623e-03 0
1.124252e+00 -6.324623e-03 0
1.123680e+00 -5.291900e-03 0
1.124579e+00 -4.689540e-03 0
1.125322e+00 -5.602990e-03 0
1.125322e+00 -5.602990e-03 0
1.124579e+00 -4.689540e-03 0
1.125353e+00 -3.940289e-03 0
1.126243e+00 -4.706568e-03 0
1.126243e+00 -4.706568e-03 0
1.125353e+00 -3.940289e-03 0
1.125981e+00 -3.068022e-03 0
1.126991e+00 -3.663877e-03 0
1.126991e+00 -3.663877e-03 0
1.125981e+00 -3.068022e-03 0
1.126440e+00 -2.098274e-03 0
1.127537e+00 -2.505966e-03 0
1.127537e+00 -2.505966e-03 0
1.126440e+00 -2.098274e-03 0
1.126722e+00 -1.067153e-03 0
1.127873e+00 -1.273905e-03 0
1.127873e+00 -1.273905e-03 0
1.126722e+00 -1.067153e-03 0
1.126817e+00 -9.566766e-07 0
1.127987e+00 -8.193727e-07 0
1.127987e+00 -8.193727e-07 0
1.126817e+00 -9.566766e-07 0
1.126722e+00 1.065267e-03 0
1.127874e+00 1.272290e-03 0
1.127874e+00 1.272290e-03 0
1.126722e+00 1.065267e-03 0
1.126441e+00 2.098424e-03 0
1.127539e+00 2.506118e-03 0
1.127539e+00 2.506118e-03 0
1.126441e+00 2.098424e-03 0
1.125981e+00 3.066366e-03 0
1.126991e+00 3.662464e-03 0
1.126991e+00 3.662464e-03 0
1.125981e+00 3.066366e-03 0
1.125355e+00 3.938830e-03 0
1.126246e+00 4.705328e-03 0
1.126246e+00 4.705328e-03 0
1.125355e+00 3.938830e-03 0
1.124579e+00 4.689684e-03 0
1.125322e+00 5.603128e-03 0
1.125322e+00 5.603128e-03 0
1.124579e+00 4.689684e-03 0
1.123677e+00 5.292040e-03 0
1.124247e+00 6.324751e-03 0
1.124247e+00 6.324751e-03 0
1.123677e+00 5.292040e-03 0
1.122659e+00 5.727992e-03 0
1.123040e+00 6.848197e-03 0
1.123040e+00 6.848197e-03 0
1.122659e+00 5.727992e-03 0
1.121524e+00 5.983053e-03 0
1.121702e+00 7.156004e-03 0
1.121702e+00 7.156004e-03 0
1.121524e+00 5.983053e-03 0
1.120200e+00 6.048308e-03 0
1.120168e+00 7.237300e-03 0
1.120168e+00 7.237300e-03 0
1.120200e+00 6.048308e-03 0
1.118478e+00 5.921410e-03 0
1.118236e+00 7.088860e-03 0
1.118236e+00 7.088860e-03 0
1.118478e+00 5.921410e-03 0
1.115792e+00 5.605848e-03 0
1.115350e+00 6.714677e-03 0
1.115350e+00 6.714677e-03 0
1.115792e+00 5.605848e-03 0
1.110805e+00 5.112908e-03 0
1.110177e+00 6.127902e-03 0
1.110177e+00 6.127902e-03 0
1.110805e+00 5.112908e-03 0
1.100605e+00 4.462566e-03 0
1.099819e+00 5.352044e-03 0
1.099819e+00 5.352044e-03 0
1.100605e+00 4.462566e-03 0
1.079425e+00 3.685758e-03 0
1.078524e+00 4.423687e-03 0
1.078524e+00 4.423687e-03 0
1.079425e+00 3.685758e-03 0
1.037022e+00 2.827847e-03 0
1.036063e+00 3.396654e-03 0
1.036063e+00 3.396654e-03 0
1.037022e+00 2.827847e-03 0
9.576416e-01 1.952567e-03 0
9.567065e-01 2.346886e-03 0
9.567065e-01 2.346886e-03 0
9.576416e-01 1.952567e-03 0
8.215442e-01 1.143560e-03 0
8.207345e-01 1.374632e-03 0
8.207345e-01 1.374632e-03 0
8.215442e-01 1.143560e-03 0
6.141257e-01 4.997677e-04 0
6.135402e-01 6.114283e-04 0
6.135402e-01 6.114283e-04 0
6.141257e-01 4.997677e-04 0
3.334985e-01 1.065563e-04 0
3.332103e-01 1.329416e-04 0
3.332103e-01 1.329416e-04 0
3.334985e-01 1.065563e-04 0
-3.575775e-03 -9.404736e-06 0
-3.556969e-03 -1.141629e-05 0
-3.575783e-03 9.384656e-06 0
-3.591632e-03 7.729165e-06 0
3.337361e-01 -8.828176e-05 0
3.334979e-01 -1.067442e-04 0
3.334979e-01 -1.067442e-04 0
3.337361e-01 -8.828176e-05 0
6.146660e-01 -4.172885e-04 0
6.141251e-01 -4.991568e-04 0
6.141251e-01 -4.991568e-04 0
6.146660e-01 -4.172885e-04 0
8.222175e-01 -9.480176e-04 0
8.215437e-01 -1.143702e-03 0
8.215437e-01 -1.143702e-03 0
8.222175e-01 -9.480176e-04 0
9.583477e-01 -1.621371e-03 0
9.575629e-01 -1.951281e-03 0
9.575629e-01 -1.951281e-03 0
9.583477e-01 -1.621371e-03 0
1.037768e+00 -2.353266e-03 0
1.036962e+00 -2.827278e-03 0
1.036962e+00 -2.827278e-03 0
1.037768e+00 -2.353266e-03 0
1.080147e+00 -3.070202e-03 0
1.079389e+00 -3.684085e-03 0
1.079389e+00 -3.684085e-03 0
1.080147e+00 -3.070202e-03 0
1.101247e+00 -3.721152e-03 0
1.100586e+00 -4.461054e-03 0
1.100586e+00 -4.461054e-03 0
1.101247e+00 -3.721152e-03 0
1.111324e+00 -4.267020e-03 0
1.110795e+00 -5.111661e-03 0
1.110795e+00 -5.111661e-03 0
1.111324e+00 -4.267020e-03 0
1.116161e+00 -4.681671e-03 0
1.115786e+00 -5.604933e-03 0
1.115786e+00 -5.604933e-03 0
1.116161e+00 -4.681671e-03 0
1.118679e+00 -4.948165e-03 0
1.118473e+00 -5.920868e-03 0
1.118473e+00 -5.920868e-03 0
1.118679e+00 -4.948165e-03 0
1.120229e+00 -5.056840e-03 0
1.120200e+00 -6.048126e-03 0
1.120200e+00 -6.048126e-03 0
1.120229e+00 -5.056840e-03 0
1.121377e+00 -5.003982e-03 0
1.121524e+00 -5.982503e-03 0
1.121524e+00 -5.982503e-03 0
1.121377e+00 -5.003982e-03 0
1.122342e+00 -4.792048e-03 0
1.122659e+00 -5.727104e-03 0
1.122659e+00 -5.727104e-03 0
1.122342e+00 -4.792048e-03 0
1.123202e+00 -4.429253e-03 0
1.123680e+00 -5.291900e-03 0
1.123680e+00 -5.291900e-03 0
1.123202e+00 -4.429253e-03 0
1.123958e+00 -3.926116e-03 0
1.124579e+00 -4.689540e-03 0
1.124579e+00 -4.689540e-03 0
1.123958e+00 -3.926116e-03 0
1.124607e+00 -3.299551e-03 0
1.125353e+00 -3.940289e-03 0
1.125353e+00 -3.940289e-03 0
1.124607e+00 -3.299551e-03 0
1.125133e+00 -2.569562e-03 0
1.125981e+00 -3.068022e-03 0
1.125981e+00 -3.068022e-03 0
1.125133e+00 -2.569562e-03 0
1.125519e+00 -1.757576e-03 0
1.126440e+00 -2.098274e-03 0
1.126440e+00 -2.098274e-03 0
1.125519e+00 -1.757576e-03 0
1.125755e+00 -8.939457e-04 0
1.126722e+00 -1.067153e-03 0
1.126722e+00 -1.067153e-03 0
1.125755e+00 -8.939457e-04 0
1.125835e+00 -7.965841e-07 0
1.126817e+00 -9.566766e-07 0
1.126817e+00 -9.566766e-07 0
1.125835e+00 -7.965841e-07 0
1.125756e+00 8.923764e-04 0
1.126722e+00 1.065267e-03 0
1.126722e+00 1.065267e-03 0
1.125756e+00 8.923764e-04 0
1.125519e+00 1.757720e-03 0
1.126441e+00 2.098424e-03 0
1.126441e+00 2.098424e-03 0
1.125519e+00 1.757720e-03 0
1.125133e+00 2.568192e-03 0
1.125981e+00 3.066366e-03 0
1.125981e+00 3.066366e-03 0
1.125133e+00 2.568192e-03 0
1.124609e+00 3.298352e-03 0
1.125355e+00 3.938830e-03 0
1.125355e+00 3.938830e-03 0
1.124609e+00 3.298352e-03 0
1.123958e+00 3.926264e-03 0
1.124579e+00 4.689684e-03 0
1.124579e+00 4.689684e-03 0
1.123958e+00 3.926264e-03 0
1.123200e+00 4.429406e-03 0
1.123677e+00 5.292040e-03 0
1.123677e+00 5.292040e-03 0
1.123200e+00 4.429406e-03 0
1.122342e+00 4.792828e-03 0
1.122659e+00 5.727992e-03 0
1.122659e+00 5.727992e-03 0
1.122342e+00 4.792828e-03 0
1.121377e+00 5.004489e-03 0
1.121524e+00 5.983053e-03 0
1.121524e+00 5.983053e-03 0
1.121377e+00 5.004489e-03 0
1.120229e+00 5.057062e-03 0
1.120200e+00 6.048308e-03 0
1.120200e+00 6.048308e-03 0
1.120229e+00 5.057062e-03 0
1.118683e+00 4.948716e-03 0
1.118478e+00 5.921410e-03 0
1.118478e+00 5.921410e-03 0
1.118683e+00 4.948716e-03 0
1.116166e+00 4.682548e-03 0
1.115792e+00 5.605848e-03 0
1.115792e+00 5.605848e-03 0
1.116166e+00 4.682548e-03 0
1.111333e+00 4.268177e-03 0
1.110805e+00 5.112908e-03 0
1.110805e+00 5.112908e-03 0
1.111333e+00 4.268177e-03 0
1.101266e+00 3.722499e-03 0
1.100605e+00 4.462566e-03 0
1.100605e+00 4.462566e-03 0
1.101266e+00 3.722499e-03 0
1.080184e+00 3.071578e-03 0
1.079425e+00 3.685758e-03 0
1.079425e+00 3.685758e-03 0
1.080184e+00 3.071578e-03 0
1.037829e+00 2.353567e-03 0
1.037022e+00 2.827847e-03 0
1.037022e+00 2.827847e-03 0
1.037829e+00 2.353567e-03 0
9.584278e-01 1.622144e-03 0
9.576416e-01 1.952567e-03 0
9.576416e-01 1.952567e-03 0
9.584278e-01 1.622144e-03 0
8.222182e-01 9.479643e-04 0
8.215442e-01 1.143560e-03 0
8.215442e-01 1.143560e-03 0
8.222182e-01 9.479643e-04 0
6.146119e-01 4.164619e-04 0
6.141257e-01 4.997677e-04 0
6.141257e-01 4.997677e-04 0
6.146119e-01 4.164619e-04 0
3.337365e-01 8.826483e-05 0
3.334985e-01 1.065563e-04 0
3.334985e-01 1.065563e-04 0
3.337365e-01 8.826483e-05 0
-3.591640e-03 -7.739982e-06 0
-3.575775e-03 -9.404736e-06 0
-3.591632e-03 7.729165e-06 0
-3.605051e-03 6.375902e-06 0
3.339325e-01 -7.037109e-05 0
3.337361e-01 -8.828176e-05 0
3.337361e-01 -8.828176e-05 0
3.339325e-01 -7.037109e-05 0
6.150148e-01 -3.435350e-04 0
6.146660e-01 -4.172885e-04 0
6.146660e-01 -4.172885e-04 0
6.150148e-01 -3.435350e-04 0
8.227788e-01 -7.848947e-04 0
8.222175e-01 -9.480176e-04 0
8.222175e-01 -9.480176e-04 0
8.227788e-01 -7.848947e-04 0
9.589979e-01 -1.347188e-03 0
9.583477e-01 -1.621371e-03 0
9.583477e-01 -1.621371e-03 0
9.589979e-01 -1.347188e-03 0
1.038437e+00 -1.958842e-03 0
1.037768e+00 -2.353266e-03 0
1.037768e+00 -2.353266e-03 0
1.038437e+00 -1.958842e-03 0
1.080779e+00 -2.558657e-03 0
1.080147e+00 -3.070202e-03 0
1.080147e+00 -3.070202e-03 0
1.080779e+00 -2.558657e-03 0
1.101799e+00 -3.103907e-03 0
1.101247e+00 -3.721152e-03 0
1.101247e+00 -3.721152e-03 0
1.101799e+00 -3.103907e-03 0
1.111767e+00 -3.561746e-03 0
1.111324e+00 -4.267020e-03 0
1.111324e+00 -4.267020e-03 0
1.111767e+00 -3.561746e-03 0
1.116475e+00 -3.910146e-03 0
1.116161e+00 -4.681671e-03 0
1.116161e+00 -4.681671e-03 0
1.116475e+00 -3.910146e-03 0
1.118853e+00 -4.134771e-03 0
1.118679e+00 -4.948165e-03 0
1.118679e+00 -4.948165e-03 0
1.118853e+00 -4.134771e-03 0
1.120256e+00 -4.227399e-03 0
1.120229e+00 -5.056840e-03 0
1.120229e+00 -5.056840e-03 0
1.120256e+00 -4.227399e-03 0
1.121256e+00 -4.184771e-03 0
1.121377e+00 -5.003982e-03 0
1.121377e+00 -5.003982e-03 0
1.121256e+00 -4.184771e-03 0
1.122079e+00 -4.008837e-03 0
1.122342e+00 -4.792048e-03 0
1.122342e+00 -4.792048e-03 0
1.122079e+00 -4.008837e-03 0
1.122804e+00 -3.706376e-03 0
1.123202e+00 -4.429253e-03 0
1.123202e+00 -4.429253e-03 0
1.122804e+00 -3.706376e-03 0
1.123439e+00 -3.286137e-03 0
1.123958e+00 -3.926116e-03 0
1.123958e+00 -3.926116e-03 0
1.123439e+00 -3.286137e-03 0
1.123984e+00 -2.762248e-03 0
1.124607e+00 -3.299551e-03 0
1.124607e+00 -3.299551e-03 0
1.123984e+00 -2.762248e-03 0
1.124426e+00 -2.151462e-03 0
1.125133e+00 -2.569562e-03 0
1.125133e+00 -2.569562e-03 0
1.124426e+00 -2.151462e-03 0
1.124749e+00 -1.471754e-03 0
1.125519e+00 -1.757576e-03 0
1.125519e+00 -1.757576e-03 0
1.124749e+00 -1.471754e-03 0
1.124947e+00 -7.486202e-04 0
1.125755e+00 -8.939457e-04 0
1.125755e+00 -8.939457e-04 0
1.124947e+00 -7.486202e-04 0
1.125014e+00 -6.626697e-07 0
1.125835e+00 -7.965841e-07 0
1.125835e+00 -7.965841e-07 0
1.125014e+00 -6.626697e-07 0
1.124948e+00 7.473154e-04 0
1.125756e+00 8.923764e-04 0
1.125756e+00 8.923764e-04 0
1.124948e+00 7.473154e-04 0
1.124750e+00 1.471891e-03 0
1.125519e+00 1.757720e-03 0
1.125519e+00 1.757720e-03 0
1.124750e+00 1.471891e-03 0
1.124426e+00 2.150330e-03 0
1.125133e+00 2.568192e-03 0
1.125133e+00 2.568192e-03 0
1.124426e+00 2.150330e-03 0
1.123986e+00 2.761264e-03 0
1.124609e+00 3.298352e-03 0
1.124609e+00 3.298352e-03 0
1.123986e+00 2.761264e-03 0
1.123439e+00 3.286286e-03 0
1.123958e+00 3.926264e-03 0
1.123958e+00 3.926264e-03 0
1.123439e+00 3.286286e-03 0
1.122802e+00 3.706535e-03 0
1.123200e+00 4.429406e-03 0
1.123200e+00 4.429406e-03 0
1.122802e+00 3.706535e-03 0
1.122079e+00 4.009527e-03 0
1.122342e+00 4.792828e-03 0
1.122342e+00 4.792828e-03 0
1.122079e+00 4.009527e-03 0
1.121256e+00 4.185243e-03 0
1.121377e+00 5.004489e-03 0
1.121377e+00 5.004489e-03 0
1.121256e+00 4.185243e-03 0
1.120256e+00 4.227651e-03 0
1.120229e+00 5.057062e-03 0
1.120229e+00 5.057062e-03 0
1.120256e+00 4.227651e-03 0
1.118856e+00 4.135319e-03 0
1.118683e+00 4.948716e-03 0
1.118683e+00 4.948716e-03 0
1.118856e+00 4.135319e-03 0
1.116480e+00 3.910972e-03 0
1.116166e+00 4.682548e-03 0
1.116166e+00 4.682548e-03 0
1.116480e+00 3.910972e-03 0
1.111776e+00 3.562795e-03 0
1.111333e+00 4.268177e-03 0
1.111333e+00 4.268177e-03 0
1.111776e+00 3.562795e-03 0
1.101817e+00 3.105069e-03 0
1.101266e+00 3.722499e-03 0
1.101266e+00 3.722499e-03 0
1.101817e+00 3.105069e-03 0
1.080816e+00 2.559773e-03 0
1.080184e+00 3.071578e-03 0
1.080184e+00 3.071578e-03 0
1.080816e+00 2.559773e-03 0
1.038499e+00 1.959038e-03 0
1.037829e+00 2.353567e-03 0
1.037829e+00 2.353567e-03 0
1.038499e+00 1.959038e-03 0
9.590782e-01 1.347894e-03 0
9.584278e-01 1.622144e-03 0
9.584278e-01 1.622144e-03 0
9.590782e-01 1.347894e-03 0
8.227795e-01 7.852237e-04 0
8.222182e-01 9.479643e-04 0
8.222182e-01 9.479643e-04 0
8.227795e-01 7.852237e-04 0
6.150154e-01 3.438001e-04 0
6.146119e-01 4.164619e-04 0
6.146119e-01 4.164619e-04 0
6.150154e-01 3.438001e-04 0
3.339328e-01 7.044706e-05 0
3.337365e-01 8.826483e-05 0
3.337365e-01 8.826483e-05 0
3.339328e-01 7.044706e-05 0
-3.605049e-03 -6.378303e-06 0
-3.591640e-03 -7.739982e-06 0
-3.605051e-03 6.375902e-06 0
-3.616407e-03 5.262600e-06 0
3.340941e-01 -5.794922e-05 0
3.339325e-01 -7.037109e-05 0
3.339325e-01 -7.037109e-05 0
3.340941e-01 -5.794922e-05 0
6.153657e-01 -2.827027e-04 0
6.150148e-01 -3.435350e-04 0
6.150148e-01 -3.435350e-04 0
6.153657e-01 -2.827027e-04 0
8.232468e-01 -6.497701e-04 0
8.227788e-01 -7.848947e-04 0
8.227788e-01 -7.848947e-04 0
8.232468e-01 -6.497701e-04 0
9.595413e-01 -1.118877e-03 0
9.589979e-01 -1.347188e-03 0
9.589979e-01 -1.347188e-03 0
9.595413e-01 -1.118877e-03 0
1.038997e+00 -1.630069e-03 0
1.038437e+00 -1.958842e-03 0
1.038437e+00 -1.958842e-03 0
1.038997e+00 -1.630069e-03 0
1.081308e+00 -2.131991e-03 0
1.080779e+00 -2.558657e-03 0
1.080779e+00 -2.558657e-03 0
1.081308e+00 -2.131991e-03 0
1.102261e+00 -2.588741e-03 0
1.101799e+00 -3.103907e-03 0
1.101799e+00 -3.103907e-03 0
1.102261e+00 -2.588741e-03 0
1.112138e+00 -2.972722e-03 0
1.111767e+00 -3.561746e-03 0
1.111767e+00 -3.561746e-03 0
1.112138e+00 -2.972722e-03 0
1.116739e+00 -3.265385e-03 0
1.116475e+00 -3.910146e-03 0
1.116475e+00 -3.910146e-03 0
1.116739e+00 -3.265385e-03 0
1.118999e+00 -3.454623e-03 0
1.118853e+00 -4.134771e-03 0
1.118853e+00 -4.134771e-03 0
1.118999e+00 -3.454623e-03 0
1.120279e+00 -3.533457e-03 0
1.120256e+00 -4.227399e-03 0
1.120256e+00 -4.227399e-03 0
1.120279e+00 -3.533457e-03 0
1.121156e+00 -3.499053e-03 0
1.121256e+00 -4.184771e-03 0
1.121256e+00 -4.184771e-03 0
1.121156e+00 -3.499053e-03 0
1.121860e+00 -3.352963e-03 0
1.122079e+00 -4.008837e-03 0
1.122079e+00 -4.008837e-03 0
1.121860e+00 -3.352963e-03 0
1.122472e+00 -3.100789e-03 0
1.122804e+00 -3.706376e-03 0
1.122804e+00 -3.706376e-03 0
1.122472e+00 -3.100789e-03 0
1.123006e+00 -2.749816e-03 0
1.123439e+00 -3.286137e-03 0
1.123439e+00 -3.286137e-03 0
1.123006e+00 -2.749816e-03 0
1.123463e+00 -2.311845e-03 0
1.123984e+00 -2.762248e-03 0
1.123984e+00 -2.762248e-03 0
1.123463e+00 -2.311845e-03 0
1.123834e+00 -1.800905e-03 0
1.124426e+00 -2.151462e-03 0
1.124426e+00 -2.151462e-03 0
1.123834e+00 -1.800905e-03 0
1.124104e+00 -1.232068e-03 0
1.124749e+00 -1.471754e-03 0
1.124749e+00 -1.471754e-03 0
1.124104e+00 -1.232068e-03 0
1.124271e+00 -6.267403e-04 0
1.124947e+00 -7.486202e-04 0
1.124947e+00 -7.486202e-04 0
1.124271e+00 -6.267403e-04 0
1.124327e+00 -5.516444e-07 0
1.125014e+00 -6.626697e-07 0
1.125014e+00 -6.626697e-07 0
1.124327e+00 -5.516444e-07 0
1.124271e+00 6.256546e-04 0
1.124948e+00 7.473154e-04 0
1.124948e+00 7.473154e-04 0
1.124271e+00 6.256546e-04 0
1.124105e+00 1.232194e-03 0
1.124750e+00 1.471891e-03 0
1.124750e+00 1.471891e-03 0
1.124105e+00 1.232194e-03 0
1.123834e+00 1.799968e-03 0
1.124426e+00 2.150330e-03 0
1.124426e+00 2.150330e-03 0
1.123834e+00 1.799968e-03 0
1.123464e+00 2.311038e-03 0
1.123986e+00 2.761264e-03 0
1.123986e+00 2.761264e-03 0
1.123464e+00 2.311038e-03 0
1.123006e+00 2.749963e-03 0
1.123439e+00 3.286286e-03 0
1.123439e+00 3.286286e-03 0
1.123006e+00 2.749963e-03 0
1.122471e+00 3.100950e-03 0
1.122802e+00 3.706535e-03 0
1.122802e+00 3.706535e-03 0
1.122471e+00 3.100950e-03 0
1.121860e+00 3.353572e-03 0
1.122079e+00 4.009527e-03 0
1.122079e+00 4.009527e-03 0
1.121860e+00 3.353572e-03 0
1.121156e+00 3.499491e-03 0
1.121256e+00 4.185243e-03 0
1.121256e+00 4.185243e-03 0
1.121156e+00 3.499491e-03 0
1.120279e+00 3.533732e-03 0
1.120256e+00 4.227651e-03 0
1.120256e+00 4.227651e-03 0
1.120279e+00 3.533732e-03 0
1.119002e+00 3.455169e-03 0
1.118856e+00 4.135319e-03 0
1.118856e+00 4.135319e-03 0
1.119002e+00 3.455169e-03 0
1.116744e+00 3.266184e-03 0
1.116480e+00 3.910972e-03 0
1.116480e+00 3.910972e-03 0
1.116744e+00 3.266184e-03 0
1.112147e+00 2.973728e-03 0
1.111776e+00 3.562795e-03 0
1.111776e+00 3.562795e-03 0
1.112147e+00 2.973728e-03 0
1.102280e+00 2.589867e-03 0
1.101817e+00 3.105069e-03 0
1.101817e+00 3.105069e-03 0
1.102280e+00 2.589867e-03 0
1.081344e+00 2.133108e-03 0
1.080816e+00 2.559773e-03 0
1.080816e+00 2.559773e-03 0
1.081344e+00 2.133108e-03 0
1.039059e+00 1.630453e-03 0
1.038499e+00 1.959038e-03 0
1.038499e+00 1.959038e-03 0
1.039059e+00 1.630453e-03 0
9.596215e-01 1.119733e-03 0
9.590782e-01 1.347894e-03 0
9.590782e-01 1.347894e-03 0
9.596215e-01 1.119733e-03 0
8.232474e-01 6.503992e-04 0
8.227795e-01 7.852237e-04 0
8.227795e-01 7.852237e-04 0
8.232474e-01 6.503992e-04 0
6.153501e-01 2.828050e-04 0
6.150154e-01 3.438001e-04 0
6.150154e-01 3.438001e-04 0
6.153501e-01 2.828050e-04 0
3.340947e-01 5.812701e-05 0
3.339328e-01 7.044706e-05 0
3.339328e-01 7.044706e-05 0
3.340947e-01 5.812701e-05 0
-3.616409e-03 -5.254337e-06 0
-3.605049e-03 -6.378303e-06 0
-3.616407e-03 5.262600e-06 0
-3.626045e-03 4.329783e-06 0
3.342274e-01 -4.701001e-05 0
3.340941e-01 -5.794922e-05 0
3.340941e-01 -5.794922e-05 0
3.342274e-01 -4.701001e-05 0
6.156386e-01 -2.329583e-04 0
6.153657e-01 -2.827027e-04 0
6.153657e-01 -2.827027e-04 0
6.156386e-01 -2.329583e-04 0
8.236362e-01 -5.360538e-04 0
8.232468e-01 -6.497701e-04 0
8.232468e-01 -6.497701e-04 0
8.236362e-01 -5.360538e-04 0
9.599915e-01 -9.284763e-04 0
9.595413e-01 -1.118877e-03 0
9.595413e-01 -1.118877e-03 0
9.599915e-01 -9.284763e-04 0
1.039463e+00 -1.355481e-03 0
1.038997e+00 -1.630069e-03 0
1.038997e+00 -1.630069e-03 0
1.039463e+00 -1.355481e-03 0
1.081749e+00 -1.776930e-03 0
1.081308e+00 -2.131991e-03 0
1.081308e+00 -2.131991e-03 0
1.081749e+00 -1.776930e-03 0
1.102648e+00 -2.160017e-03 0
1.102261e+00 -2.588741e-03 0
1.102261e+00 -2.588741e-03 0
1.102648e+00 -2.160017e-03 0
1.112449e+00 -2.482347e-03 0
1.112138e+00 -2.972722e-03 0
1.112138e+00 -2.972722e-03 0
1.112449e+00 -2.482347e-03 0
1.116961e+00 -2.728331e-03 0
1.116739e+00 -3.265385e-03 0
1.116739e+00 -3.265385e-03 0
1.116961e+00 -2.728331e-03 0
1.119123e+00 -2.887785e-03 0
1.118999e+00 -3.454623e-03 0
1.118999e+00 -3.454623e-03 0
1.119123e+00 -2.887785e-03 0
1.120300e+00 -2.954806e-03 0
1.120279e+00 -3.533457e-03 0
1.120279e+00 -3.533457e-03 0
1.120300e+00 -2.954806e-03 0
1.121074e+00 -2.927033e-03 0
1.121156e+00 -3.499053e-03 0
1.121156e+00 -3.499053e-03 0
1.121074e+00 -2.927033e-03 0
1.121677e+00 -2.805641e-03 0
1.121860e+00 -3.352963e-03 0
1.121860e+00 -3.352963e-03 0
1.121677e+00 -2.805641e-03 0
1.122196e+00 -2.595130e-03 0
1.122472e+00 -3.100789e-03 0
1.122472e+00 -3.100789e-03 0
1.122196e+00 -2.595130e-03 0
1.122645e+00 -2.301826e-03 0
1.123006e+00 -2.749816e-03 0
1.123006e+00 -2.749816e-03 0
1.122645e+00 -2.301826e-03 0
1.123028e+00 -1.935492e-03 0
1.123463e+00 -2.311845e-03 0
1.123463e+00 -2.311845e-03 0
1.123028e+00 -1.935492e-03 0
1.123339e+00 -1.507883e-03 0
1.123834e+00 -1.800905e-03 0
1.123834e+00 -1.800905e-03 0
1.123339e+00 -1.507883e-03 0
1.123566e+00 -1.031909e-03 0
1.124104e+00 -1.232068e-03 0
1.124104e+00 -1.232068e-03 0
1.123566e+00 -1.031909e-03 0
1.123706e+00 -5.247438e-04 0
1.124271e+00 -6.267403e-04 0
1.124271e+00 -6.267403e-04 0
1.123706e+00 -5.247438e-04 0
1.123753e+00 -3.191986e-07 0
1.124327e+00 -5.516444e-07 0
1.124327e+00 -5.516444e-07 0
1.123753e+00 -3.191986e-07 0
1.123706e+00 5.241167e-04 0
1.124271e+00 6.256546e-04 0
1.124271e+00 6.256546e-04 0
1.123706e+00 5.241167e-04 0
1.123567e+00 1.032022e-03 0
1.124105e+00 1.232194e-03 0
1.124105e+00 1.232194e-03 0
1.123567e+00 1.032022e-03 0
1.123339e+00 1.507353e-03 0
1.123834e+00 1.799968e-03 0
1.123834e+00 1.799968e-03 0
1.123339e+00 1.507353e-03 0
1.123029e+00 1.935047e-03 0
1.123464e+00 2.311038e-03 0
1.123464e+00 2.311038e-03 0
1.123029e+00 1.935047e-03 0
1.122645e+00 2.301963e-03 0
1.123006e+00 2.749963e-03 0
1.123006e+00 2.749963e-03 0
1.122645e+00 2.301963e-03 0
1.122194e+00 2.595286e-03 0
1.122471e+00 3.100950e-03 0
1.122471e+00 3.100950e-03 0
1.122194e+00 2.595286e-03 0
1.121677e+00 2.806077e-03 0
1.121860e+00 3.353572e-03 0
1.121860e+00 3.353572e-03 0
1.121677e+00 2.806077e-03 0
1.121074e+00 2.927386e-03 0
1.121156e+00 3.499491e-03 0
1.121156e+00 3.499491e-03 0
1.121074e+00 2.927386e-03 0
1.120300e+00 2.955092e-03 0
1.120279e+00 3.533732e-03 0
1.120279e+00 3.533732e-03 0
1.120300e+00 2.955092e-03 0
1.119125e+00 2.888252e-03 0
1.119002e+00 3.455169e-03 0
1.119002e+00 3.455169e-03 0
1.119125e+00 2.888252e-03 0
1.116965e+00 2.728969e-03 0
1.116744e+00 3.266184e-03 0
1.116744e+00 3.266184e-03 0
1.116965e+00 2.728969e-03 0
1.112458e+00 2.483118e-03 0
1.112147e+00 2.973728e-03 0
1.112147e+00 2.973728e-03 0
1.112458e+00 2.483118e-03 0
1.102666e+00 2.160847e-03 0
1.102280e+00 2.589867e-03 0
1.102280e+00 2.589867e-03 0
1.102666e+00 2.160847e-03 0
1.081785e+00 1.777705e-03 0
1.081344e+00 2.133108e-03 0
1.081344e+00 2.133108e-03 0
1.081785e+00 1.777705e-03 0
1.039524e+00 1.356394e-03 0
1.039059e+00 1.630453e-03 0
1.039059e+00 1.630453e-03 0
1.039524e+00 1.356394e-03 0
9.600715e-01 9.287652e-04 0
9.596215e-01 1.119733e-03 0
9.596215e-01 1.119733e-03 0
9.600715e-01 9.287652e-04 0
8.236368e-01 5.365025e-04 0
8.232474e-01 6.503992e-04 0
8.232474e-01 6.503992e-04 0
8.236368e-01 5.365025e-04 0
6.156280e-01 2.329047e-04 0
6.153501e-01 2.828050e-04 0
6.153501e-01 2.828050e-04 0
6.156280e-01 2.329047e-04 0
3.342281e-01 4.706338e-05 0
3.340947e-01 5.812701e-05 0
3.340947e-01 5.812701e-05 0
3.342281e-01 4.706338e-05 0
-3.626014e-03 -4.325658e-06 0
-3.616409e-03 -5.254337e-06 0
-3.626045e-03 4.329783e-06 0
-3.634136e-03 3.567313e-06 0
3.343371e-01 -3.737698e-05 0
3.342274e-01 -4.701001e-05 0
3.342274e-01 -4.701001e-05 0
3.343371e-01 -3.737698e-05 0
6.158571e-01 -1.893453e-04 0
6.156386e-01 -2.329583e-04 0
6.156386e-01 -2.329583e-04 0
6.158571e-01 -1.893453e-04 0
8.239602e-01 -4.454571e-04 0
8.236362e-01 -5.360538e-04 0
8.236362e-01 -5.360538e-04 0
8.239602e-01 -4.454571e-04 0
9.603702e-01 -7.708800e-04 0
9.599915e-01 -9.284763e-04 0
9.599915e-01 -9.284763e-04 0
9.603702e-01 -7.708800e-04 0
1.039855e+00 -1.127637e-03 0
1.039463e+00 -1.355481e-03 0
1.039463e+00 -1.355481e-03 0
1.039855e+00 -1.127637e-03 0
1.082120e+00 -1.479147e-03 0
1.081749e+00 -1.776930e-03 0
1.081749e+00 -1.776930e-03 0
1.082120e+00 -1.479147e-03 0
1.102973e+00 -1.799788e-03 0
1.102648e+00 -2.160017e-03 0
1.102648e+00 -2.160017e-03 0
1.102973e+00 -1.799788e-03 0
1.112711e+00 -2.069896e-03 0
1.112449e+00 -2.482347e-03 0
1.112449e+00 -2.482347e-03 0
1.112711e+00 -2.069896e-03 0
1.117148e+00 -2.276330e-03 0
1.116961e+00 -2.728331e-03 0
1.116961e+00 -2.728331e-03 0
1.117148e+00 -2.276330e-03 0
1.119227e+00 -2.410500e-03 0
1.119123e+00 -2.887785e-03 0
1.119123e+00 -2.887785e-03 0
1.119227e+00 -2.410500e-03 0
1.120318e+00 -2.467418e-03 0
1.120300e+00 -2.954806e-03 0
1.120300e+00 -2.954806e-03 0
1.120318e+00 -2.467418e-03 0
1.121006e+00 -2.444987e-03 0
1.121074e+00 -2.927033e-03 0
1.121074e+00 -2.927033e-03 0
1.121006e+00 -2.444987e-03 0
1.121525e+00 -2.344205e-03 0
1.121677e+00 -2.805641e-03 0
1.121677e+00 -2.805641e-03 0
1.121525e+00 -2.344205e-03 0
1.121965e+00 -2.168918e-03 0
1.122196e+00 -2.595130e-03 0
1.122196e+00 -2.595130e-03 0
1.121965e+00 -2.168918e-03 0
1.122342e+00 -1.924181e-03 0
1.122645e+00 -2.301826e-03 0
1.122645e+00 -2.301826e-03 0
1.122342e+00 -1.924181e-03 0
1.122664e+00 -1.618231e-03 0
1.123028e+00 -1.935492e-03 0
1.123028e+00 -1.935492e-03 0
1.122664e+00 -1.618231e-03 0
1.122925e+00 -1.260900e-03 0
1.123339e+00 -1.507883e-03 0
1.123339e+00 -1.507883e-03 0
1.122925e+00 -1.260900e-03 0
1.123115e+00 -8.627782e-04 0
1.123566e+00 -1.031909e-03 0
1.123566e+00 -1.031909e-03 0
1.123115e+00 -8.627782e-04 0
1.123232e+00 -4.389363e-04 0
1.123706e+00 -5.247438e-04 0
1.123706e+00 -5.247438e-04 0
1.123232e+00 -4.389363e-04 0
1.123271e+00 -3.866443e-07 0
1.123753e+00 -3.191986e-07 0
1.123753e+00 -3.191986e-07 0
1.123271e+00 -3.866443e-07 0
1.123232e+00 4.381763e-04 0
1.123706e+00 5.241167e-04 0
1.123706e+00 5.241167e-04 0
1.123232e+00 4.381763e-04 0
1.123115e+00 8.628746e-04 0
1.123567e+00 1.032022e-03 0
1.123567e+00 1.032022e-03 0
1.123115e+00 8.628746e-04 0
1.122924e+00 1.260251e-03 0
1.123339e+00 1.507353e-03 0
1.123339e+00 1.507353e-03 0
1.122924e+00 1.260251e-03 0
1.122665e+00 1.617677e-03 0
1.123029e+00 1.935047e-03 0
1.123029e+00 1.935047e-03 0
1.122665e+00 1.617677e-03 0
1.122342e+00 1.924303e-03 0
1.122645e+00 2.301963e-03 0
1.122645e+00 2.301963e-03 0
1.122342e+00 1.924303e-03 0
1.121963e+00 2.169059e-03 0
1.122194e+00 2.595286e-03 0
1.122194e+00 2.595286e-03 0
1.121963e+00 2.169059e-03 0
1.121525e+00 2.344668e-03 0
1.121677e+00 2.806077e-03 0
1.121677e+00 2.806077e-03 0
1.121525e+00 2.344668e-03 0
1.121006e+00 2.445346e-03 0
1.121074e+00 2.927386e-03 0
1.121074e+00 2.927386e-03 0
1.121006e+00 2.445346e-03 0
1.120318e+00 2.467695e-03 0
1.120300e+00 2.955092e-03 0
1.120300e+00 2.955092e-03 0
1.120318e+00 2.467695e-03 0
1.119229e+00 2.411015e-03 0
1.119125e+00 2.888252e-03 0
1.119125e+00 2.888252e-03 0
1.119229e+00 2.411015e-03 0
1.117151e+00 2.277089e-03 0
1.116965e+00 2.728969e-03 0
1.116965e+00 2.728969e-03 0
1.117151e+00 2.277089e-03 0
1.112719e+00 2.070907e-03 0
1.112458e+00 2.483118e-03 0
1.112458e+00 2.483118e-03 0
1.112719e+00 2.070907e-03 0
1.102991e+00 1.801044e-03 0
1.102666e+00 2.160847e-03 0
1.102666e+00 2.160847e-03 0
1.102991e+00 1.801044e-03 0
1.082156e+00 1.480617e-03 0
1.081785e+00 1.777705e-03 0
1.081785e+00 1.777705e-03 0
1.082156e+00 1.480617e-03 0
1.039916e+00 1.128744e-03 0
1.039524e+00 1.356394e-03 0
1.039524e+00 1.356394e-03 0
1.039916e+00 1.128744e-03 0
9.604508e-01 7.721847e-04 0
9.600715e-01 9.287652e-04 0
9.600715e-01 9.287652e-04 0
9.604508e-01 7.721847e-04 0
8.239614e-01 4.457648e-04 0
8.236368e-01 5.365025e-04 0
8.236368e-01 5.365025e-04 0
8.239614e-01 4.457648e-04 0
6.158583e-01 1.897419e-04 0
6.156280e-01 2.329047e-04 0
6.156280e-01 2.329047e-04 0
6.158583e-01 1.897419e-04 0
3.343380e-01 3.732346e-05 0
3.342281e-01 4.706338e-05 0
3.342281e-01 4.706338e-05 0
3.343380e-01 3.732346e-05 0
-3.634156e-03 -3.570410e-06 0
-3.626014e-03 -4.325658e-06 0
-3.634136e-03 3.567313e-06 0
-3.641025e-03 2.957313e-06 0
3.344276e-01 -3.055832e-05 0
3.343371e-01 -3.737698e-05 0
3.343371e-01 -3.737698e-05 0
3.344276e-01 -3.055832e-05 0
6.161034e-01 -1.578260e-04 0
6.158571e-01 -1.893453e-04 0
6.158571e-01 -1.893453e-04 0
6.161034e-01 -1.578260e-04 0
8.242297e-01 -3.685441e-04 0
8.239602e-01 -4.454571e-04 0
8.239602e-01 -4.454571e-04 0
8.242297e-01 -3.685441e-04 0
9.606882e-01 -6.398401e-04 0
9.603702e-01 -7.708800e-04 0
9.603702e-01 -7.708800e-04 0
9.606882e-01 -6.398401e-04 0
1.040184e+00 -9.379440e-04 0
1.039855e+00 -1.127637e-03 0
1.039855e+00 -1.127637e-03 0
1.040184e+00 -9.379440e-04 0
1.082432e+00 -1.232036e-03 0
1.082120e+00 -1.479147e-03 0
1.082120e+00 -1.479147e-03 0
1.082432e+00 -1.232036e-03 0
1.103247e+00 -1.500523e-03 0
1.102973e+00 -1.799788e-03 0
1.102973e+00 -1.799788e-03 0
1.103247e+00 -1.500523e-03 0
1.112932e+00 -1.726937e-03 0
1.112711e+00 -2.069896e-03 0
1.112711e+00 -2.069896e-03 0
1.112932e+00 -1.726937e-03 0
1.117306e+00 -1.900209e-03 0
1.117148e+00 -2.276330e-03 0
1.117148e+00 -2.276330e-03 0
1.117306e+00 -1.900209e-03 0
1.119316e+00 -2.013098e-03 0
1.119227e+00 -2.410500e-03 0
1.119227e+00 -2.410500e-03 0
1.119316e+00 -2.013098e-03 0
1.120334e+00 -2.061385e-03 0
1.120318e+00 -2.467418e-03 0
1.120318e+00 -2.467418e-03 0
1.120334e+00 -2.061385e-03 0
1.120950e+00 -2.043269e-03 0
1.121006e+00 -2.444987e-03 0
1.121006e+00 -2.444987e-03 0
1.120950e+00 -2.043269e-03 0
1.121399e+00 -1.959550e-03 0
1.121525e+00 -2.344205e-03 0
1.121525e+00 -2.344205e-03 0
1.121399e+00 -1.959550e-03 0
1.121771e+00 -1.813417e-03 0
1.121965e+00 -2.168918e-03 0
1.121965e+00 -2.168918e-03 0
1.121771e+00 -1.813417e-03 0
1.122089e+00 -1.609084e-03 0
1.122342e+00 -1.924181e-03 0
1.122342e+00 -1.924181e-03 0
1.122089e+00 -1.609084e-03 0
1.122359e+00 -1.353433e-03 0
1.122664e+00 -1.618231e-03 0
1.122664e+00 -1.618231e-03 0
1.122359e+00 -1.353433e-03 0
1.122577e+00 -1.054692e-03 0
1.122925e+00 -1.260900e-03 0
1.122925e+00 -1.260900e-03 0
1.122577e+00 -1.054692e-03 0
1.122737e+00 -7.217365e-04 0
1.123115e+00 -8.627782e-04 0
1.123115e+00 -8.627782e-04 0
1.122737e+00 -7.217365e-04 0
1.122835e+00 -3.672018e-04 0
1.123232e+00 -4.389363e-04 0
1.123232e+00 -4.389363e-04 0
1.122835e+00 -3.672018e-04 0
1.122868e+00 -3.269048e-07 0
1.123271e+00 -3.866443e-07 0
1.123271e+00 -3.866443e-07 0
1.122868e+00 -3.269048e-07 0
1.122835e+00 3.665593e-04 0
1.123232e+00 4.381763e-04 0
1.123232e+00 4.381763e-04 0
1.122835e+00 3.665593e-04 0
1.122737e+00 7.218126e-04 0
1.123115e+00 8.628746e-04 0
1.123115e+00 8.628746e-04 0
1.122737e+00 7.218126e-04 0
1.122577e+00 1.054144e-03 0
1.122924e+00 1.260251e-03 0
1.122924e+00 1.260251e-03 0
1.122577e+00 1.054144e-03 0
1.122360e+00 1.352965e-03 0
1.122665e+00 1.617677e-03 0
1.122665e+00 1.617677e-03 0
1.122360e+00 1.352965e-03 0
1.122089e+00 1.609184e-03 0
1.122342e+00 1.924303e-03 0
1.122342e+00 1.924303e-03 0
1.122089e+00 1.609184e-03 0
1.121770e+00 1.813534e-03 0
1.121963e+00 2.169059e-03 0
1.121963e+00 2.169059e-03 0
1.121770e+00 1.813534e-03 0
1.121398e+00 1.959936e-03 0
1.121525e+00 2.344668e-03 0
1.121525e+00 2.344668e-03 0
1.121398e+00 1.959936e-03 0
1.120949e+00 2.043571e-03 0
1.121006e+00 2.445346e-03 0
1.121006e+00 2.445346e-03 0
1.120949e+00 2.043571e-03 0
1.120334e+00 2.061626e-03 0
1.120318e+00 2.467695e-03 0
1.120318e+00 2.467695e-03 0
1.120334e+00 2.061626e-03 0
1.119317e+00 2.013545e-03 0
1.119229e+00 2.411015e-03 0
1.119229e+00 2.411015e-03 0
1.119317e+00 2.013545e-03 0
1.117309e+00 1.900867e-03 0
1.117151e+00 2.277089e-03 0
1.117151e+00 2.277089e-03 0
1.117309e+00 1.900867e-03 0
1.112939e+00 1.727807e-03 0
1.112719e+00 2.070907e-03 0
1.112719e+00 2.070907e-03 0
1.112939e+00 1.727807e-03 0
1.103264e+00 1.501587e-03 0
1.102991e+00 1.801044e-03 0
1.102991e+00 1.801044e-03 0
1.103264e+00 1.501587e-03 0
1.082468e+00 1.233222e-03 0
1.082156e+00 1.480617e-03 0
1.082156e+00 1.480617e-03 0
1.082468e+00 1.233222e-03 0
1.040246e+00 9.387331e-04 0
1.039916e+00 1.128744e-03 0
1.039916e+00 1.128744e-03 0
1.040246e+00 9.387331e-04 0
9.607696e-01 6.407030e-04 0
9.604508e-01 7.721847e-04 0
9.604508e-01 7.721847e-04 0
9.607696e-01 6.407030e-04 0
8.242313e-01 3.689176e-04 0
8.239614e-01 4.457648e-04 0
8.239614e-01 4.457648e-04 0
8.242313e-01 3.689176e-04 0
6.160494e-01 1.576638e-04 0
6.158583e-01 1.897419e-04 0
6.158583e-01 1.897419e-04 0
6.160494e-01 1.576638e-04 0
3.344285e-01 3.065353e-05 0
3.343380e-01 3.732346e-05 0
3.343380e-01 3.732346e-05 0
3.344285e-01 3.065353e-05 0
-3.641040e-03 -2.952745e-06 0
-3.634156e-03 -3.570410e-06 0
-3.641025e-03 2.957313e-06 0
-3.646904e-03 2.455461e-06 0
3.345019e-01 -2.388404e-05 0
3.344276e-01 -3.055832e-05 0
3.344276e-01 -3.055832e-05 0
3.345019e-01 -2.388404e-05 0
6.162062e-01 -1.289928e-04 0
6.161034e-01 -1.578260e-04 0
6.161034e-01 -1.578260e-04 0
6.162062e-01 -1.289928e-04 0
8.244542e-01 -3.041242e-04 0
8.242297e-01 -3.685441e-04 0
8.242297e-01 -3.685441e-04 0
8.244542e-01 -3.041242e-04 0
9.609518e-01 -5.312010e-04 0
9.606882e-01 -6.398401e-04 0
9.606882e-01 -6.398401e-04 0
9.609518e-01 -5.312010e-04 0
1.040458e+00 -7.804145e-04 0
1.040184e+00 -9.379440e-04 0
1.040184e+00 -9.379440e-04 0
1.040458e+00 -7.804145e-04 0
1.082692e+00 -1.026328e-03 0
1.082432e+00 -1.232036e-03 0
1.082432e+00 -1.232036e-03 0
1.082692e+00 -1.026328e-03 0
1.103475e+00 -1.251003e-03 0
1.103247e+00 -1.500523e-03 0
1.103247e+00 -1.500523e-03 0
1.103475e+00 -1.251003e-03 0
1.113116e+00 -1.440672e-03 0
1.112932e+00 -1.726937e-03 0
1.112932e+00 -1.726937e-03 0
1.113116e+00 -1.440672e-03 0
1.117437e+00 -1.586030e-03 0
1.117306e+00 -1.900209e-03 0
1.117306e+00 -1.900209e-03 0
1.117437e+00 -1.586030e-03 0
1.119390e+00 -1.680960e-03 0
1.119316e+00 -2.013098e-03 0
1.119316e+00 -2.013098e-03 0
1.119390e+00 -1.680960e-03 0
1.120348e+00 -1.721886e-03 0
1.120334e+00 -2.061385e-03 0
1.120334e+00 -2.061385e-03 0
1.120348e+00 -1.721886e-03 0
1.120903e+00 -1.707255e-03 0
1.120950e+00 -2.043269e-03 0
1.120950e+00 -2.043269e-03 0
1.120903e+00 -1.707255e-03 0
1.121293e+00 -1.637709e-03 0
1.121399e+00 -1.959550e-03 0
1.121399e+00 -1.959550e-03 0
1.121293e+00 -1.637709e-03 0
1.121610e+00 -1.515891e-03 0
1.121771e+00 -1.813417e-03 0
1.121771e+00 -1.813417e-03 0
1.121610e+00 -1.515891e-03 0
1.121878e+00 -1.345314e-03 0
1.122089e+00 -1.609084e-03 0
1.122089e+00 -1.609084e-03 0
1.121878e+00 -1.345314e-03 0
1.122105e+00 -1.131727e-03 0
1.122359e+00 -1.353433e-03 0
1.122359e+00 -1.353433e-03 0
1.122105e+00 -1.131727e-03 0
1.122287e+00 -8.820184e-04 0
1.122577e+00 -1.054692e-03 0
1.122577e+00 -1.054692e-03 0
1.122287e+00 -8.820184e-04 0
1.122421e+00 -6.036203e-04 0
1.122737e+00 -7.217365e-04 0
1.122737e+00 -7.217365e-04 0
1.122421e+00 -6.036203e-04 0
1.122503e+00 -3.071247e-04 0
1.122835e+00 -3.672018e-04 0
1.122835e+00 -3.672018e-04 0
1.122503e+00 -3.071247e-04 0
1.122531e+00 -2.794446e-07 0
1.122868e+00 -3.269048e-07 0
1.122868e+00 -3.269048e-07 0
1.122531e+00 -2.794446e-07 0
1.122503e+00 3.065752e-04 0
1.122835e+00 3.665593e-04 0
1.122835e+00 3.665593e-04 0
1.122503e+00 3.065752e-04 0
1.122421e+00 6.036731e-04 0
1.122737e+00 7.218126e-04 0
1.122737e+00 7.218126e-04 0
1.122421e+00 6.036731e-04 0
1.122287e+00 8.815477e-04 0
1.122577e+00 1.054144e-03 0
1.122577e+00 1.054144e-03 0
1.122287e+00 8.815477e-04 0
1.122105e+00 1.131324e-03 0
1.122360e+00 1.352965e-03 0
1.122360e+00 1.352965e-03 0
1.122105e+00 1.131324e-03 0
1.121878e+00 1.345385e-03 0
1.122089e+00 1.609184e-03 0
1.122089e+00 1.609184e-03 0
1.121878e+00 1.345385e-03 0
1.121609e+00 1.515976e-03 0
1.121770e+00 1.813534e-03 0
1.121770e+00 1.813534e-03 0
1.121609e+00 1.515976e-03 0
1.121293e+00 1.638017e-03 0
1.121398e+00 1.959936e-03 0
1.121398e+00 1.959936e-03 0
1.121293e+00 1.638017e-03 0
1.120903e+00 1.707488e-03 0
1.120949e+00 2.043571e-03 0
1.120949e+00 2.043571e-03 0
1.120903e+00 1.707488e-03 0
1.120348e+00 1.722063e-03 0
1.120334e+00 2.061626e-03 0
1.120334e+00 2.061626e-03 0
1.120348e+00 1.722063e-03 0
1.119391e+00 1.681302e-03 0
1.119317e+00 2.013545e-03 0
1.119317e+00 2.013545e-03 0
1.119391e+00 1.681302e-03 0
1.117440e+00 1.586526e-03 0
1.117309e+00 1.900867e-03 0
1.117309e+00 1.900867e-03 0
1.117440e+00 1.586526e-03 0
1.113123e+00 1.441309e-03 0
1.112939e+00 1.727807e-03 0
1.112939e+00 1.727807e-03 0
1.113123e+00 1.441309e-03 0
1.103492e+00 1.251742e-03 0
1.103264e+00 1.501587e-03 0
1.103264e+00 1.501587e-03 0
1.103492e+00 1.251742e-03 0
1.082728e+00 1.027097e-03 0
1.082468e+00 1.233222e-03 0
1.082468e+00 1.233222e-03 0
1.082728e+00 1.027097e-03 0
1.040520e+00 7.808665e-04 0
1.040246e+00 9.387331e-04 0
1.040246e+00 9.387331e-04 0
1.040520e+00 7.808665e-04 0
9.610333e-01 5.318762e-04 0
9.607696e-01 6.407030e-04 0
9.607696e-01 6.407030e-04 0
9.610333e-01 5.318762e-04 0
8.244560e-01 3.046700e-04 0
8.242313e-01 3.689176e-04 0
8.242313e-01 3.689176e-04 0
8.244560e-01 3.046700e-04 0
6.162078e-01 1.294238e-04 0
6.160494e-01 1.576638e-04 0
6.160494e-01 1.576638e-04 0
6.162078e-01 1.294238e-04 0
3.345029e-01 2.400733e-05 0
3.344285e-01 3.065353e-05 0
3.344285e-01 3.065353e-05 0
3.345029e-01 2.400733e-05 0
-3.646896e-03 -2.447244e-06 0
-3.641040e-03 -2.952745e-06 0
-3.646904e-03 2.455461e-06 0
-3.651887e-03 2.026434e-06 0
3.345625e-01 -1.951750e-05 0
3.345019e-01 -2.388404e-05 0
3.345019e-01 -2.388404e-05 0
3.345625e-01 -1.951750e-05 0
6.163525e-01 -1.056570e-04 0
6.162062e-01 -1.289928e-04 0
6.162062e-01 -1.289928e-04 0
6.163525e-01 -1.056570e-04 0
8.246419e-01 -2.513140e-04 0
8.244542e-01 -3.041242e-04 0
8.244542e-01 -3.041242e-04 0
8.246419e-01 -2.513140e-04 0
9.611725e-01 -4.409245e-04 0
9.609518e-01 -5.312010e-04 0
9.609518e-01 -5.312010e-04 0
9.611725e-01 -4.409245e-04 0
1.040687e+00 -6.491481e-04 0
1.040458e+00 -7.804145e-04 0
1.040458e+00 -7.804145e-04 0
1.040687e+00 -6.491481e-04 0
1.082909e+00 -8.547556e-04 0
1.082692e+00 -1.026328e-03 0
1.082692e+00 -1.026328e-03 0
1.082909e+00 -8.547556e-04 0
1.103666e+00 -1.042754e-03 0
1.103475e+00 -1.251003e-03 0
1.103475e+00 -1.251003e-03 0
1.103666e+00 -1.042754e-03 0
1.113270e+00 -1.201630e-03 0
1.113116e+00 -1.440672e-03 0
1.113116e+00 -1.440672e-03 0
1.113270e+00 -1.201630e-03 0
1.117548e+00 -1.323555e-03 0
1.117437e+00 -1.586030e-03 0
1.117437e+00 -1.586030e-03 0
1.117548e+00 -1.323555e-03 0
1.119453e+00 -1.403368e-03 0
1.119390e+00 -1.680960e-03 0
1.119390e+00 -1.680960e-03 0
1.119453e+00 -1.403368e-03 0
1.120361e+00 -1.438040e-03 0
1.120348e+00 -1.721886e-03 0
1.120348e+00 -1.721886e-03 0
1.120361e+00 -1.438040e-03 0
1.120865e+00 -1.426235e-03 0
1.120903e+00 -1.707255e-03 0
1.120903e+00 -1.707255e-03 0
1.120865e+00 -1.426235e-03 0
1.121206e+00 -1.368468e-03 0
1.121293e+00 -1.637709e-03 0
1.121293e+00 -1.637709e-03 0
1.121206e+00 -1.368468e-03 0
1.121476e+00 -1.266933e-03 0
1.121610e+00 -1.515891e-03 0
1.121610e+00 -1.515891e-03 0
1.121476e+00 -1.266933e-03 0
1.121702e+00 -1.124556e-03 0
1.121878e+00 -1.345314e-03 0
1.121878e+00 -1.345314e-03 0
1.121702e+00 -1.124556e-03 0
1.121892e+00 -9.461443e-04 0
1.122105e+00 -1.131727e-03 0
1.122105e+00 -1.131727e-03 0
1.121892e+00 -9.461443e-04 0
1.122045e+00 -7.374602e-04 0
1.122287e+00 -8.820184e-04 0
1.122287e+00 -8.820184e-04 0
1.122045e+00 -7.374602e-04 0
1.122157e+00 -5.047281e-04 0
1.122421e+00 -6.036203e-04 0
1.122421e+00 -6.036203e-04 0
1.122157e+00 -5.047281e-04 0
1.122226e+00 -2.568237e-04 0
1.122503e+00 -3.071247e-04 0
1.122503e+00 -3.071247e-04 0
1.122226e+00 -2.568237e-04 0
1.122249e+00 -2.423923e-07 0
1.122531e+00 -2.794446e-07 0
1.122531e+00 -2.794446e-07 0
1.122249e+00 -2.423923e-07 0
1.122226e+00 2.563466e-04 0
1.122503e+00 3.065752e-04 0
1.122503e+00 3.065752e-04 0
1.122226e+00 2.563466e-04 0
1.122157e+00 5.047553e-04 0
1.122421e+00 6.036731e-04 0
1.122421e+00 6.036731e-04 0
1.122157e+00 5.047553e-04 0
1.122045e+00 7.370481e-04 0
1.122287e+00 8.815477e-04 0
1.122287e+00 8.815477e-04 0
1.122045e+00 7.370481e-04 0
1.121892e+00 9.457880e-04 0
1.122105e+00 1.131324e-03 0
1.122105e+00 1.131324e-03 0
1.121892e+00 9.457880e-04 0
1.121702e+00 1.124595e-03 0
1.121878e+00 1.345385e-03 0
1.121878e+00 1.345385e-03 0
1.121702e+00 1.124595e-03 0
1.121475e+00 1.266979e-03 0
1.121609e+00 1.515976e-03 0
1.121609e+00 1.515976e-03 0
1.121475e+00 1.266979e-03 0
1.121205e+00 1.368696e-03 0
1.121293e+00 1.638017e-03 0
1.121293e+00 1.638017e-03 0
1.121205e+00 1.368696e-03 0
1.120864e+00 1.426393e-03 0
1.120903e+00 1.707488e-03 0
1.120903e+00 1.707488e-03 0
1.120864e+00 1.426393e-03 0
1.120360e+00 1.438140e-03 0
1.120348e+00 1.722063e-03 0
1.120348e+00 1.722063e-03 0
1.120360e+00 1.438140e-03 0
1.119454e+00 1.403588e-03 0
1.119391e+00 1.681302e-03 0
1.119391e+00 1.681302e-03 0
1.119454e+00 1.403588e-03 0
1.117551e+00 1.323873e-03 0
1.117440e+00 1.586526e-03 0
1.117440e+00 1.586526e-03 0
1.117551e+00 1.323873e-03 0
1.113277e+00 1.202018e-03 0
1.113123e+00 1.441309e-03 0
1.113123e+00 1.441309e-03 0
1.113277e+00 1.202018e-03 0
1.103683e+00 1.043167e-03 0
1.103492e+00 1.251742e-03 0
1.103492e+00 1.251742e-03 0
1.103683e+00 1.043167e-03 0
1.082945e+00 8.551316e-04 0
1.082728e+00 1.027097e-03 0
1.082728e+00 1.027097e-03 0
1.082945e+00 8.551316e-04 0
1.040748e+00 6.492591e-04 0
1.040520e+00 7.808665e-04 0
1.040520e+00 7.808665e-04 0
1.040748e+00 6.492591e-04 0
9.612539e-01 4.413382e-04 0
9.610333e-01 5.318762e-04 0
9.610333e-01 5.318762e-04 0
9.612539e-01 4.413382e-04 0
8.246436e-01 2.517495e-04 0
8.244560e-01 3.046700e-04 0
8.244560e-01 3.046700e-04 0
8.246436e-01 2.517495e-04 0
6.163388e-01 1.059729e-04 0
6.162078e-01 1.294238e-04 0
6.162078e-01 1.294238e-04 0
6.163388e-01 1.059729e-04 0
3.345638e-01 1.964707e-05 0
3.345029e-01 2.400733e-05 0
3.345029e-01 2.400733e-05 0
3.345638e-01 1.964707e-05 0
-3.651887e-03 -2.013528e-06 0
-3.646896e-03 -2.447244e-06 0
-3.651887e-03 2.026434e-06 0
-3.656115e-03 1.653768e-06 0
3.346126e-01 -1.593884e-05 0
3.345625e-01 -1.951750e-05 0
3.345625e-01 -1.951750e-05 0
3.346126e-01 -1.593884e-05 0
6.164593e-01 -8.755530e-05 0
6.163525e-01 -1.056570e-04 0
6.163525e-01 -1.056570e-04 0
6.164593e-01 -8.755530e-05 0
8.247978e-01 -2.076887e-04 0
8.246419e-01 -2.513140e-04 0
8.246419e-01 -2.513140e-04 0
8.247978e-01 -2.076887e-04 0
9.613550e-01 -3.658049e-04 0
9.611725e-01 -4.409245e-04 0
9.611725e-01 -4.409245e-04 0
9.613550e-01 -3.658049e-04 0
1.040877e+00 -5.393661e-04 0
1.040687e+00 -6.491481e-04 0
1.040687e+00 -6.491481e-04 0
1.040877e+00 -5.393661e-04 0
1.083090e+00 -7.117995e-04 0
1.082909e+00 -8.547556e-04 0
1.082909e+00 -8.547556e-04 0
1.083090e+00 -7.117995e-04 0
1.103825e+00 -8.693412e-04 0
1.103666e+00 -1.042754e-03 0
1.103666e+00 -1.042754e-03 0
1.103825e+00 -8.693412e-04 0
1.113399e+00 -1.002596e-03 0
1.113270e+00 -1.201630e-03 0
1.113270e+00 -1.201630e-03 0
1.113399e+00 -1.002596e-03 0
1.117641e+00 -1.104974e-03 0
1.117548e+00 -1.323555e-03 0
1.117548e+00 -1.323555e-03 0
1.117641e+00 -1.104974e-03 0
1.119506e+00 -1.172132e-03 0
1.119453e+00 -1.403368e-03 0
1.119453e+00 -1.403368e-03 0
1.119506e+00 -1.172132e-03 0
1.120371e+00 -1.201509e-03 0
1.120361e+00 -1.438040e-03 0
1.120361e+00 -1.438040e-03 0
1.120371e+00 -1.201509e-03 0
1.120833e+00 -1.192008e-03 0
1.120865e+00 -1.426235e-03 0
1.120865e+00 -1.426235e-03 0
1.120833e+00 -1.192008e-03 0
1.121133e+00 -1.144015e-03 0
1.121206e+00 -1.368468e-03 0
1.121206e+00 -1.368468e-03 0
1.121133e+00 -1.144015e-03 0
1.121364e+00 -1.059294e-03 0
1.121476e+00 -1.266933e-03 0
1.121476e+00 -1.266933e-03 0
1.121364e+00 -1.059294e-03 0
1.121555e+00 -9.403911e-04 0
1.121702e+00 -1.124556e-03 0
1.121702e+00 -1.124556e-03 0
1.121555e+00 -9.403911e-04 0
1.121715e+00 -7.912857e-04 0
1.121892e+00 -9.461443e-04 0
1.121892e+00 -9.461443e-04 0
1.121715e+00 -7.912857e-04 0
1.121843e+00 -6.168037e-04 0
1.122045e+00 -7.374602e-04 0
1.122045e+00 -7.374602e-04 0
1.121843e+00 -6.168037e-04 0
1.121937e+00 -4.222716e-04 0
1.122157e+00 -5.047281e-04 0
1.122157e+00 -5.047281e-04 0
1.121937e+00 -4.222716e-04 0
1.121994e+00 -2.147944e-04 0
1.122226e+00 -2.568237e-04 0
1.122226e+00 -2.568237e-04 0
1.121994e+00 -2.147944e-04 0
1.122014e+00 -1.545334e-07 0
1.122249e+00 -2.423923e-07 0
1.122249e+00 -2.423923e-07 0
1.122014e+00 -1.545334e-07 0
1.121995e+00 2.144898e-04 0
1.122226e+00 2.563466e-04 0
1.122226e+00 2.563466e-04 0
1.121995e+00 2.144898e-04 0
1.121937e+00 4.222717e-04 0
1.122157e+00 5.047553e-04 0
1.122157e+00 5.047553e-04 0
1.121937e+00 4.222717e-04 0
1.121843e+00 6.165372e-04 0
1.122045e+00 7.370481e-04 0
1.122045e+00 7.370481e-04 0
1.121843e+00 6.165372e-04 0
1.121715e+00 7.910519e-04 0
1.121892e+00 9.457880e-04 0
1.121892e+00 9.457880e-04 0
1.121715e+00 7.910519e-04 0
1.121555e+00 9.403932e-04 0
1.121702e+00 1.124595e-03 0
1.121702e+00 1.124595e-03 0
1.121555e+00 9.403932e-04 0
1.121363e+00 1.059298e-03 0
1.121475e+00 1.266979e-03 0
1.121475e+00 1.266979e-03 0
1.121363e+00 1.059298e-03 0
1.121132e+00 1.144125e-03 0
1.121205e+00 1.368696e-03 0
1.121205e+00 1.368696e-03 0
1.121132e+00 1.144125e-03 0
1.120833e+00 1.192072e-03 0
1.120864e+00 1.426393e-03 0
1.120864e+00 1.426393e-03 0
1.120833e+00 1.192072e-03 0
1.120371e+00 1.201530e-03 0
1.120360e+00 1.438140e-03 0
1.120360e+00 1.438140e-03 0
1.120371e+00 1.201530e-03 0
1.119507e+00 1.172201e-03 0
1.119454e+00 1.403588e-03 0
1.119454e+00 1.403588e-03 0
1.119507e+00 1.172201e-03 0
1.117643e+00 1.105068e-03 0
1.117551e+00 1.323873e-03 0
1.117551e+00 1.323873e-03 0
1.117643e+00 1.105068e-03 0
1.113406e+00 1.002676e-03 0
1.113277e+00 1.202018e-03 0
1.113277e+00 1.202018e-03 0
1.113406e+00 1.002676e-03 0
1.103842e+00 8.693478e-04 0
1.103683e+00 1.043167e-03 0
1.103683e+00 1.043167e-03 0
1.103842e+00 8.693478e-04 0
1.083126e+00 7.116631e-04 0
1.082945e+00 8.551316e-04 0
1.082945e+00 8.551316e-04 0
1.083126e+00 7.116631e-04 0
1.040938e+00 5.392215e-04 0
1.040748e+00 6.492591e-04 0
1.040748e+00 6.492591e-04 0
1.040938e+00 5.392215e-04 0
9.614362e-01 3.654193e-04 0
9.612539e-01 4.413382e-04 0
9.612539e-01 4.413382e-04 0
9.614362e-01 3.654193e-04 0
8.247994e-01 2.076292e-04 0
8.246436e-01 2.517495e-04 0
8.246436e-01 2.517495e-04 0
8.247994e-01 2.076292e-04 0
6.164475e-01 8.740198e-05 0
6.163388e-01 1.059729e-04 0
6.163388e-01 1.059729e-04 0
6.164475e-01 8.740198e-05 0
3.346140e-01 1.599445e-05 0
3.345638e-01 1.964707e-05 0
3.345638e-01 1.964707e-05 0
3.346140e-01 1.599445e-05 0
-3.656086e-03 -1.646618e-06 0
-3.651887e-03 -2.013528e-06 0
-3.656115e-03 1.653768e-06 0
-3.659624e-03 1.342052e-06 0
3.346542e-01 -1.285551e-05 0
3.346126e-01 -1.593884e-05 0
3.346126e-01 -1.593884e-05 0
3.346542e-01 -1.285551e-05 0
6.165914e-01 -7.202808e-05 0
6.164593e-01 -8.755530e-05 0
6.164593e-01 -8.755530e-05 0
6.165914e-01 -7.202808e-05 0
8.249272e-01 -1.734724e-04 0
8.247978e-01 -2.076887e-04 0
8.247978e-01 -2.076887e-04 0
8.249272e-01 -1.734724e-04 0
9.615090e-01 -3.036132e-04 0
9.613550e-01 -3.658049e-04 0
9.613550e-01 -3.658049e-04 0
9.615090e-01 -3.036132e-04 0
1.041038e+00 -4.482007e-04 0
1.040877e+00 -5.393661e-04 0
1.040877e+00 -5.393661e-04 0
1.041038e+00 -4.482007e-04 0
1.083243e+00 -5.917926e-04 0
1.083090e+00 -7.117995e-04 0
1.083090e+00 -7.117995e-04 0
1.083243e+00 -5.917926e-04 0
1.103960e+00 -7.235675e-04 0
1.103825e+00 -8.693412e-04 0
1.103825e+00 -8.693412e-04 0
1.103960e+00 -7.235675e-04 0
1.113508e+00 -8.351818e-04 0
1.113399e+00 -1.002596e-03 0
1.113399e+00 -1.002596e-03 0
1.113508e+00 -8.351818e-04 0
1.117719e+00 -9.210532e-04 0
1.117641e+00 -1.104974e-03 0
1.117641e+00 -1.104974e-03 0
1.117719e+00 -9.210532e-04 0
1.119550e+00 -9.775143e-04 0
1.119506e+00 -1.172132e-03 0
1.119506e+00 -1.172132e-03 0
1.119550e+00 -9.775143e-04 0
1.120381e+00 -1.002408e-03 0
1.120371e+00 -1.201509e-03 0
1.120371e+00 -1.201509e-03 0
1.120381e+00 -1.002408e-03 0
1.120807e+00 -9.947739e-04 0
1.120833e+00 -1.192008e-03 0
1.120833e+00 -1.192008e-03 0
1.120807e+00 -9.947739e-04 0
1.121072e+00 -9.549471e-04 0
1.121133e+00 -1.144015e-03 0
1.121133e+00 -1.144015e-03 0
1.121072e+00 -9.549471e-04 0
1.121270e+00 -8.844455e-04 0
1.121364e+00 -1.059294e-03 0
1.121364e+00 -1.059294e-03 0
1.121270e+00 -8.844455e-04 0
1.121432e+00 -7.853072e-04 0
1.121555e+00 -9.403911e-04 0
1.121555e+00 -9.403911e-04 0
1.121432e+00 -7.853072e-04 0
1.121566e+00 -6.608890e-04 0
1.121715e+00 -7.912857e-04 0
1.121715e+00 -7.912857e-04 0
1.121566e+00 -6.608890e-04 0
1.121674e+00 -5.152260e-04 0
1.121843e+00 -6.168037e-04 0
1.121843e+00 -6.168037e-04 0
1.121674e+00 -5.152260e-04 0
1.121752e+00 -3.526808e-04 0
1.121937e+00 -4.222716e-04 0
1.121937e+00 -4.222716e-04 0
1.121752e+00 -3.526808e-04 0
1.121800e+00 -1.794833e-04 0
1.121994e+00 -2.147944e-04 0
1.121994e+00 -2.147944e-04 0
1.121800e+00 -1.794833e-04 0
1.121816e+00 -1.925117e-07 0
1.122014e+00 -1.545334e-07 0
1.122014e+00 -1.545334e-07 0
1.121816e+00 -1.925117e-07 0
1.121800e+00 1.791032e-04 0
1.121995e+00 2.144898e-04 0
1.121995e+00 2.144898e-04 0
1.121800e+00 1.791032e-04 0
1.121752e+00 3.526535e-04 0
1.121937e+00 4.222717e-04 0
1.121937e+00 4.222717e-04 0
1.121752e+00 3.526535e-04 0
1.121674e+00 5.148868e-04 0
1.121843e+00 6.165372e-04 0
1.121843e+00 6.165372e-04 0
1.121674e+00 5.148868e-04 0
1.121566e+00 6.605845e-04 0
1.121715e+00 7.910519e-04 0
1.121715e+00 7.910519e-04 0
1.121566e+00 6.605845e-04 0
1.121432e+00 7.852726e-04 0
1.121555e+00 9.403932e-04 0
1.121555e+00 9.403932e-04 0
1.121432e+00 7.852726e-04 0
1.121270e+00 8.844068e-04 0
1.121363e+00 1.059298e-03 0
1.121363e+00 1.059298e-03 0
1.121270e+00 8.844068e-04 0
1.121072e+00 9.550227e-04 0
1.121132e+00 1.144125e-03 0
1.121132e+00 1.144125e-03 0
1.121072e+00 9.550227e-04 0
1.120806e+00 9.947832e-04 0
1.120833e+00 1.192072e-03 0
1.120833e+00 1.192072e-03 0
1.120806e+00 9.947832e-04 0
1.120380e+00 1.002355e-03 0
1.120371e+00 1.201530e-03 0
1.120371e+00 1.201530e-03 0
1.120380e+00 1.002355e-03 0
1.119551e+00 9.775154e-04 0
1.119507e+00 1.172201e-03 0
1.119507e+00 1.172201e-03 0
1.119551e+00 9.775154e-04 0
1.117722e+00 9.210862e-04 0
1.117643e+00 1.105068e-03 0
1.117643e+00 1.105068e-03 0
1.117722e+00 9.210862e-04 0
1.113515e+00 8.352221e-04 0
1.113406e+00 1.002676e-03 0
1.113406e+00 1.002676e-03 0
1.113515e+00 8.352221e-04 0
1.103977e+00 7.235829e-04 0
1.103842e+00 8.693478e-04 0
1.103842e+00 8.693478e-04 0
1.103977e+00 7.235829e-04 0
1.083279e+00 5.917528e-04 0
1.083126e+00 7.116631e-04 0
1.083126e+00 7.116631e-04 0
1.083279e+00 5.917528e-04 0
1.041099e+00 4.478808e-04 0
1.040938e+00 5.392215e-04 0
1.040938e+00 5.392215e-04 0
1.041099e+00 4.478808e-04 0
9.615905e-01 3.033647e-04 0
9.614362e-01 3.654193e-04 0
9.614362e-01 3.654193e-04 0
9.615905e-01 3.033647e-04 0
8.249287e-01 1.730429e-04 0
8.247994e-01 2.076292e-04 0
8.247994e-01 2.076292e-04 0
8.249287e-01 1.730429e-04 0
6.166113e-01 7.180385e-05 0
6.164475e-01 8.740198e-05 0
6.164475e-01 8.740198e-05 0
6.166113e-01 7.180385e-05 0
3.346554e-01 1.273073e-05 0
3.346140e-01 1.599445e-05 0
3.346140e-01 1.599445e-05 0
3.346554e-01 1.273073e-05 0
-3.659593e-03 -1.350005e-06 0
-3.656086e-03 -1.646618e-06 0
-3.659624e-03 1.342052e-06 0
-3.662589e-03 1.089908e-06 0
3.346890e-01 -1.066104e-05 0
3.346542e-01 -1.285551e-05 0
3.346542e-01 -1.285551e-05 0
3.346890e-01 -1.066104e-05 0
6.166264e-01 -6.015351e-05 0
6.165914e-01 -7.202808e-05 0
6.165914e-01 -7.202808e-05 0
6.166264e-01 -6.015351e-05 0
8.250340e-01 -1.435707e-04 0
8.249272e-01 -1.734724e-04 0
8.249272e-01 -1.734724e-04 0
8.250340e-01 -1.435707e-04 0
9.616357e-01 -2.519064e-04 0
9.615090e-01 -3.036132e-04 0
9.615090e-01 -3.036132e-04 0
9.616357e-01 -2.519064e-04 0
1.041171e+00 -3.724027e-04 0
1.041038e+00 -4.482007e-04 0
1.041038e+00 -4.482007e-04 0
1.041171e+00 -3.724027e-04 0
1.083370e+00 -4.923308e-04 0
1.083243e+00 -5.917926e-04 0
1.083243e+00 -5.917926e-04 0
1.083370e+00 -4.923308e-04 0
1.104072e+00 -6.025513e-04 0
1.103960e+00 -7.235675e-04 0
1.103960e+00 -7.235675e-04 0
1.104072e+00 -6.025513e-04 0
1.113599e+00 -6.960535e-04 0
1.113508e+00 -8.351818e-04 0
1.113508e+00 -8.351818e-04 0
1.113599e+00 -6.960535e-04 0
1.117785e+00 -7.680995e-04 0
1.117719e+00 -9.210532e-04 0
1.117719e+00 -9.210532e-04 0
1.117785e+00 -7.680995e-04 0
1.119588e+00 -8.155810e-04 0
1.119550e+00 -9.775143e-04 0
1.119550e+00 -9.775143e-04 0
1.119588e+00 -8.155810e-04 0
1.120389e+00 -8.366717e-04 0
1.120381e+00 -1.002408e-03 0
1.120381e+00 -1.002408e-03 0
1.120389e+00 -8.366717e-04 0
1.120785e+00 -8.305521e-04 0
1.120807e+00 -9.947739e-04 0
1.120807e+00 -9.947739e-04 0
1.120785e+00 -8.305521e-04 0
1.121021e+00 -7.974955e-04 0
1.121072e+00 -9.549471e-04 0
1.121072e+00 -9.549471e-04 0
1.121021e+00 -7.974955e-04 0
1.121192e+00 -7.387645e-04 0
1.121270e+00 -8.844455e-04 0
1.121270e+00 -8.844455e-04 0
1.121192e+00 -7.387645e-04 0
1.121329e+00 -6.560609e-04 0
1.121432e+00 -7.853072e-04 0
1.121432e+00 -7.853072e-04 0
1.121329e+00 -6.560609e-04 0
1.121442e+00 -5.521903e-04 0
1.121566e+00 -6.608890e-04 0
1.121566e+00 -6.608890e-04 0
1.121442e+00 -5.521903e-04 0
1.121532e+00 -4.305280e-04 0
1.121674e+00 -5.152260e-04 0
1.121674e+00 -5.152260e-04 0
1.121532e+00 -4.305280e-04 0
1.121598e+00 -2.947271e-04 0
1.121752e+00 -3.526808e-04 0
1.121752e+00 -3.526808e-04 0
1.121598e+00 -2.947271e-04 0
1.121638e+00 -1.500034e-04 0
1.121800e+00 -1.794833e-04 0
1.121800e+00 -1.794833e-04 0
1.121638e+00 -1.500034e-04 0
1.121652e+00 -1.763018e-07 0
1.121816e+00 -1.925117e-07 0
1.121816e+00 -1.925117e-07 0
1.121652e+00 -1.763018e-07 0
1.121638e+00 1.496546e-04 0
1.121800e+00 1.791032e-04 0
1.121800e+00 1.791032e-04 0
1.121638e+00 1.496546e-04 0
1.121598e+00 2.946723e-04 0
1.121752e+00 3.526535e-04 0
1.121752e+00 3.526535e-04 0
1.121598e+00 2.946723e-04 0
1.121532e+00 4.302102e-04 0
1.121674e+00 5.148868e-04 0
1.121674e+00 5.148868e-04 0
1.121532e+00 4.302102e-04 0
1.121442e+00 5.518980e-04 0
1.121566e+00 6.605845e-04 0
1.121566e+00 6.605845e-04 0
1.121442e+00 5.518980e-04 0
1.121329e+00 6.559904e-04 0
1.121432e+00 7.852726e-04 0
1.121432e+00 7.852726e-04 0
1.121329e+00 6.559904e-04 0
1.121192e+00 7.386851e-04 0
1.121270e+00 8.844068e-04 0
1.121270e+00 8.844068e-04 0
1.121192e+00 7.386851e-04 0
1.121021e+00 7.975009e-04 0
1.121072e+00 9.550227e-04 0
1.121072e+00 9.550227e-04 0
1.121021e+00 7.975009e-04 0
1.120785e+00 8.304927e-04 0
1.120806e+00 9.947832e-04 0
1.120806e+00 9.947832e-04 0
1.120785e+00 8.304927e-04 0
1.120388e+00 8.365495e-04 0
1.120380e+00 1.002355e-03 0
1.120380e+00 1.002355e-03 0
1.120388e+00 8.365495e-04 0
1.119589e+00 8.154929e-04 0
1.119551e+00 9.775154e-04 0
1.119551e+00 9.775154e-04 0
1.119589e+00 8.154929e-04 0
1.117787e+00 7.680271e-04 0
1.117722e+00 9.210862e-04 0
1.117722e+00 9.210862e-04 0
1.117787e+00 7.680271e-04 0
1.113606e+00 6.959795e-04 0
1.113515e+00 8.352221e-04 0
1.113515e+00 8.352221e-04 0
1.113606e+00 6.959795e-04 0
1.104089e+00 6.024512e-04 0
1.103977e+00 7.235829e-04 0
1.103977e+00 7.235829e-04 0
1.104089e+00 6.024512e-04 0
1.083406e+00 4.921606e-04 0
1.083279e+00 5.917528e-04 0
1.083279e+00 5.917528e-04 0
1.083406e+00 4.921606e-04 0
1.041232e+00 3.719888e-04 0
1.041099e+00 4.478808e-04 0
1.041099e+00 4.478808e-04 0
1.041232e+00 3.719888e-04 0
9.617172e-01 2.515111e-04 0
9.615905e-01 3.033647e-04 0
9.615905e-01 3.033647e-04 0
9.617172e-01 2.515111e-04 0
8.250356e-01 1.429998e-04 0
8.249287e-01 1.730429e-04 0
8.249287e-01 1.730429e-04 0
8.250356e-01 1.429998e-04 0
6.166126e-01 5.962297e-05 0
6.166113e-01 7.180385e-05 0
6.166113e-01 7.180385e-05 0
6.166126e-01 5.962297e-05 0
3.346900e-01 1.046259e-05 0
3.346554e-01 1.273073e-05 0
3.346554e-01 1.273073e-05 0
3.346900e-01 1.046259e-05 0
-3.662579e-03 -1.106450e-06 0
-3.659593e-03 -1.350005e-06 0
-3.662589e-03 1.089908e-06 0
-3.665061e-03 8.994042e-07 0
3.347171e-01 -8.515972e-06 0
3.346890e-01 -1.066104e-05 0
3.346890e-01 -1.066104e-05 0
3.347171e-01 -8.515972e-06 0
6.167286e-01 -4.879576e-05 0
6.166264e-01 -6.015351e-05 0
6.166264e-01 -6.015351e-05 0
6.167286e-01 -4.879576e-05 0
8.251236e-01 -1.180606e-04 0
8.250340e-01 -1.435707e-04 0
8.250340e-01 -1.435707e-04 0
8.251236e-01 -1.180606e-04 0
9.617418e-01 -2.091033e-04 0
9.616357e-01 -2.519064e-04 0
9.616357e-01 -2.519064e-04 0
9.617418e-01 -2.091033e-04 0
1.041282e+00 -3.096307e-04 0
1.041171e+00 -3.724027e-04 0
1.041171e+00 -3.724027e-04 0
1.041282e+00 -3.096307e-04 0
1.083477e+00 -4.096653e-04 0
1.083370e+00 -4.923308e-04 0
1.083370e+00 -4.923308e-04 0
1.083477e+00 -4.096653e-04 0
1.104166e+00 -5.017771e-04 0
1.104072e+00 -6.025513e-04 0
1.104072e+00 -6.025513e-04 0
1.104166e+00 -5.017771e-04 0
1.113676e+00 -5.800397e-04 0
1.113599e+00 -6.960535e-04 0
1.113599e+00 -6.960535e-04 0
1.113676e+00 -5.800397e-04 0
1.117840e+00 -6.404472e-04 0
1.117785e+00 -7.680995e-04 0
1.117785e+00 -7.680995e-04 0
1.117840e+00 -6.404472e-04 0
1.119620e+00 -6.803568e-04 0
1.119588e+00 -8.155810e-04 0
1.119588e+00 -8.155810e-04 0
1.119620e+00 -6.803568e-04 0
1.120396e+00 -6.982138e-04 0
1.120389e+00 -8.366717e-04 0
1.120389e+00 -8.366717e-04 0
1.120396e+00 -6.982138e-04 0
1.120767e+00 -6.933161e-04 0
1.120785e+00 -8.305521e-04 0
1.120785e+00 -8.305521e-04 0
1.120767e+00 -6.933161e-04 0
1.120979e+00 -6.658838e-04 0
1.121021e+00 -7.974955e-04 0
1.121021e+00 -7.974955e-04 0
1.120979e+00 -6.658838e-04 0
1.121128e+00 -6.169666e-04 0
1.121192e+00 -7.387645e-04 0
1.121192e+00 -7.387645e-04 0
1.121128e+00 -6.169666e-04 0
1.121244e+00 -5.479849e-04 0
1.121329e+00 -6.560609e-04 0
1.121329e+00 -6.560609e-04 0
1.121244e+00 -5.479849e-04 0
1.121339e+00 -4.612840e-04 0
1.121442e+00 -5.521903e-04 0
1.121442e+00 -5.521903e-04 0
1.121339e+00 -4.612840e-04 0
1.121414e+00 -3.596874e-04 0
1.121532e+00 -4.305280e-04 0
1.121532e+00 -4.305280e-04 0
1.121414e+00 -3.596874e-04 0
1.121469e+00 -2.462522e-04 0
1.121598e+00 -2.947271e-04 0
1.121598e+00 -2.947271e-04 0
1.121469e+00 -2.462522e-04 0
1.121503e+00 -1.253451e-04 0
1.121638e+00 -1.500034e-04 0
1.121638e+00 -1.500034e-04 0
1.121503e+00 -1.253451e-04 0
1.121514e+00 -1.644620e-07 0
1.121652e+00 -1.763018e-07 0
1.121652e+00 -1.763018e-07 0
1.121514e+00 -1.644620e-07 0
1.121503e+00 1.250188e-04 0
1.121638e+00 1.496546e-04 0
1.121638e+00 1.496546e-04 0
1.121503e+00 1.250188e-04 0
1.121469e+00 2.461707e-04 0
1.121598e+00 2.946723e-04 0
1.121598e+00 2.946723e-04 0
1.121469e+00 2.461707e-04 0
1.121414e+00 3.593835e-04 0
1.121532e+00 4.302102e-04 0
1.121532e+00 4.302102e-04 0
1.121414e+00 3.593835e-04 0
1.121339e+00 4.609981e-04 0
1.121442e+00 5.518980e-04 0
1.121442e+00 5.518980e-04 0
1.121339e+00 4.609981e-04 0
1.121243e+00 5.478797e-04 0
1.121329e+00 6.559904e-04 0
1.121329e+00 6.559904e-04 0
1.121243e+00 5.478797e-04 0
1.121127e+00 6.168475e-04 0
1.121192e+00 7.386851e-04 0
1.121192e+00 7.386851e-04 0
1.121127e+00 6.168475e-04 0
1.120979e+00 6.658273e-04 0
1.121021e+00 7.975009e-04 0
1.121021e+00 7.975009e-04 0
1.120979e+00 6.658273e-04 0
1.120767e+00 6.931949e-04 0
1.120785e+00 8.304927e-04 0
1.120785e+00 8.304927e-04 0
1.120767e+00 6.931949e-04 0
1.120395e+00 6.980273e-04 0
1.120388e+00 8.365495e-04 0
1.120388e+00 8.365495e-04 0
1.120395e+00 6.980273e-04 0
1.119620e+00 6.801839e-04 0
1.119589e+00 8.154929e-04 0
1.119589e+00 8.154929e-04 0
1.119620e+00 6.801839e-04 0
1.117842e+00 6.402700e-04 0
1.117787e+00 7.680271e-04 0
1.117787e+00 7.680271e-04 0
1.117842e+00 6.402700e-04 0
1.113682e+00 5.798419e-04 0
1.113606e+00 6.959795e-04 0
1.113606e+00 6.959795e-04 0
1.113682e+00 5.798419e-04 0
1.104183e+00 5.015388e-04 0
1.104089e+00 6.024512e-04 0
1.104089e+00 6.024512e-04 0
1.104183e+00 5.015388e-04 0
1.083512e+00 4.093724e-04 0
1.083406e+00 4.921606e-04 0
1.083406e+00 4.921606e-04 0
1.083512e+00 4.093724e-04 0
1.041343e+00 3.091369e-04 0
1.041232e+00 3.719888e-04 0
1.041232e+00 3.719888e-04 0
1.041343e+00 3.091369e-04 0
9.618234e-01 2.086538e-04 0
9.617172e-01 2.515111e-04 0
9.617172e-01 2.515111e-04 0
9.618234e-01 2.086538e-04 0
8.251251e-01 1.175233e-04 0
8.250356e-01 1.429998e-04 0
8.250356e-01 1.429998e-04 0
8.251251e-01 1.175233e-04 0
6.167482e-01 4.840143e-05 0
6.166126e-01 5.962297e-05 0
6.166126e-01 5.962297e-05 0
6.167482e-01 4.840143e-05 0
3.347180e-01 8.343414e-06 0
3.346900e-01 1.046259e-05 0
3.346900e-01 1.046259e-05 0
3.347180e-01 8.343414e-06 0
-3.665079e-03 -9.124425e-07 0
-3.662579e-03 -1.106450e-06 0
-3.665061e-03 8.994042e-07 0
-3.667165e-03 7.444075e-07 0
3.347402e-01 -6.631464e-06 0
3.347171e-01 -8.515972e-06 0
3.347171e-01 -8.515972e-06 0
3.347402e-01 -6.631464e-06 0
6.167798e-01 -3.987841e-05 0
6.167286e-01 -4.879576e-05 0
6.167286e-01 -4.879576e-05 0
6.167798e-01 -3.987841e-05 0
8.251982e-01 -9.797995e-05 0
8.251236e-01 -1.180606e-04 0
8.251236e-01 -1.180606e-04 0
8.251982e-01 -9.797995e-05 0
9.618304e-01 -1.732331e-04 0
9.617418e-01 -2.091033e-04 0
9.617418e-01 -2.091033e-04 0
9.618304e-01 -1.732331e-04 0
1.041374e+00 -2.570918e-04 0
1.041282e+00 -3.096307e-04 0
1.041282e+00 -3.096307e-04 0
1.041374e+00 -2.570918e-04 0
1.083565e+00 -3.407023e-04 0
1.083477e+00 -4.096653e-04 0
1.083477e+00 -4.096653e-04 0
1.083565e+00 -3.407023e-04 0
1.104244e+00 -4.177303e-04 0
1.104166e+00 -5.017771e-04 0
1.104166e+00 -5.017771e-04 0
1.104244e+00 -4.177303e-04 0
1.113739e+00 -4.832638e-04 0
1.113676e+00 -5.800397e-04 0
1.113676e+00 -5.800397e-04 0
1.113739e+00 -4.832638e-04 0
1.117886e+00 -5.339168e-04 0
1.117840e+00 -6.404472e-04 0
1.117840e+00 -6.404472e-04 0
1.117886e+00 -5.339168e-04 0
1.119646e+00 -5.674571e-04 0
1.119620e+00 -6.803568e-04 0
1.119620e+00 -6.803568e-04 0
1.119646e+00 -5.674571e-04 0
1.120402e+00 -5.825696e-04 0
1.120396e+00 -6.982138e-04 0
1.120396e+00 -6.982138e-04 0
1.120402e+00 -5.825696e-04 0
1.120752e+00 -5.786559e-04 0
1.120767e+00 -6.933161e-04 0
1.120767e+00 -6.933161e-04 0
1.120752e+00 -5.786559e-04 0
1.120944e+00 -5.558937e-04 0
1.120979e+00 -6.658838e-04 0
1.120979e+00 -6.658838e-04 0
1.120944e+00 -5.558937e-04 0
1.121073e+00 -5.151566e-04 0
1.121128e+00 -6.169666e-04 0
1.121128e+00 -6.169666e-04 0
1.121073e+00 -5.151566e-04 0
1.121172e+00 -4.576298e-04 0
1.121244e+00 -5.479849e-04 0
1.121244e+00 -5.479849e-04 0
1.121172e+00 -4.576298e-04 0
1.121252e+00 -3.852732e-04 0
1.121339e+00 -4.612840e-04 0
1.121339e+00 -4.612840e-04 0
1.121252e+00 -3.852732e-04 0
1.121316e+00 -3.004490e-04 0
1.121414e+00 -3.596874e-04 0
1.121414e+00 -3.596874e-04 0
1.121316e+00 -3.004490e-04 0
1.121362e+00 -2.057140e-04 0
1.121469e+00 -2.462522e-04 0
1.121469e+00 -2.462522e-04 0
1.121362e+00 -2.057140e-04 0
1.121390e+00 -1.047238e-04 0
1.121503e+00 -1.253451e-04 0
1.121503e+00 -1.253451e-04 0
1.121390e+00 -1.047238e-04 0
1.121399e+00 -1.559417e-07 0
1.121514e+00 -1.644620e-07 0
1.121514e+00 -1.644620e-07 0
1.121399e+00 -1.559417e-07 0
1.121390e+00 1.044137e-04 0
1.121503e+00 1.250188e-04 0
1.121503e+00 1.250188e-04 0
1.121390e+00 1.044137e-04 0
1.121362e+00 2.056075e-04 0
1.121469e+00 2.461707e-04 0
1.121469e+00 2.461707e-04 0
1.121362e+00 2.056075e-04 0
1.121316e+00 3.001540e-04 0
1.121414e+00 3.593835e-04 0
1.121414e+00 3.593835e-04 0
1.121316e+00 3.001540e-04 0
1.121252e+00 3.849902e-04 0
1.121339e+00 4.609981e-04 0
1.121339e+00 4.609981e-04 0
1.121252e+00 3.849902e-04 0
1.121172e+00 4.574924e-04 0
1.121243e+00 5.478797e-04 0
1.121243e+00 5.478797e-04 0
1.121172e+00 4.574924e-04 0
1.121073e+00 5.150006e-04 0
1.121127e+00 6.168475e-04 0
1.121127e+00 6.168475e-04 0
1.121073e+00 5.150006e-04 0
1.120944e+00 5.557844e-04 0
1.120979e+00 6.658273e-04 0
1.120979e+00 6.658273e-04 0
1.120944e+00 5.557844e-04 0
1.120752e+00 5.784808e-04 0
1.120767e+00 6.931949e-04 0
1.120767e+00 6.931949e-04 0
1.120752e+00 5.784808e-04 0
1.120401e+00 5.823251e-04 0
1.120395e+00 6.980273e-04 0
1.120395e+00 6.980273e-04 0
1.120401e+00 5.823251e-04 0
1.119647e+00 5.672059e-04 0
1.119620e+00 6.801839e-04 0
1.119620e+00 6.801839e-04 0
1.119647e+00 5.672059e-04 0
1.117888e+00 5.336395e-04 0
1.117842e+00 6.402700e-04 0
1.117842e+00 6.402700e-04 0
1.117888e+00 5.336395e-04 0
1.113746e+00 4.829443e-04 0
1.113682e+00 5.798419e-04 0
1.113682e+00 5.798419e-04 0
1.113746e+00 4.829443e-04 0
1.104261e+00 4.173536e-04 0
1.104183e+00 5.015388e-04 0
1.104183e+00 5.015388e-04 0
1.104261e+00 4.173536e-04 0
1.083601e+00 3.402538e-04 0
1.083512e+00 4.093724e-04 0
1.083512e+00 4.093724e-04 0
1.083601e+00 3.402538e-04 0
1.041436e+00 2.565026e-04 0
1.041343e+00 3.091369e-04 0
1.041343e+00 3.091369e-04 0
1.041436e+00 2.565026e-04 0
9.619120e-01 1.727637e-04 0
9.618234e-01 2.086538e-04 0
9.618234e-01 2.086538e-04 0
9.619120e-01 1.727637e-04 0
8.251996e-01 9.754574e-05 0
8.251251e-01 1.175233e-04 0
8.251251e-01 1.175233e-04 0
8.251996e-01 9.754574e-05 0
6.167992e-01 3.967844e-05 0
6.167482e-01 4.840143e-05 0
6.167482e-01 4.840143e-05 0
6.167992e-01 3.967844e-05 0
3.347408e-01 6.527715e-06 0
3.347180e-01 8.343414e-06 0
3.347180e-01 8.343414e-06 0
3.347408e-01 6.527715e-06 0
-3.667194e-03 -7.465304e-07 0
-3.665079e-03 -9.124425e-07 0
-3.667165e-03 7.444075e-07 0
-3.668969e-03 5.421561e-07 0
3.347596e-01 -5.420072e-06 0
3.347402e-01 -6.631464e-06 0
3.347402e-01 -6.631464e-06 0
3.347596e-01 -5.420072e-06 0
6.168230e-01 -3.307161e-05 0
6.167798e-01 -3.987841e-05 0
6.167798e-01 -3.987841e-05 0
6.168230e-01 -3.307161e-05 0
8.252596e-01 -8.091043e-05 0
8.251982e-01 -9.797995e-05 0
8.251982e-01 -9.797995e-05 0
8.252596e-01 -8.091043e-05 0
9.619031e-01 -1.436145e-04 0
9.618304e-01 -1.732331e-04 0
9.618304e-01 -1.732331e-04 0
9.619031e-01 -1.436145e-04 0
1.041451e+00 -2.133507e-04 0
1.041374e+00 -2.570918e-04 0
1.041374e+00 -2.570918e-04 0
1.041451e+00 -2.133507e-04 0
1.083639e+00 -2.833684e-04 0
1.083565e+00 -3.407023e-04 0
1.083565e+00 -3.407023e-04 0
1.083639e+00 -2.833684e-04 0
1.104310e+00 -3.478869e-04 0
1.104244e+00 -4.177303e-04 0
1.104244e+00 -4.177303e-04 0
1.104310e+00 -3.478869e-04 0
1.113793e+00 -4.028253e-04 0
1.113739e+00 -4.832638e-04 0
1.113739e+00 -4.832638e-04 0
1.113793e+00 -4.028253e-04 0
1.117925e+00 -4.453332e-04 0
1.117886e+00 -5.339168e-04 0
1.117886e+00 -5.339168e-04 0
1.117925e+00 -4.453332e-04 0
1.119669e+00 -4.735333e-04 0
1.119646e+00 -5.674571e-04 0
1.119646e+00 -5.674571e-04 0
1.119669e+00 -4.735333e-04 0
1.120407e+00 -4.863168e-04 0
1.120402e+00 -5.825696e-04 0
1.120402e+00 -5.825696e-04 0
1.120407e+00 -4.863168e-04 0
1.120740e+00 -4.831960e-04 0
1.120752e+00 -5.786559e-04 0
1.120752e+00 -5.786559e-04 0
1.120740e+00 -4.831960e-04 0
1.120915e+00 -4.643015e-04 0
1.120944e+00 -5.558937e-04 0
1.120944e+00 -5.558937e-04 0
1.120915e+00 -4.643015e-04 0
1.121028e+00 -4.303380e-04 0
1.121073e+00 -5.151566e-04 0
1.121073e+00 -5.151566e-04 0
1.121028e+00 -4.303380e-04 0
1.121113e+00 -3.823360e-04 0
1.121172e+00 -4.576298e-04 0
1.121172e+00 -4.576298e-04 0
1.121113e+00 -3.823360e-04 0
1.121180e+00 -3.219186e-04 0
1.121252e+00 -3.852732e-04 0
1.121252e+00 -3.852732e-04 0
1.121180e+00 -3.219186e-04 0
1.121234e+00 -2.510617e-04 0
1.121316e+00 -3.004490e-04 0
1.121316e+00 -3.004490e-04 0
1.121234e+00 -2.510617e-04 0
1.121272e+00 -1.719528e-04 0
1.121362e+00 -2.057140e-04 0
1.121362e+00 -2.057140e-04 0
1.121272e+00 -1.719528e-04 0
1.121296e+00 -8.751321e-05 0
1.121390e+00 -1.047238e-04 0
1.121390e+00 -1.047238e-04 0
1.121296e+00 -8.751321e-05 0
1.121304e+00 -1.248483e-07 0
1.121399e+00 -1.559417e-07 0
1.121399e+00 -1.559417e-07 0
1.121304e+00 -1.248483e-07 0
1.121296e+00 8.726387e-05 0
1.121390e+00 1.044137e-04 0
1.121390e+00 1.044137e-04 0
1.121296e+00 8.726387e-05 0
1.121272e+00 1.718241e-04 0
1.121362e+00 2.056075e-04 0
1.121362e+00 2.056075e-04 0
1.121272e+00 1.718241e-04 0
1.121233e+00 2.508158e-04 0
1.121316e+00 3.001540e-04 0
1.121316e+00 3.001540e-04 0
1.121233e+00 2.508158e-04 0
1.121180e+00 3.216744e-04 0
1.121252e+00 3.849902e-04 0
1.121252e+00 3.849902e-04 0
1.121180e+00 3.216744e-04 0
1.121113e+00 3.820920e-04 0
1.121172e+00 4.574924e-04 0
1.121172e+00 4.574924e-04 0
1.121113e+00 3.820920e-04 0
1.121028e+00 4.301534e-04 0
1.121073e+00 5.150006e-04 0
1.121073e+00 5.150006e-04 0
1.121028e+00 4.301534e-04 0
1.120915e+00 4.641300e-04 0
1.120944e+00 5.557844e-04 0
1.120944e+00 5.557844e-04 0
1.120915e+00 4.641300e-04 0
1.120740e+00 4.829690e-04 0
1.120752e+00 5.784808e-04 0
1.120752e+00 5.784808e-04 0
1.120740e+00 4.829690e-04 0
1.120407e+00 4.860257e-04 0
1.120401e+00 5.823251e-04 0
1.120401e+00 5.823251e-04 0
1.120407e+00 4.860257e-04 0
1.119669e+00 4.732047e-04 0
1.119647e+00 5.672059e-04 0
1.119647e+00 5.672059e-04 0
1.119669e+00 4.732047e-04 0
1.117927e+00 4.449473e-04 0
1.117888e+00 5.336395e-04 0
1.117888e+00 5.336395e-04 0
1.117927e+00 4.449473e-04 0
1.113800e+00 4.023613e-04 0
1.113746e+00 4.829443e-04 0
1.113746e+00 4.829443e-04 0
1.113800e+00 4.023613e-04 0
1.104327e+00 3.473291e-04 0
1.104261e+00 4.173536e-04 0
1.104261e+00 4.173536e-04 0
1.104327e+00 3.473291e-04 0
1.083675e+00 2.827247e-04 0
1.083601e+00 3.402538e-04 0
1.083601e+00 3.402538e-04 0
1.083675e+00 2.827247e-04 0
1.041513e+00 2.127152e-04 0
1.041436e+00 2.565026e-04 0
1.041436e+00 2.565026e-04 0
1.041513e+00 2.127152e-04 0
9.619846e-01 1.429763e-04 0
9.619120e-01 1.727637e-04 0
9.619120e-01 1.727637e-04 0
9.619846e-01 1.429763e-04 0
8.252608e-01 8.055439e-05 0
8.251996e-01 9.754574e-05 0
8.251996e-01 9.754574e-05 0
8.252608e-01 8.055439e-05 0
6.168421e-01 3.289141e-05 0
6.167992e-01 3.967844e-05 0
6.167992e-01 3.967844e-05 0
6.168421e-01 3.289141e-05 0
3.347602e-01 5.369606e-06 0
3.347408e-01 6.527715e-06 0
3.347408e-01 6.527715e-06 0
3.347602e-01 5.369606e-06 0
-3.668995e-03 -5.368768e-07 0
-3.667194e-03 -7.465304e-07 0
-3.668969e-03 5.421561e-07 0
-3.670417e-03 4.754414e-07 0
3.347754e-01 -4.435148e-06 0
3.347596e-01 -5.420072e-06 0
3.347596e-01 -5.420072e-06 0
3.347754e-01 -4.435148e-06 0
6.168578e-01 -2.729866e-05 0
6.168230e-01 -3.307161e-05 0
6.168230e-01 -3.307161e-05 0
6.168578e-01 -2.729866e-05 0
8.253109e-01 -6.724583e-05 0
8.252596e-01 -8.091043e-05 0
8.252596e-01 -8.091043e-05 0
8.253109e-01 -6.724583e-05 0
9.619648e-01 -1.189945e-04 0
9.619031e-01 -1.436145e-04 0
9.619031e-01 -1.436145e-04 0
9.619648e-01 -1.189945e-04 0
1.041516e+00 -1.770956e-04 0
1.041451e+00 -2.133507e-04 0
1.041451e+00 -2.133507e-04 0
1.041516e+00 -1.770956e-04 0
1.083702e+00 -2.354010e-04 0
1.083639e+00 -2.833684e-04 0
1.083639e+00 -2.833684e-04 0
1.083702e+00 -2.354010e-04 0
1.104365e+00 -2.893390e-04 0
1.104310e+00 -3.478869e-04 0
1.104310e+00 -3.478869e-04 0
1.104365e+00 -2.893390e-04 0
1.113838e+00 -3.353150e-04 0
1.113793e+00 -4.028253e-04 0
1.113793e+00 -4.028253e-04 0
1.113838e+00 -3.353150e-04 0
1.117958e+00 -3.709261e-04 0
1.117925e+00 -4.453332e-04 0
1.117925e+00 -4.453332e-04 0
1.117958e+00 -3.709261e-04 0
1.119688e+00 -3.945958e-04 0
1.119669e+00 -4.735333e-04 0
1.119669e+00 -4.735333e-04 0
1.119688e+00 -3.945958e-04 0
1.120411e+00 -4.053961e-04 0
1.120407e+00 -4.863168e-04 0
1.120407e+00 -4.863168e-04 0
1.120411e+00 -4.053961e-04 0
1.120730e+00 -4.029016e-04 0
1.120740e+00 -4.831960e-04 0
1.120740e+00 -4.831960e-04 0
1.120730e+00 -4.029016e-04 0
1.120891e+00 -3.872298e-04 0
1.120915e+00 -4.643015e-04 0
1.120915e+00 -4.643015e-04 0
1.120891e+00 -3.872298e-04 0
1.120991e+00 -3.589859e-04 0
1.121028e+00 -4.303380e-04 0
1.121028e+00 -4.303380e-04 0
1.120991e+00 -3.589859e-04 0
1.121063e+00 -3.189951e-04 0
1.121113e+00 -3.823360e-04 0
1.121113e+00 -3.823360e-04 0
1.121063e+00 -3.189951e-04 0
1.121120e+00 -2.686249e-04 0
1.121180e+00 -3.219186e-04 0
1.121180e+00 -3.219186e-04 0
1.121120e+00 -2.686249e-04 0
1.121165e+00 -2.095260e-04 0
1.121234e+00 -2.510617e-04 0
1.121234e+00 -2.510617e-04 0
1.121165e+00 -2.095260e-04 0
1.121197e+00 -1.434875e-04 0
1.121272e+00 -1.719528e-04 0
1.121272e+00 -1.719528e-04 0
1.121197e+00 -1.434875e-04 0
1.121217e+00 -7.306873e-05 0
1.121296e+00 -8.751321e-05 0
1.121296e+00 -8.751321e-05 0
1.121217e+00 -7.306873e-05 0
1.121223e+00 -1.446025e-07 0
1.121304e+00 -1.248483e-07 0
1.121304e+00 -1.248483e-07 0
1.121223e+00 -1.446025e-07 0
1.121217e+00 7.278013e-05 0
1.121296e+00 8.726387e-05 0
1.121296e+00 8.726387e-05 0
1.121217e+00 7.278013e-05 0
1.121197e+00 1.433396e-04 0
1.121272e+00 1.718241e-04 0
1.121272e+00 1.718241e-04 0
1.121197e+00 1.433396e-04 0
1.121165e+00 2.092424e-04 0
1.121233e+00 2.508158e-04 0
1.121233e+00 2.508158e-04 0
1.121165e+00 2.092424e-04 0
1.121120e+00 2.683444e-04 0
1.121180e+00 3.216744e-04 0
1.121180e+00 3.216744e-04 0
1.121120e+00 2.683444e-04 0
1.121063e+00 3.188100e-04 0
1.121113e+00 3.820920e-04 0
1.121113e+00 3.820920e-04 0
1.121063e+00 3.188100e-04 0
1.120990e+00 3.587785e-04 0
1.121028e+00 4.301534e-04 0
1.121028e+00 4.301534e-04 0
1.120990e+00 3.587785e-04 0
1.120891e+00 3.870399e-04 0
1.120915e+00 4.641300e-04 0
1.120915e+00 4.641300e-04 0
1.120891e+00 3.870399e-04 0
1.120730e+00 4.026499e-04 0
1.120740e+00 4.829690e-04 0
1.120740e+00 4.829690e-04 0
1.120730e+00 4.026499e-04 0
1.120411e+00 4.050755e-04 0
1.120407e+00 4.860257e-04 0
1.120407e+00 4.860257e-04 0
1.120411e+00 4.050755e-04 0
1.119688e+00 3.942445e-04 0
1.119669e+00 4.732047e-04 0
1.119669e+00 4.732047e-04 0
1.119688e+00 3.942445e-04 0
1.117960e+00 3.705256e-04 0
1.117927e+00 4.449473e-04 0
1.117927e+00 4.449473e-04 0
1.117960e+00 3.705256e-04 0
1.113845e+00 3.348530e-04 0
1.113800e+00 4.023613e-04 0
1.113800e+00 4.023613e-04 0
1.113845e+00 3.348530e-04 0
1.104382e+00 2.888153e-04 0
1.104327e+00 3.473291e-04 0
1.104327e+00 3.473291e-04 0
1.104382e+00 2.888153e-04 0
1.083737e+00 2.348406e-04 0
1.083675e+00 2.827247e-04 0
1.083675e+00 2.827247e-04 0
1.083737e+00 2.348406e-04 0
1.041578e+00 1.764791e-04 0
1.041513e+00 2.127152e-04 0
1.041513e+00 2.127152e-04 0
1.041578e+00 1.764791e-04 0
9.620462e-01 1.185602e-04 0
9.619846e-01 1.429763e-04 0
9.619846e-01 1.429763e-04 0
9.620462e-01 1.185602e-04 0
8.253119e-01 6.694243e-05 0
8.252608e-01 8.055439e-05 0
8.252608e-01 8.055439e-05 0
8.253119e-01 6.694243e-05 0
6.168770e-01 2.720756e-05 0
6.168421e-01 3.289141e-05 0
6.168421e-01 3.289141e-05 0
6.168770e-01 2.720756e-05 0
3.347758e-01 4.406541e-06 0
3.347602e-01 5.369606e-06 0
3.347602e-01 5.369606e-06 0
3.347758e-01 4.406541e-06 0
-3.670436e-03 -4.690573e-07 0
-3.668995e-03 -5.368768e-07 0
-3.670417e-03 4.754414e-07 0
-3.671683e-03 3.898434e-07 0
3.347887e-01 -3.301829e-06 0
3.347754e-01 -4.435148e-06 0
3.347754e-01 -4.435148e-06 0
3.347887e-01 -3.301829e-06 0
6.168875e-01 -2.214655e-05 0
6.168578e-01 -2.729866e-05 0
6.168578e-01 -2.729866e-05 0
6.168875e-01 -2.214655e-05 0
8.253530e-01 -5.518792e-05 0
8.253109e-01 -6.724583e-05 0
8.253109e-01 -6.724583e-05 0
8.253530e-01 -5.518792e-05 0
9.620153e-01 -9.827164e-05 0
9.619648e-01 -1.189945e-04 0
9.619648e-01 -1.189945e-04 0
9.620153e-01 -9.827164e-05 0
1.041570e+00 -1.469108e-04 0
1.041516e+00 -1.770956e-04 0
1.041516e+00 -1.770956e-04 0
1.041570e+00 -1.469108e-04 0
1.083753e+00 -1.957345e-04 0
1.083702e+00 -2.354010e-04 0
1.083702e+00 -2.354010e-04 0
1.083753e+00 -1.957345e-04 0
1.104411e+00 -2.408616e-04 0
1.104365e+00 -2.893390e-04 0
1.104365e+00 -2.893390e-04 0
1.104411e+00 -2.408616e-04 0
1.113875e+00 -2.793398e-04 0
1.113838e+00 -3.353150e-04 0
1.113838e+00 -3.353150e-04 0
1.113875e+00 -2.793398e-04 0
1.117985e+00 -3.091632e-04 0
1.117958e+00 -3.709261e-04 0
1.117958e+00 -3.709261e-04 0
1.117985e+00 -3.091632e-04 0
1.119703e+00 -3.290170e-04 0
1.119688e+00 -3.945958e-04 0
1.119688e+00 -3.945958e-04 0
1.119703e+00 -3.290170e-04 0
1.120415e+00 -3.381252e-04 0
1.120411e+00 -4.053961e-04 0
1.120411e+00 -4.053961e-04 0
1.120415e+00 -3.381252e-04 0
1.120722e+00 -3.361272e-04 0
1.120730e+00 -4.029016e-04 0
1.120730e+00 -4.029016e-04 0
1.120722e+00 -3.361272e-04 0
1.120871e+00 -3.231189e-04 0
1.120891e+00 -3.872298e-04 0
1.120891e+00 -3.872298e-04 0
1.120871e+00 -3.231189e-04 0
1.120959e+00 -2.996021e-04 0
1.120991e+00 -3.589859e-04 0
1.120991e+00 -3.589859e-04 0
1.120959e+00 -2.996021e-04 0
1.121022e+00 -2.662644e-04 0
1.121063e+00 -3.189951e-04 0
1.121063e+00 -3.189951e-04 0
1.121022e+00 -2.662644e-04 0
1.121070e+00 -2.242473e-04 0
1.121120e+00 -2.686249e-04 0
1.121120e+00 -2.686249e-04 0
1.121070e+00 -2.242473e-04 0
1.121107e+00 -1.749302e-04 0
1.121165e+00 -2.095260e-04 0
1.121165e+00 -2.095260e-04 0
1.121107e+00 -1.749302e-04 0
1.121134e+00 -1.198084e-04 0
1.121197e+00 -1.434875e-04 0
1.121197e+00 -1.434875e-04 0
1.121134e+00 -1.198084e-04 0
1.121151e+00 -6.102230e-05 0
1.121217e+00 -7.306873e-05 0
1.121217e+00 -7.306873e-05 0
1.121151e+00 -6.102230e-05 0
1.121156e+00 -1.405060e-07 0
1.121223e+00 -1.446025e-07 0
1.121223e+00 -1.446025e-07 0
1.121156e+00 -1.405060e-07 0
1.121151e+00 6.074149e-05 0
1.121217e+00 7.278013e-05 0
1.121217e+00 7.278013e-05 0
1.121151e+00 6.074149e-05 0
1.121134e+00 1.196444e-04 0
1.121197e+00 1.433396e-04 0
1.121197e+00 1.433396e-04 0
1.121134e+00 1.196444e-04 0
1.121107e+00 1.746513e-04 0
1.121165e+00 2.092424e-04 0
1.121165e+00 2.092424e-04 0
1.121107e+00 1.746513e-04 0
1.121070e+00 2.239691e-04 0
1.121120e+00 2.683444e-04 0
1.121120e+00 2.683444e-04 0
1.121070e+00 2.239691e-04 0
1.121021e+00 2.660625e-04 0
1.121063e+00 3.188100e-04 0
1.121063e+00 3.188100e-04 0
1.121021e+00 2.660625e-04 0
1.120959e+00 2.993775e-04 0
1.120990e+00 3.587785e-04 0
1.120990e+00 3.587785e-04 0
1.120959e+00 2.993775e-04 0
1.120871e+00 3.229069e-04 0
1.120891e+00 3.870399e-04 0
1.120891e+00 3.870399e-04 0
1.120871e+00 3.229069e-04 0
1.120722e+00 3.358579e-04 0
1.120730e+00 4.026499e-04 0
1.120730e+00 4.026499e-04 0
1.120722e+00 3.358579e-04 0
1.120415e+00 3.377927e-04 0
1.120411e+00 4.050755e-04 0
1.120411e+00 4.050755e-04 0
1.120415e+00 3.377927e-04 0
1.119704e+00 3.286547e-04 0
1.119688e+00 3.942445e-04 0
1.119688e+00 3.942445e-04 0
1.119704e+00 3.286547e-04 0
1.117987e+00 3.087565e-04 0
1.117960e+00 3.705256e-04 0
1.117960e+00 3.705256e-04 0
1.117987e+00 3.087565e-04 0
1.113882e+00 2.788819e-04 0
1.113845e+00 3.348530e-04 0
1.113845e+00 3.348530e-04 0
1.113882e+00 2.788819e-04 0
1.104428e+00 2.403575e-04 0
1.104382e+00 2.888153e-04 0
1.104382e+00 2.888153e-04 0
1.104428e+00 2.403575e-04 0
1.083789e+00 1.952096e-04 0
1.083737e+00 2.348406e-04 0
1.083737e+00 2.348406e-04 0
1.083789e+00 1.952096e-04 0
1.041632e+00 1.463606e-04 0
1.041578e+00 1.764791e-04 0
1.041578e+00 1.764791e-04 0
1.041632e+00 1.463606e-04 0
9.620966e-01 9.787700e-05 0
9.620462e-01 1.185602e-04 0
9.620462e-01 1.185602e-04 0
9.620966e-01 9.787700e-05 0
8.253538e-01 5.492112e-05 0
8.253119e-01 6.694243e-05 0
8.253119e-01 6.694243e-05 0
8.253538e-01 5.492112e-05 0
6.169064e-01 2.202538e-05 0
6.168770e-01 2.720756e-05 0
6.168770e-01 2.720756e-05 0
6.169064e-01 2.202538e-05 0
3.347890e-01 3.275057e-06 0
3.347758e-01 4.406541e-06 0
3.347758e-01 4.406541e-06 0
3.347890e-01 3.275057e-06 0
-3.671696e-03 -3.850644e-07 0
-3.670436e-03 -4.690573e-07 0
-3.671683e-03 3.898434e-07 0
-3.672751e-03 3.098448e-07 0
3.347989e-01 -2.279820e-06 0
3.347887e-01 -3.301829e-06 0
3.347887e-01 -3.301829e-06 0
3.347989e-01 -2.279820e-06 0
6.169113e-01 -1.705239e-05 0
6.168875e-01 -2.214655e-05 0
6.168875e-01 -2.214655e-05 0
6.169113e-01 -1.705239e-05 0
8.253886e-01 -4.427464e-05 0
8.253530e-01 -5.518792e-05 0
8.253530e-01 -5.518792e-05 0
8.253886e-01 -4.427464e-05 0
9.620578e-01 -8.109111e-05 0
9.620153e-01 -9.827164e-05 0
9.620153e-01 -9.827164e-05 0
9.620578e-01 -8.109111e-05 0
1.041615e+00 -1.219547e-04 0
1.041570e+00 -1.469108e-04 0
1.041570e+00 -1.469108e-04 0
1.041615e+00 -1.219547e-04 0
1.083797e+00 -1.629432e-04 0
1.083753e+00 -1.957345e-04 0
1.083753e+00 -1.957345e-04 0
1.083797e+00 -1.629432e-04 0
1.104450e+00 -2.007183e-04 0
1.104411e+00 -2.408616e-04 0
1.104411e+00 -2.408616e-04 0
1.104450e+00 -2.007183e-04 0
1.113907e+00 -2.329096e-04 0
1.113875e+00 -2.793398e-04 0
1.113875e+00 -2.793398e-04 0
1.113907e+00 -2.329096e-04 0
1.118008e+00 -2.578703e-04 0
1.117985e+00 -3.091632e-04 0
1.117985e+00 -3.091632e-04 0
1.118008e+00 -2.578703e-04 0
1.119717e+00 -2.745085e-04 0
1.119703e+00 -3.290170e-04 0
1.119703e+00 -3.290170e-04 0
1.119717e+00 -2.745085e-04 0
1.120418e+00 -2.821729e-04 0
1.120415e+00 -3.381252e-04 0
1.120415e+00 -3.381252e-04 0
1.120418e+00 -2.821729e-04 0
1.120715e+00 -2.805689e-04 0
1.120722e+00 -3.361272e-04 0
1.120722e+00 -3.361272e-04 0
1.120715e+00 -2.805689e-04 0
1.120854e+00 -2.697630e-04 0
1.120871e+00 -3.231189e-04 0
1.120871e+00 -3.231189e-04 0
1.120854e+00 -2.697630e-04 0
1.120933e+00 -2.501575e-04 0
1.120959e+00 -2.996021e-04 0
1.120959e+00 -2.996021e-04 0
1.120933e+00 -2.501575e-04 0
1.120987e+00 -2.223487e-04 0
1.121022e+00 -2.662644e-04 0
1.121022e+00 -2.662644e-04 0
1.120987e+00 -2.223487e-04 0
1.121028e+00 -1.872801e-04 0
1.121070e+00 -2.242473e-04 0
1.121070e+00 -2.242473e-04 0
1.121028e+00 -1.872801e-04 0
1.121060e+00 -1.461042e-04 0
1.121107e+00 -1.749302e-04 0
1.121107e+00 -1.749302e-04 0
1.121060e+00 -1.461042e-04 0
1.121082e+00 -1.000992e-04 0
1.121134e+00 -1.198084e-04 0
1.121134e+00 -1.198084e-04 0
1.121082e+00 -1.000992e-04 0
1.121096e+00 -5.097364e-05 0
1.121151e+00 -6.102230e-05 0
1.121151e+00 -6.102230e-05 0
1.121096e+00 -5.097364e-05 0
1.121101e+00 -1.222507e-07 0
1.121156e+00 -1.405060e-07 0
1.121156e+00 -1.405060e-07 0
1.121101e+00 -1.222507e-07 0
1.121096e+00 5.072867e-05 0
1.121151e+00 6.074149e-05 0
1.121151e+00 6.074149e-05 0
1.121096e+00 5.072867e-05 0
1.121082e+00 9.992265e-05 0
1.121134e+00 1.196444e-04 0
1.121134e+00 1.196444e-04 0
1.121082e+00 9.992265e-05 0
1.121059e+00 1.458558e-04 0
1.121107e+00 1.746513e-04 0
1.121107e+00 1.746513e-04 0
1.121059e+00 1.458558e-04 0
1.121028e+00 1.870279e-04 0
1.121070e+00 2.239691e-04 0
1.121070e+00 2.239691e-04 0
1.121028e+00 1.870279e-04 0
1.120987e+00 2.220902e-04 0
1.121021e+00 2.660625e-04 0
1.121021e+00 2.660625e-04 0
1.120987e+00 2.220902e-04 0
1.120933e+00 2.499250e-04 0
1.120959e+00 2.993775e-04 0
1.120959e+00 2.993775e-04 0
1.120933e+00 2.499250e-04 0
1.120854e+00 2.695269e-04 0
1.120871e+00 3.229069e-04 0
1.120871e+00 3.229069e-04 0
1.120854e+00 2.695269e-04 0
1.120715e+00 2.802885e-04 0
1.120722e+00 3.358579e-04 0
1.120722e+00 3.358579e-04 0
1.120715e+00 2.802885e-04 0
1.120418e+00 2.818429e-04 0
1.120415e+00 3.377927e-04 0
1.120415e+00 3.377927e-04 0
1.120418e+00 2.818429e-04 0
1.119717e+00 2.741441e-04 0
1.119704e+00 3.286547e-04 0
1.119704e+00 3.286547e-04 0
1.119717e+00 2.741441e-04 0
1.118010e+00 2.574618e-04 0
1.117987e+00 3.087565e-04 0
1.117987e+00 3.087565e-04 0
1.118010e+00 2.574618e-04 0
1.113914e+00 2.324515e-04 0
1.113882e+00 2.788819e-04 0
1.113882e+00 2.788819e-04 0
1.113914e+00 2.324515e-04 0
1.104467e+00 2.002144e-04 0
1.104428e+00 2.403575e-04 0
1.104428e+00 2.403575e-04 0
1.104467e+00 2.002144e-04 0
1.083832e+00 1.624250e-04 0
1.083789e+00 1.952096e-04 0
1.083789e+00 1.952096e-04 0
1.083832e+00 1.624250e-04 0
1.041676e+00 1.214886e-04 0
1.041632e+00 1.463606e-04 0
1.041632e+00 1.463606e-04 0
1.041676e+00 1.214886e-04 0
9.621389e-01 8.067448e-05 0
9.620966e-01 9.787700e-05 0
9.620966e-01 9.787700e-05 0
9.621389e-01 8.067448e-05 0
8.253892e-01 4.404365e-05 0
8.253538e-01 5.492112e-05 0
8.253538e-01 5.492112e-05 0
8.253892e-01 4.404365e-05 0
6.169301e-01 1.694139e-05 0
6.169064e-01 2.202538e-05 0
6.169064e-01 2.202538e-05 0
6.169301e-01 1.694139e-05 0
3.347993e-01 2.250821e-06 0
3.347890e-01 3.275057e-06 0
3.347890e-01 3.275057e-06 0
3.347993e-01 2.250821e-06 0
-3.672760e-03 -3.075133e-07 0
-3.671696e-03 -3.850644e-07 0
-3.672751e-03 3.098448e-07 0
-3.673720e-03 2.997253e-07 0
3.348070e-01 -1.365810e-06 0
3.347989e-01 -2.279820e-06 0
3.347989e-01 -2.279820e-06 0
3.348070e-01 -1.365810e-06 0
6.168749e-01 -1.337790e-05 0
6.169113e-01 -1.705239e-05 0
6.169113e-01 -1.705239e-05 0
6.168749e-01 -1.337790e-05 0
8.254183e-01 -3.604860e-05 0
8.253886e-01 -4.427464e-05 0
8.253886e-01 -4.427464e-05 0
8.254183e-01 -3.604860e-05 0
9.620941e-01 -6.674708e-05 0
9.620578e-01 -8.109111e-05 0
9.620578e-01 -8.109111e-05 0
9.620941e-01 -6.674708e-05 0
1.041653e+00 -1.011379e-04 0
1.041615e+00 -1.219547e-04 0
1.041615e+00 -1.219547e-04 0
1.041653e+00 -1.011379e-04 0
1.083833e+00 -1.354504e-04 0
1.083797e+00 -1.629432e-04 0
1.083797e+00 -1.629432e-04 0
1.083833e+00 -1.354504e-04 0
1.104482e+00 -1.670310e-04 0
1.104450e+00 -2.007183e-04 0
1.104450e+00 -2.007183e-04 0
1.104482e+00 -1.670310e-04 0
1.113933e+00 -1.939251e-04 0
1.113907e+00 -2.329096e-04 0
1.113907e+00 -2.329096e-04 0
1.113933e+00 -1.939251e-04 0
1.118027e+00 -2.147817e-04 0
1.118008e+00 -2.578703e-04 0
1.118008e+00 -2.578703e-04 0
1.118027e+00 -2.147817e-04 0
1.119728e+00 -2.287013e-04 0
1.119717e+00 -2.745085e-04 0
1.119717e+00 -2.745085e-04 0
1.119728e+00 -2.287013e-04 0
1.120421e+00 -2.351446e-04 0
1.120418e+00 -2.821729e-04 0
1.120418e+00 -2.821729e-04 0
1.120421e+00 -2.351446e-04 0
1.120709e+00 -2.338512e-04 0
1.120715e+00 -2.805689e-04 0
1.120715e+00 -2.805689e-04 0
1.120709e+00 -2.338512e-04 0
1.120840e+00 -2.248816e-04 0
1.120854e+00 -2.697630e-04 0
1.120854e+00 -2.697630e-04 0
1.120840e+00 -2.248816e-04 0
1.120911e+00 -2.085793e-04 0
1.120933e+00 -2.501575e-04 0
1.120933e+00 -2.501575e-04 0
1.120911e+00 -2.085793e-04 0
1.120958e+00 -1.854201e-04 0
1.120987e+00 -2.223487e-04 0
1.120987e+00 -2.223487e-04 0
1.120958e+00 -1.854201e-04 0
1.120993e+00 -1.561971e-04 0
1.121028e+00 -1.872801e-04 0
1.121028e+00 -1.872801e-04 0
1.120993e+00 -1.561971e-04 0
1.121019e+00 -1.218719e-04 0
1.121060e+00 -1.461042e-04 0
1.121060e+00 -1.461042e-04 0
1.121019e+00 -1.218719e-04 0
1.121038e+00 -8.348882e-05 0
1.121082e+00 -1.000992e-04 0
1.121082e+00 -1.000992e-04 0
1.121038e+00 -8.348882e-05 0
1.121050e+00 -4.254369e-05 0
1.121096e+00 -5.097364e-05 0
1.121096e+00 -5.097364e-05 0
1.121050e+00 -4.254369e-05 0
1.121054e+00 -1.332880e-07 0
1.121101e+00 -1.222507e-07 0
1.121101e+00 -1.222507e-07 0
1.121054e+00 -1.332880e-07 0
1.121050e+00 4.227699e-05 0
1.121096e+00 5.072867e-05 0
1.121096e+00 5.072867e-05 0
1.121050e+00 4.227699e-05 0
1.121039e+00 8.330289e-05 0
1.121082e+00 9.992265e-05 0
1.121082e+00 9.992265e-05 0
1.121039e+00 8.330289e-05 0
1.121019e+00 1.216043e-04 0
1.121059e+00 1.458558e-04 0
1.121059e+00 1.458558e-04 0
1.121019e+00 1.216043e-04 0
1.120993e+00 1.559280e-04 0
1.121028e+00 1.870279e-04 0
1.121028e+00 1.870279e-04 0
1.120993e+00 1.559280e-04 0
1.120958e+00 1.852024e-04 0
1.120987e+00 2.220902e-04 0
1.120987e+00 2.220902e-04 0
1.120958e+00 1.852024e-04 0
1.120911e+00 2.083433e-04 0
1.120933e+00 2.499250e-04 0
1.120933e+00 2.499250e-04 0
1.120911e+00 2.083433e-04 0
1.120840e+00 2.246486e-04 0
1.120854e+00 2.695269e-04 0
1.120854e+00 2.695269e-04 0
1.120840e+00 2.246486e-04 0
1.120709e+00 2.335763e-04 0
1.120715e+00 2.802885e-04 0
1.120715e+00 2.802885e-04 0
1.120709e+00 2.335763e-04 0
1.120421e+00 2.348271e-04 0
1.120418e+00 2.818429e-04 0
1.120418e+00 2.818429e-04 0
1.120421e+00 2.348271e-04 0
1.119729e+00 2.283678e-04 0
1.119717e+00 2.741441e-04 0
1.119717e+00 2.741441e-04 0
1.119729e+00 2.283678e-04 0
1.118029e+00 2.144258e-04 0
1.118010e+00 2.574618e-04 0
1.118010e+00 2.574618e-04 0
1.118029e+00 2.144258e-04 0
1.113940e+00 1.935481e-04 0
1.113914e+00 2.324515e-04 0
1.113914e+00 2.324515e-04 0
1.113940e+00 1.935481e-04 0
1.104499e+00 1.666408e-04 0
1.104467e+00 2.002144e-04 0
1.104467e+00 2.002144e-04 0
1.104499e+00 1.666408e-04 0
1.083869e+00 1.350651e-04 0
1.083832e+00 1.624250e-04 0
1.083832e+00 1.624250e-04 0
1.083869e+00 1.350651e-04 0
1.041714e+00 1.007561e-04 0
1.041676e+00 1.214886e-04 0
1.041676e+00 1.214886e-04 0
1.041714e+00 1.007561e-04 0
9.621752e-01 6.646592e-05 0
9.621389e-01 8.067448e-05 0
9.621389e-01 8.067448e-05 0
9.621752e-01 6.646592e-05 0
8.254189e-01 3.585307e-05 0
8.253892e-01 4.404365e-05 0
8.253892e-01 4.404365e-05 0
8.254189e-01 3.585307e-05 0
6.168754e-01 1.327977e-05 0
6.169301e-01 1.694139e-05 0
6.169301e-01 1.694139e-05 0
6.168754e-01 1.327977e-05 0
3.348072e-01 1.337426e-06 0
3.347993e-01 2.250821e-06 0
3.347993e-01 2.250821e-06 0
3.348072e-01 1.337426e-06 0
-3.673727e-03 -2.985380e-07 0
-3.672760e-03 -3.075133e-07 0
-3.673720e-03 2.997253e-07 0
-3.674560e-03 2.273906e-07 0
3.348133e-01 -9.488835e-07 0
3.348070e-01 -1.365810e-06 0
3.348070e-01 -1.365810e-06 0
3.348133e-01 -9.488835e-07 0
6.169468e-01 -1.064251e-05 0
6.168749e-01 -1.337790e-05 0
6.168749e-01 -1.337790e-05 0
6.169468e-01 -1.064251e-05 0
8.254430e-01 -2.926257e-05 0
8.254183e-01 -3.604860e-05 0
8.254183e-01 -3.604860e-05 0
8.254430e-01 -2.926257e-05 0
9.621241e-01 -5.492149e-05 0
9.620941e-01 -6.674708e-05 0
9.620941e-01 -6.674708e-05 0
9.621241e-01 -5.492149e-05 0
1.041685e+00 -8.373183e-05 0
1.041653e+00 -1.011379e-04 0
1.041653e+00 -1.011379e-04 0
1.041685e+00 -8.373183e-05 0
1.083863e+00 -1.125984e-04 0
1.083833e+00 -1.354504e-04 0
1.083833e+00 -1.354504e-04 0
1.083863e+00 -1.125984e-04 0
1.104509e+00 -1.390895e-04 0
1.104482e+00 -1.670310e-04 0
1.104482e+00 -1.670310e-04 0
1.104509e+00 -1.390895e-04 0
1.113955e+00 -1.616208e-04 0
1.113933e+00 -1.939251e-04 0
1.113933e+00 -1.939251e-04 0
1.113955e+00 -1.616208e-04 0
1.118043e+00 -1.790866e-04 0
1.118027e+00 -2.147817e-04 0
1.118027e+00 -2.147817e-04 0
1.118043e+00 -1.790866e-04 0
1.119737e+00 -1.907513e-04 0
1.119728e+00 -2.287013e-04 0
1.119728e+00 -2.287013e-04 0
1.119737e+00 -1.907513e-04 0
1.120424e+00 -1.961700e-04 0
1.120421e+00 -2.351446e-04 0
1.120421e+00 -2.351446e-04 0
1.120424e+00 -1.961700e-04 0
1.120704e+00 -1.951331e-04 0
1.120709e+00 -2.338512e-04 0
1.120709e+00 -2.338512e-04 0
1.120704e+00 -1.951331e-04 0
1.120829e+00 -1.876836e-04 0
1.120840e+00 -2.248816e-04 0
1.120840e+00 -2.248816e-04 0
1.120829e+00 -1.876836e-04 0
1.120893e+00 -1.740967e-04 0
1.120911e+00 -2.085793e-04 0
1.120911e+00 -2.085793e-04 0
1.120893e+00 -1.740967e-04 0
1.120934e+00 -1.547848e-04 0
1.120958e+00 -1.854201e-04 0
1.120958e+00 -1.854201e-04 0
1.120934e+00 -1.547848e-04 0
1.120964e+00 -1.304033e-04 0
1.120993e+00 -1.561971e-04 0
1.120993e+00 -1.561971e-04 0
1.120964e+00 -1.304033e-04 0
1.120986e+00 -1.017554e-04 0
1.121019e+00 -1.218719e-04 0
1.121019e+00 -1.218719e-04 0
1.120986e+00 -1.017554e-04 0
1.121002e+00 -6.973283e-05 0
1.121038e+00 -8.348882e-05 0
1.121038e+00 -8.348882e-05 0
1.121002e+00 -6.973283e-05 0
1.121012e+00 -3.552932e-05 0
1.121050e+00 -4.254369e-05 0
1.121050e+00 -4.254369e-05 0
1.121012e+00 -3.552932e-05 0
1.121015e+00 -1.195941e-07 0
1.121054e+00 -1.332880e-07 0
1.121054e+00 -1.332880e-07 0
1.121015e+00 -1.195941e-07 0
1.121012e+00 3.528963e-05 0
1.121050e+00 4.227699e-05 0
1.121050e+00 4.227699e-05 0
1.121012e+00 3.528963e-05 0
1.121002e+00 6.954041e-05 0
1.121039e+00 8.330289e-05 0
1.121039e+00 8.330289e-05 0
1.121002e+00 6.954041e-05 0
1.120986e+00 1.015119e-04 0
1.121019e+00 1.216043e-04 0
1.121019e+00 1.216043e-04 0
1.120986e+00 1.015119e-04 0
1.120964e+00 1.301561e-04 0
1.120993e+00 1.559280e-04 0
1.120993e+00 1.559280e-04 0
1.120964e+00 1.301561e-04 0
1.120934e+00 1.545644e-04 0
1.120958e+00 1.852024e-04 0
1.120958e+00 1.852024e-04 0
1.120934e+00 1.545644e-04 0
1.120893e+00 1.738607e-04 0
1.120911e+00 2.083433e-04 0
1.120911e+00 2.083433e-04 0
1.120893e+00 1.738607e-04 0
1.120829e+00 1.874461e-04 0
1.120840e+00 2.246486e-04 0
1.120840e+00 2.246486e-04 0
1.120829e+00 1.874461e-04 0
1.120704e+00 1.948653e-04 0
1.120709e+00 2.335763e-04 0
1.120709e+00 2.335763e-04 0
1.120704e+00 1.948653e-04 0
1.120424e+00 1.958716e-04 0
1.120421e+00 2.348271e-04 0
1.120421e+00 2.348271e-04 0
1.120424e+00 1.958716e-04 0
1.119738e+00 1.904374e-04 0
1.119729e+00 2.283678e-04 0
1.119729e+00 2.283678e-04 0
1.119738e+00 1.904374e-04 0
1.118045e+00 1.787540e-04 0
1.118029e+00 2.144258e-04 0
1.118029e+00 2.144258e-04 0
1.118045e+00 1.787540e-04 0
1.113962e+00 1.612703e-04 0
1.113940e+00 1.935481e-04 0
1.113940e+00 1.935481e-04 0
1.113962e+00 1.612703e-04 0
1.104526e+00 1.387262e-04 0
1.104499e+00 1.666408e-04 0
1.104499e+00 1.666408e-04 0
1.104526e+00 1.387262e-04 0
1.083899e+00 1.122371e-04 0
1.083869e+00 1.350651e-04 0
1.083869e+00 1.350651e-04 0
1.083899e+00 1.122371e-04 0
1.041746e+00 8.342163e-05 0
1.041714e+00 1.007561e-04 0
1.041714e+00 1.007561e-04 0
1.041746e+00 8.342163e-05 0
9.622051e-01 5.462922e-05 0
9.621752e-01 6.646592e-05 0
9.621752e-01 6.646592e-05 0
9.622051e-01 5.462922e-05 0
8.254435e-01 2.910204e-05 0
8.254189e-01 3.585307e-05 0
8.254189e-01 3.585307e-05 0
8.254435e-01 2.910204e-05 0
6.169655e-01 1.055950e-05 0
6.168754e-01 1.327977e-05 0
6.168754e-01 1.327977e-05 0
6.169655e-01 1.055950e-05 0
3.348136e-01 9.236755e-07 0
3.348072e-01 1.337426e-06 0
3.348072e-01 1.337426e-06 0
3.348136e-01 9.236755e-07 0
-3.674566e-03 -2.265329e-07 0
-3.673727e-03 -2.985380e-07 0
-3.674560e-03 2.273906e-07 0
-3.675276e-03 2.001253e-07 0
3.348185e-01 -6.742296e-07 0
3.348133e-01 -9.488835e-07 0
3.348133e-01 -9.488835e-07 0
3.348185e-01 -6.742296e-07 0
6.169598e-01 -8.763495e-06 0
6.169468e-01 -1.064251e-05 0
6.169468e-01 -1.064251e-05 0
6.169598e-01 -8.763495e-06 0
8.254635e-01 -2.409512e-05 0
8.254430e-01 -2.926257e-05 0
8.254430e-01 -2.926257e-05 0
8.254635e-01 -2.409512e-05 0
9.621495e-01 -4.529015e-05 0
9.621241e-01 -5.492149e-05 0
9.621241e-01 -5.492149e-05 0
9.621495e-01 -4.529015e-05 0
1.041712e+00 -6.935046e-05 0
1.041685e+00 -8.373183e-05 0
1.041685e+00 -8.373183e-05 0
1.041712e+00 -6.935046e-05 0
1.083889e+00 -9.343801e-05 0
1.083863e+00 -1.125984e-04 0
1.083863e+00 -1.125984e-04 0
1.083889e+00 -9.343801e-05 0
1.104531e+00 -1.156024e-04 0
1.104509e+00 -1.390895e-04 0
1.104509e+00 -1.390895e-04 0
1.104531e+00 -1.156024e-04 0
1.113974e+00 -1.344504e-04 0
1.113955e+00 -1.616208e-04 0
1.113955e+00 -1.616208e-04 0
1.113974e+00 -1.344504e-04 0
1.118056e+00 -1.490637e-04 0
1.118043e+00 -1.790866e-04 0
1.118043e+00 -1.790866e-04 0
1.118056e+00 -1.490637e-04 0
1.119745e+00 -1.588351e-04 0
1.119737e+00 -1.907513e-04 0
1.119737e+00 -1.907513e-04 0
1.119745e+00 -1.588351e-04 0
1.120426e+00 -1.633978e-04 0
1.120424e+00 -1.961700e-04 0
1.120424e+00 -1.961700e-04 0
1.120426e+00 -1.633978e-04 0
1.120701e+00 -1.625708e-04 0
1.120704e+00 -1.951331e-04 0
1.120704e+00 -1.951331e-04 0
1.120701e+00 -1.625708e-04 0
1.120819e+00 -1.563940e-04 0
1.120829e+00 -1.876836e-04 0
1.120829e+00 -1.876836e-04 0
1.120819e+00 -1.563940e-04 0
1.120878e+00 -1.451033e-04 0
1.120893e+00 -1.740967e-04 0
1.120893e+00 -1.740967e-04 0
1.120878e+00 -1.451033e-04 0
1.120914e+00 -1.290282e-04 0
1.120934e+00 -1.547848e-04 0
1.120934e+00 -1.547848e-04 0
1.120914e+00 -1.290282e-04 0
1.120939e+00 -1.087199e-04 0
1.120964e+00 -1.304033e-04 0
1.120964e+00 -1.304033e-04 0
1.120939e+00 -1.087199e-04 0
1.120958e+00 -8.484855e-05 0
1.120986e+00 -1.017554e-04 0
1.120986e+00 -1.017554e-04 0
1.120958e+00 -8.484855e-05 0
1.120972e+00 -5.814237e-05 0
1.121002e+00 -6.973283e-05 0
1.121002e+00 -6.973283e-05 0
1.120972e+00 -5.814237e-05 0
1.120980e+00 -2.964622e-05 0
1.121012e+00 -3.552932e-05 0
1.121012e+00 -3.552932e-05 0
1.120980e+00 -2.964622e-05 0
1.120983e+00 -1.262136e-07 0
1.121015e+00 -1.195941e-07 0
1.121015e+00 -1.195941e-07 0
1.120983e+00 -1.262136e-07 0
1.120980e+00 2.939362e-05 0
1.121012e+00 3.528963e-05 0
1.121012e+00 3.528963e-05 0
1.120980e+00 2.939362e-05 0
1.120972e+00 5.794602e-05 0
1.121002e+00 6.954041e-05 0
1.121002e+00 6.954041e-05 0
1.120972e+00 5.794602e-05 0
1.120958e+00 8.459476e-05 0
1.120986e+00 1.015119e-04 0
1.120986e+00 1.015119e-04 0
1.120958e+00 8.459476e-05 0
1.120940e+00 1.084648e-04 0
1.120964e+00 1.301561e-04 0
1.120964e+00 1.301561e-04 0
1.120940e+00 1.084648e-04 0
1.120914e+00 1.288085e-04 0
1.120934e+00 1.545644e-04 0
1.120934e+00 1.545644e-04 0
1.120914e+00 1.288085e-04 0
1.120878e+00 1.448715e-04 0
1.120893e+00 1.738607e-04 0
1.120893e+00 1.738607e-04 0
1.120878e+00 1.448715e-04 0
1.120819e+00 1.561672e-04 0
1.120829e+00 1.874461e-04 0
1.120829e+00 1.874461e-04 0
1.120819e+00 1.561672e-04 0
1.120701e+00 1.623179e-04 0
1.120704e+00 1.948653e-04 0
1.120704e+00 1.948653e-04 0
1.120701e+00 1.623179e-04 0
1.120426e+00 1.631206e-04 0
1.120424e+00 1.958716e-04 0
1.120424e+00 1.958716e-04 0
1.120426e+00 1.631206e-04 0
1.119746e+00 1.585550e-04 0
1.119738e+00 1.904374e-04 0
1.119738e+00 1.904374e-04 0
1.119746e+00 1.585550e-04 0
1.118059e+00 1.487793e-04 0
1.118045e+00 1.787540e-04 0
1.118045e+00 1.787540e-04 0
1.118059e+00 1.487793e-04 0
1.113981e+00 1.341657e-04 0
1.113962e+00 1.612703e-04 0
1.113962e+00 1.612703e-04 0
1.113981e+00 1.341657e-04 0
1.104548e+00 1.153250e-04 0
1.104526e+00 1.387262e-04 0
1.104526e+00 1.387262e-04 0
1.104548e+00 1.153250e-04 0
1.083925e+00 9.317930e-05 0
1.083899e+00 1.122371e-04 0
1.083899e+00 1.122371e-04 0
1.083925e+00 9.317930e-05 0
1.041773e+00 6.909958e-05 0
1.041746e+00 8.342163e-05 0
1.041746e+00 8.342163e-05 0
1.041773e+00 6.909958e-05 0
9.622304e-01 4.511180e-05 0
9.622051e-01 5.462922e-05 0
9.622051e-01 5.462922e-05 0
9.622304e-01 4.511180e-05 0
8.254638e-01 2.396436e-05 0
8.254435e-01 2.910204e-05 0
8.254435e-01 2.910204e-05 0
8.254638e-01 2.396436e-05 0
6.169786e-01 8.694920e-06 0
6.169655e-01 1.055950e-05 0
6.169655e-01 1.055950e-05 0
6.169786e-01 8.694920e-06 0
3.348187e-01 6.534055e-07 0
3.348136e-01 9.236755e-07 0
3.348136e-01 9.236755e-07 0
3.348187e-01 6.534055e-07 0
-3.675281e-03 -1.990766e-07 0
-3.674566e-03 -2.265329e-07 0
-3.675276e-03 2.001253e-07 0
-3.675872e-03 1.461371e-07 0
3.348226e-01 -3.861395e-07 0
3.348185e-01 -6.742296e-07 0
3.348185e-01 -6.742296e-07 0
3.348226e-01 -3.861395e-07 0
6.169149e-01 -6.892787e-06 0
6.169598e-01 -8.763495e-06 0
6.169598e-01 -8.763495e-06 0
6.169149e-01 -6.892787e-06 0
8.254804e-01 -1.971533e-05 0
8.254635e-01 -2.409512e-05 0
8.254635e-01 -2.409512e-05 0
8.254804e-01 -1.971533e-05 0
9.621704e-01 -3.734816e-05 0
9.621495e-01 -4.529015e-05 0
9.621495e-01 -4.529015e-05 0
9.621704e-01 -3.734816e-05 0
1.041734e+00 -5.742607e-05 0
1.041712e+00 -6.935046e-05 0
1.041712e+00 -6.935046e-05 0
1.041734e+00 -5.742607e-05 0
1.083911e+00 -7.755254e-05 0
1.083889e+00 -9.343801e-05 0
1.083889e+00 -9.343801e-05 0
1.083911e+00 -7.755254e-05 0
1.104550e+00 -9.608593e-05 0
1.104531e+00 -1.156024e-04 0
1.104531e+00 -1.156024e-04 0
1.104550e+00 -9.608593e-05 0
1.113989e+00 -1.118561e-04 0
1.113974e+00 -1.344504e-04 0
1.113974e+00 -1.344504e-04 0
1.113989e+00 -1.118561e-04 0
1.118067e+00 -1.240940e-04 0
1.118056e+00 -1.490637e-04 0
1.118056e+00 -1.490637e-04 0
1.118067e+00 -1.240940e-04 0
1.119752e+00 -1.322915e-04 0
1.119745e+00 -1.588351e-04 0
1.119745e+00 -1.588351e-04 0
1.119752e+00 -1.322915e-04 0
1.120427e+00 -1.361415e-04 0
1.120426e+00 -1.633978e-04 0
1.120426e+00 -1.633978e-04 0
1.120427e+00 -1.361415e-04 0
1.120697e+00 -1.354915e-04 0
1.120701e+00 -1.625708e-04 0
1.120701e+00 -1.625708e-04 0
1.120697e+00 -1.354915e-04 0
1.120811e+00 -1.303740e-04 0
1.120819e+00 -1.563940e-04 0
1.120819e+00 -1.563940e-04 0
1.120811e+00 -1.303740e-04 0
1.120866e+00 -1.209851e-04 0
1.120878e+00 -1.451033e-04 0
1.120878e+00 -1.451033e-04 0
1.120866e+00 -1.209851e-04 0
1.120897e+00 -1.075995e-04 0
1.120914e+00 -1.290282e-04 0
1.120914e+00 -1.290282e-04 0
1.120897e+00 -1.075995e-04 0
1.120919e+00 -9.067693e-05 0
1.120939e+00 -1.087199e-04 0
1.120939e+00 -1.087199e-04 0
1.120919e+00 -9.067693e-05 0
1.120935e+00 -7.077700e-05 0
1.120958e+00 -8.484855e-05 0
1.120958e+00 -8.484855e-05 0
1.120935e+00 -7.077700e-05 0
1.120946e+00 -4.850811e-05 0
1.120972e+00 -5.814237e-05 0
1.120972e+00 -5.814237e-05 0
1.120946e+00 -4.850811e-05 0
1.120953e+00 -2.474315e-05 0
1.120980e+00 -2.964622e-05 0
1.120980e+00 -2.964622e-05 0
1.120953e+00 -2.474315e-05 0
1.120956e+00 -1.224956e-07 0
1.120983e+00 -1.262136e-07 0
1.120983e+00 -1.262136e-07 0
1.120956e+00 -1.224956e-07 0
1.120953e+00 2.449804e-05 0
1.120980e+00 2.939362e-05 0
1.120980e+00 2.939362e-05 0
1.120953e+00 2.449804e-05 0
1.120946e+00 4.831006e-05 0
1.120972e+00 5.794602e-05 0
1.120972e+00 5.794602e-05 0
1.120946e+00 4.831006e-05 0
1.120935e+00 7.053119e-05 0
1.120958e+00 8.459476e-05 0
1.120958e+00 8.459476e-05 0
1.120935e+00 7.053119e-05 0
1.120919e+00 9.043033e-05 0
1.120940e+00 1.084648e-04 0
1.120940e+00 1.084648e-04 0
1.120919e+00 9.043033e-05 0
1.120897e+00 1.073830e-04 0
1.120914e+00 1.288085e-04 0
1.120914e+00 1.288085e-04 0
1.120897e+00 1.073830e-04 0
1.120866e+00 1.207598e-04 0
1.120878e+00 1.448715e-04 0
1.120878e+00 1.448715e-04 0
1.120866e+00 1.207598e-04 0
1.120811e+00 1.301544e-04 0
1.120819e+00 1.561672e-04 0
1.120819e+00 1.561672e-04 0
1.120811e+00 1.301544e-04 0
1.120697e+00 1.352525e-04 0
1.120701e+00 1.623179e-04 0
1.120701e+00 1.623179e-04 0
1.120697e+00 1.352525e-04 0
1.120427e+00 1.358857e-04 0
1.120426e+00 1.631206e-04 0
1.120426e+00 1.631206e-04 0
1.120427e+00 1.358857e-04 0
1.119753e+00 1.320377e-04 0
1.119746e+00 1.585550e-04 0
1.119746e+00 1.585550e-04 0
1.119753e+00 1.320377e-04 0
1.118070e+00 1.238419e-04 0
1.118059e+00 1.487793e-04 0
1.118059e+00 1.487793e-04 0
1.118070e+00 1.238419e-04 0
1.113996e+00 1.116094e-04 0
1.113981e+00 1.341657e-04 0
1.113981e+00 1.341657e-04 0
1.113996e+00 1.116094e-04 0
1.104567e+00 9.585097e-05 0
1.104548e+00 1.153250e-04 0
1.104548e+00 1.153250e-04 0
1.104567e+00 9.585097e-05 0
1.083946e+00 7.733921e-05 0
1.083925e+00 9.317930e-05 0
1.083925e+00 9.317930e-05 0
1.083946e+00 7.733921e-05 0
1.041795e+00 5.722084e-05 0
1.041773e+00 6.909958e-05 0
1.041773e+00 6.909958e-05 0
1.041795e+00 5.722084e-05 0
9.622513e-01 3.720291e-05 0
9.622304e-01 4.511180e-05 0
9.622304e-01 4.511180e-05 0
9.622513e-01 3.720291e-05 0
8.254807e-01 1.960921e-05 0
8.254638e-01 2.396436e-05 0
8.254638e-01 2.396436e-05 0
8.254807e-01 1.960921e-05 0
6.169152e-01 6.837498e-06 0
6.169786e-01 8.694920e-06 0
6.169786e-01 8.694920e-06 0
6.169152e-01 6.837498e-06 0
3.348228e-01 3.696476e-07 0
3.348187e-01 6.534055e-07 0
3.348187e-01 6.534055e-07 0
3.348228e-01 3.696476e-07 0
-3.675876e-03 -1.450219e-07 0
-3.675281e-03 -1.990766e-07 0
-3.675872e-03 1.461371e-07 0
-3.676386e-03 1.368553e-07 0
3.348260e-01 -2.672304e-07 0
3.348226e-01 -3.861395e-07 0
3.348226e-01 -3.861395e-07 0
3.348260e-01 -2.672304e-07 0
6.169795e-01 -5.611724e-06 0
6.169149e-01 -6.892787e-06 0
6.169149e-01 -6.892787e-06 0
6.169795e-01 -5.611724e-06 0
8.254945e-01 -1.609615e-05 0
8.254804e-01 -1.971533e-05 0
8.254804e-01 -1.971533e-05 0
8.254945e-01 -1.609615e-05 0
9.621879e-01 -3.082440e-05 0
9.621704e-01 -3.734816e-05 0
9.621704e-01 -3.734816e-05 0
9.621879e-01 -3.082440e-05 0
1.041752e+00 -4.757342e-05 0
1.041734e+00 -5.742607e-05 0
1.041734e+00 -5.742607e-05 0
1.041752e+00 -4.757342e-05 0
1.083928e+00 -6.434284e-05 0
1.083911e+00 -7.755254e-05 0
1.083911e+00 -7.755254e-05 0
1.083928e+00 -6.434284e-05 0
1.104566e+00 -7.980313e-05 0
1.104550e+00 -9.608593e-05 0
1.104550e+00 -9.608593e-05 0
1.104566e+00 -7.980313e-05 0
1.114002e+00 -9.298596e-05 0
1.113989e+00 -1.118561e-04 0
1.113989e+00 -1.118561e-04 0
1.114002e+00 -9.298596e-05 0
1.118077e+00 -1.032380e-04 0
1.118067e+00 -1.240940e-04 0
1.118067e+00 -1.240940e-04 0
1.118077e+00 -1.032380e-04 0
1.119757e+00 -1.101243e-04 0
1.119752e+00 -1.322915e-04 0
1.119752e+00 -1.322915e-04 0
1.119757e+00 -1.101243e-04 0
1.120429e+00 -1.133826e-04 0
1.120427e+00 -1.361415e-04 0
1.120427e+00 -1.361415e-04 0
1.120429e+00 -1.133826e-04 0
1.120695e+00 -1.128824e-04 0
1.120697e+00 -1.354915e-04 0
1.120697e+00 -1.354915e-04 0
1.120695e+00 -1.128824e-04 0
1.120804e+00 -1.086499e-04 0
1.120811e+00 -1.303740e-04 0
1.120811e+00 -1.303740e-04 0
1.120804e+00 -1.086499e-04 0
1.120855e+00 -1.008486e-04 0
1.120866e+00 -1.209851e-04 0
1.120866e+00 -1.209851e-04 0
1.120855e+00 -1.008486e-04 0
1.120884e+00 -8.970768e-05 0
1.120897e+00 -1.075995e-04 0
1.120897e+00 -1.075995e-04 0
1.120884e+00 -8.970768e-05 0
1.120902e+00 -7.561134e-05 0
1.120919e+00 -9.067693e-05 0
1.120919e+00 -9.067693e-05 0
1.120902e+00 -7.561134e-05 0
1.120916e+00 -5.902695e-05 0
1.120935e+00 -7.077700e-05 0
1.120935e+00 -7.077700e-05 0
1.120916e+00 -5.902695e-05 0
1.120925e+00 -4.046282e-05 0
1.120946e+00 -4.850811e-05 0
1.120946e+00 -4.850811e-05 0
1.120925e+00 -4.046282e-05 0
1.120931e+00 -2.064836e-05 0
1.120953e+00 -2.474315e-05 0
1.120953e+00 -2.474315e-05 0
1.120931e+00 -2.064836e-05 0
1.120933e+00 -1.187199e-07 0
1.120956e+00 -1.224956e-07 0
1.120956e+00 -1.224956e-07 0
1.120933e+00 -1.187199e-07 0
1.120931e+00 2.041087e-05 0
1.120953e+00 2.449804e-05 0
1.120953e+00 2.449804e-05 0
1.120931e+00 2.041087e-05 0
1.120925e+00 4.026484e-05 0
1.120946e+00 4.831006e-05 0
1.120946e+00 4.831006e-05 0
1.120925e+00 4.026484e-05 0
1.120916e+00 5.878941e-05 0
1.120935e+00 7.053119e-05 0
1.120935e+00 7.053119e-05 0
1.120916e+00 5.878941e-05 0
1.120902e+00 7.537376e-05 0
1.120919e+00 9.043033e-05 0
1.120919e+00 9.043033e-05 0
1.120902e+00 7.537376e-05 0
1.120884e+00 8.949612e-05 0
1.120897e+00 1.073830e-04 0
1.120897e+00 1.073830e-04 0
1.120884e+00 8.949612e-05 0
1.120855e+00 1.006307e-04 0
1.120866e+00 1.207598e-04 0
1.120866e+00 1.207598e-04 0
1.120855e+00 1.006307e-04 0
1.120804e+00 1.084387e-04 0
1.120811e+00 1.301544e-04 0
1.120811e+00 1.301544e-04 0
1.120804e+00 1.084387e-04 0
1.120695e+00 1.126573e-04 0
1.120697e+00 1.352525e-04 0
1.120697e+00 1.352525e-04 0
1.120695e+00 1.126573e-04 0
1.120429e+00 1.131467e-04 0
1.120427e+00 1.358857e-04 0
1.120427e+00 1.358857e-04 0
1.120429e+00 1.131467e-04 0
1.119758e+00 1.098943e-04 0
1.119753e+00 1.320377e-04 0
1.119753e+00 1.320377e-04 0
1.119758e+00 1.098943e-04 0
1.118079e+00 1.030140e-04 0
1.118070e+00 1.238419e-04 0
1.118070e+00 1.238419e-04 0
1.118079e+00 1.030140e-04 0
1.114009e+00 9.277125e-05 0
1.113996e+00 1.116094e-04 0
1.113996e+00 1.116094e-04 0
1.114009e+00 9.277125e-05 0
1.104583e+00 7.960117e-05 0
1.104567e+00 9.585097e-05 0
1.104567e+00 9.585097e-05 0
1.104583e+00 7.960117e-05 0
1.083964e+00 6.416204e-05 0
1.083946e+00 7.733921e-05 0
1.083946e+00 7.733921e-05 0
1.083964e+00 6.416204e-05 0
1.041814e+00 4.740338e-05 0
1.041795e+00 5.722084e-05 0
1.041795e+00 5.722084e-05 0
1.041814e+00 4.740338e-05 0
9.622687e-01 3.070602e-05 0
9.622513e-01 3.720291e-05 0
9.622513e-01 3.720291e-05 0
9.622687e-01 3.070602e-05 0
8.254947e-01 1.600922e-05 0
8.254807e-01 1.960921e-05 0
8.254807e-01 1.960921e-05 0
8.254947e-01 1.600922e-05 0
6.169982e-01 5.566354e-06 0
6.169152e-01 6.837498e-06 0
6.169152e-01 6.837498e-06 0
6.169982e-01 5.566354e-06 0
3.348261e-01 2.538304e-07 0
3.348228e-01 3.696476e-07 0
3.348228e-01 3.696476e-07 0
3.348261e-01 2.538304e-07 0
-3.676390e-03 -1.357633e-07 0
-3.675876e-03 -1.450219e-07 0
-3.676386e-03 1.368553e-07 0
-3.676817e-03 9.627829e-08 0
3.348286e-01 -1.925505e-07 0
3.348260e-01 -2.672304e-07 0
3.348260e-01 -2.672304e-07 0
3.348286e-01 -1.925505e-07 0
6.169311e-01 -4.484534e-06 0
6.169795e-01 -5.611724e-06 0
6.169795e-01 -5.611724e-06 0
6.169311e-01 -4.484534e-06 0
8.255062e-01 -1.326631e-05 0
8.254945e-01 -1.609615e-05 0
8.254945e-01 -1.609615e-05 0
8.255062e-01 -1.326631e-05 0
9.622024e-01 -2.553237e-05 0
9.621879e-01 -3.082440e-05 0
9.621879e-01 -3.082440e-05 0
9.622024e-01 -2.553237e-05 0
1.041768e+00 -3.938904e-05 0
1.041752e+00 -4.757342e-05 0
1.041752e+00 -4.757342e-05 0
1.041768e+00 -3.938904e-05 0
1.083943e+00 -5.330435e-05 0
1.083928e+00 -6.434284e-05 0
1.083928e+00 -6.434284e-05 0
1.083943e+00 -5.330435e-05 0
1.104579e+00 -6.617876e-05 0
1.104566e+00 -7.980313e-05 0
1.104566e+00 -7.980313e-05 0
1.104579e+00 -6.617876e-05 0
1.114013e+00 -7.720600e-05 0
1.114002e+00 -9.298596e-05 0
1.114002e+00 -9.298596e-05 0
1.114013e+00 -7.720600e-05 0
1.118085e+00 -8.581037e-05 0
1.118077e+00 -1.032380e-04 0
1.118077e+00 -1.032380e-04 0
1.118085e+00 -8.581037e-05 0
1.119762e+00 -9.161093e-05 0
1.119757e+00 -1.101243e-04 0
1.119757e+00 -1.101243e-04 0
1.119762e+00 -9.161093e-05 0
1.120430e+00 -9.438038e-05 0
1.120429e+00 -1.133826e-04 0
1.120429e+00 -1.133826e-04 0
1.120430e+00 -9.438038e-05 0
1.120693e+00 -9.400791e-05 0
1.120695e+00 -1.128824e-04 0
1.120695e+00 -1.128824e-04 0
1.120693e+00 -9.400791e-05 0
1.120799e+00 -9.051507e-05 0
1.120804e+00 -1.086499e-04 0
1.120804e+00 -1.086499e-04 0
1.120799e+00 -9.051507e-05 0
1.120847e+00 -8.403894e-05 0
1.120855e+00 -1.008486e-04 0
1.120855e+00 -1.008486e-04 0
1.120847e+00 -8.403894e-05 0
1.120872e+00 -7.477142e-05 0
1.120884e+00 -8.970768e-05 0
1.120884e+00 -8.970768e-05 0
1.120872e+00 -7.477142e-05 0
1.120888e+00 -6.303382e-05 0
1.120902e+00 -7.561134e-05 0
1.120902e+00 -7.561134e-05 0
1.120888e+00 -6.303382e-05 0
1.120900e+00 -4.921692e-05 0
1.120916e+00 -5.902695e-05 0
1.120916e+00 -5.902695e-05 0
1.120900e+00 -4.921692e-05 0
1.120908e+00 -3.374549e-05 0
1.120925e+00 -4.046282e-05 0
1.120925e+00 -4.046282e-05 0
1.120908e+00 -3.374549e-05 0
1.120913e+00 -1.722909e-05 0
1.120931e+00 -2.064836e-05 0
1.120931e+00 -2.064836e-05 0
1.120913e+00 -1.722909e-05 0
1.120914e+00 -1.149661e-07 0
1.120933e+00 -1.187199e-07 0
1.120933e+00 -1.187199e-07 0
1.120914e+00 -1.149661e-07 0
1.120913e+00 1.699921e-05 0
1.120931e+00 2.041087e-05 0
1.120931e+00 2.041087e-05 0
1.120913e+00 1.699921e-05 0
1.120908e+00 3.354890e-05 0
1.120925e+00 4.026484e-05 0
1.120925e+00 4.026484e-05 0
1.120908e+00 3.354890e-05 0
1.120900e+00 4.898778e-05 0
1.120916e+00 5.878941e-05 0
1.120916e+00 5.878941e-05 0
1.120900e+00 4.898778e-05 0
1.120888e+00 6.280539e-05 0
1.120902e+00 7.537376e-05 0
1.120902e+00 7.537376e-05 0
1.120888e+00 6.280539e-05 0
1.120872e+00 7.456566e-05 0
1.120884e+00 8.949612e-05 0
1.120884e+00 8.949612e-05 0
1.120872e+00 7.456566e-05 0
1.120847e+00 8.382902e-05 0
1.120855e+00 1.006307e-04 0
1.120855e+00 1.006307e-04 0
1.120847e+00 8.382902e-05 0
1.120799e+00 9.031288e-05 0
1.120804e+00 1.084387e-04 0
1.120804e+00 1.084387e-04 0
1.120799e+00 9.031288e-05 0
1.120693e+00 9.379621e-05 0
1.120695e+00 1.126573e-04 0
1.120695e+00 1.126573e-04 0
1.120693e+00 9.379621e-05 0
1.120430e+00 9.416221e-05 0
1.120429e+00 1.131467e-04 0
1.120429e+00 1.131467e-04 0
1.120430e+00 9.416221e-05 0
1.119763e+00 9.140100e-05 0
1.119758e+00 1.098943e-04 0
1.119758e+00 1.098943e-04 0
1.119763e+00 9.140100e-05 0
1.118087e+00 8.560994e-05 0
1.118079e+00 1.030140e-04 0
1.118079e+00 1.030140e-04 0
1.118087e+00 8.560994e-05 0
1.114020e+00 7.701881e-05 0
1.114009e+00 9.277125e-05 0
1.114009e+00 9.277125e-05 0
1.114020e+00 7.701881e-05 0
1.104596e+00 6.600780e-05 0
1.104583e+00 7.960117e-05 0
1.104583e+00 7.960117e-05 0
1.104596e+00 6.600780e-05 0
1.083979e+00 5.314131e-05 0
1.083964e+00 6.416204e-05 0
1.083964e+00 6.416204e-05 0
1.083979e+00 5.314131e-05 0
1.041829e+00 3.924584e-05 0
1.041814e+00 4.740338e-05 0
1.041814e+00 4.740338e-05 0
1.041829e+00 3.924584e-05 0
9.622833e-01 2.544214e-05 0
9.622687e-01 3.070602e-05 0
9.622687e-01 3.070602e-05 0
9.622833e-01 2.544214e-05 0
8.255064e-01 1.319396e-05 0
8.254947e-01 1.600922e-05 0
8.254947e-01 1.600922e-05 0
8.255064e-01 1.319396e-05 0
6.169313e-01 4.447144e-06 0
6.169982e-01 5.566354e-06 0
6.169982e-01 5.566354e-06 0
6.169313e-01 4.447144e-06 0
3.348288e-01 1.816386e-07 0
3.348261e-01 2.538304e-07 0
3.348261e-01 2.538304e-07 0
3.348288e-01 1.816386e-07 0
-3.676820e-03 -9.532733e-08 0
-3.676390e-03 -1.357633e-07 0
-3.676817e-03 9.627829e-08 0
-3.677149e-03 3.738303e-08 0
3.348309e-01 -4.197988e-07 0
3.348286e-01 -1.925505e-07 0
3.348286e-01 -1.925505e-07 0
3.348309e-01 -4.197988e-07 0
6.169929e-01 -4.017058e-06 0
6.169311e-01 -4.484534e-06 0
6.169311e-01 -4.484534e-06 0
6.169929e-01 -4.017058e-06 0
8.255159e-01 -1.120393e-05 0
8.255062e-01 -1.326631e-05 0
8.255062e-01 -1.326631e-05 0
8.255159e-01 -1.120393e-05 0
9.622144e-01 -2.128207e-05 0
9.622024e-01 -2.553237e-05 0
9.622024e-01 -2.553237e-05 0
9.622144e-01 -2.128207e-05 0
1.041781e+00 -3.251623e-05 0
1.041768e+00 -3.938904e-05 0
1.041768e+00 -3.938904e-05 0
1.041781e+00 -3.251623e-05 0
1.083955e+00 -4.402292e-05 0
1.083943e+00 -5.330435e-05 0
1.083943e+00 -5.330435e-05 0
1.083955e+00 -4.402292e-05 0
1.104590e+00 -5.478412e-05 0
1.104579e+00 -6.617876e-05 0
1.104579e+00 -6.617876e-05 0
1.104590e+00 -5.478412e-05 0
1.114022e+00 -6.404895e-05 0
1.114013e+00 -7.720600e-05 0
1.114013e+00 -7.720600e-05 0
1.114022e+00 -6.404895e-05 0
1.118091e+00 -7.130208e-05 0
1.118085e+00 -8.581037e-05 0
1.118085e+00 -8.581037e-05 0
1.118091e+00 -7.130208e-05 0
1.119766e+00 -7.620890e-05 0
1.119762e+00 -9.161093e-05 0
1.119762e+00 -9.161093e-05 0
1.119766e+00 -7.620890e-05 0
1.120431e+00 -7.857426e-05 0
1.120430e+00 -9.438038e-05 0
1.120430e+00 -9.438038e-05 0
1.120431e+00 -7.857426e-05 0
1.120691e+00 -7.830979e-05 0
1.120693e+00 -9.400791e-05 0
1.120693e+00 -9.400791e-05 0
1.120691e+00 -7.830979e-05 0
1.120794e+00 -7.543242e-05 0
1.120799e+00 -9.051507e-05 0
1.120799e+00 -9.051507e-05 0
1.120794e+00 -7.543242e-05 0
1.120839e+00 -7.005448e-05 0
1.120847e+00 -8.403894e-05 0
1.120847e+00 -8.403894e-05 0
1.120839e+00 -7.005448e-05 0
1.120862e+00 -6.234376e-05 0
1.120872e+00 -7.477142e-05 0
1.120872e+00 -7.477142e-05 0
1.120862e+00 -6.234376e-05 0
1.120877e+00 -5.256714e-05 0
1.120888e+00 -6.303382e-05 0
1.120888e+00 -6.303382e-05 0
1.120877e+00 -5.256714e-05 0
1.120886e+00 -4.105150e-05 0
1.120900e+00 -4.921692e-05 0
1.120900e+00 -4.921692e-05 0
1.120886e+00 -4.105150e-05 0
1.120893e+00 -2.816029e-05 0
1.120908e+00 -3.374549e-05 0
1.120908e+00 -3.374549e-05 0
1.120893e+00 -2.816029e-05 0
1.120897e+00 -1.437968e-05 0
1.120913e+00 -1.722909e-05 0
1.120913e+00 -1.722909e-05 0
1.120897e+00 -1.437968e-05 0
1.120898e+00 -1.071416e-07 0
1.120914e+00 -1.149661e-07 0
1.120914e+00 -1.149661e-07 0
1.120898e+00 -1.071416e-07 0
1.120897e+00 1.416543e-05 0
1.120913e+00 1.699921e-05 0
1.120913e+00 1.699921e-05 0
1.120897e+00 1.416543e-05 0
1.120893e+00 2.796599e-05 0
1.120908e+00 3.354890e-05 0
1.120908e+00 3.354890e-05 0
1.120893e+00 2.796599e-05 0
1.120886e+00 4.083777e-05 0
1.120900e+00 4.898778e-05 0
1.120900e+00 4.898778e-05 0
1.120886e+00 4.083777e-05 0
1.120877e+00 5.235399e-05 0
1.120888e+00 6.280539e-05 0
1.120888e+00 6.280539e-05 0
1.120877e+00 5.235399e-05 0
1.120862e+00 6.213160e-05 0
1.120872e+00 7.456566e-05 0
1.120872e+00 7.456566e-05 0
1.120862e+00 6.213160e-05 0
1.120839e+00 6.985366e-05 0
1.120847e+00 8.382902e-05 0
1.120847e+00 8.382902e-05 0
1.120839e+00 6.985366e-05 0
1.120794e+00 7.523525e-05 0
1.120799e+00 9.031288e-05 0
1.120799e+00 9.031288e-05 0
1.120794e+00 7.523525e-05 0
1.120691e+00 7.810866e-05 0
1.120693e+00 9.379621e-05 0
1.120693e+00 9.379621e-05 0
1.120691e+00 7.810866e-05 0
1.120431e+00 7.837144e-05 0
1.120430e+00 9.416221e-05 0
1.120430e+00 9.416221e-05 0
1.120431e+00 7.837144e-05 0
1.119767e+00 7.601322e-05 0
1.119763e+00 9.140100e-05 0
1.119763e+00 9.140100e-05 0
1.119767e+00 7.601322e-05 0
1.118094e+00 7.111533e-05 0
1.118087e+00 8.560994e-05 0
1.118087e+00 8.560994e-05 0
1.118094e+00 7.111533e-05 0
1.114029e+00 6.387349e-05 0
1.114020e+00 7.701881e-05 0
1.114020e+00 7.701881e-05 0
1.114029e+00 6.387349e-05 0
1.104607e+00 5.462139e-05 0
1.104596e+00 6.600780e-05 0
1.104596e+00 6.600780e-05 0
1.104607e+00 5.462139e-05 0
1.083991e+00 4.387135e-05 0
1.083979e+00 5.314131e-05 0
1.083979e+00 5.314131e-05 0
1.083991e+00 4.387135e-05 0
1.041842e+00 3.239342e-05 0
1.041829e+00 3.924584e-05 0
1.041829e+00 3.924584e-05 0
1.041842e+00 3.239342e-05 0
9.622952e-01 2.116278e-05 0
9.622833e-01 2.544214e-05 0
9.622833e-01 2.544214e-05 0
9.622952e-01 2.116278e-05 0
8.255161e-01 1.114258e-05 0
8.255064e-01 1.319396e-05 0
8.255064e-01 1.319396e-05 0
8.255161e-01 1.114258e-05 0
6.170115e-01 3.985305e-06 0
6.169313e-01 4.447144e-06 0
6.169313e-01 4.447144e-06 0
6.170115e-01 3.985305e-06 0
3.348310e-01 4.103844e-07 0
3.348288e-01 1.816386e-07 0
3.348288e-01 1.816386e-07 0
3.348310e-01 4.103844e-07 0
-3.677151e-03 -3.660867e-08 0
-3.676820e-03 -9.532733e-08 0
-3.677149e-03 3.738303e-08 0
-3.677367e-03 2.229067e-08 0
3.348330e-01 -5.739852e-07 0
3.348309e-01 -4.197988e-07 0
3.348309e-01 -4.197988e-07 0
3.348330e-01 -5.739852e-07 0
6.169980e-01 -4.240012e-06 0
6.169929e-01 -4.017058e-06 0
6.169929e-01 -4.017058e-06 0
6.169980e-01 -4.240012e-06 0
8.255237e-01 -1.017105e-05 0
8.255159e-01 -1.120393e-05 0
8.255159e-01 -1.120393e-05 0
8.255237e-01 -1.017105e-05 0
9.622240e-01 -1.754316e-05 0
9.622144e-01 -2.128207e-05 0
9.622144e-01 -2.128207e-05 0
9.622240e-01 -1.754316e-05 0
1.041791e+00 -2.663924e-05 0
1.041781e+00 -3.251623e-05 0
1.041781e+00 -3.251623e-05 0
1.041791e+00 -2.663924e-05 0
1.083966e+00 -3.616840e-05 0
1.083955e+00 -4.402292e-05 0
1.083955e+00 -4.402292e-05 0
1.083966e+00 -3.616840e-05 0
1.104600e+00 -4.520446e-05 0
1.104590e+00 -5.478412e-05 0
1.104590e+00 -5.478412e-05 0
1.104600e+00 -4.520446e-05 0
1.114029e+00 -5.301116e-05 0
1.114022e+00 -6.404895e-05 0
1.114022e+00 -6.404895e-05 0
1.114029e+00 -5.301116e-05 0
1.118097e+00 -5.913172e-05 0
1.118091e+00 -7.130208e-05 0
1.118091e+00 -7.130208e-05 0
1.118097e+00 -5.913172e-05 0
1.119769e+00 -6.328332e-05 0
1.119766e+00 -7.620890e-05 0
1.119766e+00 -7.620890e-05 0
1.119769e+00 -6.328332e-05 0
1.120432e+00 -6.530447e-05 0
1.120431e+00 -7.857426e-05 0
1.120431e+00 -7.857426e-05 0
1.120432e+00 -6.530447e-05 0
1.120689e+00 -6.512424e-05 0
1.120691e+00 -7.830979e-05 0
1.120691e+00 -7.830979e-05 0
1.120689e+00 -6.512424e-05 0
1.120791e+00 -6.275894e-05 0
1.120794e+00 -7.543242e-05 0
1.120794e+00 -7.543242e-05 0
1.120791e+00 -6.275894e-05 0
1.120833e+00 -5.830723e-05 0
1.120839e+00 -7.005448e-05 0
1.120839e+00 -7.005448e-05 0
1.120833e+00 -5.830723e-05 0
1.120854e+00 -5.190429e-05 0
1.120862e+00 -6.234376e-05 0
1.120862e+00 -6.234376e-05 0
1.120854e+00 -5.190429e-05 0
1.120867e+00 -4.377570e-05 0
1.120877e+00 -5.256714e-05 0
1.120877e+00 -5.256714e-05 0
1.120867e+00 -4.377570e-05 0
1.120875e+00 -3.419461e-05 0
1.120886e+00 -4.105150e-05 0
1.120886e+00 -4.105150e-05 0
1.120875e+00 -3.419461e-05 0
1.120881e+00 -2.345809e-05 0
1.120893e+00 -2.816029e-05 0
1.120893e+00 -2.816029e-05 0
1.120881e+00 -2.345809e-05 0
1.120884e+00 -1.199178e-05 0
1.120897e+00 -1.437968e-05 0
1.120897e+00 -1.437968e-05 0
1.120884e+00 -1.199178e-05 0
1.120885e+00 -1.079308e-07 0
1.120898e+00 -1.071416e-07 0
1.120898e+00 -1.071416e-07 0
1.120885e+00 -1.079308e-07 0
1.120884e+00 1.177617e-05 0
1.120897e+00 1.416543e-05 0
1.120897e+00 1.416543e-05 0
1.120884e+00 1.177617e-05 0
1.120881e+00 2.326635e-05 0
1.120893e+00 2.796599e-05 0
1.120893e+00 2.796599e-05 0
1.120881e+00 2.326635e-05 0
1.120875e+00 3.398118e-05 0
1.120886e+00 4.083777e-05 0
1.120886e+00 4.083777e-05 0
1.120875e+00 3.398118e-05 0
1.120867e+00 4.356428e-05 0
1.120877e+00 5.235399e-05 0
1.120877e+00 5.235399e-05 0
1.120867e+00 4.356428e-05 0
1.120854e+00 5.171116e-05 0
1.120862e+00 6.213160e-05 0
1.120862e+00 6.213160e-05 0
1.120854e+00 5.171116e-05 0
1.120833e+00 5.811391e-05 0
1.120839e+00 6.985366e-05 0
1.120839e+00 6.985366e-05 0
1.120833e+00 5.811391e-05 0
1.120791e+00 6.257247e-05 0
1.120794e+00 7.523525e-05 0
1.120794e+00 7.523525e-05 0
1.120791e+00 6.257247e-05 0
1.120689e+00 6.493550e-05 0
1.120691e+00 7.810866e-05 0
1.120691e+00 7.810866e-05 0
1.120689e+00 6.493550e-05 0
1.120432e+00 6.511533e-05 0
1.120431e+00 7.837144e-05 0
1.120431e+00 7.837144e-05 0
1.120432e+00 6.511533e-05 0
1.119770e+00 6.310280e-05 0
1.119767e+00 7.601322e-05 0
1.119767e+00 7.601322e-05 0
1.119770e+00 6.310280e-05 0
1.118099e+00 5.896193e-05 0
1.118094e+00 7.111533e-05 0
1.118094e+00 7.111533e-05 0
1.118099e+00 5.896193e-05 0
1.114036e+00 5.285510e-05 0
1.114029e+00 6.387349e-05 0
1.114029e+00 6.387349e-05 0
1.114036e+00 5.285510e-05 0
1.104617e+00 4.506754e-05 0
1.104607e+00 5.462139e-05 0
1.104607e+00 5.462139e-05 0
1.104617e+00 4.506754e-05 0
1.084001e+00 3.605959e-05 0
1.083991e+00 4.387135e-05 0
1.083991e+00 4.387135e-05 0
1.084001e+00 3.605959e-05 0
1.041852e+00 2.653211e-05 0
1.041842e+00 3.239342e-05 0
1.041842e+00 3.239342e-05 0
1.041852e+00 2.653211e-05 0
9.623048e-01 1.748431e-05 0
9.622952e-01 2.116278e-05 0
9.622952e-01 2.116278e-05 0
9.623048e-01 1.748431e-05 0
8.255239e-01 1.011778e-05 0
8.255161e-01 1.114258e-05 0
8.255161e-01 1.114258e-05 0
8.255239e-01 1.011778e-05 0
6.170165e-01 4.211792e-06 0
6.170115e-01 3.985305e-06 0
6.170115e-01 3.985305e-06 0
6.170165e-01 4.211792e-06 0
3.348331e-01 5.657672e-07 0
3.348310e-01 4.103844e-07 0
3.348310e-01 4.103844e-07 0
3.348331e-01 5.657672e-07 0
-3.677369e-03 -2.166723e-08 0
-3.677151e-03 -3.660867e-08 0
-3.677367e-03 2.229067e-08 0
-3.677566e-03 2.213711e-08 0
3.348353e-01 -4.350097e-07 0
3.348330e-01 -5.739852e-07 0
3.348330e-01 -5.739852e-07 0
3.348353e-01 -4.350097e-07 0
6.170027e-01 -3.524463e-06 0
6.169980e-01 -4.240012e-06 0
6.169980e-01 -4.240012e-06 0
6.170027e-01 -3.524463e-06 0
8.255295e-01 -8.399762e-06 0
8.255237e-01 -1.017105e-05 0
8.255237e-01 -1.017105e-05 0
8.255295e-01 -8.399762e-06 0
9.622312e-01 -1.442059e-05 0
9.622240e-01 -1.754316e-05 0
9.622240e-01 -1.754316e-05 0
9.622312e-01 -1.442059e-05 0
1.041800e+00 -2.194866e-05 0
1.041791e+00 -2.663924e-05 0
1.041791e+00 -2.663924e-05 0
1.041800e+00 -2.194866e-05 0
1.083974e+00 -2.989112e-05 0
1.083966e+00 -3.616840e-05 0
1.083966e+00 -3.616840e-05 0
1.083974e+00 -2.989112e-05 0
1.104607e+00 -3.743329e-05 0
1.104600e+00 -4.520446e-05 0
1.104600e+00 -4.520446e-05 0
1.104607e+00 -3.743329e-05 0
1.114036e+00 -4.396337e-05 0
1.114029e+00 -5.301116e-05 0
1.114029e+00 -5.301116e-05 0
1.114036e+00 -4.396337e-05 0
1.118102e+00 -4.909514e-05 0
1.118097e+00 -5.913172e-05 0
1.118097e+00 -5.913172e-05 0
1.118102e+00 -4.909514e-05 0
1.119772e+00 -5.258829e-05 0
1.119769e+00 -6.328332e-05 0
1.119769e+00 -6.328332e-05 0
1.119772e+00 -5.258829e-05 0
1.120433e+00 -5.430526e-05 0
1.120432e+00 -6.530447e-05 0
1.120432e+00 -6.530447e-05 0
1.120433e+00 -5.430526e-05 0
1.120688e+00 -5.418394e-05 0
1.120689e+00 -6.512424e-05 0
1.120689e+00 -6.512424e-05 0
1.120688e+00 -5.418394e-05 0
1.120788e+00 -5.223776e-05 0
1.120791e+00 -6.275894e-05 0
1.120791e+00 -6.275894e-05 0
1.120788e+00 -5.223776e-05 0
1.120828e+00 -4.854857e-05 0
1.120833e+00 -5.830723e-05 0
1.120833e+00 -5.830723e-05 0
1.120828e+00 -4.854857e-05 0
1.120848e+00 -4.322924e-05 0
1.120854e+00 -5.190429e-05 0
1.120854e+00 -5.190429e-05 0
1.120848e+00 -4.322924e-05 0
1.120859e+00 -3.646815e-05 0
1.120867e+00 -4.377570e-05 0
1.120867e+00 -4.377570e-05 0
1.120859e+00 -3.646815e-05 0
1.120866e+00 -2.849362e-05 0
1.120875e+00 -3.419461e-05 0
1.120875e+00 -3.419461e-05 0
1.120866e+00 -2.849362e-05 0
1.120871e+00 -1.955354e-05 0
1.120881e+00 -2.345809e-05 0
1.120881e+00 -2.345809e-05 0
1.120871e+00 -1.955354e-05 0
1.120873e+00 -1.000367e-05 0
1.120884e+00 -1.199178e-05 0
1.120884e+00 -1.199178e-05 0
1.120873e+00 -1.000367e-05 0
1.120874e+00 -1.048299e-07 0
1.120885e+00 -1.079308e-07 0
1.120885e+00 -1.079308e-07 0
1.120874e+00 -1.048299e-07 0
1.120874e+00 9.794303e-06 0
1.120884e+00 1.177617e-05 0
1.120884e+00 1.177617e-05 0
1.120874e+00 9.794303e-06 0
1.120871e+00 1.936442e-05 0
1.120881e+00 2.326635e-05 0
1.120881e+00 2.326635e-05 0
1.120871e+00 1.936442e-05 0
1.120866e+00 2.828683e-05 0
1.120875e+00 3.398118e-05 0
1.120875e+00 3.398118e-05 0
1.120866e+00 2.828683e-05 0
1.120859e+00 3.626374e-05 0
1.120867e+00 4.356428e-05 0
1.120867e+00 4.356428e-05 0
1.120859e+00 3.626374e-05 0
1.120848e+00 4.304069e-05 0
1.120854e+00 5.171116e-05 0
1.120854e+00 5.171116e-05 0
1.120848e+00 4.304069e-05 0
1.120828e+00 4.836095e-05 0
1.120833e+00 5.811391e-05 0
1.120833e+00 5.811391e-05 0
1.120828e+00 4.836095e-05 0
1.120788e+00 5.205958e-05 0
1.120791e+00 6.257247e-05 0
1.120791e+00 6.257247e-05 0
1.120788e+00 5.205958e-05 0
1.120688e+00 5.400542e-05 0
1.120689e+00 6.493550e-05 0
1.120689e+00 6.493550e-05 0
1.120688e+00 5.400542e-05 0
1.120433e+00 5.412823e-05 0
1.120432e+00 6.511533e-05 0
1.120432e+00 6.511533e-05 0
1.120433e+00 5.412823e-05 0
1.119773e+00 5.242131e-05 0
1.119770e+00 6.310280e-05 0
1.119770e+00 6.310280e-05 0
1.119773e+00 5.242131e-05 0
1.118104e+00 4.894001e-05 0
1.118099e+00 5.896193e-05 0
1.118099e+00 5.896193e-05 0
1.118104e+00 4.894001e-05 0
1.114043e+00 4.382267e-05 0
1.114036e+00 5.285510e-05 0
1.114036e+00 5.285510e-05 0
1.114043e+00 4.382267e-05 0
1.104624e+00 3.731062e-05 0
1.104617e+00 4.506754e-05 0
1.104617e+00 4.506754e-05 0
1.104624e+00 3.731062e-05 0
1.084010e+00 2.979076e-05 0
1.084001e+00 3.605959e-05 0
1.084001e+00 3.605959e-05 0
1.084010e+00 2.979076e-05 0
1.041861e+00 2.185333e-05 0
1.041852e+00 2.653211e-05 0
1.041852e+00 2.653211e-05 0
1.041861e+00 2.185333e-05 0
9.623120e-01 1.435498e-05 0
9.623048e-01 1.748431e-05 0
9.623048e-01 1.748431e-05 0
9.623120e-01 1.435498e-05 0
8.255296e-01 8.352558e-06 0
8.255239e-01 1.011778e-05 0
8.255239e-01 1.011778e-05 0
8.255296e-01 8.352558e-06 0
6.170212e-01 3.499945e-06 0
6.170165e-01 4.211792e-06 0
6.170165e-01 4.211792e-06 0
6.170212e-01 3.499945e-06 0
3.348354e-01 4.275776e-07 0
3.348331e-01 5.657672e-07 0
3.348331e-01 5.657672e-07 0
3.348354e-01 4.275776e-07 0
-3.677568e-03 -2.164714e-08 0
-3.677369e-03 -2.166723e-08 0
-3.677566e-03 2.213711e-08 0
-3.677735e-03 5.073249e-08 0
3.348367e-01 -5.140085e-08 0
3.348353e-01 -4.350097e-07 0
3.348353e-01 -4.350097e-07 0
3.348367e-01 -5.140085e-08 0
6.170061e-01 -1.883827e-06 0
6.170027e-01 -3.524463e-06 0
6.170027e-01 -3.524463e-06 0
6.170061e-01 -1.883827e-06 0
8.255348e-01 -5.920519e-06 0
8.255295e-01 -8.399762e-06 0
8.255295e-01 -8.399762e-06 0
8.255348e-01 -5.920519e-06 0
9.622378e-01 -1.185045e-05 0
9.622312e-01 -1.442059e-05 0
9.622312e-01 -1.442059e-05 0
9.622378e-01 -1.185045e-05 0
1.041807e+00 -1.834892e-05 0
1.041800e+00 -2.194866e-05 0
1.041800e+00 -2.194866e-05 0
1.041807e+00 -1.834892e-05 0
1.083981e+00 -2.494968e-05 0
1.083974e+00 -2.989112e-05 0
1.083974e+00 -2.989112e-05 0
1.083981e+00 -2.494968e-05 0
1.104614e+00 -3.116056e-05 0
1.104607e+00 -3.743329e-05 0
1.104607e+00 -3.743329e-05 0
1.104614e+00 -3.116056e-05 0
1.114041e+00 -3.654774e-05 0
1.114036e+00 -4.396337e-05 0
1.114036e+00 -4.396337e-05 0
1.114041e+00 -3.654774e-05 0
1.118106e+00 -4.080228e-05 0
1.118102e+00 -4.909514e-05 0
1.118102e+00 -4.909514e-05 0
1.118106e+00 -4.080228e-05 0
1.119775e+00 -4.371425e-05 0
1.119772e+00 -5.258829e-05 0
1.119772e+00 -5.258829e-05 0
1.119775e+00 -4.371425e-05 0
1.120434e+00 -4.515914e-05 0
1.120433e+00 -5.430526e-05 0
1.120433e+00 -5.430526e-05 0
1.120434e+00 -4.515914e-05 0
1.120687e+00 -4.507553e-05 0
1.120688e+00 -5.418394e-05 0
1.120688e+00 -5.418394e-05 0
1.120687e+00 -4.507553e-05 0
1.120785e+00 -4.347196e-05 0
1.120788e+00 -5.223776e-05 0
1.120788e+00 -5.223776e-05 0
1.120785e+00 -4.347196e-05 0
1.120824e+00 -4.041445e-05 0
1.120828e+00 -4.854857e-05 0
1.120828e+00 -4.854857e-05 0
1.120824e+00 -4.041445e-05 0
1.120842e+00 -3.599634e-05 0
1.120848e+00 -4.322924e-05 0
1.120848e+00 -4.322924e-05 0
1.120842e+00 -3.599634e-05 0
1.120852e+00 -3.037429e-05 0
1.120859e+00 -3.646815e-05 0
1.120859e+00 -3.646815e-05 0
1.120852e+00 -3.037429e-05 0
1.120858e+00 -2.373876e-05 0
1.120866e+00 -2.849362e-05 0
1.120866e+00 -2.849362e-05 0
1.120858e+00 -2.373876e-05 0
1.120862e+00 -1.629670e-05 0
1.120871e+00 -1.955354e-05 0
1.120871e+00 -1.955354e-05 0
1.120862e+00 -1.629670e-05 0
1.120865e+00 -8.345166e-06 0
1.120873e+00 -1.000367e-05 0
1.120873e+00 -1.000367e-05 0
1.120865e+00 -8.345166e-06 0
1.120865e+00 -1.020487e-07 0
1.120874e+00 -1.048299e-07 0
1.120874e+00 -1.048299e-07 0
1.120865e+00 -1.020487e-07 0
1.120865e+00 8.141417e-06 0
1.120874e+00 9.794303e-06 0
1.120874e+00 9.794303e-06 0
1.120865e+00 8.141417e-06 0
1.120862e+00 1.611016e-05 0
1.120871e+00 1.936442e-05 0
1.120871e+00 1.936442e-05 0
1.120862e+00 1.611016e-05 0
1.120858e+00 2.353800e-05 0
1.120866e+00 2.828683e-05 0
1.120866e+00 2.828683e-05 0
1.120858e+00 2.353800e-05 0
1.120852e+00 3.017623e-05 0
1.120859e+00 3.626374e-05 0
1.120859e+00 3.626374e-05 0
1.120852e+00 3.017623e-05 0
1.120842e+00 3.581252e-05 0
1.120848e+00 4.304069e-05 0
1.120848e+00 4.304069e-05 0
1.120842e+00 3.581252e-05 0
1.120824e+00 4.023286e-05 0
1.120828e+00 4.836095e-05 0
1.120828e+00 4.836095e-05 0
1.120824e+00 4.023286e-05 0
1.120785e+00 4.329982e-05 0
1.120788e+00 5.205958e-05 0
1.120788e+00 5.205958e-05 0
1.120785e+00 4.329982e-05 0
1.120687e+00 4.490477e-05 0
1.120688e+00 5.400542e-05 0
1.120688e+00 5.400542e-05 0
1.120687e+00 4.490477e-05 0
1.120434e+00 4.499205e-05 0
1.120433e+00 5.412823e-05 0
1.120433e+00 5.412823e-05 0
1.120434e+00 4.499205e-05 0
1.119775e+00 4.355917e-05 0
1.119773e+00 5.242131e-05 0
1.119773e+00 5.242131e-05 0
1.119775e+00 4.355917e-05 0
1.118108e+00 4.066016e-05 0
1.118104e+00 4.894001e-05 0
1.118104e+00 4.894001e-05 0
1.118108e+00 4.066016e-05 0
1.114048e+00 3.642001e-05 0
1.114043e+00 4.382267e-05 0
1.114043e+00 4.382267e-05 0
1.114048e+00 3.642001e-05 0
1.104631e+00 3.104707e-05 0
1.104624e+00 3.731062e-05 0
1.104624e+00 3.731062e-05 0
1.104631e+00 3.104707e-05 0
1.084017e+00 2.485079e-05 0
1.084010e+00 2.979076e-05 0
1.084010e+00 2.979076e-05 0
1.084017e+00 2.485079e-05 0
1.041868e+00 1.826259e-05 0
1.041861e+00 2.185333e-05 0
1.041861e+00 2.185333e-05 0
1.041868e+00 1.826259e-05 0
9.623186e-01 1.177989e-05 0
9.623120e-01 1.435498e-05 0
9.623120e-01 1.435498e-05 0
9.623186e-01 1.177989e-05 0
8.255349e-01 5.877830e-06 0
8.255296e-01 8.352558e-06 0
8.255296e-01 8.352558e-06 0
8.255349e-01 5.877830e-06 0
6.170246e-01 1.861438e-06 0
6.170212e-01 3.499945e-06 0
6.170212e-01 3.499945e-06 0
6.170246e-01 1.861438e-06 0
3.348367e-01 4.453725e-08 0
3.348354e-01 4.275776e-07 0
3.348354e-01 4.275776e-07 0
3.348367e-01 4.453725e-08 0
-3.677737e-03 -5.033761e-08 0
-3.677568e-03 -2.164714e-08 0
-3.677735e-03 5.073249e-08 0
-3.677941e-03 6.062598e-08 0
3.348374e-01 2.697409e-07 0
3.348367e-01 -5.140085e-08 0
3.348367e-01 -5.140085e-08 0
3.348374e-01 2.697409e-07 0
6.169529e-01 -9.297013e-07 0
6.170061e-01 -1.883827e-06 0
6.170061e-01 -1.883827e-06 0
6.169529e-01 -9.297013e-07 0
8.255396e-01 -4.318225e-06 0
8.255348e-01 -5.920519e-06 0
8.255348e-01 -5.920519e-06 0
8.255396e-01 -4.318225e-06 0
9.622438e-01 -9.567147e-06 0
9.622378e-01 -1.185045e-05 0
9.622378e-01 -1.185045e-05 0
9.622438e-01 -9.567147e-06 0
1.041813e+00 -1.522041e-05 0
1.041807e+00 -1.834892e-05 0
1.041807e+00 -1.834892e-05 0
1.041813e+00 -1.522041e-05 0
1.083987e+00 -2.079219e-05 0
1.083981e+00 -2.494968e-05 0
1.083981e+00 -2.494968e-05 0
1.083987e+00 -2.079219e-05 0
1.104619e+00 -2.592485e-05 0
1.104614e+00 -3.116056e-05 0
1.104614e+00 -3.116056e-05 0
1.104619e+00 -2.592485e-05 0
1.114046e+00 -3.037962e-05 0
1.114041e+00 -3.654774e-05 0
1.114041e+00 -3.654774e-05 0
1.114046e+00 -3.037962e-05 0
1.118109e+00 -3.390843e-05 0
1.118106e+00 -4.080228e-05 0
1.118106e+00 -4.080228e-05 0
1.118109e+00 -3.390843e-05 0
1.119777e+00 -3.633419e-05 0
1.119775e+00 -4.371425e-05 0
1.119775e+00 -4.371425e-05 0
1.119777e+00 -3.633419e-05 0
1.120434e+00 -3.754760e-05 0
1.120434e+00 -4.515914e-05 0
1.120434e+00 -4.515914e-05 0
1.120434e+00 -3.754760e-05 0
1.120687e+00 -3.749133e-05 0
1.120687e+00 -4.507553e-05 0
1.120687e+00 -4.507553e-05 0
1.120687e+00 -3.749133e-05 0
1.120783e+00 -3.616987e-05 0
1.120785e+00 -4.347196e-05 0
1.120785e+00 -4.347196e-05 0
1.120783e+00 -3.616987e-05 0
1.120821e+00 -3.363631e-05 0
1.120824e+00 -4.041445e-05 0
1.120824e+00 -4.041445e-05 0
1.120821e+00 -3.363631e-05 0
1.120838e+00 -2.996766e-05 0
1.120842e+00 -3.599634e-05 0
1.120842e+00 -3.599634e-05 0
1.120838e+00 -2.996766e-05 0
1.120846e+00 -2.529405e-05 0
1.120852e+00 -3.037429e-05 0
1.120852e+00 -3.037429e-05 0
1.120846e+00 -2.529405e-05 0
1.120852e+00 -1.977426e-05 0
1.120858e+00 -2.373876e-05 0
1.120858e+00 -2.373876e-05 0
1.120852e+00 -1.977426e-05 0
1.120855e+00 -1.358093e-05 0
1.120862e+00 -1.629670e-05 0
1.120862e+00 -1.629670e-05 0
1.120855e+00 -1.358093e-05 0
1.120857e+00 -6.962081e-06 0
1.120865e+00 -8.345166e-06 0
1.120865e+00 -8.345166e-06 0
1.120857e+00 -6.962081e-06 0
1.120858e+00 -9.963904e-08 0
1.120865e+00 -1.020487e-07 0
1.120865e+00 -1.020487e-07 0
1.120858e+00 -9.963904e-08 0
1.120857e+00 6.763215e-06 0
1.120865e+00 8.141417e-06 0
1.120865e+00 8.141417e-06 0
1.120857e+00 6.763215e-06 0
1.120855e+00 1.339680e-05 0
1.120862e+00 1.611016e-05 0
1.120862e+00 1.611016e-05 0
1.120855e+00 1.339680e-05 0
1.120852e+00 1.957886e-05 0
1.120858e+00 2.353800e-05 0
1.120858e+00 2.353800e-05 0
1.120852e+00 1.957886e-05 0
1.120846e+00 2.510177e-05 0
1.120852e+00 3.017623e-05 0
1.120852e+00 3.017623e-05 0
1.120846e+00 2.510177e-05 0
1.120838e+00 2.978824e-05 0
1.120842e+00 3.581252e-05 0
1.120842e+00 3.581252e-05 0
1.120838e+00 2.978824e-05 0
1.120821e+00 3.345986e-05 0
1.120824e+00 4.023286e-05 0
1.120824e+00 4.023286e-05 0
1.120821e+00 3.345986e-05 0
1.120783e+00 3.600280e-05 0
1.120785e+00 4.329982e-05 0
1.120785e+00 4.329982e-05 0
1.120783e+00 3.600280e-05 0
1.120687e+00 3.732684e-05 0
1.120687e+00 4.490477e-05 0
1.120687e+00 4.490477e-05 0
1.120687e+00 3.732684e-05 0
1.120434e+00 3.738820e-05 0
1.120434e+00 4.499205e-05 0
1.120434e+00 4.499205e-05 0
1.120434e+00 3.738820e-05 0
1.119777e+00 3.618770e-05 0
1.119775e+00 4.355917e-05 0
1.119775e+00 4.355917e-05 0
1.119777e+00 3.618770e-05 0
1.118111e+00 3.377554e-05 0
1.118108e+00 4.066016e-05 0
1.118108e+00 4.066016e-05 0
1.118111e+00 3.377554e-05 0
1.114052e+00 3.026196e-05 0
1.114048e+00 3.642001e-05 0
1.114048e+00 3.642001e-05 0
1.114052e+00 3.026196e-05 0
1.104636e+00 2.582155e-05 0
1.104631e+00 3.104707e-05 0
1.104631e+00 3.104707e-05 0
1.104636e+00 2.582155e-05 0
1.084023e+00 2.068937e-05 0
1.084017e+00 2.485079e-05 0
1.084017e+00 2.485079e-05 0
1.084023e+00 2.068937e-05 0
1.041874e+00 1.514096e-05 0
1.041868e+00 1.826259e-05 0
1.041868e+00 1.826259e-05 0
1.041874e+00 1.514096e-05 0
9.623246e-01 9.507000e-06 0
9.623186e-01 1.177989e-05 0
9.623186e-01 1.177989e-05 0
9.623246e-01 9.507000e-06 0
8.255397e-01 4.278925e-06 0
8.255349e-01 5.877830e-06 0
8.255349e-01 5.877830e-06 0
8.255397e-01 4.278925e-06 0
6.169530e-01 9.090307e-07 0
6.170246e-01 1.861438e-06 0
6.170246e-01 1.861438e-06 0
6.169530e-01 9.090307e-07 0
3.348374e-01 -2.761818e-07 0
3.348367e-01 4.453725e-08 0
3.348367e-01 4.453725e-08 0
3.348374e-01 -2.761818e-07 0
-3.677943e-03 -6.030338e-08 0
-3.677737e-03 -5.033761e-08 0
-3.677941e-03 6.062598e-08 0
-3.678128e-03 3.709904e-08 0
3.348378e-01 1.215694e-07 0
3.348374e-01 2.697409e-07 0
3.348374e-01 2.697409e-07 0
3.348378e-01 1.215694e-07 0
6.170108e-01 -8.798220e-07 0
6.169529e-01 -9.297013e-07 0
6.169529e-01 -9.297013e-07 0
6.170108e-01 -8.798220e-07 0
8.255437e-01 -3.625010e-06 0
8.255396e-01 -4.318225e-06 0
8.255396e-01 -4.318225e-06 0
8.255437e-01 -3.625010e-06 0
9.622489e-01 -7.911835e-06 0
9.622438e-01 -9.567147e-06 0
9.622438e-01 -9.567147e-06 0
9.622489e-01 -7.911835e-06 0
1.041818e+00 -1.249106e-05 0
1.041813e+00 -1.522041e-05 0
1.041813e+00 -1.522041e-05 0
1.041818e+00 -1.249106e-05 0
1.083992e+00 -1.711757e-05 0
1.083987e+00 -2.079219e-05 0
1.083987e+00 -2.079219e-05 0
1.083992e+00 -1.711757e-05 0
1.104624e+00 -2.144117e-05 0
1.104619e+00 -2.592485e-05 0
1.104619e+00 -2.592485e-05 0
1.104624e+00 -2.144117e-05 0
1.114049e+00 -2.518966e-05 0
1.114046e+00 -3.037962e-05 0
1.114046e+00 -3.037962e-05 0
1.114049e+00 -2.518966e-05 0
1.118112e+00 -2.815743e-05 0
1.118109e+00 -3.390843e-05 0
1.118109e+00 -3.390843e-05 0
1.118112e+00 -2.815743e-05 0
1.119778e+00 -3.019957e-05 0
1.119777e+00 -3.633419e-05 0
1.119777e+00 -3.633419e-05 0
1.119778e+00 -3.019957e-05 0
1.120435e+00 -3.122742e-05 0
1.120434e+00 -3.754760e-05 0
1.120434e+00 -3.754760e-05 0
1.120435e+00 -3.122742e-05 0
1.120686e+00 -3.119606e-05 0
1.120687e+00 -3.749133e-05 0
1.120687e+00 -3.749133e-05 0
1.120686e+00 -3.119606e-05 0
1.120781e+00 -3.010852e-05 0
1.120783e+00 -3.616987e-05 0
1.120783e+00 -3.616987e-05 0
1.120781e+00 -3.010852e-05 0
1.120818e+00 -2.800749e-05 0
1.120821e+00 -3.363631e-05 0
1.120821e+00 -3.363631e-05 0
1.120818e+00 -2.800749e-05 0
1.120834e+00 -2.495986e-05 0
1.120838e+00 -2.996766e-05 0
1.120838e+00 -2.996766e-05 0
1.120834e+00 -2.495986e-05 0
1.120842e+00 -2.107300e-05 0
1.120846e+00 -2.529405e-05 0
1.120846e+00 -2.529405e-05 0
1.120842e+00 -2.107300e-05 0
1.120846e+00 -1.647925e-05 0
1.120852e+00 -1.977426e-05 0
1.120852e+00 -1.977426e-05 0
1.120846e+00 -1.647925e-05 0
1.120849e+00 -1.132620e-05 0
1.120855e+00 -1.358093e-05 0
1.120855e+00 -1.358093e-05 0
1.120849e+00 -1.132620e-05 0
1.120851e+00 -5.811242e-06 0
1.120857e+00 -6.962081e-06 0
1.120857e+00 -6.962081e-06 0
1.120851e+00 -5.811242e-06 0
1.120852e+00 -9.594845e-08 0
1.120858e+00 -9.963904e-08 0
1.120858e+00 -9.963904e-08 0
1.120852e+00 -9.594845e-08 0
1.120851e+00 5.619764e-06 0
1.120857e+00 6.763215e-06 0
1.120857e+00 6.763215e-06 0
1.120851e+00 5.619764e-06 0
1.120849e+00 1.114405e-05 0
1.120855e+00 1.339680e-05 0
1.120855e+00 1.339680e-05 0
1.120849e+00 1.114405e-05 0
1.120846e+00 1.629131e-05 0
1.120852e+00 1.957886e-05 0
1.120852e+00 1.957886e-05 0
1.120846e+00 1.629131e-05 0
1.120842e+00 2.088824e-05 0
1.120846e+00 2.510177e-05 0
1.120846e+00 2.510177e-05 0
1.120842e+00 2.088824e-05 0
1.120834e+00 2.477945e-05 0
1.120838e+00 2.978824e-05 0
1.120838e+00 2.978824e-05 0
1.120834e+00 2.477945e-05 0
1.120818e+00 2.783633e-05 0
1.120821e+00 3.345986e-05 0
1.120821e+00 3.345986e-05 0
1.120818e+00 2.783633e-05 0
1.120781e+00 2.994332e-05 0
1.120783e+00 3.600280e-05 0
1.120783e+00 3.600280e-05 0
1.120781e+00 2.994332e-05 0
1.120686e+00 3.103550e-05 0
1.120687e+00 3.732684e-05 0
1.120687e+00 3.732684e-05 0
1.120686e+00 3.103550e-05 0
1.120435e+00 3.107379e-05 0
1.120434e+00 3.738820e-05 0
1.120434e+00 3.738820e-05 0
1.120435e+00 3.107379e-05 0
1.119779e+00 3.005758e-05 0
1.119777e+00 3.618770e-05 0
1.119777e+00 3.618770e-05 0
1.119779e+00 3.005758e-05 0
1.118114e+00 2.802743e-05 0
1.118111e+00 3.377554e-05 0
1.118111e+00 3.377554e-05 0
1.118114e+00 2.802743e-05 0
1.114056e+00 2.507203e-05 0
1.114052e+00 3.026196e-05 0
1.114052e+00 3.026196e-05 0
1.114056e+00 2.507203e-05 0
1.104640e+00 2.133460e-05 0
1.104636e+00 2.582155e-05 0
1.104636e+00 2.582155e-05 0
1.104640e+00 2.133460e-05 0
1.084028e+00 1.702143e-05 0
1.084023e+00 2.068937e-05 0
1.084023e+00 2.068937e-05 0
1.084028e+00 1.702143e-05 0
1.041879e+00 1.241688e-05 0
1.041874e+00 1.514096e-05 0
1.041874e+00 1.514096e-05 0
1.041879e+00 1.241688e-05 0
9.623296e-01 7.838372e-06 0
9.623246e-01 9.507000e-06 0
9.623246e-01 9.507000e-06 0
9.623296e-01 7.838372e-06 0
8.255437e-01 3.588294e-06 0
8.255397e-01 4.278925e-06 0
8.255397e-01 4.278925e-06 0
8.255437e-01 3.588294e-06 0
6.170293e-01 8.603612e-07 0
6.169530e-01 9.090307e-07 0
6.169530e-01 9.090307e-07 0
6.170293e-01 8.603612e-07 0
3.348379e-01 -1.277686e-07 0
3.348374e-01 -2.761818e-07 0
3.348374e-01 -2.761818e-07 0
3.348379e-01 -1.277686e-07 0
-3.678129e-03 -3.682986e-08 0
-3.677943e-03 -6.030338e-08 0
-3.678128e-03 3.709904e-08 0
-3.678236e-03 1.194540e-08 0
3.348384e-01 -1.386533e-07 0
3.348378e-01 1.215694e-07 0
3.348378e-01 1.215694e-07 0
3.348384e-01 -1.386533e-07 0
6.170126e-01 -1.671891e-06 0
6.170108e-01 -8.798220e-07 0
6.170108e-01 -8.798220e-07 0
6.170126e-01 -1.671891e-06 0
8.255467e-01 -3.888617e-06 0
8.255437e-01 -3.625010e-06 0
8.255437e-01 -3.625010e-06 0
8.255467e-01 -3.888617e-06 0
9.622528e-01 -6.440801e-06 0
9.622489e-01 -7.911835e-06 0
9.622489e-01 -7.911835e-06 0
9.622528e-01 -6.440801e-06 0
1.041822e+00 -1.002246e-05 0
1.041818e+00 -1.249106e-05 0
1.041818e+00 -1.249106e-05 0
1.041822e+00 -1.002246e-05 0
1.083996e+00 -1.389191e-05 0
1.083992e+00 -1.711757e-05 0
1.083992e+00 -1.711757e-05 0
1.083996e+00 -1.389191e-05 0
1.104627e+00 -1.759196e-05 0
1.104624e+00 -2.144117e-05 0
1.104624e+00 -2.144117e-05 0
1.104627e+00 -1.759196e-05 0
1.114052e+00 -2.079461e-05 0
1.114049e+00 -2.518966e-05 0
1.114049e+00 -2.518966e-05 0
1.114052e+00 -2.079461e-05 0
1.118114e+00 -2.331736e-05 0
1.118112e+00 -2.815743e-05 0
1.118112e+00 -2.815743e-05 0
1.118114e+00 -2.331736e-05 0
1.119780e+00 -2.504938e-05 0
1.119778e+00 -3.019957e-05 0
1.119778e+00 -3.019957e-05 0
1.119780e+00 -2.504938e-05 0
1.120435e+00 -2.592541e-05 0
1.120435e+00 -3.122742e-05 0
1.120435e+00 -3.122742e-05 0
1.120435e+00 -2.592541e-05 0
1.120685e+00 -2.591521e-05 0
1.120686e+00 -3.119606e-05 0
1.120686e+00 -3.119606e-05 0
1.120685e+00 -2.591521e-05 0
1.120780e+00 -2.502283e-05 0
1.120781e+00 -3.010852e-05 0
1.120781e+00 -3.010852e-05 0
1.120780e+00 -2.502283e-05 0
1.120816e+00 -2.328637e-05 0
1.120818e+00 -2.800749e-05 0
1.120818e+00 -2.800749e-05 0
1.120816e+00 -2.328637e-05 0
1.120831e+00 -2.075946e-05 0
1.120834e+00 -2.495986e-05 0
1.120834e+00 -2.495986e-05 0
1.120831e+00 -2.075946e-05 0
1.120838e+00 -1.753268e-05 0
1.120842e+00 -2.107300e-05 0
1.120842e+00 -2.107300e-05 0
1.120838e+00 -1.753268e-05 0
1.120842e+00 -1.371628e-05 0
1.120846e+00 -1.647925e-05 0
1.120846e+00 -1.647925e-05 0
1.120842e+00 -1.371628e-05 0
1.120844e+00 -9.430648e-06 0
1.120849e+00 -1.132620e-05 0
1.120849e+00 -1.132620e-05 0
1.120844e+00 -9.430648e-06 0
1.120846e+00 -4.848381e-06 0
1.120851e+00 -5.811242e-06 0
1.120851e+00 -5.811242e-06 0
1.120846e+00 -4.848381e-06 0
1.120846e+00 -9.619348e-08 0
1.120852e+00 -9.594845e-08 0
1.120852e+00 -9.594845e-08 0
1.120846e+00 -9.619348e-08 0
1.120846e+00 4.656507e-06 0
1.120851e+00 5.619764e-06 0
1.120851e+00 5.619764e-06 0
1.120846e+00 4.656507e-06 0
1.120844e+00 9.249712e-06 0
1.120849e+00 1.114405e-05 0
1.120849e+00 1.114405e-05 0
1.120844e+00 9.249712e-06 0
1.120842e+00 1.352864e-05 0
1.120846e+00 1.629131e-05 0
1.120846e+00 1.629131e-05 0
1.120842e+00 1.352864e-05 0
1.120838e+00 1.734880e-05 0
1.120842e+00 2.088824e-05 0
1.120842e+00 2.088824e-05 0
1.120838e+00 1.734880e-05 0
1.120831e+00 2.058688e-05 0
1.120834e+00 2.477945e-05 0
1.120834e+00 2.477945e-05 0
1.120831e+00 2.058688e-05 0
1.120816e+00 2.311831e-05 0
1.120818e+00 2.783633e-05 0
1.120818e+00 2.783633e-05 0
1.120816e+00 2.311831e-05 0
1.120780e+00 2.486196e-05 0
1.120781e+00 2.994332e-05 0
1.120781e+00 2.994332e-05 0
1.120780e+00 2.486196e-05 0
1.120685e+00 2.575960e-05 0
1.120686e+00 3.103550e-05 0
1.120686e+00 3.103550e-05 0
1.120685e+00 2.575960e-05 0
1.120435e+00 2.577656e-05 0
1.120435e+00 3.107379e-05 0
1.120435e+00 3.107379e-05 0
1.120435e+00 2.577656e-05 0
1.119780e+00 2.491097e-05 0
1.119779e+00 3.005758e-05 0
1.119779e+00 3.005758e-05 0
1.119780e+00 2.491097e-05 0
1.118116e+00 2.319038e-05 0
1.118114e+00 2.802743e-05 0
1.118114e+00 2.802743e-05 0
1.118116e+00 2.319038e-05 0
1.114059e+00 2.068037e-05 0
1.114056e+00 2.507203e-05 0
1.114056e+00 2.507203e-05 0
1.114059e+00 2.068037e-05 0
1.104644e+00 1.749373e-05 0
1.104640e+00 2.133460e-05 0
1.104640e+00 2.133460e-05 0
1.104644e+00 1.749373e-05 0
1.084032e+00 1.381665e-05 0
1.084028e+00 1.702143e-05 0
1.084028e+00 1.702143e-05 0
1.084032e+00 1.381665e-05 0
1.041883e+00 9.952324e-06 0
1.041879e+00 1.241688e-05 0
1.041879e+00 1.241688e-05 0
1.041883e+00 9.952324e-06 0
9.623335e-01 6.402841e-06 0
9.623296e-01 7.838372e-06 0
9.623296e-01 7.838372e-06 0
9.623335e-01 6.402841e-06 0
8.255468e-01 3.853811e-06 0
8.255437e-01 3.588294e-06 0
8.255437e-01 3.588294e-06 0
8.255468e-01 3.853811e-06 0
6.170311e-01 1.652724e-06 0
6.170293e-01 8.603612e-07 0
6.170293e-01 8.603612e-07 0
6.170311e-01 1.652724e-06 0
3.348385e-01 1.326822e-07 0
3.348379e-01 -1.277686e-07 0
3.348379e-01 -1.277686e-07 0
3.348385e-01 1.326822e-07 0
-3.678238e-03 -1.170599e-08 0
-3.678129e-03 -3.682986e-08 0
-3.678236e-03 1.194540e-08 0
-3.678325e-03 3.933939e-10 0
3.348396e-01 -1.480920e-07 0
3.348384e-01 -1.386533e-07 0
3.348384e-01 -1.386533e-07 0
3.348396e-01 -1.480920e-07 0
6.170146e-01 -1.516694e-06 0
6.170126e-01 -1.671891e-06 0
6.170126e-01 -1.671891e-06 0
6.170146e-01 -1.516694e-06 0
8.255485e-01 -3.311532e-06 0
8.255467e-01 -3.888617e-06 0
8.255467e-01 -3.888617e-06 0
8.255485e-01 -3.311532e-06 0
9.622552e-01 -5.280117e-06 0
9.622528e-01 -6.440801e-06 0
9.622528e-01 -6.440801e-06 0
9.622552e-01 -5.280117e-06 0
1.041826e+00 -8.196294e-06 0
1.041822e+00 -1.002246e-05 0
1.041822e+00 -1.002246e-05 0
1.041826e+00 -8.196294e-06 0
1.084000e+00 -1.142505e-05 0
1.083996e+00 -1.389191e-05 0
1.083996e+00 -1.389191e-05 0
1.084000e+00 -1.142505e-05 0
1.104631e+00 -1.452831e-05 0
1.104627e+00 -1.759196e-05 0
1.104627e+00 -1.759196e-05 0
1.104631e+00 -1.452831e-05 0
1.114055e+00 -1.721904e-05 0
1.114052e+00 -2.079461e-05 0
1.114052e+00 -2.079461e-05 0
1.114055e+00 -1.721904e-05 0
1.118116e+00 -1.933919e-05 0
1.118114e+00 -2.331736e-05 0
1.118114e+00 -2.331736e-05 0
1.118116e+00 -1.933919e-05 0
1.119781e+00 -2.079676e-05 0
1.119780e+00 -2.504938e-05 0
1.119780e+00 -2.504938e-05 0
1.119781e+00 -2.079676e-05 0
1.120436e+00 -2.153913e-05 0
1.120435e+00 -2.592541e-05 0
1.120435e+00 -2.592541e-05 0
1.120436e+00 -2.153913e-05 0
1.120685e+00 -2.154152e-05 0
1.120685e+00 -2.591521e-05 0
1.120685e+00 -2.591521e-05 0
1.120685e+00 -2.154152e-05 0
1.120778e+00 -2.080825e-05 0
1.120780e+00 -2.502283e-05 0
1.120780e+00 -2.502283e-05 0
1.120778e+00 -2.080825e-05 0
1.120814e+00 -1.937112e-05 0
1.120816e+00 -2.328637e-05 0
1.120816e+00 -2.328637e-05 0
1.120814e+00 -1.937112e-05 0
1.120828e+00 -1.727481e-05 0
1.120831e+00 -2.075946e-05 0
1.120831e+00 -2.075946e-05 0
1.120828e+00 -1.727481e-05 0
1.120835e+00 -1.459474e-05 0
1.120838e+00 -1.753268e-05 0
1.120838e+00 -1.753268e-05 0
1.120835e+00 -1.459474e-05 0
1.120838e+00 -1.142289e-05 0
1.120842e+00 -1.371628e-05 0
1.120842e+00 -1.371628e-05 0
1.120838e+00 -1.142289e-05 0
1.120840e+00 -7.859369e-06 0
1.120844e+00 -9.430648e-06 0
1.120844e+00 -9.430648e-06 0
1.120840e+00 -7.859369e-06 0
1.120842e+00 -4.048261e-06 0
1.120846e+00 -4.848381e-06 0
1.120846e+00 -4.848381e-06 0
1.120842e+00 -4.048261e-06 0
1.120842e+00 -9.526861e-08 0
1.120846e+00 -9.619348e-08 0
1.120846e+00 -9.619348e-08 0
1.120842e+00 -9.526861e-08 0
1.120842e+00 3.858251e-06 0
1.120846e+00 4.656507e-06 0
1.120846e+00 4.656507e-06 0
1.120842e+00 3.858251e-06 0
1.120840e+00 7.678782e-06 0
1.120844e+00 9.249712e-06 0
1.120844e+00 9.249712e-06 0
1.120840e+00 7.678782e-06 0
1.120838e+00 1.123717e-05 0
1.120842e+00 1.352864e-05 0
1.120842e+00 1.352864e-05 0
1.120838e+00 1.123717e-05 0
1.120835e+00 1.441283e-05 0
1.120838e+00 1.734880e-05 0
1.120838e+00 1.734880e-05 0
1.120835e+00 1.441283e-05 0
1.120828e+00 1.710285e-05 0
1.120831e+00 2.058688e-05 0
1.120831e+00 2.058688e-05 0
1.120828e+00 1.710285e-05 0
1.120814e+00 1.920390e-05 0
1.120816e+00 2.311831e-05 0
1.120816e+00 2.311831e-05 0
1.120814e+00 1.920390e-05 0
1.120778e+00 2.065053e-05 0
1.120780e+00 2.486196e-05 0
1.120780e+00 2.486196e-05 0
1.120778e+00 2.065053e-05 0
1.120685e+00 2.138947e-05 0
1.120685e+00 2.575960e-05 0
1.120685e+00 2.575960e-05 0
1.120685e+00 2.138947e-05 0
1.120436e+00 2.139414e-05 0
1.120435e+00 2.577656e-05 0
1.120435e+00 2.577656e-05 0
1.120436e+00 2.139414e-05 0
1.119782e+00 2.066265e-05 0
1.119780e+00 2.491097e-05 0
1.119780e+00 2.491097e-05 0
1.119782e+00 2.066265e-05 0
1.118118e+00 1.921695e-05 0
1.118116e+00 2.319038e-05 0
1.118116e+00 2.319038e-05 0
1.118118e+00 1.921695e-05 0
1.114062e+00 1.711005e-05 0
1.114059e+00 2.068037e-05 0
1.114059e+00 2.068037e-05 0
1.114062e+00 1.711005e-05 0
1.104647e+00 1.443491e-05 0
1.104644e+00 1.749373e-05 0
1.104644e+00 1.749373e-05 0
1.104647e+00 1.443491e-05 0
1.084035e+00 1.135051e-05 0
1.084032e+00 1.381665e-05 0
1.084032e+00 1.381665e-05 0
1.084035e+00 1.135051e-05 0
1.041887e+00 8.129071e-06 0
1.041883e+00 9.952324e-06 0
1.041883e+00 9.952324e-06 0
1.041887e+00 8.129071e-06 0
9.623359e-01 5.231713e-06 0
9.623335e-01 6.402841e-06 0
9.623335e-01 6.402841e-06 0
9.623359e-01 5.231713e-06 0
8.255485e-01 3.278135e-06 0
8.255468e-01 3.853811e-06 0
8.255468e-01 3.853811e-06 0
8.255485e-01 3.278135e-06 0
6.170330e-01 1.498845e-06 0
6.170311e-01 1.652724e-06 0
6.170311e-01 1.652724e-06 0
6.170330e-01 1.498845e-06 0
3.348396e-01 1.422720e-07 0
3.348385e-01 1.326822e-07 0
3.348385e-01 1.326822e-07 0
3.348396e-01 1.422720e-07 0
-3.678326e-03 -1.787154e-10 0
-3.678238e-03 -1.170599e-08 0
-3.678325e-03 3.933939e-10 0
-3.678386e-03 1.840197e-08 0
3.348400e-01 1.182507e-07 0
3.348396e-01 -1.480920e-07 0
3.348396e-01 -1.480920e-07 0
3.348400e-01 1.182507e-07 0
6.170157e-01 -3.173739e-07 0
6.170146e-01 -1.516694e-06 0
6.170146e-01 -1.516694e-06 0
6.170157e-01 -3.173739e-07 0
8.255506e-01 -1.832056e-06 0
8.255485e-01 -3.311532e-06 0
8.255485e-01 -3.311532e-06 0
8.255506e-01 -1.832056e-06 0
9.622578e-01 -4.361583e-06 0
9.622552e-01 -5.280117e-06 0
9.622552e-01 -5.280117e-06 0
9.622578e-01 -4.361583e-06 0
1.041829e+00 -6.989339e-06 0
1.041826e+00 -8.196294e-06 0
1.041826e+00 -8.196294e-06 0
1.041829e+00 -6.989339e-06 0
1.084003e+00 -9.646627e-06 0
1.084000e+00 -1.142505e-05 0
1.084000e+00 -1.142505e-05 0
1.084003e+00 -9.646627e-06 0
1.104633e+00 -1.215425e-05 0
1.104631e+00 -1.452831e-05 0
1.104631e+00 -1.452831e-05 0
1.104633e+00 -1.215425e-05 0
1.114057e+00 -1.433849e-05 0
1.114055e+00 -1.721904e-05 0
1.114055e+00 -1.721904e-05 0
1.114057e+00 -1.433849e-05 0
1.118118e+00 -1.607591e-05 0
1.118116e+00 -1.933919e-05 0
1.118116e+00 -1.933919e-05 0
1.118118e+00 -1.607591e-05 0
1.119782e+00 -1.728028e-05 0
1.119781e+00 -2.079676e-05 0
1.119781e+00 -2.079676e-05 0
1.119782e+00 -1.728028e-05 0
1.120436e+00 -1.789978e-05 0
1.120436e+00 -2.153913e-05 0
1.120436e+00 -2.153913e-05 0
1.120436e+00 -1.789978e-05 0
1.120685e+00 -1.790649e-05 0
1.120685e+00 -2.154152e-05 0
1.120685e+00 -2.154152e-05 0
1.120685e+00 -1.790649e-05 0
1.120777e+00 -1.730253e-05 0
1.120778e+00 -2.080825e-05 0
1.120778e+00 -2.080825e-05 0
1.120777e+00 -1.730253e-05 0
1.120812e+00 -1.611283e-05 0
1.120814e+00 -1.937112e-05 0
1.120814e+00 -1.937112e-05 0
1.120812e+00 -1.611283e-05 0
1.120826e+00 -1.437411e-05 0
1.120828e+00 -1.727481e-05 0
1.120828e+00 -1.727481e-05 0
1.120826e+00 -1.437411e-05 0
1.120832e+00 -1.214873e-05 0
1.120835e+00 -1.459474e-05 0
1.120835e+00 -1.459474e-05 0
1.120832e+00 -1.214873e-05 0
1.120835e+00 -9.513238e-06 0
1.120838e+00 -1.142289e-05 0
1.120838e+00 -1.142289e-05 0
1.120835e+00 -9.513238e-06 0
1.120837e+00 -6.551017e-06 0
1.120840e+00 -7.859369e-06 0
1.120840e+00 -7.859369e-06 0
1.120837e+00 -6.551017e-06 0
1.120838e+00 -3.382175e-06 0
1.120842e+00 -4.048261e-06 0
1.120842e+00 -4.048261e-06 0
1.120838e+00 -3.382175e-06 0
1.120838e+00 -9.487573e-08 0
1.120842e+00 -9.526861e-08 0
1.120842e+00 -9.526861e-08 0
1.120838e+00 -9.487573e-08 0
1.120838e+00 3.192969e-06 0
1.120842e+00 3.858251e-06 0
1.120842e+00 3.858251e-06 0
1.120838e+00 3.192969e-06 0
1.120837e+00 6.369991e-06 0
1.120840e+00 7.678782e-06 0
1.120840e+00 7.678782e-06 0
1.120837e+00 6.369991e-06 0
1.120835e+00 9.328459e-06 0
1.120838e+00 1.123717e-05 0
1.120838e+00 1.123717e-05 0
1.120835e+00 9.328459e-06 0
1.120832e+00 1.196783e-05 0
1.120835e+00 1.441283e-05 0
1.120835e+00 1.441283e-05 0
1.120832e+00 1.196783e-05 0
1.120826e+00 1.420247e-05 0
1.120828e+00 1.710285e-05 0
1.120828e+00 1.710285e-05 0
1.120826e+00 1.420247e-05 0
1.120812e+00 1.594652e-05 0
1.120814e+00 1.920390e-05 0
1.120814e+00 1.920390e-05 0
1.120812e+00 1.594652e-05 0
1.120777e+00 1.714561e-05 0
1.120778e+00 2.065053e-05 0
1.120778e+00 2.065053e-05 0
1.120777e+00 1.714561e-05 0
1.120685e+00 1.775585e-05 0
1.120685e+00 2.138947e-05 0
1.120685e+00 2.138947e-05 0
1.120685e+00 1.775585e-05 0
1.120436e+00 1.775714e-05 0
1.120436e+00 2.139414e-05 0
1.120436e+00 2.139414e-05 0
1.120436e+00 1.775714e-05 0
1.119783e+00 1.714991e-05 0
1.119782e+00 2.066265e-05 0
1.119782e+00 2.066265e-05 0
1.119783e+00 1.714991e-05 0
1.118120e+00 1.595828e-05 0
1.118118e+00 1.921695e-05 0
1.118118e+00 1.921695e-05 0
1.118120e+00 1.595828e-05 0
1.114064e+00 1.423425e-05 0
1.114062e+00 1.711005e-05 0
1.114062e+00 1.711005e-05 0
1.114064e+00 1.423425e-05 0
1.104650e+00 1.206254e-05 0
1.104647e+00 1.443491e-05 0
1.104647e+00 1.443491e-05 0
1.104650e+00 1.206254e-05 0
1.084038e+00 9.567264e-06 0
1.084035e+00 1.135051e-05 0
1.084035e+00 1.135051e-05 0
1.084038e+00 9.567264e-06 0
1.041889e+00 6.924044e-06 0
1.041887e+00 8.129071e-06 0
1.041887e+00 8.129071e-06 0
1.041889e+00 6.924044e-06 0
9.623385e-01 4.304190e-06 0
9.623359e-01 5.231713e-06 0
9.623359e-01 5.231713e-06 0
9.623385e-01 4.304190e-06 0
8.255506e-01 1.799577e-06 0
8.255485e-01 3.278135e-06 0
8.255485e-01 3.278135e-06 0
8.255506e-01 1.799577e-06 0
6.170342e-01 2.999205e-07 0
6.170330e-01 1.498845e-06 0
6.170330e-01 1.498845e-06 0
6.170342e-01 2.999205e-07 0
3.348400e-01 -1.239905e-07 0
3.348396e-01 1.422720e-07 0
3.348396e-01 1.422720e-07 0
3.348400e-01 -1.239905e-07 0
-3.678387e-03 -1.820387e-08 0
-3.678326e-03 -1.787154e-10 0
-3.678386e-03 1.840197e-08 0
-3.678492e-03 2.979252e-08 0
3.348400e-01 3.503770e-07 0
3.348400e-01 1.182507e-07 0
3.348400e-01 1.182507e-07 0
3.348400e-01 3.503770e-07 0
6.169608e-01 2.548097e-07 0
6.170157e-01 -3.173739e-07 0
6.170157e-01 -3.173739e-07 0
6.169608e-01 2.548097e-07 0
8.255526e-01 -1.038123e-06 0
8.255506e-01 -1.832056e-06 0
8.255506e-01 -1.832056e-06 0
8.255526e-01 -1.038123e-06 0
9.622604e-01 -3.444257e-06 0
9.622578e-01 -4.361583e-06 0
9.622578e-01 -4.361583e-06 0
9.622604e-01 -3.444257e-06 0
1.041831e+00 -5.850222e-06 0
1.041829e+00 -6.989339e-06 0
1.041829e+00 -6.989339e-06 0
1.041831e+00 -5.850222e-06 0
1.084005e+00 -8.118802e-06 0
1.084003e+00 -9.646627e-06 0
1.084003e+00 -9.646627e-06 0
1.084005e+00 -8.118802e-06 0
1.104635e+00 -1.015655e-05 0
1.104633e+00 -1.215425e-05 0
1.104633e+00 -1.215425e-05 0
1.104635e+00 -1.015655e-05 0
1.114059e+00 -1.193669e-05 0
1.114057e+00 -1.433849e-05 0
1.114057e+00 -1.433849e-05 0
1.114059e+00 -1.193669e-05 0
1.118119e+00 -1.336199e-05 0
1.118118e+00 -1.607591e-05 0
1.118118e+00 -1.607591e-05 0
1.118119e+00 -1.336199e-05 0
1.119783e+00 -1.435708e-05 0
1.119782e+00 -1.728028e-05 0
1.119782e+00 -1.728028e-05 0
1.119783e+00 -1.435708e-05 0
1.120436e+00 -1.487355e-05 0
1.120436e+00 -1.789978e-05 0
1.120436e+00 -1.789978e-05 0
1.120436e+00 -1.487355e-05 0
1.120684e+00 -1.488325e-05 0
1.120685e+00 -1.790649e-05 0
1.120685e+00 -1.790649e-05 0
1.120684e+00 -1.488325e-05 0
1.120777e+00 -1.438616e-05 0
1.120777e+00 -1.730253e-05 0
1.120777e+00 -1.730253e-05 0
1.120777e+00 -1.438616e-05 0
1.120811e+00 -1.340178e-05 0
1.120812e+00 -1.611283e-05 0
1.120812e+00 -1.611283e-05 0
1.120811e+00 -1.340178e-05 0
1.120824e+00 -1.196015e-05 0
1.120826e+00 -1.437411e-05 0
1.120826e+00 -1.437411e-05 0
1.120824e+00 -1.196015e-05 0
1.120830e+00 -1.011291e-05 0
1.120832e+00 -1.214873e-05 0
1.120832e+00 -1.214873e-05 0
1.120830e+00 -1.011291e-05 0
1.120833e+00 -7.923740e-06 0
1.120835e+00 -9.513238e-06 0
1.120835e+00 -9.513238e-06 0
1.120833e+00 -7.923740e-06 0
1.120834e+00 -5.462059e-06 0
1.120837e+00 -6.551017e-06 0
1.120837e+00 -6.551017e-06 0
1.120834e+00 -5.462059e-06 0
1.120835e+00 -2.827987e-06 0
1.120838e+00 -3.382175e-06 0
1.120838e+00 -3.382175e-06 0
1.120835e+00 -2.827987e-06 0
1.120835e+00 -9.503430e-08 0
1.120838e+00 -9.487573e-08 0
1.120838e+00 -9.487573e-08 0
1.120835e+00 -9.503430e-08 0
1.120835e+00 2.638499e-06 0
1.120838e+00 3.192969e-06 0
1.120838e+00 3.192969e-06 0
1.120835e+00 2.638499e-06 0
1.120834e+00 5.279757e-06 0
1.120837e+00 6.369991e-06 0
1.120837e+00 6.369991e-06 0
1.120834e+00 5.279757e-06 0
1.120833e+00 7.738937e-06 0
1.120835e+00 9.328459e-06 0
1.120835e+00 9.328459e-06 0
1.120833e+00 7.738937e-06 0
1.120830e+00 9.932225e-06 0
1.120832e+00 1.196783e-05 0
1.120832e+00 1.196783e-05 0
1.120830e+00 9.932225e-06 0
1.120824e+00 1.178817e-05 0
1.120826e+00 1.420247e-05 0
1.120826e+00 1.420247e-05 0
1.120824e+00 1.178817e-05 0
1.120811e+00 1.323532e-05 0
1.120812e+00 1.594652e-05 0
1.120812e+00 1.594652e-05 0
1.120811e+00 1.323532e-05 0
1.120777e+00 1.422904e-05 0
1.120777e+00 1.714561e-05 0
1.120777e+00 1.714561e-05 0
1.120777e+00 1.422904e-05 0
1.120684e+00 1.473275e-05 0
1.120685e+00 1.775585e-05 0
1.120685e+00 1.775585e-05 0
1.120684e+00 1.473275e-05 0
1.120436e+00 1.473160e-05 0
1.120436e+00 1.775714e-05 0
1.120436e+00 1.775714e-05 0
1.120436e+00 1.473160e-05 0
1.119783e+00 1.422807e-05 0
1.119783e+00 1.714991e-05 0
1.119783e+00 1.714991e-05 0
1.119783e+00 1.422807e-05 0
1.118121e+00 1.324638e-05 0
1.118120e+00 1.595828e-05 0
1.118120e+00 1.595828e-05 0
1.118121e+00 1.324638e-05 0
1.114066e+00 1.183557e-05 0
1.114064e+00 1.423425e-05 0
1.114064e+00 1.423425e-05 0
1.114066e+00 1.183557e-05 0
1.104652e+00 1.006862e-05 0
1.104650e+00 1.206254e-05 0
1.104650e+00 1.206254e-05 0
1.104652e+00 1.006862e-05 0
1.084041e+00 8.029951e-06 0
1.084038e+00 9.567264e-06 0
1.084038e+00 9.567264e-06 0
1.084041e+00 8.029951e-06 0
1.041892e+00 5.786044e-06 0
1.041889e+00 6.924044e-06 0
1.041889e+00 6.924044e-06 0
1.041892e+00 5.786044e-06 0
9.623411e-01 3.393396e-06 0
9.623385e-01 4.304190e-06 0
9.623385e-01 4.304190e-06 0
9.623411e-01 3.393396e-06 0
8.255526e-01 1.006162e-06 0
8.255506e-01 1.799577e-06 0
8.255506e-01 1.799577e-06 0
8.255526e-01 1.006162e-06 0
6.169608e-01 -2.720416e-07 0
6.170342e-01 2.999205e-07 0
6.170342e-01 2.999205e-07 0
6.169608e-01 -2.720416e-07 0
3.348400e-01 -3.560972e-07 0
3.348400e-01 -1.239905e-07 0
3.348400e-01 -1.239905e-07 0
3.348400e-01 -3.560972e-07 0
-3.678494e-03 -2.960791e-08 0
-3.678387e-03 -1.820387e-08 0
-3.678492e-03 2.979252e-08 0
-3.678591e-03 1.387435e-08 0
3.348399e-01 1.627117e-07 0
3.348400e-01 3.503770e-07 0
3.348400e-01 3.503770e-07 0
3.348399e-01 1.627117e-07 0
6.170172e-01 3.423557e-08 0
6.169608e-01 2.548097e-07 0
6.169608e-01 2.548097e-07 0
6.170172e-01 3.423557e-08 0
8.255544e-01 -9.980399e-07 0
8.255526e-01 -1.038123e-06 0
8.255526e-01 -1.038123e-06 0
8.255544e-01 -9.980399e-07 0
9.622627e-01 -2.907776e-06 0
9.622604e-01 -3.444257e-06 0
9.622604e-01 -3.444257e-06 0
9.622627e-01 -2.907776e-06 0
1.041833e+00 -4.772792e-06 0
1.041831e+00 -5.850222e-06 0
1.041831e+00 -5.850222e-06 0
1.041833e+00 -4.772792e-06 0
1.084007e+00 -6.625774e-06 0
1.084005e+00 -8.118802e-06 0
1.084005e+00 -8.118802e-06 0
1.084007e+00 -6.625774e-06 0
1.104637e+00 -8.357880e-06 0
1.104635e+00 -1.015655e-05 0
1.104635e+00 -1.015655e-05 0
1.104637e+00 -8.357880e-06 0
1.114060e+00 -9.868660e-06 0
1.114059e+00 -1.193669e-05 0
1.114059e+00 -1.193669e-05 0
1.114060e+00 -9.868660e-06 0
1.118120e+00 -1.107623e-05 0
1.118119e+00 -1.336199e-05 0
1.118119e+00 -1.336199e-05 0
1.118120e+00 -1.107623e-05 0
1.119784e+00 -1.191910e-05 0
1.119783e+00 -1.435708e-05 0
1.119783e+00 -1.435708e-05 0
1.119784e+00 -1.191910e-05 0
1.120437e+00 -1.235915e-05 0
1.120436e+00 -1.487355e-05 0
1.120436e+00 -1.487355e-05 0
1.120437e+00 -1.235915e-05 0
1.120684e+00 -1.237540e-05 0
1.120684e+00 -1.488325e-05 0
1.120684e+00 -1.488325e-05 0
1.120684e+00 -1.237540e-05 0
1.120776e+00 -1.196825e-05 0
1.120777e+00 -1.438616e-05 0
1.120777e+00 -1.438616e-05 0
1.120776e+00 -1.196825e-05 0
1.120810e+00 -1.115377e-05 0
1.120811e+00 -1.340178e-05 0
1.120811e+00 -1.340178e-05 0
1.120810e+00 -1.115377e-05 0
1.120822e+00 -9.958258e-06 0
1.120824e+00 -1.196015e-05 0
1.120824e+00 -1.196015e-05 0
1.120822e+00 -9.958258e-06 0
1.120828e+00 -8.424367e-06 0
1.120830e+00 -1.011291e-05 0
1.120830e+00 -1.011291e-05 0
1.120828e+00 -8.424367e-06 0
1.120830e+00 -6.605085e-06 0
1.120833e+00 -7.923740e-06 0
1.120833e+00 -7.923740e-06 0
1.120830e+00 -6.605085e-06 0
1.120832e+00 -4.559836e-06 0
1.120834e+00 -5.462059e-06 0
1.120834e+00 -5.462059e-06 0
1.120832e+00 -4.559836e-06 0
1.120833e+00 -2.368095e-06 0
1.120835e+00 -2.827987e-06 0
1.120835e+00 -2.827987e-06 0
1.120833e+00 -2.368095e-06 0
1.120833e+00 -9.507875e-08 0
1.120835e+00 -9.503430e-08 0
1.120835e+00 -9.503430e-08 0
1.120833e+00 -9.507875e-08 0
1.120833e+00 2.178534e-06 0
1.120835e+00 2.638499e-06 0
1.120835e+00 2.638499e-06 0
1.120833e+00 2.178534e-06 0
1.120832e+00 4.375309e-06 0
1.120834e+00 5.279757e-06 0
1.120834e+00 5.279757e-06 0
1.120832e+00 4.375309e-06 0
1.120830e+00 6.420380e-06 0
1.120833e+00 7.738937e-06 0
1.120833e+00 7.738937e-06 0
1.120830e+00 6.420380e-06 0
1.120828e+00 8.243923e-06 0
1.120830e+00 9.932225e-06 0
1.120830e+00 9.932225e-06 0
1.120828e+00 8.243923e-06 0
1.120822e+00 9.783454e-06 0
1.120824e+00 1.178817e-05 0
1.120824e+00 1.178817e-05 0
1.120822e+00 9.783454e-06 0
1.120810e+00 1.098720e-05 0
1.120811e+00 1.323532e-05 0
1.120811e+00 1.323532e-05 0
1.120810e+00 1.098720e-05 0
1.120776e+00 1.180831e-05 0
1.120777e+00 1.422904e-05 0
1.120777e+00 1.422904e-05 0
1.120776e+00 1.180831e-05 0
1.120684e+00 1.222316e-05 0
1.120684e+00 1.473275e-05 0
1.120684e+00 1.473275e-05 0
1.120684e+00 1.222316e-05 0
1.120437e+00 1.221649e-05 0
1.120436e+00 1.473160e-05 0
1.120436e+00 1.473160e-05 0
1.120437e+00 1.221649e-05 0
1.119784e+00 1.178888e-05 0
1.119783e+00 1.422807e-05 0
1.119783e+00 1.422807e-05 0
1.119784e+00 1.178888e-05 0
1.118122e+00 1.095872e-05 0
1.118121e+00 1.324638e-05 0
1.118121e+00 1.324638e-05 0
1.118122e+00 1.095872e-05 0
1.114067e+00 9.764104e-06 0
1.114066e+00 1.183557e-05 0
1.114066e+00 1.183557e-05 0
1.114067e+00 9.764104e-06 0
1.104654e+00 8.264821e-06 0
1.104652e+00 1.006862e-05 0
1.104652e+00 1.006862e-05 0
1.104654e+00 8.264821e-06 0
1.084042e+00 6.543232e-06 0
1.084041e+00 8.029951e-06 0
1.084041e+00 8.029951e-06 0
1.084042e+00 6.543232e-06 0
1.041894e+00 4.709114e-06 0
1.041892e+00 5.786044e-06 0
1.041892e+00 5.786044e-06 0
1.041894e+00 4.709114e-06 0
9.623433e-01 2.845832e-06 0
9.623411e-01 3.393396e-06 0
9.623411e-01 3.393396e-06 0
9.623433e-01 2.845832e-06 0
8.255543e-01 9.662881e-07 0
8.255526e-01 1.006162e-06 0
8.255526e-01 1.006162e-06 0
8.255543e-01 9.662881e-07 0
6.170356e-01 -5.142992e-08 0
6.169608e-01 -2.720416e-07 0
6.169608e-01 -2.720416e-07 0
6.170356e-01 -5.142992e-08 0
3.348399e-01 -1.684737e-07 0
3.348400e-01 -3.560972e-07 0
3.348400e-01 -3.560972e-07 0
3.348399e-01 -1.684737e-07 0
-3.678592e-03 -1.369809e-08 0
-3.678494e-03 -2.960791e-08 0
-3.678591e-03 1.387435e-08 0
-3.678624e-03 -7.388607e-09 0
3.348400e-01 -1.231710e-07 0
3.348399e-01 1.627117e-07 0
3.348399e-01 1.627117e-07 0
3.348400e-01 -1.231710e-07 0
6.170178e-01 -9.565734e-07 0
6.170172e-01 3.423557e-08 0
6.170172e-01 3.423557e-08 0
6.170178e-01 -9.565734e-07 0
8.255556e-01 -1.757345e-06 0
8.255544e-01 -9.980399e-07 0
8.255544e-01 -9.980399e-07 0
8.255556e-01 -1.757345e-06 0
9.622642e-01 -2.349663e-06 0
9.622627e-01 -2.907776e-06 0
9.622627e-01 -2.907776e-06 0
9.622642e-01 -2.349663e-06 0
1.041835e+00 -3.665274e-06 0
1.041833e+00 -4.772792e-06 0
1.041833e+00 -4.772792e-06 0
1.041835e+00 -3.665274e-06 0
1.084009e+00 -5.222443e-06 0
1.084007e+00 -6.625774e-06 0
1.084007e+00 -6.625774e-06 0
1.084009e+00 -5.222443e-06 0
1.104639e+00 -6.757293e-06 0
1.104637e+00 -8.357880e-06 0
1.104637e+00 -8.357880e-06 0
1.104639e+00 -6.757293e-06 0
1.114062e+00 -8.090439e-06 0
1.114060e+00 -9.868660e-06 0
1.114060e+00 -9.868660e-06 0
1.114062e+00 -8.090439e-06 0
1.118121e+00 -9.141858e-06 0
1.118120e+00 -1.107623e-05 0
1.118120e+00 -1.107623e-05 0
1.118121e+00 -9.141858e-06 0
1.119784e+00 -9.869526e-06 0
1.119784e+00 -1.191910e-05 0
1.119784e+00 -1.191910e-05 0
1.119784e+00 -9.869526e-06 0
1.120437e+00 -1.024988e-05 0
1.120437e+00 -1.235915e-05 0
1.120437e+00 -1.235915e-05 0
1.120437e+00 -1.024988e-05 0
1.120684e+00 -1.027355e-05 0
1.120684e+00 -1.237540e-05 0
1.120684e+00 -1.237540e-05 0
1.120684e+00 -1.027355e-05 0
1.120775e+00 -9.942118e-06 0
1.120776e+00 -1.196825e-05 0
1.120776e+00 -1.196825e-05 0
1.120775e+00 -9.942118e-06 0
1.120809e+00 -9.271061e-06 0
1.120810e+00 -1.115377e-05 0
1.120810e+00 -1.115377e-05 0
1.120809e+00 -9.271061e-06 0
1.120821e+00 -8.281767e-06 0
1.120822e+00 -9.958258e-06 0
1.120822e+00 -9.958258e-06 0
1.120821e+00 -8.281767e-06 0
1.120826e+00 -7.010495e-06 0
1.120828e+00 -8.424367e-06 0
1.120828e+00 -8.424367e-06 0
1.120826e+00 -7.010495e-06 0
1.120829e+00 -5.501408e-06 0
1.120830e+00 -6.605085e-06 0
1.120830e+00 -6.605085e-06 0
1.120829e+00 -5.501408e-06 0
1.120830e+00 -3.802935e-06 0
1.120832e+00 -4.559836e-06 0
1.120832e+00 -4.559836e-06 0
1.120830e+00 -3.802935e-06 0
1.120831e+00 -1.984505e-06 0
1.120833e+00 -2.368095e-06 0
1.120833e+00 -2.368095e-06 0
1.120831e+00 -1.984505e-06 0
1.120831e+00 -9.716176e-08 0
1.120833e+00 -9.507875e-08 0
1.120833e+00 -9.507875e-08 0
1.120831e+00 -9.716176e-08 0
1.120831e+00 1.790827e-06 0
1.120833e+00 2.178534e-06 0
1.120833e+00 2.178534e-06 0
1.120831e+00 1.790827e-06 0
1.120830e+00 3.614974e-06 0
1.120832e+00 4.375309e-06 0
1.120832e+00 4.375309e-06 0
1.120830e+00 3.614974e-06 0
1.120829e+00 5.312938e-06 0
1.120830e+00 6.420380e-06 0
1.120830e+00 6.420380e-06 0
1.120829e+00 5.312938e-06 0
1.120826e+00 6.826576e-06 0
1.120828e+00 8.243923e-06 0
1.120828e+00 8.243923e-06 0
1.120826e+00 6.826576e-06 0
1.120821e+00 8.106345e-06 0
1.120822e+00 9.783454e-06 0
1.120822e+00 9.783454e-06 0
1.120821e+00 8.106345e-06 0
1.120809e+00 9.102079e-06 0
1.120810e+00 1.098720e-05 0
1.120810e+00 1.098720e-05 0
1.120809e+00 9.102079e-06 0
1.120775e+00 9.780507e-06 0
1.120776e+00 1.180831e-05 0
1.120776e+00 1.180831e-05 0
1.120775e+00 9.780507e-06 0
1.120684e+00 1.012018e-05 0
1.120684e+00 1.222316e-05 0
1.120684e+00 1.222316e-05 0
1.120684e+00 1.012018e-05 0
1.120437e+00 1.010583e-05 0
1.120437e+00 1.221649e-05 0
1.120437e+00 1.221649e-05 0
1.120437e+00 1.010583e-05 0
1.119785e+00 9.736128e-06 0
1.119784e+00 1.178888e-05 0
1.119784e+00 1.178888e-05 0
1.119785e+00 9.736128e-06 0
1.118123e+00 9.020135e-06 0
1.118122e+00 1.095872e-05 0
1.118122e+00 1.095872e-05 0
1.118123e+00 9.020135e-06 0
1.114068e+00 7.981490e-06 0
1.114067e+00 9.764104e-06 0
1.114067e+00 9.764104e-06 0
1.114068e+00 7.981490e-06 0
1.104655e+00 6.664196e-06 0
1.104654e+00 8.264821e-06 0
1.104654e+00 8.264821e-06 0
1.104655e+00 6.664196e-06 0
1.084044e+00 5.151936e-06 0
1.084042e+00 6.543232e-06 0
1.084042e+00 6.543232e-06 0
1.084044e+00 5.151936e-06 0
1.041896e+00 3.601576e-06 0
1.041894e+00 4.709114e-06 0
1.041894e+00 4.709114e-06 0
1.041896e+00 3.601576e-06 0
9.623448e-01 2.314654e-06 0
9.623433e-01 2.845832e-06 0
9.623433e-01 2.845832e-06 0
9.623448e-01 2.314654e-06 0
8.255555e-01 1.725555e-06 0
8.255543e-01 9.662881e-07 0
8.255543e-01 9.662881e-07 0
8.255555e-01 1.725555e-06 0
6.170362e-01 9.364299e-07 0
6.170356e-01 -5.142992e-08 0
6.170356e-01 -5.142992e-08 0
6.170362e-01 9.364299e-07 0
3.348400e-01 1.173609e-07 0
3.348399e-01 -1.684737e-07 0
3.348399e-01 -1.684737e-07 0
3.348400e-01 1.173609e-07 0
-3.678626e-03 7.562206e-09 0
-3.678592e-03 -1.369809e-08 0
-3.678624e-03 -7.388607e-09 0
-3.678650e-03 -1.217576e-08 0
3.348408e-01 -1.491369e-07 0
3.348400e-01 -1.231710e-07 0
3.348400e-01 -1.231710e-07 0
3.348408e-01 -1.491369e-07 0
6.170188e-01 -9.551561e-07 0
6.170178e-01 -9.565734e-07 0
6.170178e-01 -9.565734e-07 0
6.170188e-01 -9.551561e-07 0
8.255558e-01 -1.586951e-06 0
8.255556e-01 -1.757345e-06 0
8.255556e-01 -1.757345e-06 0
8.255558e-01 -1.586951e-06 0
9.622647e-01 -1.935235e-06 0
9.622642e-01 -2.349663e-06 0
9.622642e-01 -2.349663e-06 0
9.622647e-01 -1.935235e-06 0
1.041836e+00 -2.963895e-06 0
1.041835e+00 -3.665274e-06 0
1.041835e+00 -3.665274e-06 0
1.041836e+00 -2.963895e-06 0
1.084010e+00 -4.261963e-06 0
1.084009e+00 -5.222443e-06 0
1.084009e+00 -5.222443e-06 0
1.084010e+00 -4.261963e-06 0
1.104640e+00 -5.555643e-06 0
1.104639e+00 -6.757293e-06 0
1.104639e+00 -6.757293e-06 0
1.104640e+00 -5.555643e-06 0
1.114063e+00 -6.683257e-06 0
1.114062e+00 -8.090439e-06 0
1.114062e+00 -8.090439e-06 0
1.114063e+00 -6.683257e-06 0
1.118122e+00 -7.572323e-06 0
1.118121e+00 -9.141858e-06 0
1.118121e+00 -9.141858e-06 0
1.118122e+00 -7.572323e-06 0
1.119785e+00 -8.187942e-06 0
1.119784e+00 -9.869526e-06 0
1.119784e+00 -9.869526e-06 0
1.119785e+00 -8.187942e-06 0
1.120437e+00 -8.512120e-06 0
1.120437e+00 -1.024988e-05 0
1.120437e+00 -1.024988e-05 0
1.120437e+00 -8.512120e-06 0
1.120684e+00 -8.537584e-06 0
1.120684e+00 -1.027355e-05 0
1.120684e+00 -1.027355e-05 0
1.120684e+00 -8.537584e-06 0
1.120775e+00 -8.266772e-06 0
1.120775e+00 -9.942118e-06 0
1.120775e+00 -9.942118e-06 0
1.120775e+00 -8.266772e-06 0
1.120808e+00 -7.712812e-06 0
1.120809e+00 -9.271061e-06 0
1.120809e+00 -9.271061e-06 0
1.120808e+00 -7.712812e-06 0
1.120820e+00 -6.893671e-06 0
1.120821e+00 -8.281767e-06 0
1.120821e+00 -8.281767e-06 0
1.120820e+00 -6.893671e-06 0
1.120825e+00 -5.839557e-06 0
1.120826e+00 -7.010495e-06 0
1.120826e+00 -7.010495e-06 0
1.120825e+00 -5.839557e-06 0
1.120827e+00 -4.587362e-06 0
1.120829e+00 -5.501408e-06 0
1.120829e+00 -5.501408e-06 0
1.120827e+00 -4.587362e-06 0
1.120828e+00 -3.177183e-06 0
1.120830e+00 -3.802935e-06 0
1.120830e+00 -3.802935e-06 0
1.120828e+00 -3.177183e-06 0
1.120829e+00 -1.666964e-06 0
1.120831e+00 -1.984505e-06 0
1.120831e+00 -1.984505e-06 0
1.120829e+00 -1.666964e-06 0
1.120829e+00 -9.920940e-08 0
1.120831e+00 -9.716176e-08 0
1.120831e+00 -9.716176e-08 0
1.120829e+00 -9.920940e-08 0
1.120829e+00 1.469198e-06 0
1.120831e+00 1.790827e-06 0
1.120831e+00 1.790827e-06 0
1.120829e+00 1.469198e-06 0
1.120828e+00 2.984526e-06 0
1.120830e+00 3.614974e-06 0
1.120830e+00 3.614974e-06 0
1.120828e+00 2.984526e-06 0
1.120827e+00 4.394813e-06 0
1.120829e+00 5.312938e-06 0
1.120829e+00 5.312938e-06 0
1.120827e+00 4.394813e-06 0
1.120825e+00 5.651574e-06 0
1.120826e+00 6.826576e-06 0
1.120826e+00 6.826576e-06 0
1.120825e+00 5.651574e-06 0
1.120820e+00 6.713444e-06 0
1.120821e+00 8.106345e-06 0
1.120821e+00 8.106345e-06 0
1.120820e+00 6.713444e-06 0
1.120808e+00 7.539083e-06 0
1.120809e+00 9.102079e-06 0
1.120809e+00 9.102079e-06 0
1.120808e+00 7.539083e-06 0
1.120775e+00 8.102871e-06 0
1.120775e+00 9.780507e-06 0
1.120775e+00 9.780507e-06 0
1.120775e+00 8.102871e-06 0
1.120684e+00 8.382075e-06 0
1.120684e+00 1.012018e-05 0
1.120684e+00 1.012018e-05 0
1.120684e+00 8.382075e-06 0
1.120437e+00 8.366030e-06 0
1.120437e+00 1.010583e-05 0
1.120437e+00 1.010583e-05 0
1.120437e+00 8.366030e-06 0
1.119785e+00 8.053179e-06 0
1.119785e+00 9.736128e-06 0
1.119785e+00 9.736128e-06 0
1.119785e+00 8.053179e-06 0
1.118124e+00 7.449985e-06 0
1.118123e+00 9.020135e-06 0
1.118123e+00 9.020135e-06 0
1.118124e+00 7.449985e-06 0
1.114070e+00 6.574595e-06 0
1.114068e+00 7.981490e-06 0
1.114068e+00 7.981490e-06 0
1.114070e+00 6.574595e-06 0
1.104657e+00 5.462869e-06 0
1.104655e+00 6.664196e-06 0
1.104655e+00 6.664196e-06 0
1.104657e+00 5.462869e-06 0
1.084046e+00 4.188249e-06 0
1.084044e+00 5.151936e-06 0
1.084044e+00 5.151936e-06 0
1.084046e+00 4.188249e-06 0
1.041897e+00 2.899576e-06 0
1.041896e+00 3.601576e-06 0
1.041896e+00 3.601576e-06 0
1.041897e+00 2.899576e-06 0
9.623453e-01 1.887355e-06 0
9.623448e-01 2.314654e-06 0
9.623448e-01 2.314654e-06 0
9.623453e-01 1.887355e-06 0
8.255557e-01 1.554850e-06 0
8.255555e-01 1.725555e-06 0
8.255555e-01 1.725555e-06 0
8.255557e-01 1.554850e-06 0
6.170372e-01 9.377255e-07 0
6.170362e-01 9.364299e-07 0
6.170362e-01 9.364299e-07 0
6.170372e-01 9.377255e-07 0
3.348408e-01 1.432160e-07 0
3.348400e-01 1.173609e-07 0
3.348400e-01 1.173609e-07 0
3.348408e-01 1.432160e-07 0
-3.678652e-03 1.234895e-08 0
-3.678626e-03 7.562206e-09 0
-3.678650e-03 -1.217576e-08 0
-3.678659e-03 8.081931e-09 0
3.348409e-01 1.091148e-07 0
3.348408e-01 -1.491369e-07 0
3.348408e-01 -1.491369e-07 0
3.348409e-01 1.091148e-07 0
6.170192e-01 1.372316e-07 0
6.170188e-01 -9.551561e-07 0
6.170188e-01 -9.551561e-07 0
6.170192e-01 1.372316e-07 0
8.255566e-01 -4.334616e-07 0
8.255558e-01 -1.586951e-06 0
8.255558e-01 -1.586951e-06 0
8.255566e-01 -4.334616e-07 0
9.622657e-01 -1.619225e-06 0
9.622647e-01 -1.935235e-06 0
9.622647e-01 -1.935235e-06 0
9.622657e-01 -1.619225e-06 0
1.041837e+00 -2.679405e-06 0
1.041836e+00 -2.963895e-06 0
1.041836e+00 -2.963895e-06 0
1.041837e+00 -2.679405e-06 0
1.084012e+00 -3.729346e-06 0
1.084010e+00 -4.261963e-06 0
1.084010e+00 -4.261963e-06 0
1.084012e+00 -3.729346e-06 0
1.104641e+00 -4.727522e-06 0
1.104640e+00 -5.555643e-06 0
1.104640e+00 -5.555643e-06 0
1.104641e+00 -4.727522e-06 0
1.114064e+00 -5.606086e-06 0
1.114063e+00 -6.683257e-06 0
1.114063e+00 -6.683257e-06 0
1.114064e+00 -5.606086e-06 0
1.118123e+00 -6.313681e-06 0
1.118122e+00 -7.572323e-06 0
1.118122e+00 -7.572323e-06 0
1.118123e+00 -6.313681e-06 0
1.119785e+00 -6.812089e-06 0
1.119785e+00 -8.187942e-06 0
1.119785e+00 -8.187942e-06 0
1.119785e+00 -6.812089e-06 0
1.120437e+00 -7.078539e-06 0
1.120437e+00 -8.512120e-06 0
1.120437e+00 -8.512120e-06 0
1.120437e+00 -7.078539e-06 0
1.120684e+00 -7.099878e-06 0
1.120684e+00 -8.537584e-06 0
1.120684e+00 -8.537584e-06 0
1.120684e+00 -7.099878e-06 0
1.120775e+00 -6.876823e-06 0
1.120775e+00 -8.266772e-06 0
1.120775e+00 -8.266772e-06 0
1.120775e+00 -6.876823e-06 0
1.120807e+00 -6.418905e-06 0
1.120808e+00 -7.712812e-06 0
1.120808e+00 -7.712812e-06 0
1.120807e+00 -6.418905e-06 0
1.120819e+00 -5.740654e-06 0
1.120820e+00 -6.893671e-06 0
1.120820e+00 -6.893671e-06 0
1.120819e+00 -5.740654e-06 0
1.120824e+00 -4.866834e-06 0
1.120825e+00 -5.839557e-06 0
1.120825e+00 -5.839557e-06 0
1.120824e+00 -4.866834e-06 0
1.120826e+00 -3.828048e-06 0
1.120827e+00 -4.587362e-06 0
1.120827e+00 -4.587362e-06 0
1.120826e+00 -3.828048e-06 0
1.120827e+00 -2.657630e-06 0
1.120828e+00 -3.177183e-06 0
1.120828e+00 -3.177183e-06 0
1.120827e+00 -2.657630e-06 0
1.120827e+00 -1.403788e-06 0
1.120829e+00 -1.666964e-06 0
1.120829e+00 -1.666964e-06 0
1.120827e+00 -1.403788e-06 0
1.120828e+00 -1.019076e-07 0
1.120829e+00 -9.920940e-08 0
1.120829e+00 -9.920940e-08 0
1.120828e+00 -1.019076e-07 0
1.120827e+00 1.200643e-06 0
1.120829e+00 1.469198e-06 0
1.120829e+00 1.469198e-06 0
1.120827e+00 1.200643e-06 0
1.120827e+00 2.459124e-06 0
1.120828e+00 2.984526e-06 0
1.120828e+00 2.984526e-06 0
1.120827e+00 2.459124e-06 0
1.120826e+00 3.630261e-06 0
1.120827e+00 4.394813e-06 0
1.120827e+00 4.394813e-06 0
1.120826e+00 3.630261e-06 0
1.120824e+00 4.673695e-06 0
1.120825e+00 5.651574e-06 0
1.120825e+00 5.651574e-06 0
1.120824e+00 4.673695e-06 0
1.120819e+00 5.555127e-06 0
1.120820e+00 6.713444e-06 0
1.120820e+00 6.713444e-06 0
1.120819e+00 5.555127e-06 0
1.120807e+00 6.240387e-06 0
1.120808e+00 7.539083e-06 0
1.120808e+00 7.539083e-06 0
1.120807e+00 6.240387e-06 0
1.120774e+00 6.708233e-06 0
1.120775e+00 8.102871e-06 0
1.120775e+00 8.102871e-06 0
1.120774e+00 6.708233e-06 0
1.120684e+00 6.940127e-06 0
1.120684e+00 8.382075e-06 0
1.120684e+00 8.382075e-06 0
1.120684e+00 6.940127e-06 0
1.120437e+00 6.929089e-06 0
1.120437e+00 8.366030e-06 0
1.120437e+00 8.366030e-06 0
1.120437e+00 6.929089e-06 0
1.119786e+00 6.675663e-06 0
1.119785e+00 8.053179e-06 0
1.119785e+00 8.053179e-06 0
1.119786e+00 6.675663e-06 0
1.118125e+00 6.190901e-06 0
1.118124e+00 7.449985e-06 0
1.118124e+00 7.449985e-06 0
1.118125e+00 6.190901e-06 0
1.114070e+00 5.497525e-06 0
1.114070e+00 6.574595e-06 0
1.114070e+00 6.574595e-06 0
1.114070e+00 5.497525e-06 0
1.104658e+00 4.632296e-06 0
1.104657e+00 5.462869e-06 0
1.104657e+00 5.462869e-06 0
1.104658e+00 4.632296e-06 0
1.084047e+00 3.647247e-06 0
1.084046e+00 4.188249e-06 0
1.084046e+00 4.188249e-06 0
1.084047e+00 3.647247e-06 0
1.041898e+00 2.613825e-06 0
1.041897e+00 2.899576e-06 0
1.041897e+00 2.899576e-06 0
1.041898e+00 2.613825e-06 0
9.623463e-01 1.560241e-06 0
9.623453e-01 1.887355e-06 0
9.623453e-01 1.887355e-06 0
9.623463e-01 1.560241e-06 0
8.255565e-01 4.007212e-07 0
8.255557e-01 1.554850e-06 0
8.255557e-01 1.554850e-06 0
8.255565e-01 4.007212e-07 0
6.170376e-01 -1.550514e-07 0
6.170372e-01 9.377255e-07 0
6.170372e-01 9.377255e-07 0
6.170376e-01 -1.550514e-07 0
3.348409e-01 -1.151830e-07 0
3.348408e-01 1.432160e-07 0
3.348408e-01 1.432160e-07 0
3.348409e-01 -1.151830e-07 0
-3.678661e-03 -7.910471e-09 0
-3.678652e-03 1.234895e-08 0
-3.678659e-03 8.081931e-09 0
-3.678722e-03 2.204613e-08 0
3.348407e-01 3.297555e-07 0
3.348409e-01 1.091148e-07 0
3.348409e-01 1.091148e-07 0
3.348407e-01 3.297555e-07 0
6.169636e-01 6.021479e-07 0
6.170192e-01 1.372316e-07 0
6.170192e-01 1.372316e-07 0
6.169636e-01 6.021479e-07 0
8.255575e-01 9.186003e-08 0
8.255566e-01 -4.334616e-07 0
8.255566e-01 -4.334616e-07 0
8.255575e-01 9.186003e-08 0
9.622669e-01 -1.200734e-06 0
9.622657e-01 -1.619225e-06 0
9.622657e-01 -1.619225e-06 0
9.622669e-01 -1.200734e-06 0
1.041838e+00 -2.304595e-06 0
1.041837e+00 -2.679405e-06 0
1.041837e+00 -2.679405e-06 0
1.041838e+00 -2.304595e-06 0
1.084012e+00 -3.235522e-06 0
1.084012e+00 -3.729346e-06 0
1.084012e+00 -3.729346e-06 0
1.084012e+00 -3.235522e-06 0
1.104642e+00 -4.014860e-06 0
1.104641e+00 -4.727522e-06 0
1.104641e+00 -4.727522e-06 0
1.104642e+00 -4.014860e-06 0
1.114064e+00 -4.704583e-06 0
1.114064e+00 -5.606086e-06 0
1.114064e+00 -5.606086e-06 0
1.114064e+00 -4.704583e-06 0
1.118123e+00 -5.268294e-06 0
1.118123e+00 -6.313681e-06 0
1.118123e+00 -6.313681e-06 0
1.118123e+00 -5.268294e-06 0
1.119785e+00 -5.671139e-06 0
1.119785e+00 -6.812089e-06 0
1.119785e+00 -6.812089e-06 0
1.119785e+00 -5.671139e-06 0
1.120437e+00 -5.889203e-06 0
1.120437e+00 -7.078539e-06 0
1.120437e+00 -7.078539e-06 0
1.120437e+00 -5.889203e-06 0
1.120684e+00 -5.906874e-06 0
1.120684e+00 -7.099878e-06 0
1.120684e+00 -7.099878e-06 0
1.120684e+00 -5.906874e-06 0
1.120774e+00 -5.723110e-06 0
1.120775e+00 -6.876823e-06 0
1.120775e+00 -6.876823e-06 0
1.120774e+00 -5.723110e-06 0
1.120807e+00 -5.344696e-06 0
1.120807e+00 -6.418905e-06 0
1.120807e+00 -6.418905e-06 0
1.120807e+00 -5.344696e-06 0
1.120819e+00 -4.783260e-06 0
1.120819e+00 -5.740654e-06 0
1.120819e+00 -5.740654e-06 0
1.120819e+00 -4.783260e-06 0
1.120823e+00 -4.059133e-06 0
1.120824e+00 -4.866834e-06 0
1.120824e+00 -4.866834e-06 0
1.120823e+00 -4.059133e-06 0
1.120825e+00 -3.197698e-06 0
1.120826e+00 -3.828048e-06 0
1.120826e+00 -3.828048e-06 0
1.120825e+00 -3.197698e-06 0
1.120826e+00 -2.226620e-06 0
1.120827e+00 -2.657630e-06 0
1.120827e+00 -2.657630e-06 0
1.120826e+00 -2.226620e-06 0
1.120826e+00 -1.186000e-06 0
1.120827e+00 -1.403788e-06 0
1.120827e+00 -1.403788e-06 0
1.120826e+00 -1.186000e-06 0
1.120826e+00 -1.052760e-07 0
1.120828e+00 -1.019076e-07 0
1.120828e+00 -1.019076e-07 0
1.120826e+00 -1.052760e-07 0
1.120826e+00 9.761580e-07 0
1.120827e+00 1.200643e-06 0
1.120827e+00 1.200643e-06 0
1.120826e+00 9.761580e-07 0
1.120826e+00 2.021085e-06 0
1.120827e+00 2.459124e-06 0
1.120827e+00 2.459124e-06 0
1.120826e+00 2.021085e-06 0
1.120825e+00 2.993516e-06 0
1.120826e+00 3.630261e-06 0
1.120826e+00 3.630261e-06 0
1.120825e+00 2.993516e-06 0
1.120823e+00 3.859879e-06 0
1.120824e+00 4.673695e-06 0
1.120824e+00 4.673695e-06 0
1.120823e+00 3.859879e-06 0
1.120819e+00 4.591568e-06 0
1.120819e+00 5.555127e-06 0
1.120819e+00 5.555127e-06 0
1.120819e+00 4.591568e-06 0
1.120807e+00 5.160203e-06 0
1.120807e+00 6.240387e-06 0
1.120807e+00 6.240387e-06 0
1.120807e+00 5.160203e-06 0
1.120774e+00 5.548729e-06 0
1.120774e+00 6.708233e-06 0
1.120774e+00 6.708233e-06 0
1.120774e+00 5.548729e-06 0
1.120684e+00 5.741632e-06 0
1.120684e+00 6.940127e-06 0
1.120684e+00 6.940127e-06 0
1.120684e+00 5.741632e-06 0
1.120437e+00 5.734852e-06 0
1.120437e+00 6.929089e-06 0
1.120437e+00 6.929089e-06 0
1.120437e+00 5.734852e-06 0
1.119786e+00 5.530837e-06 0
1.119786e+00 6.675663e-06 0
1.119786e+00 6.675663e-06 0
1.119786e+00 5.530837e-06 0
1.118125e+00 5.142685e-06 0
1.118125e+00 6.190901e-06 0
1.118125e+00 6.190901e-06 0
1.118125e+00 5.142685e-06 0
1.114071e+00 4.594743e-06 0
1.114070e+00 5.497525e-06 0
1.114070e+00 5.497525e-06 0
1.114071e+00 4.594743e-06 0
1.104659e+00 3.919513e-06 0
1.104658e+00 4.632296e-06 0
1.104658e+00 4.632296e-06 0
1.104659e+00 3.919513e-06 0
1.084048e+00 3.140622e-06 0
1.084047e+00 3.647247e-06 0
1.084047e+00 3.647247e-06 0
1.084048e+00 3.140622e-06 0
1.041899e+00 2.237180e-06 0
1.041898e+00 2.613825e-06 0
1.041898e+00 2.613825e-06 0
1.041899e+00 2.237180e-06 0
9.623475e-01 1.146289e-06 0
9.623463e-01 1.560241e-06 0
9.623463e-01 1.560241e-06 0
9.623475e-01 1.146289e-06 0
8.255575e-01 -1.255382e-07 0
8.255565e-01 4.007212e-07 0
8.255565e-01 4.007212e-07 0
8.255575e-01 -1.255382e-07 0
6.169635e-01 -6.205361e-07 0
6.170376e-01 -1.550514e-07 0
6.170376e-01 -1.550514e-07 0
6.169635e-01 -6.205361e-07 0
3.348407e-01 -3.360488e-07 0
3.348409e-01 -1.151830e-07 0
3.348409e-01 -1.151830e-07 0
3.348407e-01 -3.360488e-07 0
-3.678724e-03 -2.187517e-08 0
-3.678661e-03 -7.910471e-09 0
-3.678722e-03 2.204613e-08 0
-3.678783e-03 8.795360e-09 0
3.348404e-01 1.399362e-07 0
3.348407e-01 3.297555e-07 0
3.348407e-01 3.297555e-07 0
3.348404e-01 1.399362e-07 0
6.170194e-01 3.026885e-07 0
6.169636e-01 6.021479e-07 0
6.169636e-01 6.021479e-07 0
6.170194e-01 3.026885e-07 0
8.255584e-01 -9.367630e-08 0
8.255575e-01 9.186003e-08 0
8.255575e-01 9.186003e-08 0
8.255584e-01 -9.367630e-08 0
9.622681e-01 -1.080254e-06 0
9.622669e-01 -1.200734e-06 0
9.622669e-01 -1.200734e-06 0
9.622681e-01 -1.080254e-06 0
1.041839e+00 -1.865310e-06 0
1.041838e+00 -2.304595e-06 0
1.041838e+00 -2.304595e-06 0
1.041839e+00 -1.865310e-06 0
1.084013e+00 -2.600871e-06 0
1.084012e+00 -3.235522e-06 0
1.084012e+00 -3.235522e-06 0
1.084013e+00 -2.600871e-06 0
1.104643e+00 -3.282110e-06 0
1.104642e+00 -4.014860e-06 0
1.104642e+00 -4.014860e-06 0
1.104643e+00 -3.282110e-06 0
1.114065e+00 -3.880920e-06 0
1.114064e+00 -4.704583e-06 0
1.114064e+00 -4.704583e-06 0
1.114065e+00 -3.880920e-06 0
1.118124e+00 -4.366659e-06 0
1.118123e+00 -5.268294e-06 0
1.118123e+00 -5.268294e-06 0
1.118124e+00 -4.366659e-06 0
1.119786e+00 -4.711893e-06 0
1.119785e+00 -5.671139e-06 0
1.119785e+00 -5.671139e-06 0
1.119786e+00 -4.711893e-06 0
1.120437e+00 -4.899257e-06 0
1.120437e+00 -5.889203e-06 0
1.120437e+00 -5.889203e-06 0
1.120437e+00 -4.899257e-06 0
1.120684e+00 -4.918066e-06 0
1.120684e+00 -5.906874e-06 0
1.120684e+00 -5.906874e-06 0
1.120684e+00 -4.918066e-06 0
1.120774e+00 -4.768294e-06 0
1.120774e+00 -5.723110e-06 0
1.120774e+00 -5.723110e-06 0
1.120774e+00 -4.768294e-06 0
1.120806e+00 -4.455887e-06 0
1.120807e+00 -5.344696e-06 0
1.120807e+00 -5.344696e-06 0
1.120806e+00 -4.455887e-06 0
1.120818e+00 -3.991172e-06 0
1.120819e+00 -4.783260e-06 0
1.120819e+00 -4.783260e-06 0
1.120818e+00 -3.991172e-06 0
1.120822e+00 -3.390961e-06 0
1.120823e+00 -4.059133e-06 0
1.120823e+00 -4.059133e-06 0
1.120822e+00 -3.390961e-06 0
1.120824e+00 -2.676282e-06 0
1.120825e+00 -3.197698e-06 0
1.120825e+00 -3.197698e-06 0
1.120824e+00 -2.676282e-06 0
1.120825e+00 -1.870900e-06 0
1.120826e+00 -2.226620e-06 0
1.120826e+00 -2.226620e-06 0
1.120825e+00 -1.870900e-06 0
1.120825e+00 -1.006471e-06 0
1.120826e+00 -1.186000e-06 0
1.120826e+00 -1.186000e-06 0
1.120825e+00 -1.006471e-06 0
1.120825e+00 -1.090644e-07 0
1.120826e+00 -1.052760e-07 0
1.120826e+00 -1.052760e-07 0
1.120825e+00 -1.090644e-07 0
1.120825e+00 7.890907e-07 0
1.120826e+00 9.761580e-07 0
1.120826e+00 9.761580e-07 0
1.120825e+00 7.890907e-07 0
1.120825e+00 1.657051e-06 0
1.120826e+00 2.021085e-06 0
1.120826e+00 2.021085e-06 0
1.120825e+00 1.657051e-06 0
1.120824e+00 2.464918e-06 0
1.120825e+00 2.993516e-06 0
1.120825e+00 2.993516e-06 0
1.120824e+00 2.464918e-06 0
1.120822e+00 3.184838e-06 0
1.120823e+00 3.859879e-06 0
1.120823e+00 3.859879e-06 0
1.120822e+00 3.184838e-06 0
1.120818e+00 3.791903e-06 0
1.120819e+00 4.591568e-06 0
1.120819e+00 4.591568e-06 0
1.120818e+00 3.791903e-06 0
1.120806e+00 4.265297e-06 0
1.120807e+00 5.160203e-06 0
1.120807e+00 5.160203e-06 0
1.120806e+00 4.265297e-06 0
1.120774e+00 4.585640e-06 0
1.120774e+00 5.548729e-06 0
1.120774e+00 5.548729e-06 0
1.120774e+00 4.585640e-06 0
1.120684e+00 4.745500e-06 0
1.120684e+00 5.741632e-06 0
1.120684e+00 5.741632e-06 0
1.120684e+00 4.745500e-06 0
1.120437e+00 4.738646e-06 0
1.120437e+00 5.734852e-06 0
1.120437e+00 5.734852e-06 0
1.120437e+00 4.738646e-06 0
1.119786e+00 4.565505e-06 0
1.119786e+00 5.530837e-06 0
1.119786e+00 5.530837e-06 0
1.119786e+00 4.565505e-06 0
1.118126e+00 4.234950e-06 0
1.118125e+00 5.142685e-06 0
1.118125e+00 5.142685e-06 0
1.118126e+00 4.234950e-06 0
1.114072e+00 3.764270e-06 0
1.114071e+00 4.594743e-06 0
1.114071e+00 4.594743e-06 0
1.114072e+00 3.764270e-06 0
1.104659e+00 3.179257e-06 0
1.104659e+00 3.919513e-06 0
1.104659e+00 3.919513e-06 0
1.104659e+00 3.179257e-06 0
1.084048e+00 2.511069e-06 0
1.084048e+00 3.140622e-06 0
1.084048e+00 3.140622e-06 0
1.084048e+00 2.511069e-06 0
1.041900e+00 1.795592e-06 0
1.041899e+00 2.237180e-06 0
1.041899e+00 2.237180e-06 0
1.041900e+00 1.795592e-06 0
9.623486e-01 1.015595e-06 0
9.623475e-01 1.146289e-06 0
9.623475e-01 1.146289e-06 0
9.623486e-01 1.015595e-06 0
8.255583e-01 5.882186e-08 0
8.255575e-01 -1.255382e-07 0
8.255575e-01 -1.255382e-07 0
8.255583e-01 5.882186e-08 0
6.170378e-01 -3.217583e-07 0
6.169635e-01 -6.205361e-07 0
6.169635e-01 -6.205361e-07 0
6.170378e-01 -3.217583e-07 0
3.348404e-01 -1.465049e-07 0
3.348407e-01 -3.360488e-07 0
3.348407e-01 -3.360488e-07 0
3.348404e-01 -1.465049e-07 0
-3.678786e-03 -8.620325e-09 0
-3.678724e-03 -2.187517e-08 0
-3.678783e-03 8.795360e-09 0
-3.678786e-03 -1.258033e-08 0
3.348405e-01 -1.487853e-07 0
3.348404e-01 1.399362e-07 0
3.348404e-01 1.399362e-07 0
3.348405e-01 -1.487853e-07 0
6.170196e-01 -7.496612e-07 0
6.170194e-01 3.026885e-07 0
6.170194e-01 3.026885e-07 0
6.170196e-01 -7.496612e-07 0
8.255589e-01 -1.026874e-06 0
8.255584e-01 -9.367630e-08 0
8.255584e-01 -9.367630e-08 0
8.255589e-01 -1.026874e-06 0
9.622687e-01 -8.638128e-07 0
9.622681e-01 -1.080254e-06 0
9.622681e-01 -1.080254e-06 0
9.622687e-01 -8.638128e-07 0
1.041840e+00 -1.284368e-06 0
1.041839e+00 -1.865310e-06 0
1.041839e+00 -1.865310e-06 0
1.041840e+00 -1.284368e-06 0
1.084014e+00 -1.914971e-06 0
1.084013e+00 -2.600871e-06 0
1.084013e+00 -2.600871e-06 0
1.084014e+00 -1.914971e-06 0
1.104643e+00 -2.574235e-06 0
1.104643e+00 -3.282110e-06 0
1.104643e+00 -3.282110e-06 0
1.104643e+00 -2.574235e-06 0
1.114066e+00 -3.145910e-06 0
1.114065e+00 -3.880920e-06 0
1.114065e+00 -3.880920e-06 0
1.114066e+00 -3.145910e-06 0
1.118124e+00 -3.593084e-06 0
1.118124e+00 -4.366659e-06 0
1.118124e+00 -4.366659e-06 0
1.118124e+00 -3.593084e-06 0
1.119786e+00 -3.902560e-06 0
1.119786e+00 -4.711893e-06 0
1.119786e+00 -4.711893e-06 0
1.119786e+00 -3.902560e-06 0
1.120438e+00 -4.068378e-06 0
1.120437e+00 -4.899257e-06 0
1.120437e+00 -4.899257e-06 0
1.120438e+00 -4.068378e-06 0
1.120684e+00 -4.090324e-06 0
1.120684e+00 -4.918066e-06 0
1.120684e+00 -4.918066e-06 0
1.120684e+00 -4.090324e-06 0
1.120774e+00 -3.969608e-06 0
1.120774e+00 -4.768294e-06 0
1.120774e+00 -4.768294e-06 0
1.120774e+00 -3.969608e-06 0
1.120806e+00 -3.713044e-06 0
1.120806e+00 -4.455887e-06 0
1.120806e+00 -4.455887e-06 0
1.120806e+00 -3.713044e-06 0
1.120818e+00 -3.329276e-06 0
1.120818e+00 -3.991172e-06 0
1.120818e+00 -3.991172e-06 0
1.120818e+00 -3.329276e-06 0
1.120822e+00 -2.832830e-06 0
1.120822e+00 -3.390961e-06 0
1.120822e+00 -3.390961e-06 0
1.120822e+00 -2.832830e-06 0
1.120823e+00 -2.241207e-06 0
1.120824e+00 -2.676282e-06 0
1.120824e+00 -2.676282e-06 0
1.120823e+00 -2.241207e-06 0
1.120824e+00 -1.573720e-06 0
1.120825e+00 -1.870900e-06 0
1.120825e+00 -1.870900e-06 0
1.120824e+00 -1.573720e-06 0
1.120824e+00 -8.579491e-07 0
1.120825e+00 -1.006471e-06 0
1.120825e+00 -1.006471e-06 0
1.120824e+00 -8.579491e-07 0
1.120825e+00 -1.141990e-07 0
1.120825e+00 -1.090644e-07 0
1.120825e+00 -1.090644e-07 0
1.120825e+00 -1.141990e-07 0
1.120824e+00 6.303460e-07 0
1.120825e+00 7.890907e-07 0
1.120825e+00 7.890907e-07 0
1.120824e+00 6.303460e-07 0
1.120824e+00 1.350008e-06 0
1.120825e+00 1.657051e-06 0
1.120825e+00 1.657051e-06 0
1.120824e+00 1.350008e-06 0
1.120823e+00 2.019977e-06 0
1.120824e+00 2.464918e-06 0
1.120824e+00 2.464918e-06 0
1.120823e+00 2.019977e-06 0
1.120822e+00 2.617142e-06 0
1.120822e+00 3.184838e-06 0
1.120822e+00 3.184838e-06 0
1.120822e+00 2.617142e-06 0
1.120818e+00 3.121829e-06 0
1.120818e+00 3.791903e-06 0
1.120818e+00 3.791903e-06 0
1.120818e+00 3.121829e-06 0
1.120806e+00 3.513868e-06 0
1.120806e+00 4.265297e-06 0
1.120806e+00 4.265297e-06 0
1.120806e+00 3.513868e-06 0
1.120774e+00 3.779148e-06 0
1.120774e+00 4.585640e-06 0
1.120774e+00 4.585640e-06 0
1.120774e+00 3.779148e-06 0
1.120683e+00 3.910767e-06 0
1.120684e+00 4.745500e-06 0
1.120684e+00 4.745500e-06 0
1.120683e+00 3.910767e-06 0
1.120437e+00 3.900774e-06 0
1.120437e+00 4.738646e-06 0
1.120437e+00 4.738646e-06 0
1.120437e+00 3.900774e-06 0
1.119786e+00 3.747540e-06 0
1.119786e+00 4.565505e-06 0
1.119786e+00 4.565505e-06 0
1.119786e+00 3.747540e-06 0
1.118126e+00 3.451936e-06 0
1.118126e+00 4.234950e-06 0
1.118126e+00 4.234950e-06 0
1.118126e+00 3.451936e-06 0
1.114072e+00 3.019841e-06 0
1.114072e+00 3.764270e-06 0
1.114072e+00 3.764270e-06 0
1.114072e+00 3.019841e-06 0
1.104660e+00 2.466409e-06 0
1.104659e+00 3.179257e-06 0
1.104659e+00 3.179257e-06 0
1.104660e+00 2.466409e-06 0
1.084049e+00 1.832179e-06 0
1.084048e+00 2.511069e-06 0
1.084048e+00 2.511069e-06 0
1.084049e+00 1.832179e-06 0
1.041901e+00 1.211931e-06 0
1.041900e+00 1.795592e-06 0
1.041900e+00 1.795592e-06 0
1.041901e+00 1.211931e-06 0
9.623492e-01 8.213887e-07 0
9.623486e-01 1.015595e-06 0
9.623486e-01 1.015595e-06 0
9.623492e-01 8.213887e-07 0
8.255588e-01 9.906685e-07 0
8.255583e-01 5.882186e-08 0
8.255583e-01 5.882186e-08 0
8.255588e-01 9.906685e-07 0
6.170380e-01 7.262860e-07 0
6.170378e-01 -3.217583e-07 0
6.170378e-01 -3.217583e-07 0
6.170380e-01 7.262860e-07 0
3.348404e-01 1.419459e-07 0
3.348404e-01 -1.465049e-07 0
3.348404e-01 -1.465049e-07 0
3.348404e-01 1.419459e-07 0
-3.678789e-03 1.275983e-08 0
-3.678786e-03 -8.620325e-09 0
-3.678786e-03 -1.258033e-08 0
-3.678785e-03 -1.640497e-08 0
3.348411e-01 -1.777446e-07 0
3.348405e-01 -1.487853e-07 0
3.348405e-01 -1.487853e-07 0
3.348411e-01 -1.777446e-07 0
6.170203e-01 -7.987779e-07 0
6.170196e-01 -7.496612e-07 0
6.170196e-01 -7.496612e-07 0
6.170203e-01 -7.987779e-07 0
8.255585e-01 -1.002036e-06 0
8.255589e-01 -1.026874e-06 0
8.255589e-01 -1.026874e-06 0
8.255585e-01 -1.002036e-06 0
9.622684e-01 -7.295339e-07 0
9.622687e-01 -8.638128e-07 0
9.622687e-01 -8.638128e-07 0
9.622684e-01 -7.295339e-07 0
1.041840e+00 -1.017993e-06 0
1.041840e+00 -1.284368e-06 0
1.041840e+00 -1.284368e-06 0
1.041840e+00 -1.017993e-06 0
1.084015e+00 -1.547152e-06 0
1.084014e+00 -1.914971e-06 0
1.084014e+00 -1.914971e-06 0
1.084015e+00 -1.547152e-06 0
1.104644e+00 -2.111833e-06 0
1.104643e+00 -2.574235e-06 0
1.104643e+00 -2.574235e-06 0
1.104644e+00 -2.111833e-06 0
1.114066e+00 -2.603371e-06 0
1.114066e+00 -3.145910e-06 0
1.114066e+00 -3.145910e-06 0
1.114066e+00 -2.603371e-06 0
1.118124e+00 -2.985822e-06 0
1.118124e+00 -3.593084e-06 0
1.118124e+00 -3.593084e-06 0
1.118124e+00 -2.985822e-06 0
1.119786e+00 -3.249035e-06 0
1.119786e+00 -3.902560e-06 0
1.119786e+00 -3.902560e-06 0
1.119786e+00 -3.249035e-06 0
1.120438e+00 -3.390280e-06 0
1.120438e+00 -4.068378e-06 0
1.120438e+00 -4.068378e-06 0
1.120438e+00 -3.390280e-06 0
1.120684e+00 -3.410347e-06 0
1.120684e+00 -4.090324e-06 0
1.120684e+00 -4.090324e-06 0
1.120684e+00 -3.410347e-06 0
1.120774e+00 -3.311551e-06 0
1.120774e+00 -3.969608e-06 0
1.120774e+00 -3.969608e-06 0
1.120774e+00 -3.311551e-06 0
1.120806e+00 -3.099876e-06 0
1.120806e+00 -3.713044e-06 0
1.120806e+00 -3.713044e-06 0
1.120806e+00 -3.099876e-06 0
1.120817e+00 -2.782638e-06 0
1.120818e+00 -3.329276e-06 0
1.120818e+00 -3.329276e-06 0
1.120817e+00 -2.782638e-06 0
1.120821e+00 -2.371880e-06 0
1.120822e+00 -2.832830e-06 0
1.120822e+00 -2.832830e-06 0
1.120821e+00 -2.371880e-06 0
1.120823e+00 -1.882191e-06 0
1.120823e+00 -2.241207e-06 0
1.120823e+00 -2.241207e-06 0
1.120823e+00 -1.882191e-06 0
1.120824e+00 -1.329337e-06 0
1.120824e+00 -1.573720e-06 0
1.120824e+00 -1.573720e-06 0
1.120824e+00 -1.329337e-06 0
1.120824e+00 -7.362842e-07 0
1.120824e+00 -8.579491e-07 0
1.120824e+00 -8.579491e-07 0
1.120824e+00 -7.362842e-07 0
1.120824e+00 -1.198559e-07 0
1.120825e+00 -1.141990e-07 0
1.120825e+00 -1.141990e-07 0
1.120824e+00 -1.198559e-07 0
1.120824e+00 4.973920e-07 0
1.120824e+00 6.303460e-07 0
1.120824e+00 6.303460e-07 0
1.120824e+00 4.973920e-07 0
1.120823e+00 1.094150e-06 0
1.120824e+00 1.350008e-06 0
1.120824e+00 1.350008e-06 0
1.120823e+00 1.094150e-06 0
1.120823e+00 1.649815e-06 0
1.120823e+00 2.019977e-06 0
1.120823e+00 2.019977e-06 0
1.120823e+00 1.649815e-06 0
1.120821e+00 2.145178e-06 0
1.120822e+00 2.617142e-06 0
1.120822e+00 2.617142e-06 0
1.120821e+00 2.145178e-06 0
1.120817e+00 2.563845e-06 0
1.120818e+00 3.121829e-06 0
1.120818e+00 3.121829e-06 0
1.120817e+00 2.563845e-06 0
1.120806e+00 2.889552e-06 0
1.120806e+00 3.513868e-06 0
1.120806e+00 3.513868e-06 0
1.120806e+00 2.889552e-06 0
1.120773e+00 3.112703e-06 0
1.120774e+00 3.779148e-06 0
1.120774e+00 3.779148e-06 0
1.120773e+00 3.112703e-06 0
1.120683e+00 3.222712e-06 0
1.120683e+00 3.910767e-06 0
1.120683e+00 3.910767e-06 0
1.120683e+00 3.222712e-06 0
1.120438e+00 3.214936e-06 0
1.120437e+00 3.900774e-06 0
1.120437e+00 3.900774e-06 0
1.120438e+00 3.214936e-06 0
1.119787e+00 3.087385e-06 0
1.119786e+00 3.747540e-06 0
1.119786e+00 3.747540e-06 0
1.119787e+00 3.087385e-06 0
1.118126e+00 2.839279e-06 0
1.118126e+00 3.451936e-06 0
1.118126e+00 3.451936e-06 0
1.118126e+00 2.839279e-06 0
1.114073e+00 2.473344e-06 0
1.114072e+00 3.019841e-06 0
1.114072e+00 3.019841e-06 0
1.114073e+00 2.473344e-06 0
1.104660e+00 2.000659e-06 0
1.104660e+00 2.466409e-06 0
1.104660e+00 2.466409e-06 0
1.104660e+00 2.000659e-06 0
1.084050e+00 1.458072e-06 0
1.084049e+00 1.832179e-06 0
1.084049e+00 1.832179e-06 0
1.084050e+00 1.458072e-06 0
1.041901e+00 9.423102e-07 0
1.041901e+00 1.211931e-06 0
1.041901e+00 1.211931e-06 0
1.041901e+00 9.423102e-07 0
9.623489e-01 6.723914e-07 0
9.623492e-01 8.213887e-07 0
9.623492e-01 8.213887e-07 0
9.623489e-01 6.723914e-07 0
8.255584e-01 9.642187e-07 0
8.255588e-01 9.906685e-07 0
8.255588e-01 9.906685e-07 0
8.255584e-01 9.642187e-07 0
6.170386e-01 7.780655e-07 0
6.170380e-01 7.262860e-07 0
6.170380e-01 7.262860e-07 0
6.170386e-01 7.780655e-07 0
3.348411e-01 1.705530e-07 0
3.348404e-01 1.419459e-07 0
3.348404e-01 1.419459e-07 0
3.348411e-01 1.705530e-07 0
-3.678788e-03 1.659356e-08 0
-3.678789e-03 1.275983e-08 0
-3.678785e-03 -1.640497e-08 0
-3.678771e-03 2.601292e-09 0
3.348412e-01 8.014448e-08 0
3.348411e-01 -1.777446e-07 0
3.348411e-01 -1.777446e-07 0
3.348412e-01 8.014448e-08 0
6.170204e-01 2.616361e-07 0
6.170203e-01 -7.987779e-07 0
6.170203e-01 -7.987779e-07 0
6.170204e-01 2.616361e-07 0
8.255588e-01 3.624174e-08 0
8.255585e-01 -1.002036e-06 0
8.255585e-01 -1.002036e-06 0
8.255588e-01 3.624174e-08 0
9.622688e-01 -6.389912e-07 0
9.622684e-01 -7.295339e-07 0
9.622684e-01 -7.295339e-07 0
9.622688e-01 -6.389912e-07 0
1.041841e+00 -1.090017e-06 0
1.041840e+00 -1.017993e-06 0
1.041840e+00 -1.017993e-06 0
1.041841e+00 -1.090017e-06 0
1.084015e+00 -1.505839e-06 0
1.084015e+00 -1.547152e-06 0
1.084015e+00 -1.547152e-06 0
1.084015e+00 -1.505839e-06 0
1.104644e+00 -1.899107e-06 0
1.104644e+00 -2.111833e-06 0
1.104644e+00 -2.111833e-06 0
1.104644e+00 -1.899107e-06 0
1.114066e+00 -2.246553e-06 0
1.114066e+00 -2.603371e-06 0
1.114066e+00 -2.603371e-06 0
1.114066e+00 -2.246553e-06 0
1.118125e+00 -2.528490e-06 0
1.118124e+00 -2.985822e-06 0
1.118124e+00 -2.985822e-06 0
1.118125e+00 -2.528490e-06 0
1.119786e+00 -2.728677e-06 0
1.119786e+00 -3.249035e-06 0
1.119786e+00 -3.249035e-06 0
1.119786e+00 -2.728677e-06 0
1.120438e+00 -2.838048e-06 0
1.120438e+00 -3.390280e-06 0
1.120438e+00 -3.390280e-06 0
1.120438e+00 -2.838048e-06 0
1.120683e+00 -2.850734e-06 0
1.120684e+00 -3.410347e-06 0
1.120684e+00 -3.410347e-06 0
1.120683e+00 -2.850734e-06 0
1.120773e+00 -2.767507e-06 0
1.120774e+00 -3.311551e-06 0
1.120774e+00 -3.311551e-06 0
1.120773e+00 -2.767507e-06 0
1.120805e+00 -2.591940e-06 0
1.120806e+00 -3.099876e-06 0
1.120806e+00 -3.099876e-06 0
1.120805e+00 -2.591940e-06 0
1.120817e+00 -2.329595e-06 0
1.120817e+00 -2.782638e-06 0
1.120817e+00 -2.782638e-06 0
1.120817e+00 -2.329595e-06 0
1.120821e+00 -1.989977e-06 0
1.120821e+00 -2.371880e-06 0
1.120821e+00 -2.371880e-06 0
1.120821e+00 -1.989977e-06 0
1.120822e+00 -1.584989e-06 0
1.120823e+00 -1.882191e-06 0
1.120823e+00 -1.882191e-06 0
1.120822e+00 -1.584989e-06 0
1.120823e+00 -1.127587e-06 0
1.120824e+00 -1.329337e-06 0
1.120824e+00 -1.329337e-06 0
1.120823e+00 -1.127587e-06 0
1.120823e+00 -6.367262e-07 0
1.120824e+00 -7.362842e-07 0
1.120824e+00 -7.362842e-07 0
1.120823e+00 -6.367262e-07 0
1.120823e+00 -1.263270e-07 0
1.120824e+00 -1.198559e-07 0
1.120824e+00 -1.198559e-07 0
1.120823e+00 -1.263270e-07 0
1.120823e+00 3.849281e-07 0
1.120824e+00 4.973920e-07 0
1.120824e+00 4.973920e-07 0
1.120823e+00 3.849281e-07 0
1.120823e+00 8.793929e-07 0
1.120823e+00 1.094150e-06 0
1.120823e+00 1.094150e-06 0
1.120823e+00 8.793929e-07 0
1.120822e+00 1.340005e-06 0
1.120823e+00 1.649815e-06 0
1.120823e+00 1.649815e-06 0
1.120822e+00 1.340005e-06 0
1.120821e+00 1.750891e-06 0
1.120821e+00 2.145178e-06 0
1.120821e+00 2.145178e-06 0
1.120821e+00 1.750891e-06 0
1.120817e+00 2.098658e-06 0
1.120817e+00 2.563845e-06 0
1.120817e+00 2.563845e-06 0
1.120817e+00 2.098658e-06 0
1.120805e+00 2.370158e-06 0
1.120806e+00 2.889552e-06 0
1.120806e+00 2.889552e-06 0
1.120805e+00 2.370158e-06 0
1.120773e+00 2.557618e-06 0
1.120773e+00 3.112703e-06 0
1.120773e+00 3.112703e-06 0
1.120773e+00 2.557618e-06 0
1.120683e+00 2.652720e-06 0
1.120683e+00 3.222712e-06 0
1.120683e+00 3.222712e-06 0
1.120683e+00 2.652720e-06 0
1.120438e+00 2.653497e-06 0
1.120438e+00 3.214936e-06 0
1.120438e+00 3.214936e-06 0
1.120438e+00 2.653497e-06 0
1.119787e+00 2.559970e-06 0
1.119787e+00 3.087385e-06 0
1.119787e+00 3.087385e-06 0
1.119787e+00 2.559970e-06 0
1.118127e+00 2.376625e-06 0
1.118126e+00 2.839279e-06 0
1.118126e+00 2.839279e-06 0
1.118127e+00 2.376625e-06 0
1.114073e+00 2.112338e-06 0
1.114073e+00 2.473344e-06 0
1.114073e+00 2.473344e-06 0
1.114073e+00 2.112338e-06 0
1.104661e+00 1.781810e-06 0
1.104660e+00 2.000659e-06 0
1.104660e+00 2.000659e-06 0
1.104661e+00 1.781810e-06 0
1.084050e+00 1.405295e-06 0
1.084050e+00 1.458072e-06 0
1.084050e+00 1.458072e-06 0
1.084050e+00 1.405295e-06 0
1.041901e+00 1.010439e-06 0
1.041901e+00 9.423102e-07 0
1.041901e+00 9.423102e-07 0
1.041901e+00 1.010439e-06 0
9.623493e-01 5.687981e-07 0
9.623489e-01 6.723914e-07 0
9.623489e-01 6.723914e-07 0
9.623493e-01 5.687981e-07 0
8.255587e-01 -7.598797e-08 0
8.255584e-01 9.642187e-07 0
8.255584e-01 9.642187e-07 0
8.255587e-01 -7.598797e-08 0
6.170387e-01 -2.834231e-07 0
6.170386e-01 7.780655e-07 0
6.170386e-01 7.780655e-07 0
6.170387e-01 -2.834231e-07 0
3.348411e-01 -8.772298e-08 0
3.348411e-01 1.705530e-07 0
3.348411e-01 1.705530e-07 0
3.348411e-01 -8.772298e-08 0
-3.678774e-03 -2.413622e-09 0
-3.678788e-03 1.659356e-08 0
-3.678771e-03 2.601292e-09 0
-3.678813e-03 1.563687e-08 0
3.348409e-01 3.016150e-07 0
3.348412e-01 8.014448e-08 0
3.348412e-01 8.014448e-08 0
3.348409e-01 3.016150e-07 0
6.169646e-01 6.984587e-07 0
6.170204e-01 2.616361e-07 0
6.170204e-01 2.616361e-07 0
6.169646e-01 6.984587e-07 0
8.255594e-01 4.738358e-07 0
8.255588e-01 3.624174e-08 0
8.255588e-01 3.624174e-08 0
8.255594e-01 4.738358e-07 0
9.622695e-01 -4.037026e-07 0
9.622688e-01 -6.389912e-07 0
9.622688e-01 -6.389912e-07 0
9.622695e-01 -4.037026e-07 0
1.041841e+00 -1.012078e-06 0
1.041841e+00 -1.090017e-06 0
1.041841e+00 -1.090017e-06 0
1.041841e+00 -1.012078e-06 0
1.084015e+00 -1.423392e-06 0
1.084015e+00 -1.505839e-06 0
1.084015e+00 -1.505839e-06 0
1.084015e+00 -1.423392e-06 0
1.104645e+00 -1.701752e-06 0
1.104644e+00 -1.899107e-06 0
1.104644e+00 -1.899107e-06 0
1.104645e+00 -1.701752e-06 0
1.114067e+00 -1.946731e-06 0
1.114066e+00 -2.246553e-06 0
1.114066e+00 -2.246553e-06 0
1.114067e+00 -1.946731e-06 0
1.118125e+00 -2.150626e-06 0
1.118125e+00 -2.528490e-06 0
1.118125e+00 -2.528490e-06 0
1.118125e+00 -2.150626e-06 0
1.119786e+00 -2.299052e-06 0
1.119786e+00 -2.728677e-06 0
1.119786e+00 -2.728677e-06 0
1.119786e+00 -2.299052e-06 0
1.120438e+00 -2.380794e-06 0
1.120438e+00 -2.838048e-06 0
1.120438e+00 -2.838048e-06 0
1.120438e+00 -2.380794e-06 0
1.120683e+00 -2.386823e-06 0
1.120683e+00 -2.850734e-06 0
1.120683e+00 -2.850734e-06 0
1.120683e+00 -2.386823e-06 0
1.120773e+00 -2.316192e-06 0
1.120773e+00 -2.767507e-06 0
1.120773e+00 -2.767507e-06 0
1.120773e+00 -2.316192e-06 0
1.120805e+00 -2.170545e-06 0
1.120805e+00 -2.591940e-06 0
1.120805e+00 -2.591940e-06 0
1.120805e+00 -2.170545e-06 0
1.120817e+00 -1.953843e-06 0
1.120817e+00 -2.329595e-06 0
1.120817e+00 -2.329595e-06 0
1.120817e+00 -1.953843e-06 0
1.120821e+00 -1.673489e-06 0
1.120821e+00 -1.989977e-06 0
1.120821e+00 -1.989977e-06 0
1.120821e+00 -1.673489e-06 0
1.120822e+00 -1.339119e-06 0
1.120822e+00 -1.584989e-06 0
1.120822e+00 -1.584989e-06 0
1.120822e+00 -1.339119e-06 0
1.120823e+00 -9.612982e-07 0
1.120823e+00 -1.127587e-06 0
1.120823e+00 -1.127587e-06 0
1.120823e+00 -9.612982e-07 0
1.120823e+00 -5.556447e-07 0
1.120823e+00 -6.367262e-07 0
1.120823e+00 -6.367262e-07 0
1.120823e+00 -5.556447e-07 0
1.120823e+00 -1.336517e-07 0
1.120823e+00 -1.263270e-07 0
1.120823e+00 -1.263270e-07 0
1.120823e+00 -1.336517e-07 0
1.120823e+00 2.892596e-07 0
1.120823e+00 3.849281e-07 0
1.120823e+00 3.849281e-07 0
1.120823e+00 2.892596e-07 0
1.120823e+00 6.985111e-07 0
1.120823e+00 8.793929e-07 0
1.120823e+00 8.793929e-07 0
1.120823e+00 6.985111e-07 0
1.120822e+00 1.080031e-06 0
1.120822e+00 1.340005e-06 0
1.120822e+00 1.340005e-06 0
1.120822e+00 1.080031e-06 0
1.120820e+00 1.420738e-06 0
1.120821e+00 1.750891e-06 0
1.120821e+00 1.750891e-06 0
1.120820e+00 1.420738e-06 0
1.120816e+00 1.709560e-06 0
1.120817e+00 2.098658e-06 0
1.120817e+00 2.098658e-06 0
1.120816e+00 1.709560e-06 0
1.120805e+00 1.935811e-06 0
1.120805e+00 2.370158e-06 0
1.120805e+00 2.370158e-06 0
1.120805e+00 1.935811e-06 0
1.120773e+00 2.093858e-06 0
1.120773e+00 2.557618e-06 0
1.120773e+00 2.557618e-06 0
1.120773e+00 2.093858e-06 0
1.120683e+00 2.176919e-06 0
1.120683e+00 2.652720e-06 0
1.120683e+00 2.652720e-06 0
1.120683e+00 2.176919e-06 0
1.120438e+00 2.185281e-06 0
1.120438e+00 2.653497e-06 0
1.120438e+00 2.653497e-06 0
1.120438e+00 2.185281e-06 0
1.119787e+00 2.120902e-06 0
1.119787e+00 2.559970e-06 0
1.119787e+00 2.559970e-06 0
1.119787e+00 2.120902e-06 0
1.118127e+00 1.990909e-06 0
1.118127e+00 2.376625e-06 0
1.118127e+00 2.376625e-06 0
1.118127e+00 1.990909e-06 0
1.114073e+00 1.806840e-06 0
1.114073e+00 2.112338e-06 0
1.114073e+00 2.112338e-06 0
1.114073e+00 1.806840e-06 0
1.104661e+00 1.580617e-06 0
1.104661e+00 1.781810e-06 0
1.104661e+00 1.781810e-06 0
1.104661e+00 1.580617e-06 0
1.084050e+00 1.306943e-06 0
1.084050e+00 1.405295e-06 0
1.084050e+00 1.405295e-06 0
1.084050e+00 1.306943e-06 0
1.041902e+00 9.280032e-07 0
1.041901e+00 1.010439e-06 0
1.041901e+00 1.010439e-06 0
1.041902e+00 9.280032e-07 0
9.623500e-01 3.358842e-07 0
9.623493e-01 5.687981e-07 0
9.623493e-01 5.687981e-07 0
9.623500e-01 3.358842e-07 0
8.255593e-01 -5.158345e-07 0
8.255587e-01 -7.598797e-08 0
8.255587e-01 -7.598797e-08 0
8.255593e-01 -5.158345e-07 0
6.169645e-01 -7.215593e-07 0
6.170387e-01 -2.834231e-07 0
6.170387e-01 -2.834231e-07 0
6.169645e-01 -7.215593e-07 0
3.348408e-01 -3.096968e-07 0
3.348411e-01 -8.772298e-08 0
3.348411e-01 -8.772298e-08 0
3.348408e-01 -3.096968e-07 0
-3.678817e-03 -1.545595e-08 0
-3.678774e-03 -2.413622e-09 0
-3.678813e-03 1.563687e-08 0
-3.678857e-03 2.990304e-09 0
3.348406e-01 1.250614e-07 0
3.348409e-01 3.016150e-07 0
3.348409e-01 3.016150e-07 0
3.348406e-01 1.250614e-07 0
6.170203e-01 3.948120e-07 0
6.169646e-01 6.984587e-07 0
6.169646e-01 6.984587e-07 0
6.170203e-01 3.948120e-07 0
8.255600e-01 2.288940e-07 0
8.255594e-01 4.738358e-07 0
8.255594e-01 4.738358e-07 0
8.255600e-01 2.288940e-07 0
9.622703e-01 -4.273947e-07 0
9.622695e-01 -4.037026e-07 0
9.622695e-01 -4.037026e-07 0
9.622703e-01 -4.273947e-07 0
1.041842e+00 -8.209566e-07 0
1.041841e+00 -1.012078e-06 0
1.041841e+00 -1.012078e-06 0
1.041842e+00 -8.209566e-07 0
1.084016e+00 -1.134767e-06 0
1.084015e+00 -1.423392e-06 0
1.084015e+00 -1.423392e-06 0
1.084016e+00 -1.134767e-06 0
1.104645e+00 -1.401063e-06 0
1.104645e+00 -1.701752e-06 0
1.104645e+00 -1.701752e-06 0
1.104645e+00 -1.401063e-06 0
1.114067e+00 -1.624364e-06 0
1.114067e+00 -1.946731e-06 0
1.114067e+00 -1.946731e-06 0
1.114067e+00 -1.624364e-06 0
1.118125e+00 -1.802336e-06 0
1.118125e+00 -2.150626e-06 0
1.118125e+00 -2.150626e-06 0
1.118125e+00 -1.802336e-06 0
1.119787e+00 -1.927687e-06 0
1.119786e+00 -2.299052e-06 0
1.119786e+00 -2.299052e-06 0
1.119787e+00 -1.927687e-06 0
1.120438e+00 -1.995188e-06 0
1.120438e+00 -2.380794e-06 0
1.120438e+00 -2.380794e-06 0
1.120438e+00 -1.995188e-06 0
1.120683e+00 -1.999723e-06 0
1.120683e+00 -2.386823e-06 0
1.120683e+00 -2.386823e-06 0
1.120683e+00 -1.999723e-06 0
1.120773e+00 -1.941250e-06 0
1.120773e+00 -2.316192e-06 0
1.120773e+00 -2.316192e-06 0
1.120773e+00 -1.941250e-06 0
1.120805e+00 -1.821133e-06 0
1.120805e+00 -2.170545e-06 0
1.120805e+00 -2.170545e-06 0
1.120805e+00 -1.821133e-06 0
1.120816e+00 -1.642777e-06 0
1.120817e+00 -1.953843e-06 0
1.120817e+00 -1.953843e-06 0
1.120816e+00 -1.642777e-06 0
1.120820e+00 -1.411957e-06 0
1.120821e+00 -1.673489e-06 0
1.120821e+00 -1.673489e-06 0
1.120820e+00 -1.411957e-06 0
1.120822e+00 -1.136370e-06 0
1.120822e+00 -1.339119e-06 0
1.120822e+00 -1.339119e-06 0
1.120822e+00 -1.136370e-06 0
1.120822e+00 -8.250807e-07 0
1.120823e+00 -9.612982e-07 0
1.120823e+00 -9.612982e-07 0
1.120822e+00 -8.250807e-07 0
1.120822e+00 -4.901713e-07 0
1.120823e+00 -5.556447e-07 0
1.120823e+00 -5.556447e-07 0
1.120822e+00 -4.901713e-07 0
1.120822e+00 -1.417684e-07 0
1.120823e+00 -1.336517e-07 0
1.120823e+00 -1.336517e-07 0
1.120822e+00 -1.417684e-07 0
1.120822e+00 2.076222e-07 0
1.120823e+00 2.892596e-07 0
1.120823e+00 2.892596e-07 0
1.120822e+00 2.076222e-07 0
1.120822e+00 5.459762e-07 0
1.120823e+00 6.985111e-07 0
1.120823e+00 6.985111e-07 0
1.120822e+00 5.459762e-07 0
1.120822e+00 8.617225e-07 0
1.120822e+00 1.080031e-06 0
1.120822e+00 1.080031e-06 0
1.120822e+00 8.617225e-07 0
1.120820e+00 1.144176e-06 0
1.120820e+00 1.420738e-06 0
1.120820e+00 1.420738e-06 0
1.120820e+00 1.144176e-06 0
1.120816e+00 1.383912e-06 0
1.120816e+00 1.709560e-06 0
1.120816e+00 1.709560e-06 0
1.120816e+00 1.383912e-06 0
1.120805e+00 1.572980e-06 0
1.120805e+00 1.935811e-06 0
1.120805e+00 1.935811e-06 0
1.120805e+00 1.572980e-06 0
1.120773e+00 1.703712e-06 0
1.120773e+00 2.093858e-06 0
1.120773e+00 2.093858e-06 0
1.120773e+00 1.703712e-06 0
1.120683e+00 1.775782e-06 0
1.120683e+00 2.176919e-06 0
1.120683e+00 2.176919e-06 0
1.120683e+00 1.775782e-06 0
1.120438e+00 1.787089e-06 0
1.120438e+00 2.185281e-06 0
1.120438e+00 2.185281e-06 0
1.120438e+00 1.787089e-06 0
1.119787e+00 1.737728e-06 0
1.119787e+00 2.120902e-06 0
1.119787e+00 2.120902e-06 0
1.119787e+00 1.737728e-06 0
1.118127e+00 1.631308e-06 0
1.118127e+00 1.990909e-06 0
1.118127e+00 1.990909e-06 0
1.118127e+00 1.631308e-06 0
1.114074e+00 1.473028e-06 0
1.114073e+00 1.806840e-06 0
1.114073e+00 1.806840e-06 0
1.114074e+00 1.473028e-06 0
1.104661e+00 1.268572e-06 0
1.104661e+00 1.580617e-06 0
1.104661e+00 1.580617e-06 0
1.104661e+00 1.268572e-06 0
1.084051e+00 1.020802e-06 0
1.084050e+00 1.306943e-06 0
1.084050e+00 1.306943e-06 0
1.084051e+00 1.020802e-06 0
1.041902e+00 7.318551e-07 0
1.041902e+00 9.280032e-07 0
1.041902e+00 9.280032e-07 0
1.041902e+00 7.318551e-07 0
9.623507e-01 3.495497e-07 0
9.623500e-01 3.358842e-07 0
9.623500e-01 3.358842e-07 0
9.623507e-01 3.495497e-07 0
8.255598e-01 -2.733973e-07 0
8.255593e-01 -5.158345e-07 0
8.255593e-01 -5.158345e-07 0
8.255598e-01 -2.733973e-07 0
6.170386e-01 -4.193320e-07 0
6.169645e-01 -7.215593e-07 0
6.169645e-01 -7.215593e-07 0
6.170386e-01 -4.193320e-07 0
3.348405e-01 -1.337082e-07 0
3.348408e-01 -3.096968e-07 0
3.348408e-01 -3.096968e-07 0
3.348405e-01 -1.337082e-07 0
-3.678861e-03 -2.820780e-09 0
-3.678817e-03 -1.545595e-08 0
-3.678857e-03 2.990304e-09 0
-3.678846e-03 -1.567542e-08 0
3.348406e-01 -1.350254e-07 0
3.348406e-01 1.250614e-07 0
3.348406e-01 1.250614e-07 0
3.348406e-01 -1.350254e-07 0
6.170203e-01 -6.283952e-07 0
6.170203e-01 3.948120e-07 0
6.170203e-01 3.948120e-07 0
6.170203e-01 -6.283952e-07 0
8.255602e-01 -7.197642e-07 0
8.255600e-01 2.288940e-07 0
8.255600e-01 2.288940e-07 0
8.255602e-01 -7.197642e-07 0
9.622705e-01 -3.176501e-07 0
9.622703e-01 -4.273947e-07 0
9.622703e-01 -4.273947e-07 0
9.622705e-01 -3.176501e-07 0
1.041842e+00 -4.450452e-07 0
1.041842e+00 -8.209566e-07 0
1.041842e+00 -8.209566e-07 0
1.041842e+00 -4.450452e-07 0
1.084016e+00 -7.441895e-07 0
1.084016e+00 -1.134767e-06 0
1.084016e+00 -1.134767e-06 0
1.084016e+00 -7.441895e-07 0
1.104645e+00 -1.058300e-06 0
1.104645e+00 -1.401063e-06 0
1.104645e+00 -1.401063e-06 0
1.104645e+00 -1.058300e-06 0
1.114067e+00 -1.308386e-06 0
1.114067e+00 -1.624364e-06 0
1.114067e+00 -1.624364e-06 0
1.114067e+00 -1.308386e-06 0
1.118125e+00 -1.488185e-06 0
1.118125e+00 -1.802336e-06 0
1.118125e+00 -1.802336e-06 0
1.118125e+00 -1.488185e-06 0
1.119787e+00 -1.605202e-06 0
1.119787e+00 -1.927687e-06 0
1.119787e+00 -1.927687e-06 0
1.119787e+00 -1.605202e-06 0
1.120438e+00 -1.664835e-06 0
1.120438e+00 -1.995188e-06 0
1.120438e+00 -1.995188e-06 0
1.120438e+00 -1.664835e-06 0
1.120683e+00 -1.671154e-06 0
1.120683e+00 -1.999723e-06 0
1.120683e+00 -1.999723e-06 0
1.120683e+00 -1.671154e-06 0
1.120773e+00 -1.624608e-06 0
1.120773e+00 -1.941250e-06 0
1.120773e+00 -1.941250e-06 0
1.120773e+00 -1.624608e-06 0
1.120805e+00 -1.527316e-06 0
1.120805e+00 -1.821133e-06 0
1.120805e+00 -1.821133e-06 0
1.120805e+00 -1.527316e-06 0
1.120816e+00 -1.381928e-06 0
1.120816e+00 -1.642777e-06 0
1.120816e+00 -1.642777e-06 0
1.120816e+00 -1.381928e-06 0
1.120820e+00 -1.193310e-06 0
1.120820e+00 -1.411957e-06 0
1.120820e+00 -1.411957e-06 0
1.120820e+00 -1.193310e-06 0
1.120821e+00 -9.676678e-07 0
1.120822e+00 -1.136370e-06 0
1.120822e+00 -1.136370e-06 0
1.120821e+00 -9.676678e-07 0
1.120822e+00 -7.122422e-07 0
1.120822e+00 -8.250807e-07 0
1.120822e+00 -8.250807e-07 0
1.120822e+00 -7.122422e-07 0
1.120822e+00 -4.374559e-07 0
1.120822e+00 -4.901713e-07 0
1.120822e+00 -4.901713e-07 0
1.120822e+00 -4.374559e-07 0
1.120822e+00 -1.511283e-07 0
1.120822e+00 -1.417684e-07 0
1.120822e+00 -1.417684e-07 0
1.120822e+00 -1.511283e-07 0
1.120822e+00 1.362554e-07 0
1.120822e+00 2.076222e-07 0
1.120822e+00 2.076222e-07 0
1.120822e+00 1.362554e-07 0
1.120822e+00 4.147768e-07 0
1.120822e+00 5.459762e-07 0
1.120822e+00 5.459762e-07 0
1.120822e+00 4.147768e-07 0
1.120821e+00 6.749065e-07 0
1.120822e+00 8.617225e-07 0
1.120822e+00 8.617225e-07 0
1.120821e+00 6.749065e-07 0
1.120820e+00 9.078749e-07 0
1.120820e+00 1.144176e-06 0
1.120820e+00 1.144176e-06 0
1.120820e+00 9.078749e-07 0
1.120816e+00 1.106340e-06 0
1.120816e+00 1.383912e-06 0
1.120816e+00 1.383912e-06 0
1.120816e+00 1.106340e-06 0
1.120805e+00 1.262852e-06 0
1.120805e+00 1.572980e-06 0
1.120805e+00 1.572980e-06 0
1.120805e+00 1.262852e-06 0
1.120773e+00 1.371769e-06 0
1.120773e+00 1.703712e-06 0
1.120773e+00 1.703712e-06 0
1.120773e+00 1.371769e-06 0
1.120683e+00 1.433089e-06 0
1.120683e+00 1.775782e-06 0
1.120683e+00 1.775782e-06 0
1.120683e+00 1.433089e-06 0
1.120438e+00 1.443073e-06 0
1.120438e+00 1.787089e-06 0
1.120438e+00 1.787089e-06 0
1.120438e+00 1.443073e-06 0
1.119787e+00 1.400431e-06 0
1.119787e+00 1.737728e-06 0
1.119787e+00 1.737728e-06 0
1.119787e+00 1.400431e-06 0
1.118127e+00 1.302059e-06 0
1.118127e+00 1.631308e-06 0
1.118127e+00 1.631308e-06 0
1.118127e+00 1.302059e-06 0
1.114074e+00 1.142617e-06 0
1.114074e+00 1.473028e-06 0
1.114074e+00 1.473028e-06 0
1.114074e+00 1.142617e-06 0
1.104662e+00 9.165169e-07 0
1.104661e+00 1.268572e-06 0
1.104661e+00 1.268572e-06 0
1.104662e+00 9.165169e-07 0
1.084051e+00 6.332141e-07 0
1.084051e+00 1.020802e-06 0
1.084051e+00 1.020802e-06 0
1.084051e+00 6.332141e-07 0
1.041903e+00 3.503756e-07 0
1.041902e+00 7.318551e-07 0
1.041902e+00 7.318551e-07 0
1.041903e+00 3.503756e-07 0
9.623510e-01 2.565967e-07 0
9.623507e-01 3.495497e-07 0
9.623507e-01 3.495497e-07 0
9.623510e-01 2.565967e-07 0
8.255600e-01 6.726627e-07 0
8.255598e-01 -2.733973e-07 0
8.255598e-01 -2.733973e-07 0
8.255600e-01 6.726627e-07 0
6.170386e-01 5.991308e-07 0
6.170386e-01 -4.193320e-07 0
6.170386e-01 -4.193320e-07 0
6.170386e-01 5.991308e-07 0
3.348404e-01 1.258475e-07 0
3.348405e-01 -1.337082e-07 0
3.348405e-01 -1.337082e-07 0
3.348404e-01 1.258475e-07 0
-3.678851e-03 1.582008e-08 0
-3.678861e-03 -2.820780e-09 0
-3.678846e-03 -1.567542e-08 0
-3.678840e-03 -9.202632e-09 0
3.348411e-01 -1.199574e-07 0
3.348406e-01 -1.350254e-07 0
3.348406e-01 -1.350254e-07 0
3.348411e-01 -1.199574e-07 0
6.170208e-01 -6.242979e-07 0
6.170203e-01 -6.283952e-07 0
6.170203e-01 -6.283952e-07 0
6.170208e-01 -6.242979e-07 0
8.255597e-01 -6.794432e-07 0
8.255602e-01 -7.197642e-07 0
8.255602e-01 -7.197642e-07 0
8.255597e-01 -6.794432e-07 0
9.622700e-01 -2.603472e-07 0
9.622705e-01 -3.176501e-07 0
9.622705e-01 -3.176501e-07 0
9.622700e-01 -2.603472e-07 0
1.041842e+00 -3.499648e-07 0
1.041842e+00 -4.450452e-07 0
1.041842e+00 -4.450452e-07 0
1.041842e+00 -3.499648e-07 0
1.084016e+00 -6.213290e-07 0
1.084016e+00 -7.441895e-07 0
1.084016e+00 -7.441895e-07 0
1.084016e+00 -6.213290e-07 0
1.104645e+00 -8.937352e-07 0
1.104645e+00 -1.058300e-06 0
1.104645e+00 -1.058300e-06 0
1.104645e+00 -8.937352e-07 0
1.114067e+00 -1.103361e-06 0
1.114067e+00 -1.308386e-06 0
1.114067e+00 -1.308386e-06 0
1.114067e+00 -1.103361e-06 0
1.118125e+00 -1.249641e-06 0
1.118125e+00 -1.488185e-06 0
1.118125e+00 -1.488185e-06 0
1.118125e+00 -1.249641e-06 0
1.119787e+00 -1.343438e-06 0
1.119787e+00 -1.605202e-06 0
1.119787e+00 -1.605202e-06 0
1.119787e+00 -1.343438e-06 0
1.120438e+00 -1.391742e-06 0
1.120438e+00 -1.664835e-06 0
1.120438e+00 -1.664835e-06 0
1.120438e+00 -1.391742e-06 0
1.120683e+00 -1.397193e-06 0
1.120683e+00 -1.671154e-06 0
1.120683e+00 -1.671154e-06 0
1.120683e+00 -1.397193e-06 0
1.120773e+00 -1.360405e-06 0
1.120773e+00 -1.624608e-06 0
1.120773e+00 -1.624608e-06 0
1.120773e+00 -1.360405e-06 0
1.120805e+00 -1.282455e-06 0
1.120805e+00 -1.527316e-06 0
1.120805e+00 -1.527316e-06 0
1.120805e+00 -1.282455e-06 0
1.120816e+00 -1.165251e-06 0
1.120816e+00 -1.381928e-06 0
1.120816e+00 -1.381928e-06 0
1.120816e+00 -1.165251e-06 0
1.120820e+00 -1.012388e-06 0
1.120820e+00 -1.193310e-06 0
1.120820e+00 -1.193310e-06 0
1.120820e+00 -1.012388e-06 0
1.120821e+00 -8.289190e-07 0
1.120821e+00 -9.676678e-07 0
1.120821e+00 -9.676678e-07 0
1.120821e+00 -8.289190e-07 0
1.120822e+00 -6.205239e-07 0
1.120822e+00 -7.122422e-07 0
1.120822e+00 -7.122422e-07 0
1.120822e+00 -6.205239e-07 0
1.120822e+00 -3.958746e-07 0
1.120822e+00 -4.374559e-07 0
1.120822e+00 -4.374559e-07 0
1.120822e+00 -3.958746e-07 0
1.120822e+00 -1.614358e-07 0
1.120822e+00 -1.511283e-07 0
1.120822e+00 -1.511283e-07 0
1.120822e+00 -1.614358e-07 0
1.120822e+00 7.411468e-08 0
1.120822e+00 1.362554e-07 0
1.120822e+00 1.362554e-07 0
1.120822e+00 7.411468e-08 0
1.120822e+00 3.025580e-07 0
1.120822e+00 4.147768e-07 0
1.120822e+00 4.147768e-07 0
1.120822e+00 3.025580e-07 0
1.120821e+00 5.159885e-07 0
1.120821e+00 6.749065e-07 0
1.120821e+00 6.749065e-07 0
1.120821e+00 5.159885e-07 0
1.120820e+00 7.071314e-07 0
1.120820e+00 9.078749e-07 0
1.120820e+00 9.078749e-07 0
1.120820e+00 7.071314e-07 0
1.120816e+00 8.698678e-07 0
1.120816e+00 1.106340e-06 0
1.120816e+00 1.106340e-06 0
1.120816e+00 8.698678e-07 0
1.120805e+00 9.986892e-07 0
1.120805e+00 1.262852e-06 0
1.120805e+00 1.262852e-06 0
1.120805e+00 9.986892e-07 0
1.120773e+00 1.091321e-06 0
1.120773e+00 1.371769e-06 0
1.120773e+00 1.371769e-06 0
1.120773e+00 1.091321e-06 0
1.120683e+00 1.143480e-06 0
1.120683e+00 1.433089e-06 0
1.120683e+00 1.433089e-06 0
1.120683e+00 1.143480e-06 0
1.120438e+00 1.155187e-06 0
1.120438e+00 1.443073e-06 0
1.120438e+00 1.443073e-06 0
1.120438e+00 1.155187e-06 0
1.119787e+00 1.125645e-06 0
1.119787e+00 1.400431e-06 0
1.119787e+00 1.400431e-06 0
1.119787e+00 1.125645e-06 0
1.118127e+00 1.052136e-06 0
1.118127e+00 1.302059e-06 0
1.118127e+00 1.302059e-06 0
1.118127e+00 1.052136e-06 0
1.114074e+00 9.280062e-07 0
1.114074e+00 1.142617e-06 0
1.114074e+00 1.142617e-06 0
1.114074e+00 9.280062e-07 0
1.104662e+00 7.435258e-07 0
1.104662e+00 9.165169e-07 0
1.104662e+00 9.165169e-07 0
1.104662e+00 7.435258e-07 0
1.084051e+00 5.001239e-07 0
1.084051e+00 6.332141e-07 0
1.084051e+00 6.332141e-07 0
1.084051e+00 5.001239e-07 0
1.041903e+00 2.490492e-07 0
1.041903e+00 3.503756e-07 0
1.041903e+00 3.503756e-07 0
1.041903e+00 2.490492e-07 0
9.623504e-01 1.815822e-07 0
9.623510e-01 2.565967e-07 0
9.623510e-01 2.565967e-07 0
9.623504e-01 1.815822e-07 0
8.255595e-01 6.295936e-07 0
8.255600e-01 6.726627e-07 0
8.255600e-01 6.726627e-07 0
8.255595e-01 6.295936e-07 0
6.170391e-01 5.969268e-07 0
6.170386e-01 5.991308e-07 0
6.170386e-01 5.991308e-07 0
6.170391e-01 5.969268e-07 0
3.348410e-01 1.102820e-07 0
3.348404e-01 1.258475e-07 0
3.348404e-01 1.258475e-07 0
3.348410e-01 1.102820e-07 0
-3.678845e-03 9.348738e-09 0
-3.678851e-03 1.582008e-08 0
-3.678840e-03 -9.202632e-09 0
-3.678834e-03 2.517912e-08 0
3.348411e-01 1.860968e-07 0
3.348411e-01 -1.199574e-07 0
3.348411e-01 -1.199574e-07 0
3.348411e-01 1.860968e-07 0
6.170208e-01 5.084660e-07 0
6.170208e-01 -6.242979e-07 0
6.170208e-01 -6.242979e-07 0
6.170208e-01 5.084660e-07 0
8.255599e-01 3.854937e-07 0
8.255597e-01 -6.794432e-07 0
8.255597e-01 -6.794432e-07 0
8.255599e-01 3.854937e-07 0
9.622703e-01 -2.389648e-07 0
9.622700e-01 -2.603472e-07 0
9.622700e-01 -2.603472e-07 0
9.622703e-01 -2.389648e-07 0
1.041842e+00 -5.701022e-07 0
1.041842e+00 -3.499648e-07 0
1.041842e+00 -3.499648e-07 0
1.041842e+00 -5.701022e-07 0
1.084017e+00 -7.753412e-07 0
1.084016e+00 -6.213290e-07 0
1.084016e+00 -6.213290e-07 0
1.084017e+00 -7.753412e-07 0
1.104646e+00 -9.066038e-07 0
1.104645e+00 -8.937352e-07 0
1.104645e+00 -8.937352e-07 0
1.104646e+00 -9.066038e-07 0
1.114067e+00 -1.000033e-06 0
1.114067e+00 -1.103361e-06 0
1.114067e+00 -1.103361e-06 0
1.114067e+00 -1.000033e-06 0
1.118125e+00 -1.073626e-06 0
1.118125e+00 -1.249641e-06 0
1.118125e+00 -1.249641e-06 0
1.118125e+00 -1.073626e-06 0
1.119787e+00 -1.128526e-06 0
1.119787e+00 -1.343438e-06 0
1.119787e+00 -1.343438e-06 0
1.119787e+00 -1.128526e-06 0
1.120438e+00 -1.161500e-06 0
1.120438e+00 -1.391742e-06 0
1.120438e+00 -1.391742e-06 0
1.120438e+00 -1.161500e-06 0
1.120683e+00 -1.164997e-06 0
1.120683e+00 -1.397193e-06 0
1.120683e+00 -1.397193e-06 0
1.120683e+00 -1.164997e-06 0
1.120773e+00 -1.137181e-06 0
1.120773e+00 -1.360405e-06 0
1.120773e+00 -1.360405e-06 0
1.120773e+00 -1.137181e-06 0
1.120805e+00 -1.076631e-06 0
1.120805e+00 -1.282455e-06 0
1.120805e+00 -1.282455e-06 0
1.120805e+00 -1.076631e-06 0
1.120816e+00 -9.841859e-07 0
1.120816e+00 -1.165251e-06 0
1.120816e+00 -1.165251e-06 0
1.120816e+00 -9.841859e-07 0
1.120820e+00 -8.621422e-07 0
1.120820e+00 -1.012388e-06 0
1.120820e+00 -1.012388e-06 0
1.120820e+00 -8.621422e-07 0
1.120821e+00 -7.145116e-07 0
1.120821e+00 -8.289190e-07 0
1.120821e+00 -8.289190e-07 0
1.120821e+00 -7.145116e-07 0
1.120821e+00 -5.459424e-07 0
1.120822e+00 -6.205239e-07 0
1.120822e+00 -6.205239e-07 0
1.120821e+00 -5.459424e-07 0
1.120822e+00 -3.635954e-07 0
1.120822e+00 -3.958746e-07 0
1.120822e+00 -3.958746e-07 0
1.120822e+00 -3.635954e-07 0
1.120822e+00 -1.728476e-07 0
1.120822e+00 -1.614358e-07 0
1.120822e+00 -1.614358e-07 0
1.120822e+00 -1.728476e-07 0
1.120822e+00 1.908205e-08 0
1.120822e+00 7.411468e-08 0
1.120822e+00 7.411468e-08 0
1.120822e+00 1.908205e-08 0
1.120821e+00 2.053580e-07 0
1.120822e+00 3.025580e-07 0
1.120822e+00 3.025580e-07 0
1.120821e+00 2.053580e-07 0
1.120821e+00 3.793941e-07 0
1.120821e+00 5.159885e-07 0
1.120821e+00 5.159885e-07 0
1.120821e+00 3.793941e-07 0
1.120820e+00 5.351560e-07 0
1.120820e+00 7.071314e-07 0
1.120820e+00 7.071314e-07 0
1.120820e+00 5.351560e-07 0
1.120816e+00 6.676976e-07 0
1.120816e+00 8.698678e-07 0
1.120816e+00 8.698678e-07 0
1.120816e+00 6.676976e-07 0
1.120805e+00 7.727815e-07 0
1.120805e+00 9.986892e-07 0
1.120805e+00 9.986892e-07 0
1.120805e+00 7.727815e-07 0
1.120773e+00 8.487807e-07 0
1.120773e+00 1.091321e-06 0
1.120773e+00 1.091321e-06 0
1.120773e+00 8.487807e-07 0
1.120683e+00 8.929188e-07 0
1.120683e+00 1.143480e-06 0
1.120683e+00 1.143480e-06 0
1.120683e+00 8.929188e-07 0
1.120438e+00 9.082603e-07 0
1.120438e+00 1.155187e-06 0
1.120438e+00 1.155187e-06 0
1.120438e+00 9.082603e-07 0
1.119787e+00 8.969598e-07 0
1.119787e+00 1.125645e-06 0
1.119787e+00 1.125645e-06 0
1.119787e+00 8.969598e-07 0
1.118127e+00 8.644844e-07 0
1.118127e+00 1.052136e-06 0
1.118127e+00 1.052136e-06 0
1.118127e+00 8.644844e-07 0
1.114074e+00 8.143193e-07 0
1.114074e+00 9.280062e-07 0
1.114074e+00 9.280062e-07 0
1.114074e+00 8.143193e-07 0
1.104662e+00 7.440432e-07 0
1.104662e+00 7.435258e-07 0
1.104662e+00 7.435258e-07 0
1.104662e+00 7.440432e-07 0
1.084051e+00 6.376689e-07 0
1.084051e+00 5.001239e-07 0
1.084051e+00 5.001239e-07 0
1.084051e+00 6.376689e-07 0
1.041903e+00 4.620630e-07 0
1.041903e+00 2.490492e-07 0
1.041903e+00 2.490492e-07 0
1.041903e+00 4.620630e-07 0
9.623506e-01 1.447944e-07 0
9.623504e-01 1.815822e-07 0
9.623504e-01 1.815822e-07 0
9.623506e-01 1.447944e-07 0
8.255596e-01 -4.381247e-07 0
8.255595e-01 6.295936e-07 0
8.255595e-01 6.295936e-07 0
8.255596e-01 -4.381247e-07 0
6.170390e-01 -5.369852e-07 0
6.170391e-01 5.969268e-07 0
6.170391e-01 5.969268e-07 0
6.170390e-01 -5.369852e-07 0
3.348410e-01 -1.959737e-07 0
3.348410e-01 1.102820e-07 0
3.348410e-01 1.102820e-07 0
3.348410e-01 -1.959737e-07 0
-3.678840e-03 -2.502707e-08 0
-3.678845e-03 9.348738e-09 0
-3.678834e-03 2.517912e-08 0
-3.678903e-03 3.832818e-08 0
3.348407e-01 4.185533e-07 0
3.348411e-01 1.860968e-07 0
3.348411e-01 1.860968e-07 0
3.348407e-01 4.185533e-07 0
6.169649e-01 9.578095e-07 0
6.170208e-01 5.084660e-07 0
6.170208e-01 5.084660e-07 0
6.169649e-01 9.578095e-07 0
8.255604e-01 7.951809e-07 0
8.255599e-01 3.854937e-07 0
8.255599e-01 3.854937e-07 0
8.255604e-01 7.951809e-07 0
9.622710e-01 -1.038831e-07 0
9.622703e-01 -2.389648e-07 0
9.622703e-01 -2.389648e-07 0
9.622710e-01 -1.038831e-07 0
1.041843e+00 -6.179472e-07 0
1.041842e+00 -5.701022e-07 0
1.041842e+00 -5.701022e-07 0
1.041843e+00 -6.179472e-07 0
1.084017e+00 -8.131213e-07 0
1.084017e+00 -7.753412e-07 0
1.084017e+00 -7.753412e-07 0
1.084017e+00 -8.131213e-07 0
1.104646e+00 -8.371091e-07 0
1.104646e+00 -9.066038e-07 0
1.104646e+00 -9.066038e-07 0
1.104646e+00 -8.371091e-07 0
1.114068e+00 -8.557132e-07 0
1.114067e+00 -1.000033e-06 0
1.114067e+00 -1.000033e-06 0
1.114068e+00 -8.557132e-07 0
1.118125e+00 -8.870544e-07 0
1.118125e+00 -1.073626e-06 0
1.118125e+00 -1.073626e-06 0
1.118125e+00 -8.870544e-07 0
1.119787e+00 -9.233571e-07 0
1.119787e+00 -1.128526e-06 0
1.119787e+00 -1.128526e-06 0
1.119787e+00 -9.233571e-07 0
1.120438e+00 -9.528302e-07 0
1.120438e+00 -1.161500e-06 0
1.120438e+00 -1.161500e-06 0
1.120438e+00 -9.528302e-07 0
1.120683e+00 -9.615213e-07 0
1.120683e+00 -1.164997e-06 0
1.120683e+00 -1.164997e-06 0
1.120683e+00 -9.615213e-07 0
1.120773e+00 -9.456531e-07 0
1.120773e+00 -1.137181e-06 0
1.120773e+00 -1.137181e-06 0
1.120773e+00 -9.456531e-07 0
1.120805e+00 -9.025839e-07 0
1.120805e+00 -1.076631e-06 0
1.120805e+00 -1.076631e-06 0
1.120805e+00 -9.025839e-07 0
1.120816e+00 -8.326081e-07 0
1.120816e+00 -9.841859e-07 0
1.120816e+00 -9.841859e-07 0
1.120816e+00 -8.326081e-07 0
1.120820e+00 -7.374758e-07 0
1.120820e+00 -8.621422e-07 0
1.120820e+00 -8.621422e-07 0
1.120820e+00 -7.374758e-07 0
1.120821e+00 -6.205920e-07 0
1.120821e+00 -7.145116e-07 0
1.120821e+00 -7.145116e-07 0
1.120821e+00 -6.205920e-07 0
1.120821e+00 -4.858555e-07 0
1.120821e+00 -5.459424e-07 0
1.120821e+00 -5.459424e-07 0
1.120821e+00 -4.858555e-07 0
1.120821e+00 -3.393012e-07 0
1.120822e+00 -3.635954e-07 0
1.120822e+00 -3.635954e-07 0
1.120821e+00 -3.393012e-07 0
1.120821e+00 -1.854368e-07 0
1.120822e+00 -1.728476e-07 0
1.120822e+00 -1.728476e-07 0
1.120821e+00 -1.854368e-07 0
1.120821e+00 -3.029064e-08 0
1.120822e+00 1.908205e-08 0
1.120822e+00 1.908205e-08 0
1.120821e+00 -3.029064e-08 0
1.120821e+00 1.204181e-07 0
1.120821e+00 2.053580e-07 0
1.120821e+00 2.053580e-07 0
1.120821e+00 1.204181e-07 0
1.120821e+00 2.611730e-07 0
1.120821e+00 3.793941e-07 0
1.120821e+00 3.793941e-07 0
1.120821e+00 2.611730e-07 0
1.120819e+00 3.868719e-07 0
1.120820e+00 5.351560e-07 0
1.120820e+00 5.351560e-07 0
1.120819e+00 3.868719e-07 0
1.120816e+00 4.932455e-07 0
1.120816e+00 6.676976e-07 0
1.120816e+00 6.676976e-07 0
1.120816e+00 4.932455e-07 0
1.120805e+00 5.766534e-07 0
1.120805e+00 7.727815e-07 0
1.120805e+00 7.727815e-07 0
1.120805e+00 5.766534e-07 0
1.120773e+00 6.362127e-07 0
1.120773e+00 8.487807e-07 0
1.120773e+00 8.487807e-07 0
1.120773e+00 6.362127e-07 0
1.120683e+00 6.693383e-07 0
1.120683e+00 8.929188e-07 0
1.120683e+00 8.929188e-07 0
1.120683e+00 6.693383e-07 0
1.120438e+00 6.807947e-07 0
1.120438e+00 9.082603e-07 0
1.120438e+00 9.082603e-07 0
1.120438e+00 6.807947e-07 0
1.119787e+00 6.752232e-07 0
1.119787e+00 8.969598e-07 0
1.119787e+00 8.969598e-07 0
1.119787e+00 6.752232e-07 0
1.118127e+00 6.635869e-07 0
1.118127e+00 8.644844e-07 0
1.118127e+00 8.644844e-07 0
1.118127e+00 6.635869e-07 0
1.114074e+00 6.582974e-07 0
1.114074e+00 8.143193e-07 0
1.114074e+00 8.143193e-07 0
1.114074e+00 6.582974e-07 0
1.104662e+00 6.639827e-07 0
1.104662e+00 7.440432e-07 0
1.104662e+00 7.440432e-07 0
1.104662e+00 6.639827e-07 0
1.084052e+00 6.523953e-07 0
1.084051e+00 6.376689e-07 0
1.084051e+00 6.376689e-07 0
1.084052e+00 6.523953e-07 0
1.041903e+00 5.019931e-07 0
1.041903e+00 4.620630e-07 0
1.041903e+00 4.620630e-07 0
1.041903e+00 5.019931e-07 0
9.623513e-01 1.347718e-08 0
9.623506e-01 1.447944e-07 0
9.623506e-01 1.447944e-07 0
9.623513e-01 1.347718e-08 0
8.255601e-01 -8.504661e-07 0
8.255596e-01 -4.381247e-07 0
8.255596e-01 -4.381247e-07 0
8.255601e-01 -8.504661e-07 0
6.169646e-01 -9.873240e-07 0
6.170390e-01 -5.369852e-07 0
6.170390e-01 -5.369852e-07 0
6.169646e-01 -9.873240e-07 0
3.348405e-01 -4.284217e-07 0
3.348410e-01 -1.959737e-07 0
3.348410e-01 -1.959737e-07 0
3.348405e-01 -4.284217e-07 0
-3.678909e-03 -3.807707e-08 0
-3.678840e-03 -2.502707e-08 0
-3.678903e-03 3.832818e-08 0
-3.678956e-03 2.365586e-09 0
3.348403e-01 9.361236e-08 0
3.348407e-01 4.185533e-07 0
3.348407e-01 4.185533e-07 0
3.348403e-01 9.361236e-08 0
6.170204e-01 4.547931e-07 0
6.169649e-01 9.578095e-07 0
6.169649e-01 9.578095e-07 0
6.170204e-01 4.547931e-07 0
8.255610e-01 3.402979e-07 0
8.255604e-01 7.951809e-07 0
8.255604e-01 7.951809e-07 0
8.255610e-01 3.402979e-07 0
9.622717e-01 -2.919343e-07 0
9.622710e-01 -1.038831e-07 0
9.622710e-01 -1.038831e-07 0
9.622717e-01 -2.919343e-07 0
1.041843e+00 -4.612493e-07 0
1.041843e+00 -6.179472e-07 0
1.041843e+00 -6.179472e-07 0
1.041843e+00 -4.612493e-07 0
1.084017e+00 -5.114160e-07 0
1.084017e+00 -8.131213e-07 0
1.084017e+00 -8.131213e-07 0
1.084017e+00 -5.114160e-07 0
1.104646e+00 -5.329383e-07 0
1.104646e+00 -8.371091e-07 0
1.104646e+00 -8.371091e-07 0
1.104646e+00 -5.329383e-07 0
1.114068e+00 -5.790380e-07 0
1.114068e+00 -8.557132e-07 0
1.114068e+00 -8.557132e-07 0
1.114068e+00 -5.790380e-07 0
1.118125e+00 -6.418129e-07 0
1.118125e+00 -8.870544e-07 0
1.118125e+00 -8.870544e-07 0
1.118125e+00 -6.418129e-07 0
1.119787e+00 -7.040962e-07 0
1.119787e+00 -9.233571e-07 0
1.119787e+00 -9.233571e-07 0
1.119787e+00 -7.040962e-07 0
1.120438e+00 -7.534175e-07 0
1.120438e+00 -9.528302e-07 0
1.120438e+00 -9.528302e-07 0
1.120438e+00 -7.534175e-07 0
1.120683e+00 -7.793245e-07 0
1.120683e+00 -9.615213e-07 0
1.120683e+00 -9.615213e-07 0
1.120683e+00 -7.793245e-07 0
1.120773e+00 -7.802800e-07 0
1.120773e+00 -9.456531e-07 0
1.120773e+00 -9.456531e-07 0
1.120773e+00 -7.802800e-07 0
1.120805e+00 -7.555692e-07 0
1.120805e+00 -9.025839e-07 0
1.120805e+00 -9.025839e-07 0
1.120805e+00 -7.555692e-07 0
1.120816e+00 -7.063478e-07 0
1.120816e+00 -8.326081e-07 0
1.120816e+00 -8.326081e-07 0
1.120816e+00 -7.063478e-07 0
1.120819e+00 -6.348636e-07 0
1.120820e+00 -7.374758e-07 0
1.120820e+00 -7.374758e-07 0
1.120819e+00 -6.348636e-07 0
1.120821e+00 -5.442786e-07 0
1.120821e+00 -6.205920e-07 0
1.120821e+00 -6.205920e-07 0
1.120821e+00 -5.442786e-07 0
1.120821e+00 -4.383741e-07 0
1.120821e+00 -4.858555e-07 0
1.120821e+00 -4.858555e-07 0
1.120821e+00 -4.383741e-07 0
1.120821e+00 -3.220113e-07 0
1.120821e+00 -3.393012e-07 0
1.120821e+00 -3.393012e-07 0
1.120821e+00 -3.220113e-07 0
1.120821e+00 -1.992438e-07 0
1.120821e+00 -1.854368e-07 0
1.120821e+00 -1.854368e-07 0
1.120821e+00 -1.992438e-07 0
1.120821e+00 -7.508131e-08 0
1.120821e+00 -3.029064e-08 0
1.120821e+00 -3.029064e-08 0
1.120821e+00 -7.508131e-08 0
1.120821e+00 4.565524e-08 0
1.120821e+00 1.204181e-07 0
1.120821e+00 1.204181e-07 0
1.120821e+00 4.565524e-08 0
1.120821e+00 1.583019e-07 0
1.120821e+00 2.611730e-07 0
1.120821e+00 2.611730e-07 0
1.120821e+00 1.583019e-07 0
1.120819e+00 2.585088e-07 0
1.120819e+00 3.868719e-07 0
1.120819e+00 3.868719e-07 0
1.120819e+00 2.585088e-07 0
1.120816e+00 3.424036e-07 0
1.120816e+00 4.932455e-07 0
1.120816e+00 4.932455e-07 0
1.120816e+00 3.424036e-07 0
1.120805e+00 4.065685e-07 0
1.120805e+00 5.766534e-07 0
1.120805e+00 5.766534e-07 0
1.120805e+00 4.065685e-07 0
1.120773e+00 4.469368e-07 0
1.120773e+00 6.362127e-07 0
1.120773e+00 6.362127e-07 0
1.120773e+00 4.469368e-07 0
1.120683e+00 4.649922e-07 0
1.120683e+00 6.693383e-07 0
1.120683e+00 6.693383e-07 0
1.120683e+00 4.649922e-07 0
1.120438e+00 4.608074e-07 0
1.120438e+00 6.807947e-07 0
1.120438e+00 6.807947e-07 0
1.120438e+00 4.608074e-07 0
1.119787e+00 4.365996e-07 0
1.119787e+00 6.752232e-07 0
1.119787e+00 6.752232e-07 0
1.119787e+00 4.365996e-07 0
1.118127e+00 4.005421e-07 0
1.118127e+00 6.635869e-07 0
1.118127e+00 6.635869e-07 0
1.118127e+00 4.005421e-07 0
1.114074e+00 3.654157e-07 0
1.114074e+00 6.582974e-07 0
1.114074e+00 6.582974e-07 0
1.114074e+00 3.654157e-07 0
1.104662e+00 3.464327e-07 0
1.104662e+00 6.639827e-07 0
1.104662e+00 6.639827e-07 0
1.104662e+00 3.464327e-07 0
1.084052e+00 3.512987e-07 0
1.084052e+00 6.523953e-07 0
1.084052e+00 6.523953e-07 0
1.084052e+00 3.512987e-07 0
1.041904e+00 3.367194e-07 0
1.041903e+00 5.019931e-07 0
1.041903e+00 5.019931e-07 0
1.041904e+00 3.367194e-07 0
9.623520e-01 1.817849e-07 0
9.623513e-01 1.347718e-08 0
9.623513e-01 1.347718e-08 0
9.623520e-01 1.817849e-07 0
8.255607e-01 -3.981713e-07 0
8.255601e-01 -8.504661e-07 0
8.255601e-01 -8.504661e-07 0
8.255607e-01 -3.981713e-07 0
6.170386e-01 -4.849514e-07 0
6.169646e-01 -9.873240e-07 0
6.169646e-01 -9.873240e-07 0
6.170386e-01 -4.849514e-07 0
3.348401e-01 -1.033945e-07 0
3.348405e-01 -4.284217e-07 0
3.348405e-01 -4.284217e-07 0
3.348401e-01 -1.033945e-07 0
-3.678962e-03 -1.681026e-09 0
-3.678909e-03 -3.807707e-08 0
-3.678956e-03 2.365586e-09 0
-3.678922e-03 -3.901114e-08 0
3.348403e-01 -4.426661e-07 0
3.348403e-01 9.361236e-08 0
3.348403e-01 9.361236e-08 0
3.348403e-01 -4.426661e-07 0
6.170204e-01 -1.043005e-06 0
6.170204e-01 4.547931e-07 0
6.170204e-01 4.547931e-07 0
6.170204e-01 -1.043005e-06 0
8.255612e-01 -1.063806e-06 0
8.255610e-01 3.402979e-07 0
8.255610e-01 3.402979e-07 0
8.255612e-01 -1.063806e-06 0
9.622717e-01 -3.399072e-07 0
9.622717e-01 -2.919343e-07 0
9.622717e-01 -2.919343e-07 0
9.622717e-01 -3.399072e-07 0
1.041843e+00 1.881342e-08 0
1.041843e+00 -4.612493e-07 0
1.041843e+00 -4.612493e-07 0
1.041843e+00 1.881342e-08 0
1.084017e+00 8.488101e-08 0
1.084017e+00 -5.114160e-07 0
1.084017e+00 -5.114160e-07 0
1.084017e+00 8.488101e-08 0
1.104646e+00 -5.881165e-08 0
1.104646e+00 -5.329383e-07 0
1.104646e+00 -5.329383e-07 0
1.104646e+00 -5.881165e-08 0
1.114068e+00 -2.255207e-07 0
1.114068e+00 -5.790380e-07 0
1.114068e+00 -5.790380e-07 0
1.114068e+00 -2.255207e-07 0
1.118126e+00 -3.744786e-07 0
1.118125e+00 -6.418129e-07 0
1.118125e+00 -6.418129e-07 0
1.118126e+00 -3.744786e-07 0
1.119787e+00 -4.908217e-07 0
1.119787e+00 -7.040962e-07 0
1.119787e+00 -7.040962e-07 0
1.119787e+00 -4.908217e-07 0
1.120438e+00 -5.708174e-07 0
1.120438e+00 -7.534175e-07 0
1.120438e+00 -7.534175e-07 0
1.120438e+00 -5.708174e-07 0
1.120683e+00 -6.200929e-07 0
1.120683e+00 -7.793245e-07 0
1.120683e+00 -7.793245e-07 0
1.120683e+00 -6.200929e-07 0
1.120773e+00 -6.393840e-07 0
1.120773e+00 -7.802800e-07 0
1.120773e+00 -7.802800e-07 0
1.120773e+00 -6.393840e-07 0
1.120805e+00 -6.323470e-07 0
1.120805e+00 -7.555692e-07 0
1.120805e+00 -7.555692e-07 0
1.120805e+00 -6.323470e-07 0
1.120816e+00 -6.015803e-07 0
1.120816e+00 -7.063478e-07 0
1.120816e+00 -7.063478e-07 0
1.120816e+00 -6.015803e-07 0
1.120819e+00 -5.506259e-07 0
1.120819e+00 -6.348636e-07 0
1.120819e+00 -6.348636e-07 0
1.120819e+00 -5.506259e-07 0
1.120821e+00 -4.827456e-07 0
1.120821e+00 -5.442786e-07 0
1.120821e+00 -5.442786e-07 0
1.120821e+00 -4.827456e-07 0
1.120821e+00 -4.013374e-07 0
1.120821e+00 -4.383741e-07 0
1.120821e+00 -4.383741e-07 0
1.120821e+00 -4.013374e-07 0
1.120821e+00 -3.108641e-07 0
1.120821e+00 -3.220113e-07 0
1.120821e+00 -3.220113e-07 0
1.120821e+00 -3.108641e-07 0
1.120821e+00 -2.145619e-07 0
1.120821e+00 -1.992438e-07 0
1.120821e+00 -1.992438e-07 0
1.120821e+00 -2.145619e-07 0
1.120821e+00 -1.167493e-07 0
1.120821e+00 -7.508131e-08 0
1.120821e+00 -7.508131e-08 0
1.120821e+00 -1.167493e-07 0
1.120821e+00 -2.150910e-08 0
1.120821e+00 4.565524e-08 0
1.120821e+00 4.565524e-08 0
1.120821e+00 -2.150910e-08 0
1.120821e+00 6.716433e-08 0
1.120821e+00 1.583019e-07 0
1.120821e+00 1.583019e-07 0
1.120821e+00 6.716433e-08 0
1.120819e+00 1.454818e-07 0
1.120819e+00 2.585088e-07 0
1.120819e+00 2.585088e-07 0
1.120819e+00 1.454818e-07 0
1.120815e+00 2.100416e-07 0
1.120816e+00 3.424036e-07 0
1.120816e+00 3.424036e-07 0
1.120815e+00 2.100416e-07 0
1.120804e+00 2.568193e-07 0
1.120805e+00 4.065685e-07 0
1.120805e+00 4.065685e-07 0
1.120804e+00 2.568193e-07 0
1.120773e+00 2.817287e-07 0
1.120773e+00 4.469368e-07 0
1.120773e+00 4.469368e-07 0
1.120773e+00 2.817287e-07 0
1.120683e+00 2.836065e-07 0
1.120683e+00 4.649922e-07 0
1.120683e+00 4.649922e-07 0
1.120683e+00 2.836065e-07 0
1.120438e+00 2.566144e-07 0
1.120438e+00 4.608074e-07 0
1.120438e+00 4.608074e-07 0
1.120438e+00 2.566144e-07 0
1.119787e+00 1.987551e-07 0
1.119787e+00 4.365996e-07 0
1.119787e+00 4.365996e-07 0
1.119787e+00 1.987551e-07 0
1.118128e+00 1.069261e-07 0
1.118127e+00 4.005421e-07 0
1.118127e+00 4.005421e-07 0
1.118128e+00 1.069261e-07 0
1.114074e+00 -1.613272e-08 0
1.114074e+00 3.654157e-07 0
1.114074e+00 3.654157e-07 0
1.114074e+00 -1.613272e-08 0
1.104662e+00 -1.515658e-07 0
1.104662e+00 3.464327e-07 0
1.104662e+00 3.464327e-07 0
1.104662e+00 -1.515658e-07 0
1.084052e+00 -2.360059e-07 0
1.084052e+00 3.512987e-07 0
1.084052e+00 3.512987e-07 0
1.084052e+00 -2.360059e-07 0
1.041903e+00 -1.531949e-07 0
1.041904e+00 3.367194e-07 0
1.041904e+00 3.367194e-07 0
1.041903e+00 -1.531949e-07 0
9.623520e-01 2.641575e-07 0
9.623520e-01 1.817849e-07 0
9.623520e-01 1.817849e-07 0
9.623520e-01 2.641575e-07 0
8.255608e-01 1.003420e-06 0
8.255607e-01 -3.981713e-07 0
8.255607e-01 -3.981713e-07 0
8.255608e-01 1.003420e-06 0
6.170386e-01 1.012358e-06 0
6.170386e-01 -4.849514e-07 0
6.170386e-01 -4.849514e-07 0
6.170386e-01 1.012358e-06 0
3.348401e-01 4.322824e-07 0
3.348401e-01 -1.033945e-07 0
3.348401e-01 -1.033945e-07 0
3.348401e-01 4.322824e-07 0
-3.678928e-03 3.983650e-08 0
-3.678962e-03 -1.681026e-09 0
-3.678922e-03 -3.901114e-08 0
-3.678840e-03 -4.488757e-08 0
3.348412e-01 -5.456625e-07 0
3.348403e-01 -4.426661e-07 0
3.348403e-01 -4.426661e-07 0
3.348412e-01 -5.456625e-07 0
6.169653e-01 -1.811319e-06 0
6.170204e-01 -1.043005e-06 0
6.170204e-01 -1.043005e-06 0
6.169653e-01 -1.811319e-06 0
8.255602e-01 -1.738280e-06 0
8.255612e-01 -1.063806e-06 0
8.255612e-01 -1.063806e-06 0
8.255602e-01 -1.738280e-06 0
9.622706e-01 -5.171807e-08 0
9.622717e-01 -3.399072e-07 0
9.622717e-01 -3.399072e-07 0
9.622706e-01 -5.171807e-08 0
1.041843e+00 4.556950e-07 0
1.041843e+00 1.881342e-08 0
1.041843e+00 1.881342e-08 0
1.041843e+00 4.556950e-07 0
1.084017e+00 4.566652e-07 0
1.084017e+00 8.488101e-08 0
1.084017e+00 8.488101e-08 0
1.084017e+00 4.566652e-07 0
1.104646e+00 2.487463e-07 0
1.104646e+00 -5.881165e-08 0
1.104646e+00 -5.881165e-08 0
1.104646e+00 2.487463e-07 0
1.114068e+00 1.429543e-08 0
1.114068e+00 -2.255207e-07 0
1.114068e+00 -2.255207e-07 0
1.114068e+00 1.429543e-08 0
1.118126e+00 -1.826566e-07 0
1.118126e+00 -3.744786e-07 0
1.118126e+00 -3.744786e-07 0
1.118126e+00 -1.826566e-07 0
1.119787e+00 -3.299234e-07 0
1.119787e+00 -4.908217e-07 0
1.119787e+00 -4.908217e-07 0
1.119787e+00 -3.299234e-07 0
1.120438e+00 -4.299102e-07 0
1.120438e+00 -5.708174e-07 0
1.120438e+00 -5.708174e-07 0
1.120438e+00 -4.299102e-07 0
1.120683e+00 -4.939580e-07 0
1.120683e+00 -6.200929e-07 0
1.120683e+00 -6.200929e-07 0
1.120683e+00 -4.939580e-07 0
1.120773e+00 -5.264064e-07 0
1.120773e+00 -6.393840e-07 0
1.120773e+00 -6.393840e-07 0
1.120773e+00 -5.264064e-07 0
1.120805e+00 -5.330719e-07 0
1.120805e+00 -6.323470e-07 0
1.120805e+00 -6.323470e-07 0
1.120805e+00 -5.330719e-07 0
1.120816e+00 -5.174642e-07 0
1.120816e+00 -6.015803e-07 0
1.120816e+00 -6.015803e-07 0
1.120816e+00 -5.174642e-07 0
1.120819e+00 -4.836301e-07 0
1.120819e+00 -5.506259e-07 0
1.120819e+00 -5.506259e-07 0
1.120819e+00 -4.836301e-07 0
1.120821e+00 -4.349173e-07 0
1.120821e+00 -4.827456e-07 0
1.120821e+00 -4.827456e-07 0
1.120821e+00 -4.349173e-07 0
1.120821e+00 -3.742062e-07 0
1.120821e+00 -4.013374e-07 0
1.120821e+00 -4.013374e-07 0
1.120821e+00 -3.742062e-07 0
1.120821e+00 -3.053651e-07 0
1.120821e+00 -3.108641e-07 0
1.120821e+00 -3.108641e-07 0
1.120821e+00 -3.053651e-07 0
1.120821e+00 -2.312916e-07 0
1.120821e+00 -2.145619e-07 0
1.120821e+00 -2.145619e-07 0
1.120821e+00 -2.312916e-07 0
1.120821e+00 -1.555865e-07 0
1.120821e+00 -1.167493e-07 0
1.120821e+00 -1.167493e-07 0
1.120821e+00 -1.555865e-07 0
1.120821e+00 -8.171001e-08 0
1.120821e+00 -2.150910e-08 0
1.120821e+00 -2.150910e-08 0
1.120821e+00 -8.171001e-08 0
1.120820e+00 -1.309635e-08 0
1.120821e+00 6.716433e-08 0
1.120821e+00 6.716433e-08 0
1.120820e+00 -1.309635e-08 0
1.120819e+00 4.686934e-08 0
1.120819e+00 1.454818e-07 0
1.120819e+00 1.454818e-07 0
1.120819e+00 4.686934e-08 0
1.120815e+00 9.492424e-08 0
1.120815e+00 2.100416e-07 0
1.120815e+00 2.100416e-07 0
1.120815e+00 9.492424e-08 0
1.120804e+00 1.275151e-07 0
1.120804e+00 2.568193e-07 0
1.120804e+00 2.568193e-07 0
1.120804e+00 1.275151e-07 0
1.120773e+00 1.431676e-07 0
1.120773e+00 2.817287e-07 0
1.120773e+00 2.817287e-07 0
1.120773e+00 1.431676e-07 0
1.120683e+00 1.335163e-07 0
1.120683e+00 2.836065e-07 0
1.120683e+00 2.836065e-07 0
1.120683e+00 1.335163e-07 0
1.120438e+00 9.331103e-08 0
1.120438e+00 2.566144e-07 0
1.120438e+00 2.566144e-07 0
1.120438e+00 9.331103e-08 0
1.119787e+00 1.781601e-08 0
1.119787e+00 1.987551e-07 0
1.119787e+00 1.987551e-07 0
1.119787e+00 1.781601e-08 0
1.118128e+00 -1.017387e-07 0
1.118128e+00 1.069261e-07 0
1.118128e+00 1.069261e-07 0
1.118128e+00 -1.017387e-07 0
1.114074e+00 -2.684166e-07 0
1.114074e+00 -1.613272e-08 0
1.114074e+00 -1.613272e-08 0
1.114074e+00 -2.684166e-07 0
1.104662e+00 -4.670566e-07 0
1.104662e+00 -1.515658e-07 0
1.104662e+00 -1.515658e-07 0
1.104662e+00 -4.670566e-07 0
1.084052e+00 -6.282643e-07 0
1.084052e+00 -2.360059e-07 0
1.084052e+00 -2.360059e-07 0
1.084052e+00 -6.282643e-07 0
1.041903e+00 -6.011358e-07 0
1.041903e+00 -1.531949e-07 0
1.041903e+00 -1.531949e-07 0
1.041903e+00 -6.011358e-07 0
9.623508e-01 -3.545476e-08 0
9.623520e-01 2.641575e-07 0
9.623520e-01 2.641575e-07 0
9.623508e-01 -3.545476e-08 0
8.255598e-01 1.672211e-06 0
8.255608e-01 1.003420e-06 0
8.255608e-01 1.003420e-06 0
8.255598e-01 1.672211e-06 0
6.169650e-01 1.767669e-06 0
6.170386e-01 1.012358e-06 0
6.170386e-01 1.012358e-06 0
6.169650e-01 1.767669e-06 0
3.348410e-01 5.331999e-07 0
3.348401e-01 4.322824e-07 0
3.348401e-01 4.322824e-07 0
3.348410e-01 5.331999e-07 0
-3.678847e-03 4.548988e-08 0
-3.678928e-03 3.983650e-08 0
-3.678840e-03 -4.488757e-08 0
-3.678804e-03 -1.129545e-08 0
3.348420e-01 -1.161155e-07 0
3.348412e-01 -5.456625e-07 0
3.348412e-01 -5.456625e-07 0
3.348420e-01 -1.161155e-07 0
6.169809e-01 -7.379905e-08 0
6.169653e-01 -1.811319e-06 0
6.169653e-01 -1.811319e-06 0
6.169809e-01 -7.379905e-08 0
8.255594e-01 -1.659921e-08 0
8.255602e-01 -1.738280e-06 0
8.255602e-01 -1.738280e-06 0
8.255594e-01 -1.659921e-08 0
9.622696e-01 3.235544e-09 0
9.622706e-01 -5.171807e-08 0
9.622706e-01 -5.171807e-08 0
9.622696e-01 3.235544e-09 0
1.041842e+00 2.016754e-07 0
1.041843e+00 4.556950e-07 0
1.041843e+00 4.556950e-07 0
1.041842e+00 2.016754e-07 0
1.084017e+00 2.492238e-07 0
1.084017e+00 4.566652e-07 0
1.084017e+00 4.566652e-07 0
1.084017e+00 2.492238e-07 0
1.104646e+00 1.645271e-07 0
1.104646e+00 2.487463e-07 0
1.104646e+00 2.487463e-07 0
1.104646e+00 1.645271e-07 0
1.114068e+00 2.221052e-08 0
1.114068e+00 1.429543e-08 0
1.114068e+00 1.429543e-08 0
1.114068e+00 2.221052e-08 0
1.118126e+00 -1.242175e-07 0
1.118126e+00 -1.826566e-07 0
1.118126e+00 -1.826566e-07 0
1.118126e+00 -1.242175e-07 0
1.119787e+00 -2.477447e-07 0
1.119787e+00 -3.299234e-07 0
1.119787e+00 -3.299234e-07 0
1.119787e+00 -2.477447e-07 0
1.120438e+00 -3.402104e-07 0
1.120438e+00 -4.299102e-07 0
1.120438e+00 -4.299102e-07 0
1.120438e+00 -3.402104e-07 0
1.120683e+00 -4.032693e-07 0
1.120683e+00 -4.939580e-07 0
1.120683e+00 -4.939580e-07 0
1.120683e+00 -4.032693e-07 0
1.120773e+00 -4.402678e-07 0
1.120773e+00 -5.264064e-07 0
1.120773e+00 -5.264064e-07 0
1.120773e+00 -4.402678e-07 0
1.120805e+00 -4.552410e-07 0
1.120805e+00 -5.330719e-07 0
1.120805e+00 -5.330719e-07 0
1.120805e+00 -4.552410e-07 0
1.120816e+00 -4.511282e-07 0
1.120816e+00 -5.174642e-07 0
1.120816e+00 -5.174642e-07 0
1.120816e+00 -4.511282e-07 0
1.120819e+00 -4.312486e-07 0
1.120819e+00 -4.836301e-07 0
1.120819e+00 -4.836301e-07 0
1.120819e+00 -4.312486e-07 0
1.120821e+00 -3.983842e-07 0
1.120821e+00 -4.349173e-07 0
1.120821e+00 -4.349173e-07 0
1.120821e+00 -3.983842e-07 0
1.120821e+00 -3.551570e-07 0
1.120821e+00 -3.742062e-07 0
1.120821e+00 -3.742062e-07 0
1.120821e+00 -3.551570e-07 0
1.120821e+00 -3.048481e-07 0
1.120821e+00 -3.053651e-07 0
1.120821e+00 -3.053651e-07 0
1.120821e+00 -3.048481e-07 0
1.120821e+00 -2.497239e-07 0
1.120821e+00 -2.312916e-07 0
1.120821e+00 -2.312916e-07 0
1.120821e+00 -2.497239e-07 0
1.120821e+00 -1.928222e-07 0
1.120821e+00 -1.555865e-07 0
1.120821e+00 -1.555865e-07 0
1.120821e+00 -1.928222e-07 0
1.120821e+00 -1.370020e-07 0
1.120821e+00 -8.171001e-08 0
1.120821e+00 -8.171001e-08 0
1.120821e+00 -1.370020e-07 0
1.120820e+00 -8.511035e-08 0
1.120820e+00 -1.309635e-08 0
1.120820e+00 -1.309635e-08 0
1.120820e+00 -8.511035e-08 0
1.120819e+00 -3.996076e-08 0
1.120819e+00 4.686934e-08 0
1.120819e+00 4.686934e-08 0
1.120819e+00 -3.996076e-08 0
1.120815e+00 -4.276516e-09 0
1.120815e+00 9.492424e-08 0
1.120815e+00 9.492424e-08 0
1.120815e+00 -4.276516e-09 0
1.120804e+00 1.919246e-08 0
1.120804e+00 1.275151e-07 0
1.120804e+00 1.275151e-07 0
1.120804e+00 1.919246e-08 0
1.120773e+00 2.624773e-08 0
1.120773e+00 1.431676e-07 0
1.120773e+00 1.431676e-07 0
1.120773e+00 2.624773e-08 0
1.120683e+00 1.472579e-08 0
1.120683e+00 1.335163e-07 0
1.120683e+00 1.335163e-07 0
1.120683e+00 1.472579e-08 0
1.120438e+00 -2.039508e-08 0
1.120438e+00 9.331103e-08 0
1.120438e+00 9.331103e-08 0
1.120438e+00 -2.039508e-08 0
1.119787e+00 -8.242450e-08 0
1.119787e+00 1.781601e-08 0
1.119787e+00 1.781601e-08 0
1.119787e+00 -8.242450e-08 0
1.118128e+00 -1.727002e-07 0
1.118128e+00 -1.017387e-07 0
1.118128e+00 -1.017387e-07 0
1.118128e+00 -1.727002e-07 0
1.114074e+00 -2.841311e-07 0
1.114074e+00 -2.684166e-07 0
1.114074e+00 -2.684166e-07 0
1.114074e+00 -2.841311e-07 0
1.104662e+00 -3.917300e-07 0
1.104662e+00 -4.670566e-07 0
1.104662e+00 -4.670566e-07 0
1.104662e+00 -3.917300e-07 0
1.084052e+00 -4.446119e-07 0
1.084052e+00 -6.282643e-07 0
1.084052e+00 -6.282643e-07 0
1.084052e+00 -4.446119e-07 0
1.041903e+00 -3.583451e-07 0
1.041903e+00 -6.011358e-07 0
1.041903e+00 -6.011358e-07 0
1.041903e+00 -3.583451e-07 0
9.623498e-01 -1.367112e-07 0
9.623508e-01 -3.545476e-08 0
9.623508e-01 -3.545476e-08 0
9.623498e-01 -1.367112e-07 0
8.255589e-01 -6.178506e-08 0
8.255598e-01 1.672211e-06 0
8.255598e-01 1.672211e-06 0
8.255589e-01 -6.178506e-08 0
6.169655e-01 3.075593e-08 0
6.169650e-01 1.767669e-06 0
6.169650e-01 1.767669e-06 0
6.169655e-01 3.075593e-08 0
3.348418e-01 9.963070e-08 0
3.348410e-01 5.331999e-07 0
3.348410e-01 5.331999e-07 0
3.348418e-01 9.963070e-08 0
-3.678812e-03 1.151078e-08 0
-3.678847e-03 4.548988e-08 0
-3.678804e-03 -1.129545e-08 0
-3.678799e-03 2.921529e-08 0
3.348413e-01 3.737361e-07 0
3.348420e-01 -1.161155e-07 0
3.348420e-01 -1.161155e-07 0
3.348413e-01 3.737361e-07 0
6.169803e-01 1.358972e-06 0
6.169809e-01 -7.379905e-08 0
6.169809e-01 -7.379905e-08 0
6.169803e-01 1.358972e-06 0
8.255601e-01 1.378337e-06 0
8.255594e-01 -1.659921e-08 0
8.255594e-01 -1.659921e-08 0
8.255601e-01 1.378337e-06 0
9.622703e-01 2.027966e-07 0
9.622696e-01 3.235544e-09 0
9.622696e-01 3.235544e-09 0
9.622703e-01 2.027966e-07 0
1.041842e+00 -5.427087e-08 0
1.041842e+00 2.016754e-07 0
1.041842e+00 2.016754e-07 0
1.041842e+00 -5.427087e-08 0
1.084017e+00 -6.298002e-08 0
1.084017e+00 2.492238e-07 0
1.084017e+00 2.492238e-07 0
1.084017e+00 -6.298002e-08 0
1.104646e+00 -3.120663e-08 0
1.104646e+00 1.645271e-07 0
1.104646e+00 1.645271e-07 0
1.104646e+00 -3.120663e-08 0
1.114068e+00 -6.410220e-08 0
1.114068e+00 2.221052e-08 0
1.114068e+00 2.221052e-08 0
1.114068e+00 -6.410220e-08 0
1.118126e+00 -1.357275e-07 0
1.118126e+00 -1.242175e-07 0
1.118126e+00 -1.242175e-07 0
1.118126e+00 -1.357275e-07 0
1.119787e+00 -2.157257e-07 0
1.119787e+00 -2.477447e-07 0
1.119787e+00 -2.477447e-07 0
1.119787e+00 -2.157257e-07 0
1.120438e+00 -2.868352e-07 0
1.120438e+00 -3.402104e-07 0
1.120438e+00 -3.402104e-07 0
1.120438e+00 -2.868352e-07 0
1.120684e+00 -3.407227e-07 0
1.120683e+00 -4.032693e-07 0
1.120683e+00 -4.032693e-07 0
1.120684e+00 -3.407227e-07 0
1.120773e+00 -3.769201e-07 0
1.120773e+00 -4.402678e-07 0
1.120773e+00 -4.402678e-07 0
1.120773e+00 -3.769201e-07 0
1.120805e+00 -3.964193e-07 0
1.120805e+00 -4.552410e-07 0
1.120805e+00 -4.552410e-07 0
1.120805e+00 -3.964193e-07 0
1.120816e+00 -4.006821e-07 0
1.120816e+00 -4.511282e-07 0
1.120816e+00 -4.511282e-07 0
1.120816e+00 -4.006821e-07 0
1.120819e+00 -3.919110e-07 0
1.120819e+00 -4.312486e-07 0
1.120819e+00 -4.312486e-07 0
1.120819e+00 -3.919110e-07 0
1.120821e+00 -3.722325e-07 0
1.120821e+00 -3.983842e-07 0
1.120821e+00 -3.983842e-07 0
1.120821e+00 -3.722325e-07 0
1.120821e+00 -3.437067e-07 0
1.120821e+00 -3.551570e-07 0
1.120821e+00 -3.551570e-07 0
1.120821e+00 -3.437067e-07 0
1.120821e+00 -3.089931e-07 0
1.120821e+00 -3.048481e-07 0
1.120821e+00 -3.048481e-07 0
1.120821e+00 -3.089931e-07 0
1.120821e+00 -2.699031e-07 0
1.120821e+00 -2.497239e-07 0
1.120821e+00 -2.497239e-07 0
1.120821e+00 -2.699031e-07 0
1.120821e+00 -2.288794e-07 0
1.120821e+00 -1.928222e-07 0
1.120821e+00 -1.928222e-07 0
1.120821e+00 -2.288794e-07 0
1.120821e+00 -1.882218e-07 0
1.120821e+00 -1.370020e-07 0
1.120821e+00 -1.370020e-07 0
1.120821e+00 -1.882218e-07 0
1.120820e+00 -1.502089e-07 0
1.120820e+00 -8.511035e-08 0
1.120820e+00 -8.511035e-08 0
1.120820e+00 -1.502089e-07 0
1.120819e+00 -1.171163e-07 0
1.120819e+00 -3.996076e-08 0
1.120819e+00 -3.996076e-08 0
1.120819e+00 -1.171163e-07 0
1.120815e+00 -9.102358e-08 0
1.120815e+00 -4.276516e-09 0
1.120815e+00 -4.276516e-09 0
1.120815e+00 -9.102358e-08 0
1.120804e+00 -7.444384e-08 0
1.120804e+00 1.919246e-08 0
1.120804e+00 1.919246e-08 0
1.120804e+00 -7.444384e-08 0
1.120773e+00 -6.967389e-08 0
1.120773e+00 2.624773e-08 0
1.120773e+00 2.624773e-08 0
1.120773e+00 -6.967389e-08 0
1.120683e+00 -7.779984e-08 0
1.120683e+00 1.472579e-08 0
1.120683e+00 1.472579e-08 0
1.120683e+00 -7.779984e-08 0
1.120438e+00 -9.971591e-08 0
1.120438e+00 -2.039508e-08 0
1.120438e+00 -2.039508e-08 0
1.120438e+00 -9.971591e-08 0
1.119787e+00 -1.341362e-07 0
1.119787e+00 -8.242450e-08 0
1.119787e+00 -8.242450e-08 0
1.119787e+00 -1.341362e-07 0
1.118128e+00 -1.741022e-07 0
1.118128e+00 -1.727002e-07 0
1.118128e+00 -1.727002e-07 0
1.118128e+00 -1.741022e-07 0
1.114074e+00 -2.032767e-07 0
1.114074e+00 -2.841311e-07 0
1.114074e+00 -2.841311e-07 0
1.114074e+00 -2.032767e-07 0
1.104662e+00 -1.961934e-07 0
1.104662e+00 -3.917300e-07 0
1.104662e+00 -3.917300e-07 0
1.104662e+00 -1.961934e-07 0
1.084052e+00 -1.449289e-07 0
1.084052e+00 -4.446119e-07 0
1.084052e+00 -4.446119e-07 0
1.084052e+00 -1.449289e-07 0
1.041903e+00 -1.055716e-07 0
1.041903e+00 -3.583451e-07 0
1.041903e+00 -3.583451e-07 0
1.041903e+00 -1.055716e-07 0
9.623505e-01 -3.483621e-07 0
9.623498e-01 -1.367112e-07 0
9.623498e-01 -1.367112e-07 0
9.623505e-01 -3.483621e-07 0
8.255596e-01 -1.483973e-06 0
8.255589e-01 -6.178506e-08 0
8.255589e-01 -6.178506e-08 0
8.255596e-01 -1.483973e-06 0
6.169648e-01 -1.428283e-06 0
6.169655e-01 3.075593e-08 0
6.169655e-01 3.075593e-08 0
6.169648e-01 -1.428283e-06 0
3.348411e-01 -3.998304e-07 0
3.348418e-01 9.963070e-08 0
3.348418e-01 9.963070e-08 0
3.348411e-01 -3.998304e-07 0
-3.678807e-03 -2.956423e-08 0
-3.678812e-03 1.151078e-08 0

CELL_DATA 3200
SCALARS p FLOAT
LOOKUP_TABLE default
5.636574e+01
5.603747e+01
5.572617e+01
5.550204e+01
5.541972e+01
5.544106e+01
5.555494e+01
5.573034e+01
5.594015e+01
5.616395e+01
5.638820e+01
5.660376e+01
5.680444e+01
5.698619e+01
5.714609e+01
5.728196e+01
5.739234e+01
5.747614e+01
5.753252e+01
5.756081e+01
5.756075e+01
5.753235e+01
5.747596e+01
5.739218e+01
5.728176e+01
5.714578e+01
5.698590e+01
5.680415e+01
5.660340e+01
5.638773e+01
5.616330e+01
5.593927e+01
5.572916e+01
5.555321e+01
5.543813e+01
5.541214e+01
5.551202e+01
5.572352e+01
5.603742e+01
5.636570e+01
5.651573e+01
5.618623e+01
5.590938e+01
5.569645e+01
5.557455e+01
5.553887e+01
5.557972e+01
5.567808e+01
5.581517e+01
5.597436e+01
5.614297e+01
5.631159e+01
5.647322e+01
5.662276e+01
5.675649e+01
5.687147e+01
5.696563e+01
5.703775e+01
5.708650e+01
5.711088e+01
5.711082e+01
5.708626e+01
5.703754e+01
5.696553e+01
5.687134e+01
5.675606e+01
5.662243e+01
5.647296e+01
5.631120e+01
5.614256e+01
5.597384e+01
5.581429e+01
5.567710e+01
5.557841e+01
5.553722e+01
5.557260e+01
5.569763e+01
5.590914e+01
5.618577e+01
5.651496e+01
5.666931e+01
5.629718e+01
5.601819e+01
5.580459e+01
5.566468e+01
5.559662e+01
5.559183e+01
5.563807e+01
5.572277e+01
5.583219e+01
5.595564e+01
5.608468e+01
5.621227e+01
5.633306e+01
5.644290e+01
5.653868e+01
5.661799e+01
5.667875e+01
5.671996e+01
5.674089e+01
5.674088e+01
5.672000e+01
5.667873e+01
5.661777e+01
5.653838e+01
5.644280e+01
5.633283e+01
5.621190e+01
5.608433e+01
5.595525e+01
5.583160e+01
5.572217e+01
5.563727e+01
5.559087e+01
5.559548e+01
5.566384e+01
5.580437e+01
5.601755e+01
5.629627e+01
5.667170e+01
5.675867e+01
5.634727e+01
5.605445e+01
5.583189e+01
5.567622e+01
5.558254e+01
5.554342e+01
5.554934e+01
5.559144e+01
5.565935e+01
5.574353e+01
5.583668e+01
5.593256e+01
5.602587e+01
5.611228e+01
5.618880e+01
5.625279e+01
5.630229e+01
5.633621e+01
5.635327e+01
5.635323e+01
5.633610e+01
5.630230e+01
5.625266e+01
5.618853e+01
5.611210e+01
5.602559e+01
5.593232e+01
5.583650e+01
5.574317e+01
5.565893e+01
5.559091e+01
5.554868e+01
5.554267e+01
5.558180e+01
5.567563e+01
5.583148e+01
5.605333e+01
5.634355e+01
5.674584e+01
5.670585e+01
5.630895e+01
5.601708e+01
5.579206e+01
5.562695e+01
5.551602e+01
5.545294e+01
5.543003e+01
5.544025e+01
5.547623e+01
5.552925e+01
5.559322e+01
5.566233e+01
5.573191e+01
5.579807e+01
5.585764e+01
5.590809e+01
5.594751e+01
5.597444e+01
5.598819e+01
5.598822e+01
5.597445e+01
5.594742e+01
5.590799e+01
5.585755e+01
5.579796e+01
5.573176e+01
5.566217e+01
5.559296e+01
5.552893e+01
5.547592e+01
5.543985e+01
5.542959e+01
5.545250e+01
5.551552e+01
5.562647e+01
5.579179e+01
5.601719e+01
5.631030e+01
5.670971e+01
5.655411e+01
5.618491e+01
5.590493e+01
5.568528e+01
5.551822e+01
5.539863e+01
5.532056e+01
5.527799e+01
5.526507e+01
5.527655e+01
5.530461e+01
5.534459e+01
5.539148e+01
5.544099e+01
5.548959e+01
5.553431e+01
5.557276e+01
5.560315e+01
5.562408e+01
5.563478e+01
5.563477e+01
5.562408e+01
5.560310e+01
5.557270e+01
5.553425e+01
5.548951e+01
5.544087e+01
5.539129e+01
5.534435e+01
5.530435e+01
5.527626e+01
5.526477e+01
5.527768e+01
5.532026e+01
5.539843e+01
5.551828e+01
5.568551e+01
5.590564e+01
5.618640e+01
5.655807e+01
5.630625e+01
5.598077e+01
5.572462e+01
5.551806e+01
5.535588e+01
5.523360e+01
5.514707e+01
5.509170e+01
5.506266e+01
5.505596e+01
5.506516e+01
5.508640e+01
5.511542e+01
5.514852e+01
5.518255e+01
5.521481e+01
5.524312e+01
5.526580e+01
5.528151e+01
5.528960e+01
5.528961e+01
5.528152e+01
5.526574e+01
5.524308e+01
5.521479e+01
5.518250e+01
5.514843e+01
5.511528e+01
5.508620e+01
5.506497e+01
5.505578e+01
5.506251e+01
5.509160e+01
5.514705e+01
5.523370e+01
5.535615e+01
5.551853e+01
5.572550e+01
5.598235e+01
5.630864e+01
5.599058e+01
5.571457e+01
5.548817e+01
5.529998e+01
5.514718e+01
5.502763e+01
5.493817e+01
5.487552e+01
5.483587e+01
5.481606e+01
5.481140e+01
5.481832e+01
5.483330e+01
5.485322e+01
5.487535e+01
5.489729e+01
5.491712e+01
5.493331e+01
5.494469e+01
5.495057e+01
5.495057e+01
5.494469e+01
5.493328e+01
5.491710e+01
5.489727e+01
5.487531e+01
5.485316e+01
5.483320e+01
5.481818e+01
5.481128e+01
5.481594e+01
5.483577e+01
5.487545e+01
5.493818e+01
5.502776e+01
5.514752e+01
5.530050e+01
5.548905e+01
5.571569e+01
5.599227e+01
5.563248e+01
5.540337e+01
5.520833e+01
5.504087e+01
5.490106e+01
5.478775e+01
5.469927e+01
5.463343e+01
5.458744e+01
5.455880e+01
5.454414e+01
5.454031e+01
5.454448e+01
5.455405e+01
5.456665e+01
5.458025e+01
5.459315e+01
5.460401e+01
5.461178e+01
5.461583e+01
5.461583e+01
5.461178e+01
5.460399e+01
5.459314e+01
5.458023e+01
5.456662e+01
5.455401e+01
5.454442e+01
5.454023e+01
5.454408e+01
5.455875e+01
5.458742e+01
5.463345e+01
5.469936e+01
5.478796e+01
5.490145e+01
5.504153e+01
5.520918e+01
5.540458e+01
5.563384e+01
5.524996e+01
5.506198e+01
5.489664e+01
5.475057e+01
5.462505e+01
5.452014e+01
5.443531e+01
5.436930e+01
5.432018e+01
5.428605e+01
5.426449e+01
5.425285e+01
5.424892e+01
5.425052e+01
5.425568e+01
5.426266e+01
5.427001e+01
5.427655e+01
5.428139e+01
5.428395e+01
5.428395e+01
5.428139e+01
5.427654e+01
5.427000e+01
5.426265e+01
5.425565e+01
5.425049e+01
5.424889e+01
5.425282e+01
5.426448e+01
5.428607e+01
5.432025e+01
5.436942e+01
5.443552e+01
5.452045e+01
5.462547e+01
5.475115e+01
5.489735e+01
5.506283e+01
5.525102e+01
5.485475e+01
5.470124e+01
5.456238e+01
5.443648e+01
5.432533e+01
5.423002e+01
5.415063e+01
5.408661e+01
5.403677e+01
5.399970e+01
5.397374e+01
5.395670e+01
5.394690e+01
5.394255e+01
5.394202e+01
5.394386e+01
5.394684e+01
5.394997e+01
5.395247e+01
5.395385e+01
5.395385e+01
5.395247e+01
5.394997e+01
5.394684e+01
5.394386e+01
5.394201e+01
5.394255e+01
5.394690e+01
5.395671e+01
5.397376e+01
5.399976e+01
5.403688e+01
5.408678e+01
5.415087e+01
5.423035e+01
5.432576e+01
5.443696e+01
5.456303e+01
5.470188e+01
5.485558e+01
5.445405e+01
5.432880e+01
5.421269e+01
5.410474e+01
5.400750e+01
5.392210e+01
5.384913e+01
5.378854e+01
5.373967e+01
5.370157e+01
5.367311e+01
5.365261e+01
5.363874e+01
5.363009e+01
5.362534e+01
5.362330e+01
5.362293e+01
5.362341e+01
5.362409e+01
5.362453e+01
5.362454e+01
5.362409e+01
5.362342e+01
5.362294e+01
5.362330e+01
5.362535e+01
5.363011e+01
5.363876e+01
5.365263e+01
5.367316e+01
5.370165e+01
5.373978e+01
5.378869e+01
5.384934e+01
5.392238e+01
5.400788e+01
5.410522e+01
5.421323e+01
5.432950e+01
5.445473e+01
5.405202e+01
5.394946e+01
5.385278e+01
5.376099e+01
5.367634e+01
5.360050e+01
5.353425e+01
5.347787e+01
5.343110e+01
5.339333e+01
5.336382e+01
5.334131e+01
5.332481e+01
5.331319e+01
5.330542e+01
5.330051e+01
5.329765e+01
5.329613e+01
5.329542e+01
5.329515e+01
5.329515e+01
5.329542e+01
5.329614e+01
5.329766e+01
5.330052e+01
5.330543e+01
5.331322e+01
5.332484e+01
5.334136e+01
5.336389e+01
5.339343e+01
5.343123e+01
5.347804e+01
5.353447e+01
5.360077e+01
5.367668e+01
5.376140e+01
5.385326e+01
5.394997e+01
5.405255e+01
5.365105e+01
5.356692e+01
5.348630e+01
5.340834e+01
5.333511e+01
5.326828e+01
5.320874e+01
5.315698e+01
5.311301e+01
5.307651e+01
5.304702e+01
5.302362e+01
5.300560e+01
5.299208e+01
5.298225e+01
5.297534e+01
5.297068e+01
5.296770e+01
5.296596e+01
5.296516e+01
5.296516e+01
5.296596e+01
5.296771e+01
5.297069e+01
5.297536e+01
5.298227e+01
5.299211e+01
5.300564e+01
5.302369e+01
5.304710e+01
5.307662e+01
5.311314e+01
5.315715e+01
5.320895e+01
5.326853e+01
5.333542e+01
5.340870e+01
5.348670e+01
5.356734e+01
5.365148e+01
5.325236e+01
5.318335e+01
5.311581e+01
5.304948e+01
5.298652e+01
5.292796e+01
5.287486e+01
5.282783e+01
5.278706e+01
5.275245e+01
5.272373e+01
5.270030e+01
5.268161e+01
5.266702e+01
5.265591e+01
5.264767e+01
5.264178e+01
5.263777e+01
5.263530e+01
5.263413e+01
5.263413e+01
5.263531e+01
5.263779e+01
5.264180e+01
5.264770e+01
5.265594e+01
5.266707e+01
5.268166e+01
5.270037e+01
5.272382e+01
5.275256e+01
5.278720e+01
5.282799e+01
5.287506e+01
5.292819e+01
5.298680e+01
5.304983e+01
5.311614e+01
5.318370e+01
5.325271e+01
5.285646e+01
5.279943e+01
5.274309e+01
5.268697e+01
5.263270e+01
5.258154e+01
5.253446e+01
5.249207e+01
5.245469e+01
5.242234e+01
5.239492e+01
5.237204e+01
5.235333e+01
5.233831e+01
5.232651e+01
5.231748e+01
5.231081e+01
5.230614e+01
5.230318e+01
5.230175e+01
5.230175e+01
5.230319e+01
5.230615e+01
5.231083e+01
5.231751e+01
5.232655e+01
5.233835e+01
5.235339e+01
5.237212e+01
5.239501e+01
5.242246e+01
5.245482e+01
5.249223e+01
5.253465e+01
5.258176e+01
5.263295e+01
5.268734e+01
5.274338e+01
5.279972e+01
5.285674e+01
5.246361e+01
5.241622e+01
5.236934e+01
5.232195e+01
5.227514e+01
5.223058e+01
5.218902e+01
5.215106e+01
5.211707e+01
5.208719e+01
5.206140e+01
5.203949e+01
5.202121e+01
5.200623e+01
5.199421e+01
5.198481e+01
5.197771e+01
5.197265e+01
5.196940e+01
5.196782e+01
5.196782e+01
5.196941e+01
5.197267e+01
5.197774e+01
5.198484e+01
5.199425e+01
5.200628e+01
5.202127e+01
5.203957e+01
5.206149e+01
5.208730e+01
5.211720e+01
5.215121e+01
5.218919e+01
5.223077e+01
5.227531e+01
5.232187e+01
5.236955e+01
5.241645e+01
5.246383e+01
5.207391e+01
5.203491e+01
5.199533e+01
5.195490e+01
5.191494e+01
5.187625e+01
5.183970e+01
5.180589e+01
5.177520e+01
5.174785e+01
5.172388e+01
5.170321e+01
5.168569e+01
5.167110e+01
5.165920e+01
5.164974e+01
5.164250e+01
5.163726e+01
5.163387e+01
5.163221e+01
5.163221e+01
5.163388e+01
5.163728e+01
5.164252e+01
5.164977e+01
5.165923e+01
5.167114e+01
5.168575e+01
5.170329e+01
5.172397e+01
5.174795e+01
5.177533e+01
5.180603e+01
5.183986e+01
5.187643e+01
5.191515e+01
5.195524e+01
5.199556e+01
5.203512e+01
5.207411e+01
5.168717e+01
5.165465e+01
5.162161e+01
5.158744e+01
5.155305e+01
5.151949e+01
5.148743e+01
5.145744e+01
5.142990e+01
5.140504e+01
5.138298e+01
5.136372e+01
5.134717e+01
5.133320e+01
5.132167e+01
5.131239e+01
5.130521e+01
5.129997e+01
5.129655e+01
5.129486e+01
5.129486e+01
5.129656e+01
5.129999e+01
5.130523e+01
5.131243e+01
5.132171e+01
5.133325e+01
5.134723e+01
5.136379e+01
5.138307e+01
5.140514e+01
5.143002e+01
5.145757e+01
5.148758e+01
5.151965e+01
5.155323e+01
5.158763e+01
5.162182e+01
5.165485e+01
5.168736e+01
5.130331e+01
5.127650e+01
5.124853e+01
5.121934e+01
5.119003e+01
5.116099e+01
5.113295e+01
5.110643e+01
5.108183e+01
5.105938e+01
5.103924e+01
5.102146e+01
5.100601e+01
5.099283e+01
5.098184e+01
5.097291e+01
5.096593e+01
5.096081e+01
5.095744e+01
5.095578e+01
5.095578e+01
5.095745e+01
5.096082e+01
5.096596e+01
5.097294e+01
5.098188e+01
5.099289e+01
5.100607e+01
5.102153e+01
5.103933e+01
5.105948e+01
5.108194e+01
5.110656e+01
5.113308e+01
5.116114e+01
5.119019e+01
5.121955e+01
5.124871e+01
5.127667e+01
5.130349e+01
5.092207e+01
5.089952e+01
5.087631e+01
5.085168e+01
5.082646e+01
5.080131e+01
5.077681e+01
5.075344e+01
5.073155e+01
5.071138e+01
5.069311e+01
5.067682e+01
5.066254e+01
5.065024e+01
5.063989e+01
5.063142e+01
5.062476e+01
5.061984e+01
5.061659e+01
5.061498e+01
5.061498e+01
5.061660e+01
5.061986e+01
5.062479e+01
5.063146e+01
5.063994e+01
5.065029e+01
5.066260e+01
5.067689e+01
5.069319e+01
5.071147e+01
5.073165e+01
5.075356e+01
5.077695e+01
5.080145e+01
5.082661e+01
5.085190e+01
5.087647e+01
5.089975e+01
5.092224e+01
5.054337e+01
5.052484e+01
5.050506e+01
5.048415e+01
5.046250e+01
5.044078e+01
5.041943e+01
5.039889e+01
5.037948e+01
5.036144e+01
5.034497e+01
5.033015e+01
5.031706e+01
5.030570e+01
5.029607e+01
5.028813e+01
5.028185e+01
5.027719e+01
5.027411e+01
5.027257e+01
5.027258e+01
5.027412e+01
5.027721e+01
5.028188e+01
5.028816e+01
5.029611e+01
5.030575e+01
5.031712e+01
5.033022e+01
5.034505e+01
5.036153e+01
5.037958e+01
5.039900e+01
5.041955e+01
5.044090e+01
5.046261e+01
5.048414e+01
5.050517e+01
5.052481e+01
5.054348e+01
5.016686e+01
5.015124e+01
5.013480e+01
5.011707e+01
5.009853e+01
5.007977e+01
5.006119e+01
5.004316e+01
5.002600e+01
5.000993e+01
4.999514e+01
4.998174e+01
4.996982e+01
4.995940e+01
4.995051e+01
4.994315e+01
4.993730e+01
4.993293e+01
4.993004e+01
4.992859e+01
4.992860e+01
4.993005e+01
4.993295e+01
4.993732e+01
4.994318e+01
4.995055e+01
4.995945e+01
4.996987e+01
4.998181e+01
4.999522e+01
5.001002e+01
5.002609e+01
5.004327e+01
5.006130e+01
5.007989e+01
5.009866e+01
5.011721e+01
5.013494e+01
5.015145e+01
5.016700e+01
4.979242e+01
4.977940e+01
4.976559e+01
4.975051e+01
4.973464e+01
4.971845e+01
4.970230e+01
4.968653e+01
4.967139e+01
4.965713e+01
4.964391e+01
4.963186e+01
4.962106e+01
4.961157e+01
4.960344e+01
4.959666e+01
4.959125e+01
4.958721e+01
4.958452e+01
4.958318e+01
4.958318e+01
4.958453e+01
4.958722e+01
4.959128e+01
4.959669e+01
4.960347e+01
4.961162e+01
4.962111e+01
4.963192e+01
4.964398e+01
4.965721e+01
4.967148e+01
4.968662e+01
4.970240e+01
4.971856e+01
4.973476e+01
4.975067e+01
4.976571e+01
4.977960e+01
4.979256e+01
4.941988e+01
4.940923e+01
4.939736e+01
4.938443e+01
4.937096e+01
4.935702e+01
4.934300e+01
4.932921e+01
4.931590e+01
4.930328e+01
4.929150e+01
4.928070e+01
4.927097e+01
4.926238e+01
4.925498e+01
4.924879e+01
4.924383e+01
4.924011e+01
4.923763e+01
4.923640e+01
4.923640e+01
4.923764e+01
4.924013e+01
4.924386e+01
4.924882e+01
4.925502e+01
4.926243e+01
4.927102e+01
4.928076e+01
4.929157e+01
4.930335e+01
4.931598e+01
4.932930e+01
4.934309e+01
4.935712e+01
4.937106e+01
4.938454e+01
4.939746e+01
4.940918e+01
4.941998e+01
4.904895e+01
4.903981e+01
4.903012e+01
4.901925e+01
4.900762e+01
4.899559e+01
4.898343e+01
4.897139e+01
4.895971e+01
4.894856e+01
4.893811e+01
4.892847e+01
4.891974e+01
4.891201e+01
4.890531e+01
4.889969e+01
4.889517e+01
4.889177e+01
4.888950e+01
4.888837e+01
4.888837e+01
4.888951e+01
4.889179e+01
4.889519e+01
4.889971e+01
4.890534e+01
4.891205e+01
4.891979e+01
4.892852e+01
4.893817e+01
4.894863e+01
4.895978e+01
4.897147e+01
4.898351e+01
4.899568e+01
4.900772e+01
4.901942e+01
4.903023e+01
4.904007e+01
4.904907e+01
4.867959e+01
4.867223e+01
4.866378e+01
4.865456e+01
4.864459e+01
4.863423e+01
4.862369e+01
4.861321e+01
4.860297e+01
4.859315e+01
4.858389e+01
4.857532e+01
4.856752e+01
4.856058e+01
4.855455e+01
4.854947e+01
4.854538e+01
4.854229e+01
4.854023e+01
4.853920e+01
4.853920e+01
4.854024e+01
4.854231e+01
4.854540e+01
4.854950e+01
4.855458e+01
4.856062e+01
4.856757e+01
4.857537e+01
4.858395e+01
4.859321e+01
4.860304e+01
4.861328e+01
4.862377e+01
4.863431e+01
4.864466e+01
4.865450e+01
4.866385e+01
4.867216e+01
4.867966e+01
4.831150e+01
4.830517e+01
4.829827e+01
4.829042e+01
4.828192e+01
4.827301e+01
4.826388e+01
4.825476e+01
4.824580e+01
4.823717e+01
4.822899e+01
4.822139e+01
4.821445e+01
4.820824e+01
4.820283e+01
4.819827e+01
4.819458e+01
4.819179e+01
4.818993e+01
4.818899e+01
4.818899e+01
4.818993e+01
4.819180e+01
4.819460e+01
4.819829e+01
4.820286e+01
4.820828e+01
4.821449e+01
4.822144e+01
4.822905e+01
4.823722e+01
4.824586e+01
4.825482e+01
4.826396e+01
4.827309e+01
4.828201e+01
4.829056e+01
4.829837e+01
4.830534e+01
4.831160e+01
4.794463e+01
4.793934e+01
4.793355e+01
4.792695e+01
4.791961e+01
4.791194e+01
4.790405e+01
4.789611e+01
4.788829e+01
4.788072e+01
4.787352e+01
4.786679e+01
4.786063e+01
4.785511e+01
4.785027e+01
4.784619e+01
4.784288e+01
4.784037e+01
4.783869e+01
4.783785e+01
4.783785e+01
4.783870e+01
4.784038e+01
4.784289e+01
4.784621e+01
4.785030e+01
4.785514e+01
4.786067e+01
4.786684e+01
4.787357e+01
4.788077e+01
4.788835e+01
4.789618e+01
4.790411e+01
4.791201e+01
4.791969e+01
4.792701e+01
4.793364e+01
4.793951e+01
4.794472e+01
4.757884e+01
4.757464e+01
4.756952e+01
4.756371e+01
4.755763e+01
4.755105e+01
4.754424e+01
4.753735e+01
4.753053e+01
4.752390e+01
4.751757e+01
4.751163e+01
4.750618e+01
4.750127e+01
4.749697e+01
4.749332e+01
4.749036e+01
4.748812e+01
4.748662e+01
4.748586e+01
4.748586e+01
4.748662e+01
4.748813e+01
4.749038e+01
4.749335e+01
4.749700e+01
4.750130e+01
4.750622e+01
4.751168e+01
4.751761e+01
4.752395e+01
4.753058e+01
4.753741e+01
4.754430e+01
4.755112e+01
4.755770e+01
4.756382e+01
4.756959e+01
4.757456e+01
4.757891e+01
4.721394e+01
4.721018e+01
4.720617e+01
4.720138e+01
4.719605e+01
4.719038e+01
4.718449e+01
4.717851e+01
4.717257e+01
4.716677e+01
4.716122e+01
4.715599e+01
4.715118e+01
4.714683e+01
4.714302e+01
4.713977e+01
4.713713e+01
4.713513e+01
4.713379e+01
4.713312e+01
4.713312e+01
4.713380e+01
4.713514e+01
4.713715e+01
4.713979e+01
4.714304e+01
4.714686e+01
4.715121e+01
4.715603e+01
4.716126e+01
4.716682e+01
4.717262e+01
4.717857e+01
4.718454e+01
4.719044e+01
4.719612e+01
4.720151e+01
4.720624e+01
4.721040e+01
4.721403e+01
4.684993e+01
4.684706e+01
4.684339e+01
4.683934e+01
4.683477e+01
4.682990e+01
4.682481e+01
4.681963e+01
4.681446e+01
4.680940e+01
4.680454e+01
4.679995e+01
4.679570e+01
4.679187e+01
4.678849e+01
4.678561e+01
4.678327e+01
4.678149e+01
4.678029e+01
4.677969e+01
4.677969e+01
4.678030e+01
4.678150e+01
4.678328e+01
4.678563e+01
4.678851e+01
4.679189e+01
4.679574e+01
4.679998e+01
4.680458e+01
4.680944e+01
4.681451e+01
4.681968e+01
4.682486e+01
4.682995e+01
4.683480e+01
4.683924e+01
4.684343e+01
4.684695e+01
4.684997e+01
4.648659e+01
4.648400e+01
4.648113e+01
4.647767e+01
4.647379e+01
4.646961e+01
4.646523e+01
4.646074e+01
4.645625e+01
4.645183e+01
4.644758e+01
4.644355e+01
4.643982e+01
4.643644e+01
4.643346e+01
4.643091e+01
4.642883e+01
4.642726e+01
4.642620e+01
4.642566e+01
4.642566e+01
4.642620e+01
4.642727e+01
4.642885e+01
4.643093e+01
4.643348e+01
4.643647e+01
4.643985e+01
4.644359e+01
4.644761e+01
4.645187e+01
4.645629e+01
4.646079e+01
4.646527e+01
4.646966e+01
4.647385e+01
4.647777e+01
4.648119e+01
4.648414e+01
4.648665e+01
4.612391e+01
4.612175e+01
4.611934e+01
4.611647e+01
4.611309e+01
4.610950e+01
4.610573e+01
4.610185e+01
4.609795e+01
4.609410e+01
4.609039e+01
4.608687e+01
4.608359e+01
4.608062e+01
4.607799e+01
4.607574e+01
4.607391e+01
4.607251e+01
4.607157e+01
4.607110e+01
4.607110e+01
4.607158e+01
4.607252e+01
4.607392e+01
4.607576e+01
4.607801e+01
4.608064e+01
4.608362e+01
4.608690e+01
4.609042e+01
4.609414e+01
4.609799e+01
4.610189e+01
4.610577e+01
4.610955e+01
4.611314e+01
4.611651e+01
4.611940e+01
4.612188e+01
4.612398e+01
4.576183e+01
4.576024e+01
4.575797e+01
4.575533e+01
4.575263e+01
4.574957e+01
4.574632e+01
4.574297e+01
4.573959e+01
4.573625e+01
4.573301e+01
4.572993e+01
4.572706e+01
4.572445e+01
4.572214e+01
4.572016e+01
4.571854e+01
4.571731e+01
4.571648e+01
4.571606e+01
4.571607e+01
4.571649e+01
4.571732e+01
4.571855e+01
4.572017e+01
4.572216e+01
4.572447e+01
4.572708e+01
4.572996e+01
4.573304e+01
4.573628e+01
4.573963e+01
4.574301e+01
4.574636e+01
4.574962e+01
4.575268e+01
4.575540e+01
4.575801e+01
4.576012e+01
4.576186e+01
4.540020e+01
4.539868e+01
4.539699e+01
4.539488e+01
4.539246e+01
4.538982e+01
4.538702e+01
4.538412e+01
4.538119e+01
4.537829e+01
4.537547e+01
4.537278e+01
4.537027e+01
4.536798e+01
4.536595e+01
4.536421e+01
4.536279e+01
4.536171e+01
4.536098e+01
4.536061e+01
4.536061e+01
4.536098e+01
4.536172e+01
4.536280e+01
4.536423e+01
4.536597e+01
4.536800e+01
4.537029e+01
4.537280e+01
4.537549e+01
4.537832e+01
4.538123e+01
4.538416e+01
4.538706e+01
4.538986e+01
4.539250e+01
4.539495e+01
4.539704e+01
4.539880e+01
4.540025e+01
4.503904e+01
4.503793e+01
4.503633e+01
4.503449e+01
4.503247e+01
4.503021e+01
4.502780e+01
4.502530e+01
4.502277e+01
4.502025e+01
4.501779e+01
4.501545e+01
4.501325e+01
4.501125e+01
4.500948e+01
4.500795e+01
4.500670e+01
4.500575e+01
4.500511e+01
4.500479e+01
4.500479e+01
4.500511e+01
4.500576e+01
4.500671e+01
4.500796e+01
4.500949e+01
4.501127e+01
4.501328e+01
4.501547e+01
4.501782e+01
4.502027e+01
4.502280e+01
4.502534e+01
4.502784e+01
4.503025e+01
4.503251e+01
4.503447e+01
4.503638e+01
4.503798e+01
4.503909e+01
4.467822e+01
4.467699e+01
4.467598e+01
4.467463e+01
4.467270e+01
4.467075e+01
4.466868e+01
4.466652e+01
4.466432e+01
4.466214e+01
4.466000e+01
4.465796e+01
4.465605e+01
4.465430e+01
4.465275e+01
4.465141e+01
4.465032e+01
4.464948e+01
4.464892e+01
4.464864e+01
4.464864e+01
4.464892e+01
4.464949e+01
4.465033e+01
4.465143e+01
4.465276e+01
4.465432e+01
4.465607e+01
4.465798e+01
4.466003e+01
4.466216e+01
4.466435e+01
4.466655e+01
4.466871e+01
4.467078e+01
4.467274e+01
4.467473e+01
4.467601e+01
4.467702e+01
4.467825e+01
4.431779e+01
4.431704e+01
4.431586e+01
4.431451e+01
4.431306e+01
4.431141e+01
4.430963e+01
4.430777e+01
4.430587e+01
4.430398e+01
4.430212e+01
4.430035e+01
4.429868e+01
4.429716e+01
4.429580e+01
4.429463e+01
4.429368e+01
4.429295e+01
4.429245e+01
4.429220e+01
4.429220e+01
4.429246e+01
4.429295e+01
4.429369e+01
4.429465e+01
4.429582e+01
4.429717e+01
4.429870e+01
4.430037e+01
4.430215e+01
4.430400e+01
4.430589e+01
4.430779e+01
4.430966e+01
4.431144e+01
4.431310e+01
4.431448e+01
4.431590e+01
4.431707e+01
4.431781e+01
4.395760e+01
4.395700e+01
4.395599e+01
4.395473e+01
4.395360e+01
4.395219e+01
4.395065e+01
4.394905e+01
4.394741e+01
4.394577e+01
4.394417e+01
4.394263e+01
4.394118e+01
4.393985e+01
4.393866e+01
4.393765e+01
4.393681e+01
4.393617e+01
4.393574e+01
4.393552e+01
4.393552e+01
4.393574e+01
4.393617e+01
4.393682e+01
4.393766e+01
4.393868e+01
4.393986e+01
4.394119e+01
4.394264e+01
4.394419e+01
4.394579e+01
4.394744e+01
4.394907e+01
4.395068e+01
4.395221e+01
4.395363e+01
4.395479e+01
4.395601e+01
4.395702e+01
4.395762e+01
4.359763e+01
4.359683e+01
4.359631e+01
4.359562e+01
4.359430e+01
4.359306e+01
4.359175e+01
4.359037e+01
4.358896e+01
4.358754e+01
4.358615e+01
4.358481e+01
4.358355e+01
4.358239e+01
4.358136e+01
4.358047e+01
4.357974e+01
4.357918e+01
4.357881e+01
4.357862e+01
4.357862e+01
4.357881e+01
4.357919e+01
4.357975e+01
4.358048e+01
4.358137e+01
4.358241e+01
4.358356e+01
4.358482e+01
4.358616e+01
4.358756e+01
4.358898e+01
4.359039e+01
4.359177e+01
4.359309e+01
4.359432e+01
4.359564e+01
4.359633e+01
4.359685e+01
4.359765e+01
4.323795e+01
4.323766e+01
4.323680e+01
4.323578e+01
4.323507e+01
4.323404e+01
4.323291e+01
4.323172e+01
4.323050e+01
4.322928e+01
4.322807e+01
4.322691e+01
4.322582e+01
4.322481e+01
4.322392e+01
4.322314e+01
4.322251e+01
4.322202e+01
4.322169e+01
4.322153e+01
4.322153e+01
4.322169e+01
4.322202e+01
4.322251e+01
4.322315e+01
4.322393e+01
4.322483e+01
4.322583e+01
4.322693e+01
4.322809e+01
4.322929e+01
4.323052e+01
4.323174e+01
4.323293e+01
4.323406e+01
4.323509e+01
4.323580e+01
4.323682e+01
4.323768e+01
4.323797e+01
4.287836e+01
4.287774e+01
4.287745e+01
4.287702e+01
4.287600e+01
4.287509e+01
4.287412e+01
4.287310e+01
4.287205e+01
4.287099e+01
4.286995e+01
4.286895e+01
4.286800e+01
4.286713e+01
4.286635e+01
4.286567e+01
4.286512e+01
4.286470e+01
4.286441e+01
4.286427e+01
4.286427e+01
4.286441e+01
4.286470e+01
4.286513e+01
4.286568e+01
4.286636e+01
4.286714e+01
4.286801e+01
4.286896e+01
4.286997e+01
4.287101e+01
4.287207e+01
4.287312e+01
4.287414e+01
4.287511e+01
4.287601e+01
4.287703e+01
4.287747e+01
4.287776e+01
4.287838e+01
4.251902e+01
4.251879e+01
4.251822e+01
4.251754e+01
4.251697e+01
4.251622e+01
4.251539e+01
4.251451e+01
4.251361e+01
4.251269e+01
4.251179e+01
4.251093e+01
4.251010e+01
4.250935e+01
4.250867e+01
4.250809e+01
4.250761e+01
4.250724e+01
4.250699e+01
4.250686e+01
4.250686e+01
4.250699e+01
4.250724e+01
4.250761e+01
4.250809e+01
4.250868e+01
4.250936e+01
4.251012e+01
4.251094e+01
4.251181e+01
4.251271e+01
4.251362e+01
4.251453e+01
4.251541e+01
4.251624e+01
4.251699e+01
4.251755e+01
4.251824e+01
4.251880e+01
4.251903e+01
4.215977e+01
4.215949e+01
4.215912e+01
4.215863e+01
4.215806e+01
4.215741e+01
4.215670e+01
4.215595e+01
4.215517e+01
4.215438e+01
4.215361e+01
4.215286e+01
4.215214e+01
4.215149e+01
4.215090e+01
4.215040e+01
4.214998e+01
4.214966e+01
4.214944e+01
4.214933e+01
4.214933e+01
4.214944e+01
4.214966e+01
4.214998e+01
4.215040e+01
4.215091e+01
4.215150e+01
4.215216e+01
4.215287e+01
4.215362e+01
4.215440e+01
4.215518e+01
4.215596e+01
4.215672e+01
4.215743e+01
4.215808e+01
4.215864e+01
4.215913e+01
4.215950e+01
4.215978e+01
4.180065e+01
4.180043e+01
4.180011e+01
4.179971e+01
4.179922e+01
4.179866e+01
4.179806e+01
4.179741e+01
4.179674e+01
4.179606e+01
4.179539e+01
4.179474e+01
4.179413e+01
4.179356e+01
4.179305e+01
4.179261e+01
4.179225e+01
4.179197e+01
4.179179e+01
4.179169e+01
4.179169e+01
4.179179e+01
4.179198e+01
4.179226e+01
4.179262e+01
4.179306e+01
4.179357e+01
4.179414e+01
4.179476e+01
4.179541e+01
4.179608e+01
4.179675e+01
4.179742e+01
4.179807e+01
4.179868e+01
4.179923e+01
4.179972e+01
4.180013e+01
4.180044e+01
4.180066e+01
4.144164e+01
4.144146e+01
4.144120e+01
4.144086e+01
4.144044e+01
4.143997e+01
4.143945e+01
4.143890e+01
4.143832e+01
4.143774e+01
4.143716e+01
4.143660e+01
4.143607e+01
4.143558e+01
4.143514e+01
4.143476e+01
4.143444e+01
4.143420e+01
4.143404e+01
4.143396e+01
4.143396e+01
4.143404e+01
4.143421e+01
4.143445e+01
4.143476e+01
4.143514e+01
4.143559e+01
4.143608e+01
4.143661e+01
4.143717e+01
4.143775e+01
4.143833e+01
4.143891e+01
4.143946e+01
4.143998e+01
4.144046e+01
4.144087e+01
4.144121e+01
4.144147e+01
4.144165e+01
4.108274e+01
4.108258e+01
4.108237e+01
4.108208e+01
4.108172e+01
4.108132e+01
4.108088e+01
4.108040e+01
4.107991e+01
4.107940e+01
4.107891e+01
4.107842e+01
4.107797e+01
4.107754e+01
4.107716e+01
4.107683e+01
4.107656e+01
4.107635e+01
4.107621e+01
4.107614e+01
4.107614e+01
4.107621e+01
4.107635e+01
4.107656e+01
4.107684e+01
4.107717e+01
4.107755e+01
4.107797e+01
4.107843e+01
4.107892e+01
4.107942e+01
4.107992e+01
4.108041e+01
4.108089e+01
4.108133e+01
4.108174e+01
4.108209e+01
4.108238e+01
4.108260e+01
4.108275e+01
4.072391e+01
4.072378e+01
4.072360e+01
4.072335e+01
4.072306e+01
4.072271e+01
4.072233e+01
4.072192e+01
4.072150e+01
4.072107e+01
4.072064e+01
4.072022e+01
4.071983e+01
4.071946e+01
4.071913e+01
4.071885e+01
4.071861e+01
4.071843e+01
4.071831e+01
4.071825e+01
4.071825e+01
4.071831e+01
4.071844e+01
4.071862e+01
4.071885e+01
4.071914e+01
4.071947e+01
4.071984e+01
4.072023e+01
4.072065e+01
4.072108e+01
4.072151e+01
4.072194e+01
4.072234e+01
4.072272e+01
4.072307e+01
4.072337e+01
4.072361e+01
4.072380e+01
4.072392e+01
4.036516e+01
4.036505e+01
4.036490e+01
4.036469e+01
4.036443e+01
4.036414e+01
4.036381e+01
4.036347e+01
4.036310e+01
4.036273e+01
4.036236e+01
4.036200e+01
4.036166e+01
4.036135e+01
4.036106e+01
4.036082e+01
4.036061e+01
4.036046e+01
4.036035e+01
4.036030e+01
4.036030e+01
4.036035e+01
4.036046e+01
4.036062e+01
4.036082e+01
4.036107e+01
4.036135e+01
4.036167e+01
4.036201e+01
4.036237e+01
4.036274e+01
4.036311e+01
4.036348e+01
4.036382e+01
4.036415e+01
4.036444e+01
4.036470e+01
4.036491e+01
4.036506e+01
4.036517e+01
4.000647e+01
4.000638e+01
4.000624e+01
4.000606e+01
4.000585e+01
4.000560e+01
4.000532e+01
4.000502e+01
4.000471e+01
4.000439e+01
4.000407e+01
4.000376e+01
4.000347e+01
4.000320e+01
4.000295e+01
4.000274e+01
4.000257e+01
4.000243e+01
4.000234e+01
4.000229e+01
4.000229e+01
4.000234e+01
4.000243e+01
4.000257e+01
4.000274e+01
4.000296e+01
4.000320e+01
4.000348e+01
4.000377e+01
4.000408e+01
4.000440e+01
4.000472e+01
4.000503e+01
4.000533e+01
4.000561e+01
4.000586e+01
4.000607e+01
4.000625e+01
4.000639e+01
4.000647e+01
3.964783e+01
3.964786e+01
3.964763e+01
3.964737e+01
3.964729e+01
3.964709e+01
3.964685e+01
3.964659e+01
3.964632e+01
3.964605e+01
3.964578e+01
3.964551e+01
3.964526e+01
3.964502e+01
3.964481e+01
3.964463e+01
3.964448e+01
3.964436e+01
3.964428e+01
3.964424e+01
3.964424e+01
3.964428e+01
3.964436e+01
3.964448e+01
3.964463e+01
3.964482e+01
3.964503e+01
3.964526e+01
3.964552e+01
3.964578e+01
3.964606e+01
3.964633e+01
3.964660e+01
3.964686e+01
3.964710e+01
3.964730e+01
3.964738e+01
3.964764e+01
3.964787e+01
3.964784e+01
3.928920e+01
3.928892e+01
3.928907e+01
3.928918e+01
3.928879e+01
3.928860e+01
3.928839e+01
3.928817e+01
3.928794e+01
3.928771e+01
3.928747e+01
3.928724e+01
3.928703e+01
3.928682e+01
3.928664e+01
3.928648e+01
3.928635e+01
3.928625e+01
3.928618e+01
3.928615e+01
3.928615e+01
3.928619e+01
3.928625e+01
3.928636e+01
3.928649e+01
3.928665e+01
3.928683e+01
3.928703e+01
3.928725e+01
3.928748e+01
3.928771e+01
3.928795e+01
3.928818e+01
3.928840e+01
3.928860e+01
3.928880e+01
3.928919e+01
3.928907e+01
3.928893e+01
3.928920e+01
3.893066e+01
3.893071e+01
3.893052e+01
3.893030e+01
3.893027e+01
3.893012e+01
3.892995e+01
3.892976e+01
3.892956e+01
3.892936e+01
3.892916e+01
3.892897e+01
3.892878e+01
3.892860e+01
3.892845e+01
3.892831e+01
3.892820e+01
3.892811e+01
3.892805e+01
3.892802e+01
3.892803e+01
3.892806e+01
3.892811e+01
3.892820e+01
3.892832e+01
3.892845e+01
3.892861e+01
3.892878e+01
3.892897e+01
3.892917e+01
3.892937e+01
3.892957e+01
3.892977e+01
3.892996e+01
3.893013e+01
3.893028e+01
3.893031e+01
3.893053e+01
3.893072e+01
3.893067e+01
3.857212e+01
3.857208e+01
3.857201e+01
3.857191e+01
3.857180e+01
3.857167e+01
3.857152e+01
3.857136e+01
3.857119e+01
3.857102e+01
3.857085e+01
3.857068e+01
3.857052e+01
3.857037e+01
3.857023e+01
3.857012e+01
3.857002e+01
3.856994e+01
3.856989e+01
3.856987e+01
3.856987e+01
3.856990e+01
3.856995e+01
3.857002e+01
3.857012e+01
3.857024e+01
3.857037e+01
3.857052e+01
3.857069e+01
3.857085e+01
3.857103e+01
3.857120e+01
3.857137e+01
3.857153e+01
3.857168e+01
3.857181e+01
3.857192e+01
3.857202e+01
3.857209e+01
3.857213e+01
3.821361e+01
3.821358e+01
3.821352e+01
3.821343e+01
3.821334e+01
3.821323e+01
3.821311e+01
3.821297e+01
3.821282e+01
3.821268e+01
3.821253e+01
3.821238e+01
3.821224e+01
3.821212e+01
3.821200e+01
3.821190e+01
3.821182e+01
3.821175e+01
3.821171e+01
3.821169e+01
3.821169e+01
3.821171e+01
3.821175e+01
3.821182e+01
3.821190e+01
3.821201e+01
3.821212e+01
3.821225e+01
3.821239e+01
3.821254e+01
3.821268e+01
3.821283e+01
3.821298e+01
3.821311e+01
3.821324e+01
3.821335e+01
3.821344e+01
3.821353e+01
3.821359e+01
3.821362e+01
3.785514e+01
3.785521e+01
3.785505e+01
3.785487e+01
3.785490e+01
3.785481e+01
3.785470e+01
3.785458e+01
3.785446e+01
3.785433e+01
3.785421e+01
3.785408e+01
3.785396e+01
3.785385e+01
3.785375e+01
3.785367e+01
3.785360e+01
3.785354e+01
3.785350e+01
3.785348e+01
3.785348e+01
3.785350e+01
3.785354e+01
3.785360e+01
3.785367e+01
3.785376e+01
3.785386e+01
3.785397e+01
3.785409e+01
3.785421e+01
3.785434e+01
3.785447e+01
3.785459e+01
3.785471e+01
3.785482e+01
3.785491e+01
3.785488e+01
3.785506e+01
3.785522e+01
3.785515e+01
3.749664e+01
3.749641e+01
3.749661e+01
3.749680e+01
3.749649e+01
3.749640e+01
3.749631e+01
3.749620e+01
3.749610e+01
3.749599e+01
3.749588e+01
3.749577e+01
3.749567e+01
3.749558e+01
3.749549e+01
3.749542e+01
3.749536e+01
3.749531e+01
3.749528e+01
3.749526e+01
3.749526e+01
3.749528e+01
3.749531e+01
3.749536e+01
3.749542e+01
3.749550e+01
3.749558e+01
3.749568e+01
3.749578e+01
3.749589e+01
3.749600e+01
3.749611e+01
3.749621e+01
3.749631e+01
3.749641e+01
3.749650e+01
3.749681e+01
3.749662e+01
3.749642e+01
3.749665e+01
3.713823e+01
3.713832e+01
3.713817e+01
3.713801e+01
3.713806e+01
3.713800e+01
3.713792e+01
3.713783e+01
3.713774e+01
3.713765e+01
3.713755e+01
3.713746e+01
3.713738e+01
3.713729e+01
3.713722e+01
3.713716e+01
3.713710e+01
3.713706e+01
3.713704e+01
3.713702e+01
3.713702e+01
3.713704e+01
3.713707e+01
3.713711e+01
3.713716e+01
3.713723e+01
3.713730e+01
3.713738e+01
3.713747e+01
3.713756e+01
3.713766e+01
3.713775e+01
3.713784e+01
3.713793e+01
3.713801e+01
3.713807e+01
3.713802e+01
3.713818e+01
3.713833e+01
3.713824e+01
3.677979e+01
3.677978e+01
3.677975e+01
3.677970e+01
3.677966e+01
3.677960e+01
3.677953e+01
3.677946e+01
3.677938e+01
3.677931e+01
3.677923e+01
3.677915e+01
3.677907e+01
3.677900e+01
3.677894e+01
3.677889e+01
3.677884e+01
3.677881e+01
3.677878e+01
3.677877e+01
3.677877e+01
3.677878e+01
3.677881e+01
3.677884e+01
3.677889e+01
3.677894e+01
3.677901e+01
3.677908e+01
3.677915e+01
3.677923e+01
3.677931e+01
3.677939e+01
3.677947e+01
3.677954e+01
3.677961e+01
3.677967e+01
3.677971e+01
3.677976e+01
3.677979e+01
3.677980e+01
3.642138e+01
3.642137e+01
3.642134e+01
3.642130e+01
3.642126e+01
3.642121e+01
3.642116e+01
3.642110e+01
3.642103e+01
3.642096e+01
3.642089e+01
3.642083e+01
3.642076e+01
3.642070e+01
3.642065e+01
3.642060e+01
3.642056e+01
3.642054e+01
3.642052e+01
3.642051e+01
3.642051e+01
3.642052e+01
3.642054e+01
3.642057e+01
3.642061e+01
3.642066e+01
3.642071e+01
3.642077e+01
3.642084e+01
3.642090e+01
3.642097e+01
3.642104e+01
3.642111e+01
3.642117e+01
3.642122e+01
3.642128e+01
3.642131e+01
3.642135e+01
3.642138e+01
3.642139e+01
3.606298e+01
3.606307e+01
3.606294e+01
3.606280e+01
3.606287e+01
3.606284e+01
3.606279e+01
3.606274e+01
3.606268e+01
3.606262e+01
3.606256e+01
3.606251e+01
3.606245e+01
3.606240e+01
3.606235e+01
3.606231e+01
3.606228e+01
3.606226e+01
3.606224e+01
3.606223e+01
3.606223e+01
3.606224e+01
3.606226e+01
3.606228e+01
3.606232e+01
3.606236e+01
3.606241e+01
3.606246e+01
3.606251e+01
3.606257e+01
3.606263e+01
3.606269e+01
3.606275e+01
3.606280e+01
3.606285e+01
3.606289e+01
3.606281e+01
3.606295e+01
3.606309e+01
3.606299e+01
3.570456e+01
3.570433e+01
3.570456e+01
3.570478e+01
3.570451e+01
3.570447e+01
3.570442e+01
3.570438e+01
3.570433e+01
3.570428e+01
3.570423e+01
3.570418e+01
3.570413e+01
3.570409e+01
3.570405e+01
3.570402e+01
3.570399e+01
3.570397e+01
3.570395e+01
3.570395e+01
3.570395e+01
3.570395e+01
3.570397e+01
3.570399e+01
3.570402e+01
3.570406e+01
3.570410e+01
3.570414e+01
3.570419e+01
3.570424e+01
3.570429e+01
3.570434e+01
3.570439e+01
3.570443e+01
3.570448e+01
3.570453e+01
3.570479e+01
3.570457e+01
3.570435e+01
3.570457e+01
3.534620e+01
3.534630e+01
3.534617e+01
3.534604e+01
3.534612e+01
3.534610e+01
3.534606e+01
3.534602e+01
3.534598e+01
3.534594e+01
3.534590e+01
3.534585e+01
3.534581e+01
3.534578e+01
3.534574e+01
3.534571e+01
3.534569e+01
3.534567e+01
3.534566e+01
3.534565e+01
3.534565e+01
3.534566e+01
3.534567e+01
3.534569e+01
3.534572e+01
3.534575e+01
3.534578e+01
3.534582e+01
3.534586e+01
3.534591e+01
3.534595e+01
3.534599e+01
3.534603e+01
3.534607e+01
3.534611e+01
3.534613e+01
3.534605e+01
3.534618e+01
3.534631e+01
3.534622e+01
3.498781e+01
3.498781e+01
3.498779e+01
3.498777e+01
3.498776e+01
3.498773e+01
3.498770e+01
3.498767e+01
3.498763e+01
3.498760e+01
3.498756e+01
3.498753e+01
3.498749e+01
3.498746e+01
3.498743e+01
3.498741e+01
3.498739e+01
3.498737e+01
3.498736e+01
3.498735e+01
3.498736e+01
3.498736e+01
3.498737e+01
3.498739e+01
3.498741e+01
3.498744e+01
3.498747e+01
3.498750e+01
3.498754e+01
3.498757e+01
3.498761e+01
3.498765e+01
3.498768e+01
3.498771e+01
3.498774e+01
3.498777e+01
3.498779e+01
3.498781e+01
3.498782e+01
3.498783e+01
3.462944e+01
3.462944e+01
3.462942e+01
3.462940e+01
3.462939e+01
3.462937e+01
3.462934e+01
3.462932e+01
3.462929e+01
3.462926e+01
3.462923e+01
3.462920e+01
3.462917e+01
3.462914e+01
3.462912e+01
3.462909e+01
3.462908e+01
3.462906e+01
3.462905e+01
3.462905e+01
3.462905e+01
3.462906e+01
3.462907e+01
3.462908e+01
3.462910e+01
3.462912e+01
3.462915e+01
3.462918e+01
3.462921e+01
3.462924e+01
3.462927e+01
3.462930e+01
3.462933e+01
3.462936e+01
3.462938e+01
3.462941e+01
3.462942e+01
3.462944e+01
3.462946e+01
3.462945e+01
3.427108e+01
3.427118e+01
3.427106e+01
3.427093e+01
3.427103e+01
3.427101e+01
3.427099e+01
3.427097e+01
3.427094e+01
3.427092e+01
3.427089e+01
3.427087e+01
3.427084e+01
3.427082e+01
3.427080e+01
3.427078e+01
3.427076e+01
3.427075e+01
3.427075e+01
3.427074e+01
3.427074e+01
3.427075e+01
3.427076e+01
3.427077e+01
3.427078e+01
3.427080e+01
3.427083e+01
3.427085e+01
3.427088e+01
3.427090e+01
3.427093e+01
3.427096e+01
3.427098e+01
3.427101e+01
3.427103e+01
3.427104e+01
3.427095e+01
3.427107e+01
3.427119e+01
3.427110e+01
3.391268e+01
3.391247e+01
3.391270e+01
3.391294e+01
3.391269e+01
3.391266e+01
3.391264e+01
3.391262e+01
3.391260e+01
3.391258e+01
3.391256e+01
3.391253e+01
3.391251e+01
3.391249e+01
3.391248e+01
3.391246e+01
3.391245e+01
3.391244e+01
3.391243e+01
3.391243e+01
3.391243e+01
3.391243e+01
3.391244e+01
3.391245e+01
3.391247e+01
3.391248e+01
3.391250e+01
3.391252e+01
3.391254e+01
3.391257e+01
3.391259e+01
3.391261e+01
3.391264e+01
3.391266e+01
3.391268e+01
3.391271e+01
3.391295e+01
3.391272e+01
3.391248e+01
3.391270e+01
3.355436e+01
3.355446e+01
3.355434e+01
3.355421e+01
3.355431e+01
3.355431e+01
3.355429e+01
3.355427e+01
3.355426e+01
3.355424e+01
3.355422e+01
3.355420e+01
3.355418e+01
3.355417e+01
3.355415e+01
3.355414e+01
3.355413e+01
3.355412e+01
3.355411e+01
3.355411e+01
3.355411e+01
3.355412e+01
3.355412e+01
3.355413e+01
3.355415e+01
3.355416e+01
3.355418e+01
3.355419e+01
3.355421e+01
3.355423e+01
3.355425e+01
3.355427e+01
3.355429e+01
3.355431e+01
3.355432e+01
3.355433e+01
3.355423e+01
3.355436e+01
3.355448e+01
3.355438e+01
3.319599e+01
3.319599e+01
3.319598e+01
3.319597e+01
3.319597e+01
3.319595e+01
3.319594e+01
3.319593e+01
3.319591e+01
3.319590e+01
3.319588e+01
3.319587e+01
3.319585e+01
3.319584e+01
3.319583e+01
3.319581e+01
3.319581e+01
3.319580e+01
3.319579e+01
3.319579e+01
3.319579e+01
3.319580e+01
3.319580e+01
3.319581e+01
3.319582e+01
3.319583e+01
3.319585e+01
3.319586e+01
3.319588e+01
3.319590e+01
3.319591e+01
3.319593e+01
3.319595e+01
3.319596e+01
3.319597e+01
3.319599e+01
3.319599e+01
3.319600e+01
3.319601e+01
3.319601e+01
3.283764e+01
3.283764e+01
3.283763e+01
3.283762e+01
3.283762e+01
3.283761e+01
3.283760e+01
3.283758e+01
3.283757e+01
3.283756e+01
3.283755e+01
3.283753e+01
3.283752e+01
3.283751e+01
3.283750e+01
3.283749e+01
3.283748e+01
3.283748e+01
3.283747e+01
3.283747e+01
3.283747e+01
3.283747e+01
3.283748e+01
3.283749e+01
3.283750e+01
3.283751e+01
3.283752e+01
3.283753e+01
3.283755e+01
3.283756e+01
3.283758e+01
3.283759e+01
3.283760e+01
3.283762e+01
3.283763e+01
3.283764e+01
3.283764e+01
3.283765e+01
3.283766e+01
3.283766e+01
3.247929e+01
3.247939e+01
3.247928e+01
3.247916e+01
3.247926e+01
3.247926e+01
3.247925e+01
3.247924e+01
3.247923e+01
3.247922e+01
3.247921e+01
3.247920e+01
3.247919e+01
3.247918e+01
3.247917e+01
3.247916e+01
3.247915e+01
3.247915e+01
3.247915e+01
3.247915e+01
3.247915e+01
3.247915e+01
3.247915e+01
3.247916e+01
3.247917e+01
3.247918e+01
3.247919e+01
3.247920e+01
3.247921e+01
3.247922e+01
3.247924e+01
3.247925e+01
3.247926e+01
3.247927e+01
3.247928e+01
3.247929e+01
3.247918e+01
3.247930e+01
3.247942e+01
3.247932e+01
3.212091e+01
3.212070e+01
3.212093e+01
3.212117e+01
3.212094e+01
3.212092e+01
3.212091e+01
3.212090e+01
3.212089e+01
3.212088e+01
3.212087e+01
3.212086e+01
3.212085e+01
3.212084e+01
3.212084e+01
3.212083e+01
3.212083e+01
3.212082e+01
3.212082e+01
3.212082e+01
3.212082e+01
3.212082e+01
3.212083e+01
3.212083e+01
3.212084e+01
3.212085e+01
3.212086e+01
3.212087e+01
3.212088e+01
3.212089e+01
3.212090e+01
3.212091e+01
3.212092e+01
3.212093e+01
3.212094e+01
3.212096e+01
3.212120e+01
3.212096e+01
3.212072e+01
3.212093e+01
3.176260e+01
3.176270e+01
3.176258e+01
3.176246e+01
3.176257e+01
3.176257e+01
3.176256e+01
3.176256e+01
3.176255e+01
3.176254e+01
3.176253e+01
3.176253e+01
3.176252e+01
3.176251e+01
3.176251e+01
3.176250e+01
3.176250e+01
3.176249e+01
3.176249e+01
3.176249e+01
3.176249e+01
3.176250e+01
3.176250e+01
3.176250e+01
3.176251e+01
3.176252e+01
3.176253e+01
3.176253e+01
3.176254e+01
3.176255e+01
3.176256e+01
3.176257e+01
3.176258e+01
3.176259e+01
3.176260e+01
3.176260e+01
3.176249e+01
3.176261e+01
3.176273e+01
3.176262e+01
3.140424e+01
3.140424e+01
3.140424e+01
3.140423e+01
3.140423e+01
3.140422e+01
3.140422e+01
3.140421e+01
3.140421e+01
3.140420e+01
3.140420e+01
3.140419e+01
3.140418e+01
3.140418e+01
3.140417e+01
3.140417e+01
3.140417e+01
3.140416e+01
3.140416e+01
3.140416e+01
3.140416e+01
3.140417e+01
3.140417e+01
3.140417e+01
3.140418e+01
3.140419e+01
3.140419e+01
3.140420e+01
3.140421e+01
3.140422e+01
3.140423e+01
3.140423e+01
3.140424e+01
3.140425e+01
3.140425e+01
3.140426e+01
3.140426e+01
3.140426e+01
3.140427e+01
3.140427e+01
3.104590e+01
3.104590e+01
3.104589e+01
3.104588e+01
3.104588e+01
3.104588e+01
3.104588e+01
3.104587e+01
3.104587e+01
3.104586e+01
3.104586e+01
3.104585e+01
3.104585e+01
3.104584e+01
3.104584e+01
3.104584e+01
3.104583e+01
3.104583e+01
3.104583e+01
3.104583e+01
3.104583e+01
3.104584e+01
3.104584e+01
3.104584e+01
3.104585e+01
3.104585e+01
3.104586e+01
3.104587e+01
3.104587e+01
3.104588e+01
3.104589e+01
3.104589e+01
3.104590e+01
3.104591e+01
3.104591e+01
3.104591e+01
3.104591e+01
3.104592e+01
3.104593e+01
3.104593e+01
3.068756e+01
3.068767e+01
3.068755e+01
3.068742e+01
3.068754e+01
3.068754e+01
3.068754e+01
3.068753e+01
3.068753e+01
3.068752e+01
3.068752e+01
3.068752e+01
3.068751e+01
3.068751e+01
3.068751e+01
3.068750e+01
3.068750e+01
3.068750e+01
3.068750e+01
3.068750e+01
3.068750e+01
3.068751e+01
3.068751e+01
3.068751e+01
3.068752e+01
3.068752e+01
3.068753e+01
3.068753e+01
3.068754e+01
3.068755e+01
3.068755e+01
3.068756e+01
3.068756e+01
3.068757e+01
3.068757e+01
3.068757e+01
3.068746e+01
3.068758e+01
3.068770e+01
3.068760e+01
3.032920e+01
3.032908e+01
3.032921e+01
3.032934e+01
3.032921e+01
3.032920e+01
3.032920e+01
3.032919e+01
3.032919e+01
3.032919e+01
3.032918e+01
3.032918e+01
3.032918e+01
3.032917e+01
3.032917e+01
3.032917e+01
3.032917e+01
3.032917e+01
3.032917e+01
3.032917e+01
3.032917e+01
3.032917e+01
3.032918e+01
3.032918e+01
3.032918e+01
3.032919e+01
3.032919e+01
3.032920e+01
3.032920e+01
3.032921e+01
3.032921e+01
3.032922e+01
3.032922e+01
3.032923e+01
3.032924e+01
3.032925e+01
3.032938e+01
3.032925e+01
3.032912e+01
3.032923e+01
2.997085e+01
2.997066e+01
2.997087e+01
2.997104e+01
2.997087e+01
2.997086e+01
2.997085e+01
2.997085e+01
2.997085e+01
2.997085e+01
2.997084e+01
2.997084e+01
2.997084e+01
2.997084e+01
2.997084e+01
2.997083e+01
2.997083e+01
2.997083e+01
2.997083e+01
2.997084e+01
2.997084e+01
2.997084e+01
2.997084e+01
2.997085e+01
2.997085e+01
2.997085e+01
2.997086e+01
2.997086e+01
2.997087e+01
2.997087e+01
2.997088e+01
2.997088e+01
2.997089e+01
2.997089e+01
2.997090e+01
2.997091e+01
2.997108e+01
2.997091e+01
2.997070e+01
2.997089e+01
2.961255e+01
2.961280e+01
2.961250e+01
2.961227e+01
2.961248e+01
2.961251e+01
2.961251e+01
2.961251e+01
2.961251e+01
2.961251e+01
2.961251e+01
2.961250e+01
2.961250e+01
2.961250e+01
2.961250e+01
2.961250e+01
2.961250e+01
2.961250e+01
2.961250e+01
2.961250e+01
2.961250e+01
2.961251e+01
2.961251e+01
2.961251e+01
2.961252e+01
2.961252e+01
2.961252e+01
2.961253e+01
2.961253e+01
2.961254e+01
2.961254e+01
2.961255e+01
2.961255e+01
2.961255e+01
2.961255e+01
2.961253e+01
2.961231e+01
2.961254e+01
2.961284e+01
2.961259e+01
