# vtk DataFile Version 3.0
higtree
ASCII
DATASET UNSTRUCTURED_GRID

POINTS 12800 float
4.000000e+00 -1.000000e+00 0
4.050000e+00 -1.000000e+00 0
4.050000e+00 -9.500000e-01 0
4.000000e+00 -9.500000e-01 0
4.000000e+00 -9.500000e-01 0
4.050000e+00 -9.500000e-01 0
4.050000e+00 -9.000000e-01 0
4.000000e+00 -9.000000e-01 0
4.000000e+00 -9.000000e-01 0
4.050000e+00 -9.000000e-01 0
4.050000e+00 -8.500000e-01 0
4.000000e+00 -8.500000e-01 0
4.000000e+00 -8.500000e-01 0
4.050000e+00 -8.500000e-01 0
4.050000e+00 -8.000000e-01 0
4.000000e+00 -8.000000e-01 0
4.000000e+00 -8.000000e-01 0
4.050000e+00 -8.000000e-01 0
4.050000e+00 -7.500000e-01 0
4.000000e+00 -7.500000e-01 0
4.000000e+00 -7.500000e-01 0
4.050000e+00 -7.500000e-01 0
4.050000e+00 -7.000000e-01 0
4.000000e+00 -7.000000e-01 0
4.000000e+00 -7.000000e-01 0
4.050000e+00 -7.000000e-01 0
4.050000e+00 -6.500000e-01 0
4.000000e+00 -6.500000e-01 0
4.000000e+00 -6.500000e-01 0
4.050000e+00 -6.500000e-01 0
4.050000e+00 -6.000000e-01 0
4.000000e+00 -6.000000e-01 0
4.000000e+00 -6.000000e-01 0
4.050000e+00 -6.000000e-01 0
4.050000e+00 -5.500000e-01 0
4.000000e+00 -5.500000e-01 0
4.000000e+00 -5.500000e-01 0
4.050000e+00 -5.500000e-01 0
4.050000e+00 -5.000000e-01 0
4.000000e+00 -5.000000e-01 0
4.000000e+00 -5.000000e-01 0
4.050000e+00 -5.000000e-01 0
4.050000e+00 -4.500000e-01 0
4.000000e+00 -4.500000e-01 0
4.000000e+00 -4.500000e-01 0
4.050000e+00 -4.500000e-01 0
4.050000e+00 -4.000000e-01 0
4.000000e+00 -4.000000e-01 0
4.000000e+00 -4.000000e-01 0
4.050000e+00 -4.000000e-01 0
4.050000e+00 -3.500000e-01 0
4.000000e+00 -3.500000e-01 0
4.000000e+00 -3.500000e-01 0
4.050000e+00 -3.500000e-01 0
4.050000e+00 -3.000000e-01 0
4.000000e+00 -3.000000e-01 0
4.000000e+00 -3.000000e-01 0
4.050000e+00 -3.000000e-01 0
4.050000e+00 -2.500000e-01 0
4.000000e+00 -2.500000e-01 0
4.000000e+00 -2.500000e-01 0
4.050000e+00 -2.500000e-01 0
4.050000e+00 -2.000000e-01 0
4.000000e+00 -2.000000e-01 0
4.000000e+00 -2.000000e-01 0
4.050000e+00 -2.000000e-01 0
4.050000e+00 -1.500000e-01 0
4.000000e+00 -1.500000e-01 0
4.000000e+00 -1.500000e-01 0
4.050000e+00 -1.500000e-01 0
4.050000e+00 -1.000000e-01 0
4.000000e+00 -1.000000e-01 0
4.000000e+00 -1.000000e-01 0
4.050000e+00 -1.000000e-01 0
4.050000e+00 -5.000000e-02 0
4.000000e+00 -5.000000e-02 0
4.000000e+00 -5.000000e-02 0
4.050000e+00 -5.000000e-02 0
4.050000e+00 5.551115e-17 0
4.000000e+00 5.551115e-17 0
4.000000e+00 5.551115e-17 0
4.050000e+00 5.551115e-17 0
4.050000e+00 5.000000e-02 0
4.000000e+00 5.000000e-02 0
4.000000e+00 5.000000e-02 0
4.050000e+00 5.000000e-02 0
4.050000e+00 1.000000e-01 0
4.000000e+00 1.000000e-01 0
4.000000e+00 1.000000e-01 0
4.050000e+00 1.000000e-01 0
4.050000e+00 1.500000e-01 0
4.000000e+00 1.500000e-01 0
4.000000e+00 1.500000e-01 0
4.050000e+00 1.500000e-01 0
4.050000e+00 2.000000e-01 0
4.000000e+00 2.000000e-01 0
4.000000e+00 2.000000e-01 0
4.050000e+00 2.000000e-01 0
4.050000e+00 2.500000e-01 0
4.000000e+00 2.500000e-01 0
4.000000e+00 2.500000e-01 0
4.050000e+00 2.500000e-01 0
4.050000e+00 3.000000e-01 0
4.000000e+00 3.000000e-01 0
4.000000e+00 3.000000e-01 0
4.050000e+00 3.000000e-01 0
4.050000e+00 3.500000e-01 0
4.000000e+00 3.500000e-01 0
4.000000e+00 3.500000e-01 0
4.050000e+00 3.500000e-01 0
4.050000e+00 4.000000e-01 0
4.000000e+00 4.000000e-01 0
4.000000e+00 4.000000e-01 0
4.050000e+00 4.000000e-01 0
4.050000e+00 4.500000e-01 0
4.000000e+00 4.500000e-01 0
4.000000e+00 4.500000e-01 0
4.050000e+00 4.500000e-01 0
4.050000e+00 5.000000e-01 0
4.000000e+00 5.000000e-01 0
4.000000e+00 5.000000e-01 0
4.050000e+00 5.000000e-01 0
4.050000e+00 5.500000e-01 0
4.000000e+00 5.500000e-01 0
4.000000e+00 5.500000e-01 0
4.050000e+00 5.500000e-01 0
4.050000e+00 6.000000e-01 0
4.000000e+00 6.000000e-01 0
4.000000e+00 6.000000e-01 0
4.050000e+00 6.000000e-01 0
4.050000e+00 6.500000e-01 0
4.000000e+00 6.500000e-01 0
4.000000e+00 6.500000e-01 0
4.050000e+00 6.500000e-01 0
4.050000e+00 7.000000e-01 0
4.000000e+00 7.000000e-01 0
4.000000e+00 7.000000e-01 0
4.050000e+00 7.000000e-01 0
4.050000e+00 7.500000e-01 0
4.000000e+00 7.500000e-01 0
4.000000e+00 7.500000e-01 0
4.050000e+00 7.500000e-01 0
4.050000e+00 8.000000e-01 0
4.000000e+00 8.000000e-01 0
4.000000e+00 8.000000e-01 0
4.050000e+00 8.000000e-01 0
4.050000e+00 8.500000e-01 0
4.000000e+00 8.500000e-01 0
4.000000e+00 8.500000e-01 0
4.050000e+00 8.500000e-01 0
4.050000e+00 9.000000e-01 0
4.000000e+00 9.000000e-01 0
4.000000e+00 9.000000e-01 0
4.050000e+00 9.000000e-01 0
4.050000e+00 9.500000e-01 0
4.000000e+00 9.500000e-01 0
4.000000e+00 9.500000e-01 0
4.050000e+00 9.500000e-01 0
4.050000e+00 1.000000e+00 0
4.000000e+00 1.000000e+00 0
4.050000e+00 -1.000000e+00 0
4.100000e+00 -1.000000e+00 0
4.100000e+00 -9.500000e-01 0
4.050000e+00 -9.500000e-01 0
4.050000e+00 -9.500000e-01 0
4.100000e+00 -9.500000e-01 0
4.100000e+00 -9.000000e-01 0
4.050000e+00 -9.000000e-01 0
4.050000e+00 -9.000000e-01 0
4.100000e+00 -9.000000e-01 0
4.100000e+00 -8.500000e-01 0
4.050000e+00 -8.500000e-01 0
4.050000e+00 -8.500000e-01 0
4.100000e+00 -8.500000e-01 0
4.100000e+00 -8.000000e-01 0
4.050000e+00 -8.000000e-01 0
4.050000e+00 -8.000000e-01 0
4.100000e+00 -8.000000e-01 0
4.100000e+00 -7.500000e-01 0
4.050000e+00 -7.500000e-01 0
4.050000e+00 -7.500000e-01 0
4.100000e+00 -7.500000e-01 0
4.100000e+00 -7.000000e-01 0
4.050000e+00 -7.000000e-01 0
4.050000e+00 -7.000000e-01 0
4.100000e+00 -7.000000e-01 0
4.100000e+00 -6.500000e-01 0
4.050000e+00 -6.500000e-01 0
4.050000e+00 -6.500000e-01 0
4.100000e+00 -6.500000e-01 0
4.100000e+00 -6.000000e-01 0
4.050000e+00 -6.000000e-01 0
4.050000e+00 -6.000000e-01 0
4.100000e+00 -6.000000e-01 0
4.100000e+00 -5.500000e-01 0
4.050000e+00 -5.500000e-01 0
4.050000e+00 -5.500000e-01 0
4.100000e+00 -5.500000e-01 0
4.100000e+00 -5.000000e-01 0
4.050000e+00 -5.000000e-01 0
4.050000e+00 -5.000000e-01 0
4.100000e+00 -5.000000e-01 0
4.100000e+00 -4.500000e-01 0
4.050000e+00 -4.500000e-01 0
4.050000e+00 -4.500000e-01 0
4.100000e+00 -4.500000e-01 0
4.100000e+00 -4.000000e-01 0
4.050000e+00 -4.000000e-01 0
4.050000e+00 -4.000000e-01 0
4.100000e+00 -4.000000e-01 0
4.100000e+00 -3.500000e-01 0
4.050000e+00 -3.500000e-01 0
4.050000e+00 -3.500000e-01 0
4.100000e+00 -3.500000e-01 0
4.100000e+00 -3.000000e-01 0
4.050000e+00 -3.000000e-01 0
4.050000e+00 -3.000000e-01 0
4.100000e+00 -3.000000e-01 0
4.100000e+00 -2.500000e-01 0
4.050000e+00 -2.500000e-01 0
4.050000e+00 -2.500000e-01 0
4.100000e+00 -2.500000e-01 0
4.100000e+00 -2.000000e-01 0
4.050000e+00 -2.000000e-01 0
4.050000e+00 -2.000000e-01 0
4.100000e+00 -2.000000e-01 0
4.100000e+00 -1.500000e-01 0
4.050000e+00 -1.500000e-01 0
4.050000e+00 -1.500000e-01 0
4.100000e+00 -1.500000e-01 0
4.100000e+00 -1.000000e-01 0
4.050000e+00 -1.000000e-01 0
4.050000e+00 -1.000000e-01 0
4.100000e+00 -1.000000e-01 0
4.100000e+00 -5.000000e-02 0
4.050000e+00 -5.000000e-02 0
4.050000e+00 -5.000000e-02 0
4.100000e+00 -5.000000e-02 0
4.100000e+00 5.551115e-17 0
4.050000e+00 5.551115e-17 0
4.050000e+00 5.551115e-17 0
4.100000e+00 5.551115e-17 0
4.100000e+00 5.000000e-02 0
4.050000e+00 5.000000e-02 0
4.050000e+00 5.000000e-02 0
4.100000e+00 5.000000e-02 0
4.100000e+00 1.000000e-01 0
4.050000e+00 1.000000e-01 0
4.050000e+00 1.000000e-01 0
4.100000e+00 1.000000e-01 0
4.100000e+00 1.500000e-01 0
4.050000e+00 1.500000e-01 0
4.050000e+00 1.500000e-01 0
4.100000e+00 1.500000e-01 0
4.100000e+00 2.000000e-01 0
4.050000e+00 2.000000e-01 0
4.050000e+00 2.000000e-01 0
4.100000e+00 2.000000e-01 0
4.100000e+00 2.500000e-01 0
4.050000e+00 2.500000e-01 0
4.050000e+00 2.500000e-01 0
4.100000e+00 2.500000e-01 0
4.100000e+00 3.000000e-01 0
4.050000e+00 3.000000e-01 0
4.050000e+00 3.000000e-01 0
4.100000e+00 3.000000e-01 0
4.100000e+00 3.500000e-01 0
4.050000e+00 3.500000e-01 0
4.050000e+00 3.500000e-01 0
4.100000e+00 3.500000e-01 0
4.100000e+00 4.000000e-01 0
4.050000e+00 4.000000e-01 0
4.050000e+00 4.000000e-01 0
4.100000e+00 4.000000e-01 0
4.100000e+00 4.500000e-01 0
4.050000e+00 4.500000e-01 0
4.050000e+00 4.500000e-01 0
4.100000e+00 4.500000e-01 0
4.100000e+00 5.000000e-01 0
4.050000e+00 5.000000e-01 0
4.050000e+00 5.000000e-01 0
4.100000e+00 5.000000e-01 0
4.100000e+00 5.500000e-01 0
4.050000e+00 5.500000e-01 0
4.050000e+00 5.500000e-01 0
4.100000e+00 5.500000e-01 0
4.100000e+00 6.000000e-01 0
4.050000e+00 6.000000e-01 0
4.050000e+00 6.000000e-01 0
4.100000e+00 6.000000e-01 0
4.100000e+00 6.500000e-01 0
4.050000e+00 6.500000e-01 0
4.050000e+00 6.500000e-01 0
4.100000e+00 6.500000e-01 0
4.100000e+00 7.000000e-01 0
4.050000e+00 7.000000e-01 0
4.050000e+00 7.000000e-01 0
4.100000e+00 7.000000e-01 0
4.100000e+00 7.500000e-01 0
4.050000e+00 7.500000e-01 0
4.050000e+00 7.500000e-01 0
4.100000e+00 7.500000e-01 0
4.100000e+00 8.000000e-01 0
4.050000e+00 8.000000e-01 0
4.050000e+00 8.000000e-01 0
4.100000e+00 8.000000e-01 0
4.100000e+00 8.500000e-01 0
4.050000e+00 8.500000e-01 0
4.050000e+00 8.500000e-01 0
4.100000e+00 8.500000e-01 0
4.100000e+00 9.000000e-01 0
4.050000e+00 9.000000e-01 0
4.050000e+00 9.000000e-01 0
4.100000e+00 9.000000e-01 0
4.100000e+00 9.500000e-01 0
4.050000e+00 9.500000e-01 0
4.050000e+00 9.500000e-01 0
4.100000e+00 9.500000e-01 0
4.100000e+00 1.000000e+00 0
4.050000e+00 1.000000e+00 0
4.100000e+00 -1.000000e+00 0
4.150000e+00 -1.000000e+00 0
4.150000e+00 -9.500000e-01 0
4.100000e+00 -9.500000e-01 0
4.100000e+00 -9.500000e-01 0
4.150000e+00 -9.500000e-01 0
4.150000e+00 -9.000000e-01 0
4.100000e+00 -9.000000e-01 0
4.100000e+00 -9.000000e-01 0
4.150000e+00 -9.000000e-01 0
4.150000e+00 -8.500000e-01 0
4.100000e+00 -8.500000e-01 0
4.100000e+00 -8.500000e-01 0
4.150000e+00 -8.500000e-01 0
4.150000e+00 -8.000000e-01 0
4.100000e+00 -8.000000e-01 0
4.100000e+00 -8.000000e-01 0
4.150000e+00 -8.000000e-01 0
4.150000e+00 -7.500000e-01 0
4.100000e+00 -7.500000e-01 0
4.100000e+00 -7.500000e-01 0
4.150000e+00 -7.500000e-01 0
4.150000e+00 -7.000000e-01 0
4.100000e+00 -7.000000e-01 0
4.100000e+00 -7.000000e-01 0
4.150000e+00 -7.000000e-01 0
4.150000e+00 -6.500000e-01 0
4.100000e+00 -6.500000e-01 0
4.100000e+00 -6.500000e-01 0
4.150000e+00 -6.500000e-01 0
4.150000e+00 -6.000000e-01 0
4.100000e+00 -6.000000e-01 0
4.100000e+00 -6.000000e-01 0
4.150000e+00 -6.000000e-01 0
4.150000e+00 -5.500000e-01 0
4.100000e+00 -5.500000e-01 0
4.100000e+00 -5.500000e-01 0
4.150000e+00 -5.500000e-01 0
4.150000e+00 -5.000000e-01 0
4.100000e+00 -5.000000e-01 0
4.100000e+00 -5.000000e-01 0
4.150000e+00 -5.000000e-01 0
4.150000e+00 -4.500000e-01 0
4.100000e+00 -4.500000e-01 0
4.100000e+00 -4.500000e-01 0
4.150000e+00 -4.500000e-01 0
4.150000e+00 -4.000000e-01 0
4.100000e+00 -4.000000e-01 0
4.100000e+00 -4.000000e-01 0
4.150000e+00 -4.000000e-01 0
4.150000e+00 -3.500000e-01 0
4.100000e+00 -3.500000e-01 0
4.100000e+00 -3.500000e-01 0
4.150000e+00 -3.500000e-01 0
4.150000e+00 -3.000000e-01 0
4.100000e+00 -3.000000e-01 0
4.100000e+00 -3.000000e-01 0
4.150000e+00 -3.000000e-01 0
4.150000e+00 -2.500000e-01 0
4.100000e+00 -2.500000e-01 0
4.100000e+00 -2.500000e-01 0
4.150000e+00 -2.500000e-01 0
4.150000e+00 -2.000000e-01 0
4.100000e+00 -2.000000e-01 0
4.100000e+00 -2.000000e-01 0
4.150000e+00 -2.000000e-01 0
4.150000e+00 -1.500000e-01 0
4.100000e+00 -1.500000e-01 0
4.100000e+00 -1.500000e-01 0
4.150000e+00 -1.500000e-01 0
4.150000e+00 -1.000000e-01 0
4.100000e+00 -1.000000e-01 0
4.100000e+00 -1.000000e-01 0
4.150000e+00 -1.000000e-01 0
4.150000e+00 -5.000000e-02 0
4.100000e+00 -5.000000e-02 0
4.100000e+00 -5.000000e-02 0
4.150000e+00 -5.000000e-02 0
4.150000e+00 5.551115e-17 0
4.100000e+00 5.551115e-17 0
4.100000e+00 5.551115e-17 0
4.150000e+00 5.551115e-17 0
4.150000e+00 5.000000e-02 0
4.100000e+00 5.000000e-02 0
4.100000e+00 5.000000e-02 0
4.150000e+00 5.000000e-02 0
4.150000e+00 1.000000e-01 0
4.100000e+00 1.000000e-01 0
4.100000e+00 1.000000e-01 0
4.150000e+00 1.000000e-01 0
4.150000e+00 1.500000e-01 0
4.100000e+00 1.500000e-01 0
4.100000e+00 1.500000e-01 0
4.150000e+00 1.500000e-01 0
4.150000e+00 2.000000e-01 0
4.100000e+00 2.000000e-01 0
4.100000e+00 2.000000e-01 0
4.150000e+00 2.000000e-01 0
4.150000e+00 2.500000e-01 0
4.100000e+00 2.500000e-01 0
4.100000e+00 2.500000e-01 0
4.150000e+00 2.500000e-01 0
4.150000e+00 3.000000e-01 0
4.100000e+00 3.000000e-01 0
4.100000e+00 3.000000e-01 0
4.150000e+00 3.000000e-01 0
4.150000e+00 3.500000e-01 0
4.100000e+00 3.500000e-01 0
4.100000e+00 3.500000e-01 0
4.150000e+00 3.500000e-01 0
4.150000e+00 4.000000e-01 0
4.100000e+00 4.000000e-01 0
4.100000e+00 4.000000e-01 0
4.150000e+00 4.000000e-01 0
4.150000e+00 4.500000e-01 0
4.100000e+00 4.500000e-01 0
4.100000e+00 4.500000e-01 0
4.150000e+00 4.500000e-01 0
4.150000e+00 5.000000e-01 0
4.100000e+00 5.000000e-01 0
4.100000e+00 5.000000e-01 0
4.150000e+00 5.000000e-01 0
4.150000e+00 5.500000e-01 0
4.100000e+00 5.500000e-01 0
4.100000e+00 5.500000e-01 0
4.150000e+00 5.500000e-01 0
4.150000e+00 6.000000e-01 0
4.100000e+00 6.000000e-01 0
4.100000e+00 6.000000e-01 0
4.150000e+00 6.000000e-01 0
4.150000e+00 6.500000e-01 0
4.100000e+00 6.500000e-01 0
4.100000e+00 6.500000e-01 0
4.150000e+00 6.500000e-01 0
4.150000e+00 7.000000e-01 0
4.100000e+00 7.000000e-01 0
4.100000e+00 7.000000e-01 0
4.150000e+00 7.000000e-01 0
4.150000e+00 7.500000e-01 0
4.100000e+00 7.500000e-01 0
4.100000e+00 7.500000e-01 0
4.150000e+00 7.500000e-01 0
4.150000e+00 8.000000e-01 0
4.100000e+00 8.000000e-01 0
4.100000e+00 8.000000e-01 0
4.150000e+00 8.000000e-01 0
4.150000e+00 8.500000e-01 0
4.100000e+00 8.500000e-01 0
4.100000e+00 8.500000e-01 0
4.150000e+00 8.500000e-01 0
4.150000e+00 9.000000e-01 0
4.100000e+00 9.000000e-01 0
4.100000e+00 9.000000e-01 0
4.150000e+00 9.000000e-01 0
4.150000e+00 9.500000e-01 0
4.100000e+00 9.500000e-01 0
4.100000e+00 9.500000e-01 0
4.150000e+00 9.500000e-01 0
4.150000e+00 1.000000e+00 0
4.100000e+00 1.000000e+00 0
4.150000e+00 -1.000000e+00 0
4.200000e+00 -1.000000e+00 0
4.200000e+00 -9.500000e-01 0
4.150000e+00 -9.500000e-01 0
4.150000e+00 -9.500000e-01 0
4.200000e+00 -9.500000e-01 0
4.200000e+00 -9.000000e-01 0
4.150000e+00 -9.000000e-01 0
4.150000e+00 -9.000000e-01 0
4.200000e+00 -9.000000e-01 0
4.200000e+00 -8.500000e-01 0
4.150000e+00 -8.500000e-01 0
4.150000e+00 -8.500000e-01 0
4.200000e+00 -8.500000e-01 0
4.200000e+00 -8.000000e-01 0
4.150000e+00 -8.000000e-01 0
4.150000e+00 -8.000000e-01 0
4.200000e+00 -8.000000e-01 0
4.200000e+00 -7.500000e-01 0
4.150000e+00 -7.500000e-01 0
4.150000e+00 -7.500000e-01 0
4.200000e+00 -7.500000e-01 0
4.200000e+00 -7.000000e-01 0
4.150000e+00 -7.000000e-01 0
4.150000e+00 -7.000000e-01 0
4.200000e+00 -7.000000e-01 0
4.200000e+00 -6.500000e-01 0
4.150000e+00 -6.500000e-01 0
4.150000e+00 -6.500000e-01 0
4.200000e+00 -6.500000e-01 0
4.200000e+00 -6.000000e-01 0
4.150000e+00 -6.000000e-01 0
4.150000e+00 -6.000000e-01 0
4.200000e+00 -6.000000e-01 0
4.200000e+00 -5.500000e-01 0
4.150000e+00 -5.500000e-01 0
4.150000e+00 -5.500000e-01 0
4.200000e+00 -5.500000e-01 0
4.200000e+00 -5.000000e-01 0
4.150000e+00 -5.000000e-01 0
4.150000e+00 -5.000000e-01 0
4.200000e+00 -5.000000e-01 0
4.200000e+00 -4.500000e-01 0
4.150000e+00 -4.500000e-01 0
4.150000e+00 -4.500000e-01 0
4.200000e+00 -4.500000e-01 0
4.200000e+00 -4.000000e-01 0
4.150000e+00 -4.000000e-01 0
4.150000e+00 -4.000000e-01 0
4.200000e+00 -4.000000e-01 0
4.200000e+00 -3.500000e-01 0
4.150000e+00 -3.500000e-01 0
4.150000e+00 -3.500000e-01 0
4.200000e+00 -3.500000e-01 0
4.200000e+00 -3.000000e-01 0
4.150000e+00 -3.000000e-01 0
4.150000e+00 -3.000000e-01 0
4.200000e+00 -3.000000e-01 0
4.200000e+00 -2.500000e-01 0
4.150000e+00 -2.500000e-01 0
4.150000e+00 -2.500000e-01 0
4.200000e+00 -2.500000e-01 0
4.200000e+00 -2.000000e-01 0
4.150000e+00 -2.000000e-01 0
4.150000e+00 -2.000000e-01 0
4.200000e+00 -2.000000e-01 0
4.200000e+00 -1.500000e-01 0
4.150000e+00 -1.500000e-01 0
4.150000e+00 -1.500000e-01 0
4.200000e+00 -1.500000e-01 0
4.200000e+00 -1.000000e-01 0
4.150000e+00 -1.000000e-01 0
4.150000e+00 -1.000000e-01 0
4.200000e+00 -1.000000e-01 0
4.200000e+00 -5.000000e-02 0
4.150000e+00 -5.000000e-02 0
4.150000e+00 -5.000000e-02 0
4.200000e+00 -5.000000e-02 0
4.200000e+00 5.551115e-17 0
4.150000e+00 5.551115e-17 0
4.150000e+00 5.551115e-17 0
4.200000e+00 5.551115e-17 0
4.200000e+00 5.000000e-02 0
4.150000e+00 5.000000e-02 0
4.150000e+00 5.000000e-02 0
4.200000e+00 5.000000e-02 0
4.200000e+00 1.000000e-01 0
4.150000e+00 1.000000e-01 0
4.150000e+00 1.000000e-01 0
4.200000e+00 1.000000e-01 0
4.200000e+00 1.500000e-01 0
4.150000e+00 1.500000e-01 0
4.150000e+00 1.500000e-01 0
4.200000e+00 1.500000e-01 0
4.200000e+00 2.000000e-01 0
4.150000e+00 2.000000e-01 0
4.150000e+00 2.000000e-01 0
4.200000e+00 2.000000e-01 0
4.200000e+00 2.500000e-01 0
4.150000e+00 2.500000e-01 0
4.150000e+00 2.500000e-01 0
4.200000e+00 2.500000e-01 0
4.200000e+00 3.000000e-01 0
4.150000e+00 3.000000e-01 0
4.150000e+00 3.000000e-01 0
4.200000e+00 3.000000e-01 0
4.200000e+00 3.500000e-01 0
4.150000e+00 3.500000e-01 0
4.150000e+00 3.500000e-01 0
4.200000e+00 3.500000e-01 0
4.200000e+00 4.000000e-01 0
4.150000e+00 4.000000e-01 0
4.150000e+00 4.000000e-01 0
4.200000e+00 4.000000e-01 0
4.200000e+00 4.500000e-01 0
4.150000e+00 4.500000e-01 0
4.150000e+00 4.500000e-01 0
4.200000e+00 4.500000e-01 0
4.200000e+00 5.000000e-01 0
4.150000e+00 5.000000e-01 0
4.150000e+00 5.000000e-01 0
4.200000e+00 5.000000e-01 0
4.200000e+00 5.500000e-01 0
4.150000e+00 5.500000e-01 0
4.150000e+00 5.500000e-01 0
4.200000e+00 5.500000e-01 0
4.200000e+00 6.000000e-01 0
4.150000e+00 6.000000e-01 0
4.150000e+00 6.000000e-01 0
4.200000e+00 6.000000e-01 0
4.200000e+00 6.500000e-01 0
4.150000e+00 6.500000e-01 0
4.150000e+00 6.500000e-01 0
4.200000e+00 6.500000e-01 0
4.200000e+00 7.000000e-01 0
4.150000e+00 7.000000e-01 0
4.150000e+00 7.000000e-01 0
4.200000e+00 7.000000e-01 0
4.200000e+00 7.500000e-01 0
4.150000e+00 7.500000e-01 0
4.150000e+00 7.500000e-01 0
4.200000e+00 7.500000e-01 0
4.200000e+00 8.000000e-01 0
4.150000e+00 8.000000e-01 0
4.150000e+00 8.000000e-01 0
4.200000e+00 8.000000e-01 0
4.200000e+00 8.500000e-01 0
4.150000e+00 8.500000e-01 0
4.150000e+00 8.500000e-01 0
4.200000e+00 8.500000e-01 0
4.200000e+00 9.000000e-01 0
4.150000e+00 9.000000e-01 0
4.150000e+00 9.000000e-01 0
4.200000e+00 9.000000e-01 0
4.200000e+00 9.500000e-01 0
4.150000e+00 9.500000e-01 0
4.150000e+00 9.500000e-01 0
4.200000e+00 9.500000e-01 0
4.200000e+00 1.000000e+00 0
4.150000e+00 1.000000e+00 0
4.200000e+00 -1.000000e+00 0
4.250000e+00 -1.000000e+00 0
4.250000e+00 -9.500000e-01 0
4.200000e+00 -9.500000e-01 0
4.200000e+00 -9.500000e-01 0
4.250000e+00 -9.500000e-01 0
4.250000e+00 -9.000000e-01 0
4.200000e+00 -9.000000e-01 0
4.200000e+00 -9.000000e-01 0
4.250000e+00 -9.000000e-01 0
4.250000e+00 -8.500000e-01 0
4.200000e+00 -8.500000e-01 0
4.200000e+00 -8.500000e-01 0
4.250000e+00 -8.500000e-01 0
4.250000e+00 -8.000000e-01 0
4.200000e+00 -8.000000e-01 0
4.200000e+00 -8.000000e-01 0
4.250000e+00 -8.000000e-01 0
4.250000e+00 -7.500000e-01 0
4.200000e+00 -7.500000e-01 0
4.200000e+00 -7.500000e-01 0
4.250000e+00 -7.500000e-01 0
4.250000e+00 -7.000000e-01 0
4.200000e+00 -7.000000e-01 0
4.200000e+00 -7.000000e-01 0
4.250000e+00 -7.000000e-01 0
4.250000e+00 -6.500000e-01 0
4.200000e+00 -6.500000e-01 0
4.200000e+00 -6.500000e-01 0
4.250000e+00 -6.500000e-01 0
4.250000e+00 -6.000000e-01 0
4.200000e+00 -6.000000e-01 0
4.200000e+00 -6.000000e-01 0
4.250000e+00 -6.000000e-01 0
4.250000e+00 -5.500000e-01 0
4.200000e+00 -5.500000e-01 0
4.200000e+00 -5.500000e-01 0
4.250000e+00 -5.500000e-01 0
4.250000e+00 -5.000000e-01 0
4.200000e+00 -5.000000e-01 0
4.200000e+00 -5.000000e-01 0
4.250000e+00 -5.000000e-01 0
4.250000e+00 -4.500000e-01 0
4.200000e+00 -4.500000e-01 0
4.200000e+00 -4.500000e-01 0
4.250000e+00 -4.500000e-01 0
4.250000e+00 -4.000000e-01 0
4.200000e+00 -4.000000e-01 0
4.200000e+00 -4.000000e-01 0
4.250000e+00 -4.000000e-01 0
4.250000e+00 -3.500000e-01 0
4.200000e+00 -3.500000e-01 0
4.200000e+00 -3.500000e-01 0
4.250000e+00 -3.500000e-01 0
4.250000e+00 -3.000000e-01 0
4.200000e+00 -3.000000e-01 0
4.200000e+00 -3.000000e-01 0
4.250000e+00 -3.000000e-01 0
4.250000e+00 -2.500000e-01 0
4.200000e+00 -2.500000e-01 0
4.200000e+00 -2.500000e-01 0
4.250000e+00 -2.500000e-01 0
4.250000e+00 -2.000000e-01 0
4.200000e+00 -2.000000e-01 0
4.200000e+00 -2.000000e-01 0
4.250000e+00 -2.000000e-01 0
4.250000e+00 -1.500000e-01 0
4.200000e+00 -1.500000e-01 0
4.200000e+00 -1.500000e-01 0
4.250000e+00 -1.500000e-01 0
4.250000e+00 -1.000000e-01 0
4.200000e+00 -1.000000e-01 0
4.200000e+00 -1.000000e-01 0
4.250000e+00 -1.000000e-01 0
4.250000e+00 -5.000000e-02 0
4.200000e+00 -5.000000e-02 0
4.200000e+00 -5.000000e-02 0
4.250000e+00 -5.000000e-02 0
4.250000e+00 5.551115e-17 0
4.200000e+00 5.551115e-17 0
4.200000e+00 5.551115e-17 0
4.250000e+00 5.551115e-17 0
4.250000e+00 5.000000e-02 0
4.200000e+00 5.000000e-02 0
4.200000e+00 5.000000e-02 0
4.250000e+00 5.000000e-02 0
4.250000e+00 1.000000e-01 0
4.200000e+00 1.000000e-01 0
4.200000e+00 1.000000e-01 0
4.250000e+00 1.000000e-01 0
4.250000e+00 1.500000e-01 0
4.200000e+00 1.500000e-01 0
4.200000e+00 1.500000e-01 0
4.250000e+00 1.500000e-01 0
4.250000e+00 2.000000e-01 0
4.200000e+00 2.000000e-01 0
4.200000e+00 2.000000e-01 0
4.250000e+00 2.000000e-01 0
4.250000e+00 2.500000e-01 0
4.200000e+00 2.500000e-01 0
4.200000e+00 2.500000e-01 0
4.250000e+00 2.500000e-01 0
4.250000e+00 3.000000e-01 0
4.200000e+00 3.000000e-01 0
4.200000e+00 3.000000e-01 0
4.250000e+00 3.000000e-01 0
4.250000e+00 3.500000e-01 0
4.200000e+00 3.500000e-01 0
4.200000e+00 3.500000e-01 0
4.250000e+00 3.500000e-01 0
4.250000e+00 4.000000e-01 0
4.200000e+00 4.000000e-01 0
4.200000e+00 4.000000e-01 0
4.250000e+00 4.000000e-01 0
4.250000e+00 4.500000e-01 0
4.200000e+00 4.500000e-01 0
4.200000e+00 4.500000e-01 0
4.250000e+00 4.500000e-01 0
4.250000e+00 5.000000e-01 0
4.200000e+00 5.000000e-01 0
4.200000e+00 5.000000e-01 0
4.250000e+00 5.000000e-01 0
4.250000e+00 5.500000e-01 0
4.200000e+00 5.500000e-01 0
4.200000e+00 5.500000e-01 0
4.250000e+00 5.500000e-01 0
4.250000e+00 6.000000e-01 0
4.200000e+00 6.000000e-01 0
4.200000e+00 6.000000e-01 0
4.250000e+00 6.000000e-01 0
4.250000e+00 6.500000e-01 0
4.200000e+00 6.500000e-01 0
4.200000e+00 6.500000e-01 0
4.250000e+00 6.500000e-01 0
4.250000e+00 7.000000e-01 0
4.200000e+00 7.000000e-01 0
4.200000e+00 7.000000e-01 0
4.250000e+00 7.000000e-01 0
4.250000e+00 7.500000e-01 0
4.200000e+00 7.500000e-01 0
4.200000e+00 7.500000e-01 0
4.250000e+00 7.500000e-01 0
4.250000e+00 8.000000e-01 0
4.200000e+00 8.000000e-01 0
4.200000e+00 8.000000e-01 0
4.250000e+00 8.000000e-01 0
4.250000e+00 8.500000e-01 0
4.200000e+00 8.500000e-01 0
4.200000e+00 8.500000e-01 0
4.250000e+00 8.500000e-01 0
4.250000e+00 9.000000e-01 0
4.200000e+00 9.000000e-01 0
4.200000e+00 9.000000e-01 0
4.250000e+00 9.000000e-01 0
4.250000e+00 9.500000e-01 0
4.200000e+00 9.500000e-01 0
4.200000e+00 9.500000e-01 0
4.250000e+00 9.500000e-01 0
4.250000e+00 1.000000e+00 0
4.200000e+00 1.000000e+00 0
4.250000e+00 -1.000000e+00 0
4.300000e+00 -1.000000e+00 0
4.300000e+00 -9.500000e-01 0
4.250000e+00 -9.500000e-01 0
4.250000e+00 -9.500000e-01 0
4.300000e+00 -9.500000e-01 0
4.300000e+00 -9.000000e-01 0
4.250000e+00 -9.000000e-01 0
4.250000e+00 -9.000000e-01 0
4.300000e+00 -9.000000e-01 0
4.300000e+00 -8.500000e-01 0
4.250000e+00 -8.500000e-01 0
4.250000e+00 -8.500000e-01 0
4.300000e+00 -8.500000e-01 0
4.300000e+00 -8.000000e-01 0
4.250000e+00 -8.000000e-01 0
4.250000e+00 -8.000000e-01 0
4.300000e+00 -8.000000e-01 0
4.300000e+00 -7.500000e-01 0
4.250000e+00 -7.500000e-01 0
4.250000e+00 -7.500000e-01 0
4.300000e+00 -7.500000e-01 0
4.300000e+00 -7.000000e-01 0
4.250000e+00 -7.000000e-01 0
4.250000e+00 -7.000000e-01 0
4.300000e+00 -7.000000e-01 0
4.300000e+00 -6.500000e-01 0
4.250000e+00 -6.500000e-01 0
4.250000e+00 -6.500000e-01 0
4.300000e+00 -6.500000e-01 0
4.300000e+00 -6.000000e-01 0
4.250000e+00 -6.000000e-01 0
4.250000e+00 -6.000000e-01 0
4.300000e+00 -6.000000e-01 0
4.300000e+00 -5.500000e-01 0
4.250000e+00 -5.500000e-01 0
4.250000e+00 -5.500000e-01 0
4.300000e+00 -5.500000e-01 0
4.300000e+00 -5.000000e-01 0
4.250000e+00 -5.000000e-01 0
4.250000e+00 -5.000000e-01 0
4.300000e+00 -5.000000e-01 0
4.300000e+00 -4.500000e-01 0
4.250000e+00 -4.500000e-01 0
4.250000e+00 -4.500000e-01 0
4.300000e+00 -4.500000e-01 0
4.300000e+00 -4.000000e-01 0
4.250000e+00 -4.000000e-01 0
4.250000e+00 -4.000000e-01 0
4.300000e+00 -4.000000e-01 0
4.300000e+00 -3.500000e-01 0
4.250000e+00 -3.500000e-01 0
4.250000e+00 -3.500000e-01 0
4.300000e+00 -3.500000e-01 0
4.300000e+00 -3.000000e-01 0
4.250000e+00 -3.000000e-01 0
4.250000e+00 -3.000000e-01 0
4.300000e+00 -3.000000e-01 0
4.300000e+00 -2.500000e-01 0
4.250000e+00 -2.500000e-01 0
4.250000e+00 -2.500000e-01 0
4.300000e+00 -2.500000e-01 0
4.300000e+00 -2.000000e-01 0
4.250000e+00 -2.000000e-01 0
4.250000e+00 -2.000000e-01 0
4.300000e+00 -2.000000e-01 0
4.300000e+00 -1.500000e-01 0
4.250000e+00 -1.500000e-01 0
4.250000e+00 -1.500000e-01 0
4.300000e+00 -1.500000e-01 0
4.300000e+00 -1.000000e-01 0
4.250000e+00 -1.000000e-01 0
4.250000e+00 -1.000000e-01 0
4.300000e+00 -1.000000e-01 0
4.300000e+00 -5.000000e-02 0
4.250000e+00 -5.000000e-02 0
4.250000e+00 -5.000000e-02 0
4.300000e+00 -5.000000e-02 0
4.300000e+00 5.551115e-17 0
4.250000e+00 5.551115e-17 0
4.250000e+00 5.551115e-17 0
4.300000e+00 5.551115e-17 0
4.300000e+00 5.000000e-02 0
4.250000e+00 5.000000e-02 0
4.250000e+00 5.000000e-02 0
4.300000e+00 5.000000e-02 0
4.300000e+00 1.000000e-01 0
4.250000e+00 1.000000e-01 0
4.250000e+00 1.000000e-01 0
4.300000e+00 1.000000e-01 0
4.300000e+00 1.500000e-01 0
4.250000e+00 1.500000e-01 0
4.250000e+00 1.500000e-01 0
4.300000e+00 1.500000e-01 0
4.300000e+00 2.000000e-01 0
4.250000e+00 2.000000e-01 0
4.250000e+00 2.000000e-01 0
4.300000e+00 2.000000e-01 0
4.300000e+00 2.500000e-01 0
4.250000e+00 2.500000e-01 0
4.250000e+00 2.500000e-01 0
4.300000e+00 2.500000e-01 0
4.300000e+00 3.000000e-01 0
4.250000e+00 3.000000e-01 0
4.250000e+00 3.000000e-01 0
4.300000e+00 3.000000e-01 0
4.300000e+00 3.500000e-01 0
4.250000e+00 3.500000e-01 0
4.250000e+00 3.500000e-01 0
4.300000e+00 3.500000e-01 0
4.300000e+00 4.000000e-01 0
4.250000e+00 4.000000e-01 0
4.250000e+00 4.000000e-01 0
4.300000e+00 4.000000e-01 0
4.300000e+00 4.500000e-01 0
4.250000e+00 4.500000e-01 0
4.250000e+00 4.500000e-01 0
4.300000e+00 4.500000e-01 0
4.300000e+00 5.000000e-01 0
4.250000e+00 5.000000e-01 0
4.250000e+00 5.000000e-01 0
4.300000e+00 5.000000e-01 0
4.300000e+00 5.500000e-01 0
4.250000e+00 5.500000e-01 0
4.250000e+00 5.500000e-01 0
4.300000e+00 5.500000e-01 0
4.300000e+00 6.000000e-01 0
4.250000e+00 6.000000e-01 0
4.250000e+00 6.000000e-01 0
4.300000e+00 6.000000e-01 0
4.300000e+00 6.500000e-01 0
4.250000e+00 6.500000e-01 0
4.250000e+00 6.500000e-01 0
4.300000e+00 6.500000e-01 0
4.300000e+00 7.000000e-01 0
4.250000e+00 7.000000e-01 0
4.250000e+00 7.000000e-01 0
4.300000e+00 7.000000e-01 0
4.300000e+00 7.500000e-01 0
4.250000e+00 7.500000e-01 0
4.250000e+00 7.500000e-01 0
4.300000e+00 7.500000e-01 0
4.300000e+00 8.000000e-01 0
4.250000e+00 8.000000e-01 0
4.250000e+00 8.000000e-01 0
4.300000e+00 8.000000e-01 0
4.300000e+00 8.500000e-01 0
4.250000e+00 8.500000e-01 0
4.250000e+00 8.500000e-01 0
4.300000e+00 8.500000e-01 0
4.300000e+00 9.000000e-01 0
4.250000e+00 9.000000e-01 0
4.250000e+00 9.000000e-01 0
4.300000e+00 9.000000e-01 0
4.300000e+00 9.500000e-01 0
4.250000e+00 9.500000e-01 0
4.250000e+00 9.500000e-01 0
4.300000e+00 9.500000e-01 0
4.300000e+00 1.000000e+00 0
4.250000e+00 1.000000e+00 0
4.300000e+00 -1.000000e+00 0
4.350000e+00 -1.000000e+00 0
4.350000e+00 -9.500000e-01 0
4.300000e+00 -9.500000e-01 0
4.300000e+00 -9.500000e-01 0
4.350000e+00 -9.500000e-01 0
4.350000e+00 -9.000000e-01 0
4.300000e+00 -9.000000e-01 0
4.300000e+00 -9.000000e-01 0
4.350000e+00 -9.000000e-01 0
4.350000e+00 -8.500000e-01 0
4.300000e+00 -8.500000e-01 0
4.300000e+00 -8.500000e-01 0
4.350000e+00 -8.500000e-01 0
4.350000e+00 -8.000000e-01 0
4.300000e+00 -8.000000e-01 0
4.300000e+00 -8.000000e-01 0
4.350000e+00 -8.000000e-01 0
4.350000e+00 -7.500000e-01 0
4.300000e+00 -7.500000e-01 0
4.300000e+00 -7.500000e-01 0
4.350000e+00 -7.500000e-01 0
4.350000e+00 -7.000000e-01 0
4.300000e+00 -7.000000e-01 0
4.300000e+00 -7.000000e-01 0
4.350000e+00 -7.000000e-01 0
4.350000e+00 -6.500000e-01 0
4.300000e+00 -6.500000e-01 0
4.300000e+00 -6.500000e-01 0
4.350000e+00 -6.500000e-01 0
4.350000e+00 -6.000000e-01 0
4.300000e+00 -6.000000e-01 0
4.300000e+00 -6.000000e-01 0
4.350000e+00 -6.000000e-01 0
4.350000e+00 -5.500000e-01 0
4.300000e+00 -5.500000e-01 0
4.300000e+00 -5.500000e-01 0
4.350000e+00 -5.500000e-01 0
4.350000e+00 -5.000000e-01 0
4.300000e+00 -5.000000e-01 0
4.300000e+00 -5.000000e-01 0
4.350000e+00 -5.000000e-01 0
4.350000e+00 -4.500000e-01 0
4.300000e+00 -4.500000e-01 0
4.300000e+00 -4.500000e-01 0
4.350000e+00 -4.500000e-01 0
4.350000e+00 -4.000000e-01 0
4.300000e+00 -4.000000e-01 0
4.300000e+00 -4.000000e-01 0
4.350000e+00 -4.000000e-01 0
4.350000e+00 -3.500000e-01 0
4.300000e+00 -3.500000e-01 0
4.300000e+00 -3.500000e-01 0
4.350000e+00 -3.500000e-01 0
4.350000e+00 -3.000000e-01 0
4.300000e+00 -3.000000e-01 0
4.300000e+00 -3.000000e-01 0
4.350000e+00 -3.000000e-01 0
4.350000e+00 -2.500000e-01 0
4.300000e+00 -2.500000e-01 0
4.300000e+00 -2.500000e-01 0
4.350000e+00 -2.500000e-01 0
4.350000e+00 -2.000000e-01 0
4.300000e+00 -2.000000e-01 0
4.300000e+00 -2.000000e-01 0
4.350000e+00 -2.000000e-01 0
4.350000e+00 -1.500000e-01 0
4.300000e+00 -1.500000e-01 0
4.300000e+00 -1.500000e-01 0
4.350000e+00 -1.500000e-01 0
4.350000e+00 -1.000000e-01 0
4.300000e+00 -1.000000e-01 0
4.300000e+00 -1.000000e-01 0
4.350000e+00 -1.000000e-01 0
4.350000e+00 -5.000000e-02 0
4.300000e+00 -5.000000e-02 0
4.300000e+00 -5.000000e-02 0
4.350000e+00 -5.000000e-02 0
4.350000e+00 5.551115e-17 0
4.300000e+00 5.551115e-17 0
4.300000e+00 5.551115e-17 0
4.350000e+00 5.551115e-17 0
4.350000e+00 5.000000e-02 0
4.300000e+00 5.000000e-02 0
4.300000e+00 5.000000e-02 0
4.350000e+00 5.000000e-02 0
4.350000e+00 1.000000e-01 0
4.300000e+00 1.000000e-01 0
4.300000e+00 1.000000e-01 0
4.350000e+00 1.000000e-01 0
4.350000e+00 1.500000e-01 0
4.300000e+00 1.500000e-01 0
4.300000e+00 1.500000e-01 0
4.350000e+00 1.500000e-01 0
4.350000e+00 2.000000e-01 0
4.300000e+00 2.000000e-01 0
4.300000e+00 2.000000e-01 0
4.350000e+00 2.000000e-01 0
4.350000e+00 2.500000e-01 0
4.300000e+00 2.500000e-01 0
4.300000e+00 2.500000e-01 0
4.350000e+00 2.500000e-01 0
4.350000e+00 3.000000e-01 0
4.300000e+00 3.000000e-01 0
4.300000e+00 3.000000e-01 0
4.350000e+00 3.000000e-01 0
4.350000e+00 3.500000e-01 0
4.300000e+00 3.500000e-01 0
4.300000e+00 3.500000e-01 0
4.350000e+00 3.500000e-01 0
4.350000e+00 4.000000e-01 0
4.300000e+00 4.000000e-01 0
4.300000e+00 4.000000e-01 0
4.350000e+00 4.000000e-01 0
4.350000e+00 4.500000e-01 0
4.300000e+00 4.500000e-01 0
4.300000e+00 4.500000e-01 0
4.350000e+00 4.500000e-01 0
4.350000e+00 5.000000e-01 0
4.300000e+00 5.000000e-01 0
4.300000e+00 5.000000e-01 0
4.350000e+00 5.000000e-01 0
4.350000e+00 5.500000e-01 0
4.300000e+00 5.500000e-01 0
4.300000e+00 5.500000e-01 0
4.350000e+00 5.500000e-01 0
4.350000e+00 6.000000e-01 0
4.300000e+00 6.000000e-01 0
4.300000e+00 6.000000e-01 0
4.350000e+00 6.000000e-01 0
4.350000e+00 6.500000e-01 0
4.300000e+00 6.500000e-01 0
4.300000e+00 6.500000e-01 0
4.350000e+00 6.500000e-01 0
4.350000e+00 7.000000e-01 0
4.300000e+00 7.000000e-01 0
4.300000e+00 7.000000e-01 0
4.350000e+00 7.000000e-01 0
4.350000e+00 7.500000e-01 0
4.300000e+00 7.500000e-01 0
4.300000e+00 7.500000e-01 0
4.350000e+00 7.500000e-01 0
4.350000e+00 8.000000e-01 0
4.300000e+00 8.000000e-01 0
4.300000e+00 8.000000e-01 0
4.350000e+00 8.000000e-01 0
4.350000e+00 8.500000e-01 0
4.300000e+00 8.500000e-01 0
4.300000e+00 8.500000e-01 0
4.350000e+00 8.500000e-01 0
4.350000e+00 9.000000e-01 0
4.300000e+00 9.000000e-01 0
4.300000e+00 9.000000e-01 0
4.350000e+00 9.000000e-01 0
4.350000e+00 9.500000e-01 0
4.300000e+00 9.500000e-01 0
4.300000e+00 9.500000e-01 0
4.350000e+00 9.500000e-01 0
4.350000e+00 1.000000e+00 0
4.300000e+00 1.000000e+00 0
4.350000e+00 -1.000000e+00 0
4.400000e+00 -1.000000e+00 0
4.400000e+00 -9.500000e-01 0
4.350000e+00 -9.500000e-01 0
4.350000e+00 -9.500000e-01 0
4.400000e+00 -9.500000e-01 0
4.400000e+00 -9.000000e-01 0
4.350000e+00 -9.000000e-01 0
4.350000e+00 -9.000000e-01 0
4.400000e+00 -9.000000e-01 0
4.400000e+00 -8.500000e-01 0
4.350000e+00 -8.500000e-01 0
4.350000e+00 -8.500000e-01 0
4.400000e+00 -8.500000e-01 0
4.400000e+00 -8.000000e-01 0
4.350000e+00 -8.000000e-01 0
4.350000e+00 -8.000000e-01 0
4.400000e+00 -8.000000e-01 0
4.400000e+00 -7.500000e-01 0
4.350000e+00 -7.500000e-01 0
4.350000e+00 -7.500000e-01 0
4.400000e+00 -7.500000e-01 0
4.400000e+00 -7.000000e-01 0
4.350000e+00 -7.000000e-01 0
4.350000e+00 -7.000000e-01 0
4.400000e+00 -7.000000e-01 0
4.400000e+00 -6.500000e-01 0
4.350000e+00 -6.500000e-01 0
4.350000e+00 -6.500000e-01 0
4.400000e+00 -6.500000e-01 0
4.400000e+00 -6.000000e-01 0
4.350000e+00 -6.000000e-01 0
4.350000e+00 -6.000000e-01 0
4.400000e+00 -6.000000e-01 0
4.400000e+00 -5.500000e-01 0
4.350000e+00 -5.500000e-01 0
4.350000e+00 -5.500000e-01 0
4.400000e+00 -5.500000e-01 0
4.400000e+00 -5.000000e-01 0
4.350000e+00 -5.000000e-01 0
4.350000e+00 -5.000000e-01 0
4.400000e+00 -5.000000e-01 0
4.400000e+00 -4.500000e-01 0
4.350000e+00 -4.500000e-01 0
4.350000e+00 -4.500000e-01 0
4.400000e+00 -4.500000e-01 0
4.400000e+00 -4.000000e-01 0
4.350000e+00 -4.000000e-01 0
4.350000e+00 -4.000000e-01 0
4.400000e+00 -4.000000e-01 0
4.400000e+00 -3.500000e-01 0
4.350000e+00 -3.500000e-01 0
4.350000e+00 -3.500000e-01 0
4.400000e+00 -3.500000e-01 0
4.400000e+00 -3.000000e-01 0
4.350000e+00 -3.000000e-01 0
4.350000e+00 -3.000000e-01 0
4.400000e+00 -3.000000e-01 0
4.400000e+00 -2.500000e-01 0
4.350000e+00 -2.500000e-01 0
4.350000e+00 -2.500000e-01 0
4.400000e+00 -2.500000e-01 0
4.400000e+00 -2.000000e-01 0
4.350000e+00 -2.000000e-01 0
4.350000e+00 -2.000000e-01 0
4.400000e+00 -2.000000e-01 0
4.400000e+00 -1.500000e-01 0
4.350000e+00 -1.500000e-01 0
4.350000e+00 -1.500000e-01 0
4.400000e+00 -1.500000e-01 0
4.400000e+00 -1.000000e-01 0
4.350000e+00 -1.000000e-01 0
4.350000e+00 -1.000000e-01 0
4.400000e+00 -1.000000e-01 0
4.400000e+00 -5.000000e-02 0
4.350000e+00 -5.000000e-02 0
4.350000e+00 -5.000000e-02 0
4.400000e+00 -5.000000e-02 0
4.400000e+00 5.551115e-17 0
4.350000e+00 5.551115e-17 0
4.350000e+00 5.551115e-17 0
4.400000e+00 5.551115e-17 0
4.400000e+00 5.000000e-02 0
4.350000e+00 5.000000e-02 0
4.350000e+00 5.000000e-02 0
4.400000e+00 5.000000e-02 0
4.400000e+00 1.000000e-01 0
4.350000e+00 1.000000e-01 0
4.350000e+00 1.000000e-01 0
4.400000e+00 1.000000e-01 0
4.400000e+00 1.500000e-01 0
4.350000e+00 1.500000e-01 0
4.350000e+00 1.500000e-01 0
4.400000e+00 1.500000e-01 0
4.400000e+00 2.000000e-01 0
4.350000e+00 2.000000e-01 0
4.350000e+00 2.000000e-01 0
4.400000e+00 2.000000e-01 0
4.400000e+00 2.500000e-01 0
4.350000e+00 2.500000e-01 0
4.350000e+00 2.500000e-01 0
4.400000e+00 2.500000e-01 0
4.400000e+00 3.000000e-01 0
4.350000e+00 3.000000e-01 0
4.350000e+00 3.000000e-01 0
4.400000e+00 3.000000e-01 0
4.400000e+00 3.500000e-01 0
4.350000e+00 3.500000e-01 0
4.350000e+00 3.500000e-01 0
4.400000e+00 3.500000e-01 0
4.400000e+00 4.000000e-01 0
4.350000e+00 4.000000e-01 0
4.350000e+00 4.000000e-01 0
4.400000e+00 4.000000e-01 0
4.400000e+00 4.500000e-01 0
4.350000e+00 4.500000e-01 0
4.350000e+00 4.500000e-01 0
4.400000e+00 4.500000e-01 0
4.400000e+00 5.000000e-01 0
4.350000e+00 5.000000e-01 0
4.350000e+00 5.000000e-01 0
4.400000e+00 5.000000e-01 0
4.400000e+00 5.500000e-01 0
4.350000e+00 5.500000e-01 0
4.350000e+00 5.500000e-01 0
4.400000e+00 5.500000e-01 0
4.400000e+00 6.000000e-01 0
4.350000e+00 6.000000e-01 0
4.350000e+00 6.000000e-01 0
4.400000e+00 6.000000e-01 0
4.400000e+00 6.500000e-01 0
4.350000e+00 6.500000e-01 0
4.350000e+00 6.500000e-01 0
4.400000e+00 6.500000e-01 0
4.400000e+00 7.000000e-01 0
4.350000e+00 7.000000e-01 0
4.350000e+00 7.000000e-01 0
4.400000e+00 7.000000e-01 0
4.400000e+00 7.500000e-01 0
4.350000e+00 7.500000e-01 0
4.350000e+00 7.500000e-01 0
4.400000e+00 7.500000e-01 0
4.400000e+00 8.000000e-01 0
4.350000e+00 8.000000e-01 0
4.350000e+00 8.000000e-01 0
4.400000e+00 8.000000e-01 0
4.400000e+00 8.500000e-01 0
4.350000e+00 8.500000e-01 0
4.350000e+00 8.500000e-01 0
4.400000e+00 8.500000e-01 0
4.400000e+00 9.000000e-01 0
4.350000e+00 9.000000e-01 0
4.350000e+00 9.000000e-01 0
4.400000e+00 9.000000e-01 0
4.400000e+00 9.500000e-01 0
4.350000e+00 9.500000e-01 0
4.350000e+00 9.500000e-01 0
4.400000e+00 9.500000e-01 0
4.400000e+00 1.000000e+00 0
4.350000e+00 1.000000e+00 0
4.400000e+00 -1.000000e+00 0
4.450000e+00 -1.000000e+00 0
4.450000e+00 -9.500000e-01 0
4.400000e+00 -9.500000e-01 0
4.400000e+00 -9.500000e-01 0
4.450000e+00 -9.500000e-01 0
4.450000e+00 -9.000000e-01 0
4.400000e+00 -9.000000e-01 0
4.400000e+00 -9.000000e-01 0
4.450000e+00 -9.000000e-01 0
4.450000e+00 -8.500000e-01 0
4.400000e+00 -8.500000e-01 0
4.400000e+00 -8.500000e-01 0
4.450000e+00 -8.500000e-01 0
4.450000e+00 -8.000000e-01 0
4.400000e+00 -8.000000e-01 0
4.400000e+00 -8.000000e-01 0
4.450000e+00 -8.000000e-01 0
4.450000e+00 -7.500000e-01 0
4.400000e+00 -7.500000e-01 0
4.400000e+00 -7.500000e-01 0
4.450000e+00 -7.500000e-01 0
4.450000e+00 -7.000000e-01 0
4.400000e+00 -7.000000e-01 0
4.400000e+00 -7.000000e-01 0
4.450000e+00 -7.000000e-01 0
4.450000e+00 -6.500000e-01 0
4.400000e+00 -6.500000e-01 0
4.400000e+00 -6.500000e-01 0
4.450000e+00 -6.500000e-01 0
4.450000e+00 -6.000000e-01 0
4.400000e+00 -6.000000e-01 0
4.400000e+00 -6.000000e-01 0
4.450000e+00 -6.000000e-01 0
4.450000e+00 -5.500000e-01 0
4.400000e+00 -5.500000e-01 0
4.400000e+00 -5.500000e-01 0
4.450000e+00 -5.500000e-01 0
4.450000e+00 -5.000000e-01 0
4.400000e+00 -5.000000e-01 0
4.400000e+00 -5.000000e-01 0
4.450000e+00 -5.000000e-01 0
4.450000e+00 -4.500000e-01 0
4.400000e+00 -4.500000e-01 0
4.400000e+00 -4.500000e-01 0
4.450000e+00 -4.500000e-01 0
4.450000e+00 -4.000000e-01 0
4.400000e+00 -4.000000e-01 0
4.400000e+00 -4.000000e-01 0
4.450000e+00 -4.000000e-01 0
4.450000e+00 -3.500000e-01 0
4.400000e+00 -3.500000e-01 0
4.400000e+00 -3.500000e-01 0
4.450000e+00 -3.500000e-01 0
4.450000e+00 -3.000000e-01 0
4.400000e+00 -3.000000e-01 0
4.400000e+00 -3.000000e-01 0
4.450000e+00 -3.000000e-01 0
4.450000e+00 -2.500000e-01 0
4.400000e+00 -2.500000e-01 0
4.400000e+00 -2.500000e-01 0
4.450000e+00 -2.500000e-01 0
4.450000e+00 -2.000000e-01 0
4.400000e+00 -2.000000e-01 0
4.400000e+00 -2.000000e-01 0
4.450000e+00 -2.000000e-01 0
4.450000e+00 -1.500000e-01 0
4.400000e+00 -1.500000e-01 0
4.400000e+00 -1.500000e-01 0
4.450000e+00 -1.500000e-01 0
4.450000e+00 -1.000000e-01 0
4.400000e+00 -1.000000e-01 0
4.400000e+00 -1.000000e-01 0
4.450000e+00 -1.000000e-01 0
4.450000e+00 -5.000000e-02 0
4.400000e+00 -5.000000e-02 0
4.400000e+00 -5.000000e-02 0
4.450000e+00 -5.000000e-02 0
4.450000e+00 5.551115e-17 0
4.400000e+00 5.551115e-17 0
4.400000e+00 5.551115e-17 0
4.450000e+00 5.551115e-17 0
4.450000e+00 5.000000e-02 0
4.400000e+00 5.000000e-02 0
4.400000e+00 5.000000e-02 0
4.450000e+00 5.000000e-02 0
4.450000e+00 1.000000e-01 0
4.400000e+00 1.000000e-01 0
4.400000e+00 1.000000e-01 0
4.450000e+00 1.000000e-01 0
4.450000e+00 1.500000e-01 0
4.400000e+00 1.500000e-01 0
4.400000e+00 1.500000e-01 0
4.450000e+00 1.500000e-01 0
4.450000e+00 2.000000e-01 0
4.400000e+00 2.000000e-01 0
4.400000e+00 2.000000e-01 0
4.450000e+00 2.000000e-01 0
4.450000e+00 2.500000e-01 0
4.400000e+00 2.500000e-01 0
4.400000e+00 2.500000e-01 0
4.450000e+00 2.500000e-01 0
4.450000e+00 3.000000e-01 0
4.400000e+00 3.000000e-01 0
4.400000e+00 3.000000e-01 0
4.450000e+00 3.000000e-01 0
4.450000e+00 3.500000e-01 0
4.400000e+00 3.500000e-01 0
4.400000e+00 3.500000e-01 0
4.450000e+00 3.500000e-01 0
4.450000e+00 4.000000e-01 0
4.400000e+00 4.000000e-01 0
4.400000e+00 4.000000e-01 0
4.450000e+00 4.000000e-01 0
4.450000e+00 4.500000e-01 0
4.400000e+00 4.500000e-01 0
4.400000e+00 4.500000e-01 0
4.450000e+00 4.500000e-01 0
4.450000e+00 5.000000e-01 0
4.400000e+00 5.000000e-01 0
4.400000e+00 5.000000e-01 0
4.450000e+00 5.000000e-01 0
4.450000e+00 5.500000e-01 0
4.400000e+00 5.500000e-01 0
4.400000e+00 5.500000e-01 0
4.450000e+00 5.500000e-01 0
4.450000e+00 6.000000e-01 0
4.400000e+00 6.000000e-01 0
4.400000e+00 6.000000e-01 0
4.450000e+00 6.000000e-01 0
4.450000e+00 6.500000e-01 0
4.400000e+00 6.500000e-01 0
4.400000e+00 6.500000e-01 0
4.450000e+00 6.500000e-01 0
4.450000e+00 7.000000e-01 0
4.400000e+00 7.000000e-01 0
4.400000e+00 7.000000e-01 0
4.450000e+00 7.000000e-01 0
4.450000e+00 7.500000e-01 0
4.400000e+00 7.500000e-01 0
4.400000e+00 7.500000e-01 0
4.450000e+00 7.500000e-01 0
4.450000e+00 8.000000e-01 0
4.400000e+00 8.000000e-01 0
4.400000e+00 8.000000e-01 0
4.450000e+00 8.000000e-01 0
4.450000e+00 8.500000e-01 0
4.400000e+00 8.500000e-01 0
4.400000e+00 8.500000e-01 0
4.450000e+00 8.500000e-01 0
4.450000e+00 9.000000e-01 0
4.400000e+00 9.000000e-01 0
4.400000e+00 9.000000e-01 0
4.450000e+00 9.000000e-01 0
4.450000e+00 9.500000e-01 0
4.400000e+00 9.500000e-01 0
4.400000e+00 9.500000e-01 0
4.450000e+00 9.500000e-01 0
4.450000e+00 1.000000e+00 0
4.400000e+00 1.000000e+00 0
4.450000e+00 -1.000000e+00 0
4.500000e+00 -1.000000e+00 0
4.500000e+00 -9.500000e-01 0
4.450000e+00 -9.500000e-01 0
4.450000e+00 -9.500000e-01 0
4.500000e+00 -9.500000e-01 0
4.500000e+00 -9.000000e-01 0
4.450000e+00 -9.000000e-01 0
4.450000e+00 -9.000000e-01 0
4.500000e+00 -9.000000e-01 0
4.500000e+00 -8.500000e-01 0
4.450000e+00 -8.500000e-01 0
4.450000e+00 -8.500000e-01 0
4.500000e+00 -8.500000e-01 0
4.500000e+00 -8.000000e-01 0
4.450000e+00 -8.000000e-01 0
4.450000e+00 -8.000000e-01 0
4.500000e+00 -8.000000e-01 0
4.500000e+00 -7.500000e-01 0
4.450000e+00 -7.500000e-01 0
4.450000e+00 -7.500000e-01 0
4.500000e+00 -7.500000e-01 0
4.500000e+00 -7.000000e-01 0
4.450000e+00 -7.000000e-01 0
4.450000e+00 -7.000000e-01 0
4.500000e+00 -7.000000e-01 0
4.500000e+00 -6.500000e-01 0
4.450000e+00 -6.500000e-01 0
4.450000e+00 -6.500000e-01 0
4.500000e+00 -6.500000e-01 0
4.500000e+00 -6.000000e-01 0
4.450000e+00 -6.000000e-01 0
4.450000e+00 -6.000000e-01 0
4.500000e+00 -6.000000e-01 0
4.500000e+00 -5.500000e-01 0
4.450000e+00 -5.500000e-01 0
4.450000e+00 -5.500000e-01 0
4.500000e+00 -5.500000e-01 0
4.500000e+00 -5.000000e-01 0
4.450000e+00 -5.000000e-01 0
4.450000e+00 -5.000000e-01 0
4.500000e+00 -5.000000e-01 0
4.500000e+00 -4.500000e-01 0
4.450000e+00 -4.500000e-01 0
4.450000e+00 -4.500000e-01 0
4.500000e+00 -4.500000e-01 0
4.500000e+00 -4.000000e-01 0
4.450000e+00 -4.000000e-01 0
4.450000e+00 -4.000000e-01 0
4.500000e+00 -4.000000e-01 0
4.500000e+00 -3.500000e-01 0
4.450000e+00 -3.500000e-01 0
4.450000e+00 -3.500000e-01 0
4.500000e+00 -3.500000e-01 0
4.500000e+00 -3.000000e-01 0
4.450000e+00 -3.000000e-01 0
4.450000e+00 -3.000000e-01 0
4.500000e+00 -3.000000e-01 0
4.500000e+00 -2.500000e-01 0
4.450000e+00 -2.500000e-01 0
4.450000e+00 -2.500000e-01 0
4.500000e+00 -2.500000e-01 0
4.500000e+00 -2.000000e-01 0
4.450000e+00 -2.000000e-01 0
4.450000e+00 -2.000000e-01 0
4.500000e+00 -2.000000e-01 0
4.500000e+00 -1.500000e-01 0
4.450000e+00 -1.500000e-01 0
4.450000e+00 -1.500000e-01 0
4.500000e+00 -1.500000e-01 0
4.500000e+00 -1.000000e-01 0
4.450000e+00 -1.000000e-01 0
4.450000e+00 -1.000000e-01 0
4.500000e+00 -1.000000e-01 0
4.500000e+00 -5.000000e-02 0
4.450000e+00 -5.000000e-02 0
4.450000e+00 -5.000000e-02 0
4.500000e+00 -5.000000e-02 0
4.500000e+00 5.551115e-17 0
4.450000e+00 5.551115e-17 0
4.450000e+00 5.551115e-17 0
4.500000e+00 5.551115e-17 0
4.500000e+00 5.000000e-02 0
4.450000e+00 5.000000e-02 0
4.450000e+00 5.000000e-02 0
4.500000e+00 5.000000e-02 0
4.500000e+00 1.000000e-01 0
4.450000e+00 1.000000e-01 0
4.450000e+00 1.000000e-01 0
4.500000e+00 1.000000e-01 0
4.500000e+00 1.500000e-01 0
4.450000e+00 1.500000e-01 0
4.450000e+00 1.500000e-01 0
4.500000e+00 1.500000e-01 0
4.500000e+00 2.000000e-01 0
4.450000e+00 2.000000e-01 0
4.450000e+00 2.000000e-01 0
4.500000e+00 2.000000e-01 0
4.500000e+00 2.500000e-01 0
4.450000e+00 2.500000e-01 0
4.450000e+00 2.500000e-01 0
4.500000e+00 2.500000e-01 0
4.500000e+00 3.000000e-01 0
4.450000e+00 3.000000e-01 0
4.450000e+00 3.000000e-01 0
4.500000e+00 3.000000e-01 0
4.500000e+00 3.500000e-01 0
4.450000e+00 3.500000e-01 0
4.450000e+00 3.500000e-01 0
4.500000e+00 3.500000e-01 0
4.500000e+00 4.000000e-01 0
4.450000e+00 4.000000e-01 0
4.450000e+00 4.000000e-01 0
4.500000e+00 4.000000e-01 0
4.500000e+00 4.500000e-01 0
4.450000e+00 4.500000e-01 0
4.450000e+00 4.500000e-01 0
4.500000e+00 4.500000e-01 0
4.500000e+00 5.000000e-01 0
4.450000e+00 5.000000e-01 0
4.450000e+00 5.000000e-01 0
4.500000e+00 5.000000e-01 0
4.500000e+00 5.500000e-01 0
4.450000e+00 5.500000e-01 0
4.450000e+00 5.500000e-01 0
4.500000e+00 5.500000e-01 0
4.500000e+00 6.000000e-01 0
4.450000e+00 6.000000e-01 0
4.450000e+00 6.000000e-01 0
4.500000e+00 6.000000e-01 0
4.500000e+00 6.500000e-01 0
4.450000e+00 6.500000e-01 0
4.450000e+00 6.500000e-01 0
4.500000e+00 6.500000e-01 0
4.500000e+00 7.000000e-01 0
4.450000e+00 7.000000e-01 0
4.450000e+00 7.000000e-01 0
4.500000e+00 7.000000e-01 0
4.500000e+00 7.500000e-01 0
4.450000e+00 7.500000e-01 0
4.450000e+00 7.500000e-01 0
4.500000e+00 7.500000e-01 0
4.500000e+00 8.000000e-01 0
4.450000e+00 8.000000e-01 0
4.450000e+00 8.000000e-01 0
4.500000e+00 8.000000e-01 0
4.500000e+00 8.500000e-01 0
4.450000e+00 8.500000e-01 0
4.450000e+00 8.500000e-01 0
4.500000e+00 8.500000e-01 0
4.500000e+00 9.000000e-01 0
4.450000e+00 9.000000e-01 0
4.450000e+00 9.000000e-01 0
4.500000e+00 9.000000e-01 0
4.500000e+00 9.500000e-01 0
4.450000e+00 9.500000e-01 0
4.450000e+00 9.500000e-01 0
4.500000e+00 9.500000e-01 0
4.500000e+00 1.000000e+00 0
4.450000e+00 1.000000e+00 0
4.500000e+00 -1.000000e+00 0
4.550000e+00 -1.000000e+00 0
4.550000e+00 -9.500000e-01 0
4.500000e+00 -9.500000e-01 0
4.500000e+00 -9.500000e-01 0
4.550000e+00 -9.500000e-01 0
4.550000e+00 -9.000000e-01 0
4.500000e+00 -9.000000e-01 0
4.500000e+00 -9.000000e-01 0
4.550000e+00 -9.000000e-01 0
4.550000e+00 -8.500000e-01 0
4.500000e+00 -8.500000e-01 0
4.500000e+00 -8.500000e-01 0
4.550000e+00 -8.500000e-01 0
4.550000e+00 -8.000000e-01 0
4.500000e+00 -8.000000e-01 0
4.500000e+00 -8.000000e-01 0
4.550000e+00 -8.000000e-01 0
4.550000e+00 -7.500000e-01 0
4.500000e+00 -7.500000e-01 0
4.500000e+00 -7.500000e-01 0
4.550000e+00 -7.500000e-01 0
4.550000e+00 -7.000000e-01 0
4.500000e+00 -7.000000e-01 0
4.500000e+00 -7.000000e-01 0
4.550000e+00 -7.000000e-01 0
4.550000e+00 -6.500000e-01 0
4.500000e+00 -6.500000e-01 0
4.500000e+00 -6.500000e-01 0
4.550000e+00 -6.500000e-01 0
4.550000e+00 -6.000000e-01 0
4.500000e+00 -6.000000e-01 0
4.500000e+00 -6.000000e-01 0
4.550000e+00 -6.000000e-01 0
4.550000e+00 -5.500000e-01 0
4.500000e+00 -5.500000e-01 0
4.500000e+00 -5.500000e-01 0
4.550000e+00 -5.500000e-01 0
4.550000e+00 -5.000000e-01 0
4.500000e+00 -5.000000e-01 0
4.500000e+00 -5.000000e-01 0
4.550000e+00 -5.000000e-01 0
4.550000e+00 -4.500000e-01 0
4.500000e+00 -4.500000e-01 0
4.500000e+00 -4.500000e-01 0
4.550000e+00 -4.500000e-01 0
4.550000e+00 -4.000000e-01 0
4.500000e+00 -4.000000e-01 0
4.500000e+00 -4.000000e-01 0
4.550000e+00 -4.000000e-01 0
4.550000e+00 -3.500000e-01 0
4.500000e+00 -3.500000e-01 0
4.500000e+00 -3.500000e-01 0
4.550000e+00 -3.500000e-01 0
4.550000e+00 -3.000000e-01 0
4.500000e+00 -3.000000e-01 0
4.500000e+00 -3.000000e-01 0
4.550000e+00 -3.000000e-01 0
4.550000e+00 -2.500000e-01 0
4.500000e+00 -2.500000e-01 0
4.500000e+00 -2.500000e-01 0
4.550000e+00 -2.500000e-01 0
4.550000e+00 -2.000000e-01 0
4.500000e+00 -2.000000e-01 0
4.500000e+00 -2.000000e-01 0
4.550000e+00 -2.000000e-01 0
4.550000e+00 -1.500000e-01 0
4.500000e+00 -1.500000e-01 0
4.500000e+00 -1.500000e-01 0
4.550000e+00 -1.500000e-01 0
4.550000e+00 -1.000000e-01 0
4.500000e+00 -1.000000e-01 0
4.500000e+00 -1.000000e-01 0
4.550000e+00 -1.000000e-01 0
4.550000e+00 -5.000000e-02 0
4.500000e+00 -5.000000e-02 0
4.500000e+00 -5.000000e-02 0
4.550000e+00 -5.000000e-02 0
4.550000e+00 5.551115e-17 0
4.500000e+00 5.551115e-17 0
4.500000e+00 5.551115e-17 0
4.550000e+00 5.551115e-17 0
4.550000e+00 5.000000e-02 0
4.500000e+00 5.000000e-02 0
4.500000e+00 5.000000e-02 0
4.550000e+00 5.000000e-02 0
4.550000e+00 1.000000e-01 0
4.500000e+00 1.000000e-01 0
4.500000e+00 1.000000e-01 0
4.550000e+00 1.000000e-01 0
4.550000e+00 1.500000e-01 0
4.500000e+00 1.500000e-01 0
4.500000e+00 1.500000e-01 0
4.550000e+00 1.500000e-01 0
4.550000e+00 2.000000e-01 0
4.500000e+00 2.000000e-01 0
4.500000e+00 2.000000e-01 0
4.550000e+00 2.000000e-01 0
4.550000e+00 2.500000e-01 0
4.500000e+00 2.500000e-01 0
4.500000e+00 2.500000e-01 0
4.550000e+00 2.500000e-01 0
4.550000e+00 3.000000e-01 0
4.500000e+00 3.000000e-01 0
4.500000e+00 3.000000e-01 0
4.550000e+00 3.000000e-01 0
4.550000e+00 3.500000e-01 0
4.500000e+00 3.500000e-01 0
4.500000e+00 3.500000e-01 0
4.550000e+00 3.500000e-01 0
4.550000e+00 4.000000e-01 0
4.500000e+00 4.000000e-01 0
4.500000e+00 4.000000e-01 0
4.550000e+00 4.000000e-01 0
4.550000e+00 4.500000e-01 0
4.500000e+00 4.500000e-01 0
4.500000e+00 4.500000e-01 0
4.550000e+00 4.500000e-01 0
4.550000e+00 5.000000e-01 0
4.500000e+00 5.000000e-01 0
4.500000e+00 5.000000e-01 0
4.550000e+00 5.000000e-01 0
4.550000e+00 5.500000e-01 0
4.500000e+00 5.500000e-01 0
4.500000e+00 5.500000e-01 0
4.550000e+00 5.500000e-01 0
4.550000e+00 6.000000e-01 0
4.500000e+00 6.000000e-01 0
4.500000e+00 6.000000e-01 0
4.550000e+00 6.000000e-01 0
4.550000e+00 6.500000e-01 0
4.500000e+00 6.500000e-01 0
4.500000e+00 6.500000e-01 0
4.550000e+00 6.500000e-01 0
4.550000e+00 7.000000e-01 0
4.500000e+00 7.000000e-01 0
4.500000e+00 7.000000e-01 0
4.550000e+00 7.000000e-01 0
4.550000e+00 7.500000e-01 0
4.500000e+00 7.500000e-01 0
4.500000e+00 7.500000e-01 0
4.550000e+00 7.500000e-01 0
4.550000e+00 8.000000e-01 0
4.500000e+00 8.000000e-01 0
4.500000e+00 8.000000e-01 0
4.550000e+00 8.000000e-01 0
4.550000e+00 8.500000e-01 0
4.500000e+00 8.500000e-01 0
4.500000e+00 8.500000e-01 0
4.550000e+00 8.500000e-01 0
4.550000e+00 9.000000e-01 0
4.500000e+00 9.000000e-01 0
4.500000e+00 9.000000e-01 0
4.550000e+00 9.000000e-01 0
4.550000e+00 9.500000e-01 0
4.500000e+00 9.500000e-01 0
4.500000e+00 9.500000e-01 0
4.550000e+00 9.500000e-01 0
4.550000e+00 1.000000e+00 0
4.500000e+00 1.000000e+00 0
4.550000e+00 -1.000000e+00 0
4.600000e+00 -1.000000e+00 0
4.600000e+00 -9.500000e-01 0
4.550000e+00 -9.500000e-01 0
4.550000e+00 -9.500000e-01 0
4.600000e+00 -9.500000e-01 0
4.600000e+00 -9.000000e-01 0
4.550000e+00 -9.000000e-01 0
4.550000e+00 -9.000000e-01 0
4.600000e+00 -9.000000e-01 0
4.600000e+00 -8.500000e-01 0
4.550000e+00 -8.500000e-01 0
4.550000e+00 -8.500000e-01 0
4.600000e+00 -8.500000e-01 0
4.600000e+00 -8.000000e-01 0
4.550000e+00 -8.000000e-01 0
4.550000e+00 -8.000000e-01 0
4.600000e+00 -8.000000e-01 0
4.600000e+00 -7.500000e-01 0
4.550000e+00 -7.500000e-01 0
4.550000e+00 -7.500000e-01 0
4.600000e+00 -7.500000e-01 0
4.600000e+00 -7.000000e-01 0
4.550000e+00 -7.000000e-01 0
4.550000e+00 -7.000000e-01 0
4.600000e+00 -7.000000e-01 0
4.600000e+00 -6.500000e-01 0
4.550000e+00 -6.500000e-01 0
4.550000e+00 -6.500000e-01 0
4.600000e+00 -6.500000e-01 0
4.600000e+00 -6.000000e-01 0
4.550000e+00 -6.000000e-01 0
4.550000e+00 -6.000000e-01 0
4.600000e+00 -6.000000e-01 0
4.600000e+00 -5.500000e-01 0
4.550000e+00 -5.500000e-01 0
4.550000e+00 -5.500000e-01 0
4.600000e+00 -5.500000e-01 0
4.600000e+00 -5.000000e-01 0
4.550000e+00 -5.000000e-01 0
4.550000e+00 -5.000000e-01 0
4.600000e+00 -5.000000e-01 0
4.600000e+00 -4.500000e-01 0
4.550000e+00 -4.500000e-01 0
4.550000e+00 -4.500000e-01 0
4.600000e+00 -4.500000e-01 0
4.600000e+00 -4.000000e-01 0
4.550000e+00 -4.000000e-01 0
4.550000e+00 -4.000000e-01 0
4.600000e+00 -4.000000e-01 0
4.600000e+00 -3.500000e-01 0
4.550000e+00 -3.500000e-01 0
4.550000e+00 -3.500000e-01 0
4.600000e+00 -3.500000e-01 0
4.600000e+00 -3.000000e-01 0
4.550000e+00 -3.000000e-01 0
4.550000e+00 -3.000000e-01 0
4.600000e+00 -3.000000e-01 0
4.600000e+00 -2.500000e-01 0
4.550000e+00 -2.500000e-01 0
4.550000e+00 -2.500000e-01 0
4.600000e+00 -2.500000e-01 0
4.600000e+00 -2.000000e-01 0
4.550000e+00 -2.000000e-01 0
4.550000e+00 -2.000000e-01 0
4.600000e+00 -2.000000e-01 0
4.600000e+00 -1.500000e-01 0
4.550000e+00 -1.500000e-01 0
4.550000e+00 -1.500000e-01 0
4.600000e+00 -1.500000e-01 0
4.600000e+00 -1.000000e-01 0
4.550000e+00 -1.000000e-01 0
4.550000e+00 -1.000000e-01 0
4.600000e+00 -1.000000e-01 0
4.600000e+00 -5.000000e-02 0
4.550000e+00 -5.000000e-02 0
4.550000e+00 -5.000000e-02 0
4.600000e+00 -5.000000e-02 0
4.600000e+00 5.551115e-17 0
4.550000e+00 5.551115e-17 0
4.550000e+00 5.551115e-17 0
4.600000e+00 5.551115e-17 0
4.600000e+00 5.000000e-02 0
4.550000e+00 5.000000e-02 0
4.550000e+00 5.000000e-02 0
4.600000e+00 5.000000e-02 0
4.600000e+00 1.000000e-01 0
4.550000e+00 1.000000e-01 0
4.550000e+00 1.000000e-01 0
4.600000e+00 1.000000e-01 0
4.600000e+00 1.500000e-01 0
4.550000e+00 1.500000e-01 0
4.550000e+00 1.500000e-01 0
4.600000e+00 1.500000e-01 0
4.600000e+00 2.000000e-01 0
4.550000e+00 2.000000e-01 0
4.550000e+00 2.000000e-01 0
4.600000e+00 2.000000e-01 0
4.600000e+00 2.500000e-01 0
4.550000e+00 2.500000e-01 0
4.550000e+00 2.500000e-01 0
4.600000e+00 2.500000e-01 0
4.600000e+00 3.000000e-01 0
4.550000e+00 3.000000e-01 0
4.550000e+00 3.000000e-01 0
4.600000e+00 3.000000e-01 0
4.600000e+00 3.500000e-01 0
4.550000e+00 3.500000e-01 0
4.550000e+00 3.500000e-01 0
4.600000e+00 3.500000e-01 0
4.600000e+00 4.000000e-01 0
4.550000e+00 4.000000e-01 0
4.550000e+00 4.000000e-01 0
4.600000e+00 4.000000e-01 0
4.600000e+00 4.500000e-01 0
4.550000e+00 4.500000e-01 0
4.550000e+00 4.500000e-01 0
4.600000e+00 4.500000e-01 0
4.600000e+00 5.000000e-01 0
4.550000e+00 5.000000e-01 0
4.550000e+00 5.000000e-01 0
4.600000e+00 5.000000e-01 0
4.600000e+00 5.500000e-01 0
4.550000e+00 5.500000e-01 0
4.550000e+00 5.500000e-01 0
4.600000e+00 5.500000e-01 0
4.600000e+00 6.000000e-01 0
4.550000e+00 6.000000e-01 0
4.550000e+00 6.000000e-01 0
4.600000e+00 6.000000e-01 0
4.600000e+00 6.500000e-01 0
4.550000e+00 6.500000e-01 0
4.550000e+00 6.500000e-01 0
4.600000e+00 6.500000e-01 0
4.600000e+00 7.000000e-01 0
4.550000e+00 7.000000e-01 0
4.550000e+00 7.000000e-01 0
4.600000e+00 7.000000e-01 0
4.600000e+00 7.500000e-01 0
4.550000e+00 7.500000e-01 0
4.550000e+00 7.500000e-01 0
4.600000e+00 7.500000e-01 0
4.600000e+00 8.000000e-01 0
4.550000e+00 8.000000e-01 0
4.550000e+00 8.000000e-01 0
4.600000e+00 8.000000e-01 0
4.600000e+00 8.500000e-01 0
4.550000e+00 8.500000e-01 0
4.550000e+00 8.500000e-01 0
4.600000e+00 8.500000e-01 0
4.600000e+00 9.000000e-01 0
4.550000e+00 9.000000e-01 0
4.550000e+00 9.000000e-01 0
4.600000e+00 9.000000e-01 0
4.600000e+00 9.500000e-01 0
4.550000e+00 9.500000e-01 0
4.550000e+00 9.500000e-01 0
4.600000e+00 9.500000e-01 0
4.600000e+00 1.000000e+00 0
4.550000e+00 1.000000e+00 0
4.600000e+00 -1.000000e+00 0
4.650000e+00 -1.000000e+00 0
4.650000e+00 -9.500000e-01 0
4.600000e+00 -9.500000e-01 0
4.600000e+00 -9.500000e-01 0
4.650000e+00 -9.500000e-01 0
4.650000e+00 -9.000000e-01 0
4.600000e+00 -9.000000e-01 0
4.600000e+00 -9.000000e-01 0
4.650000e+00 -9.000000e-01 0
4.650000e+00 -8.500000e-01 0
4.600000e+00 -8.500000e-01 0
4.600000e+00 -8.500000e-01 0
4.650000e+00 -8.500000e-01 0
4.650000e+00 -8.000000e-01 0
4.600000e+00 -8.000000e-01 0
4.600000e+00 -8.000000e-01 0
4.650000e+00 -8.000000e-01 0
4.650000e+00 -7.500000e-01 0
4.600000e+00 -7.500000e-01 0
4.600000e+00 -7.500000e-01 0
4.650000e+00 -7.500000e-01 0
4.650000e+00 -7.000000e-01 0
4.600000e+00 -7.000000e-01 0
4.600000e+00 -7.000000e-01 0
4.650000e+00 -7.000000e-01 0
4.650000e+00 -6.500000e-01 0
4.600000e+00 -6.500000e-01 0
4.600000e+00 -6.500000e-01 0
4.650000e+00 -6.500000e-01 0
4.650000e+00 -6.000000e-01 0
4.600000e+00 -6.000000e-01 0
4.600000e+00 -6.000000e-01 0
4.650000e+00 -6.000000e-01 0
4.650000e+00 -5.500000e-01 0
4.600000e+00 -5.500000e-01 0
4.600000e+00 -5.500000e-01 0
4.650000e+00 -5.500000e-01 0
4.650000e+00 -5.000000e-01 0
4.600000e+00 -5.000000e-01 0
4.600000e+00 -5.000000e-01 0
4.650000e+00 -5.000000e-01 0
4.650000e+00 -4.500000e-01 0
4.600000e+00 -4.500000e-01 0
4.600000e+00 -4.500000e-01 0
4.650000e+00 -4.500000e-01 0
4.650000e+00 -4.000000e-01 0
4.600000e+00 -4.000000e-01 0
4.600000e+00 -4.000000e-01 0
4.650000e+00 -4.000000e-01 0
4.650000e+00 -3.500000e-01 0
4.600000e+00 -3.500000e-01 0
4.600000e+00 -3.500000e-01 0
4.650000e+00 -3.500000e-01 0
4.650000e+00 -3.000000e-01 0
4.600000e+00 -3.000000e-01 0
4.600000e+00 -3.000000e-01 0
4.650000e+00 -3.000000e-01 0
4.650000e+00 -2.500000e-01 0
4.600000e+00 -2.500000e-01 0
4.600000e+00 -2.500000e-01 0
4.650000e+00 -2.500000e-01 0
4.650000e+00 -2.000000e-01 0
4.600000e+00 -2.000000e-01 0
4.600000e+00 -2.000000e-01 0
4.650000e+00 -2.000000e-01 0
4.650000e+00 -1.500000e-01 0
4.600000e+00 -1.500000e-01 0
4.600000e+00 -1.500000e-01 0
4.650000e+00 -1.500000e-01 0
4.650000e+00 -1.000000e-01 0
4.600000e+00 -1.000000e-01 0
4.600000e+00 -1.000000e-01 0
4.650000e+00 -1.000000e-01 0
4.650000e+00 -5.000000e-02 0
4.600000e+00 -5.000000e-02 0
4.600000e+00 -5.000000e-02 0
4.650000e+00 -5.000000e-02 0
4.650000e+00 5.551115e-17 0
4.600000e+00 5.551115e-17 0
4.600000e+00 5.551115e-17 0
4.650000e+00 5.551115e-17 0
4.650000e+00 5.000000e-02 0
4.600000e+00 5.000000e-02 0
4.600000e+00 5.000000e-02 0
4.650000e+00 5.000000e-02 0
4.650000e+00 1.000000e-01 0
4.600000e+00 1.000000e-01 0
4.600000e+00 1.000000e-01 0
4.650000e+00 1.000000e-01 0
4.650000e+00 1.500000e-01 0
4.600000e+00 1.500000e-01 0
4.600000e+00 1.500000e-01 0
4.650000e+00 1.500000e-01 0
4.650000e+00 2.000000e-01 0
4.600000e+00 2.000000e-01 0
4.600000e+00 2.000000e-01 0
4.650000e+00 2.000000e-01 0
4.650000e+00 2.500000e-01 0
4.600000e+00 2.500000e-01 0
4.600000e+00 2.500000e-01 0
4.650000e+00 2.500000e-01 0
4.650000e+00 3.000000e-01 0
4.600000e+00 3.000000e-01 0
4.600000e+00 3.000000e-01 0
4.650000e+00 3.000000e-01 0
4.650000e+00 3.500000e-01 0
4.600000e+00 3.500000e-01 0
4.600000e+00 3.500000e-01 0
4.650000e+00 3.500000e-01 0
4.650000e+00 4.000000e-01 0
4.600000e+00 4.000000e-01 0
4.600000e+00 4.000000e-01 0
4.650000e+00 4.000000e-01 0
4.650000e+00 4.500000e-01 0
4.600000e+00 4.500000e-01 0
4.600000e+00 4.500000e-01 0
4.650000e+00 4.500000e-01 0
4.650000e+00 5.000000e-01 0
4.600000e+00 5.000000e-01 0
4.600000e+00 5.000000e-01 0
4.650000e+00 5.000000e-01 0
4.650000e+00 5.500000e-01 0
4.600000e+00 5.500000e-01 0
4.600000e+00 5.500000e-01 0
4.650000e+00 5.500000e-01 0
4.650000e+00 6.000000e-01 0
4.600000e+00 6.000000e-01 0
4.600000e+00 6.000000e-01 0
4.650000e+00 6.000000e-01 0
4.650000e+00 6.500000e-01 0
4.600000e+00 6.500000e-01 0
4.600000e+00 6.500000e-01 0
4.650000e+00 6.500000e-01 0
4.650000e+00 7.000000e-01 0
4.600000e+00 7.000000e-01 0
4.600000e+00 7.000000e-01 0
4.650000e+00 7.000000e-01 0
4.650000e+00 7.500000e-01 0
4.600000e+00 7.500000e-01 0
4.600000e+00 7.500000e-01 0
4.650000e+00 7.500000e-01 0
4.650000e+00 8.000000e-01 0
4.600000e+00 8.000000e-01 0
4.600000e+00 8.000000e-01 0
4.650000e+00 8.000000e-01 0
4.650000e+00 8.500000e-01 0
4.600000e+00 8.500000e-01 0
4.600000e+00 8.500000e-01 0
4.650000e+00 8.500000e-01 0
4.650000e+00 9.000000e-01 0
4.600000e+00 9.000000e-01 0
4.600000e+00 9.000000e-01 0
4.650000e+00 9.000000e-01 0
4.650000e+00 9.500000e-01 0
4.600000e+00 9.500000e-01 0
4.600000e+00 9.500000e-01 0
4.650000e+00 9.500000e-01 0
4.650000e+00 1.000000e+00 0
4.600000e+00 1.000000e+00 0
4.650000e+00 -1.000000e+00 0
4.700000e+00 -1.000000e+00 0
4.700000e+00 -9.500000e-01 0
4.650000e+00 -9.500000e-01 0
4.650000e+00 -9.500000e-01 0
4.700000e+00 -9.500000e-01 0
4.700000e+00 -9.000000e-01 0
4.650000e+00 -9.000000e-01 0
4.650000e+00 -9.000000e-01 0
4.700000e+00 -9.000000e-01 0
4.700000e+00 -8.500000e-01 0
4.650000e+00 -8.500000e-01 0
4.650000e+00 -8.500000e-01 0
4.700000e+00 -8.500000e-01 0
4.700000e+00 -8.000000e-01 0
4.650000e+00 -8.000000e-01 0
4.650000e+00 -8.000000e-01 0
4.700000e+00 -8.000000e-01 0
4.700000e+00 -7.500000e-01 0
4.650000e+00 -7.500000e-01 0
4.650000e+00 -7.500000e-01 0
4.700000e+00 -7.500000e-01 0
4.700000e+00 -7.000000e-01 0
4.650000e+00 -7.000000e-01 0
4.650000e+00 -7.000000e-01 0
4.700000e+00 -7.000000e-01 0
4.700000e+00 -6.500000e-01 0
4.650000e+00 -6.500000e-01 0
4.650000e+00 -6.500000e-01 0
4.700000e+00 -6.500000e-01 0
4.700000e+00 -6.000000e-01 0
4.650000e+00 -6.000000e-01 0
4.650000e+00 -6.000000e-01 0
4.700000e+00 -6.000000e-01 0
4.700000e+00 -5.500000e-01 0
4.650000e+00 -5.500000e-01 0
4.650000e+00 -5.500000e-01 0
4.700000e+00 -5.500000e-01 0
4.700000e+00 -5.000000e-01 0
4.650000e+00 -5.000000e-01 0
4.650000e+00 -5.000000e-01 0
4.700000e+00 -5.000000e-01 0
4.700000e+00 -4.500000e-01 0
4.650000e+00 -4.500000e-01 0
4.650000e+00 -4.500000e-01 0
4.700000e+00 -4.500000e-01 0
4.700000e+00 -4.000000e-01 0
4.650000e+00 -4.000000e-01 0
4.650000e+00 -4.000000e-01 0
4.700000e+00 -4.000000e-01 0
4.700000e+00 -3.500000e-01 0
4.650000e+00 -3.500000e-01 0
4.650000e+00 -3.500000e-01 0
4.700000e+00 -3.500000e-01 0
4.700000e+00 -3.000000e-01 0
4.650000e+00 -3.000000e-01 0
4.650000e+00 -3.000000e-01 0
4.700000e+00 -3.000000e-01 0
4.700000e+00 -2.500000e-01 0
4.650000e+00 -2.500000e-01 0
4.650000e+00 -2.500000e-01 0
4.700000e+00 -2.500000e-01 0
4.700000e+00 -2.000000e-01 0
4.650000e+00 -2.000000e-01 0
4.650000e+00 -2.000000e-01 0
4.700000e+00 -2.000000e-01 0
4.700000e+00 -1.500000e-01 0
4.650000e+00 -1.500000e-01 0
4.650000e+00 -1.500000e-01 0
4.700000e+00 -1.500000e-01 0
4.700000e+00 -1.000000e-01 0
4.650000e+00 -1.000000e-01 0
4.650000e+00 -1.000000e-01 0
4.700000e+00 -1.000000e-01 0
4.700000e+00 -5.000000e-02 0
4.650000e+00 -5.000000e-02 0
4.650000e+00 -5.000000e-02 0
4.700000e+00 -5.000000e-02 0
4.700000e+00 5.551115e-17 0
4.650000e+00 5.551115e-17 0
4.650000e+00 5.551115e-17 0
4.700000e+00 5.551115e-17 0
4.700000e+00 5.000000e-02 0
4.650000e+00 5.000000e-02 0
4.650000e+00 5.000000e-02 0
4.700000e+00 5.000000e-02 0
4.700000e+00 1.000000e-01 0
4.650000e+00 1.000000e-01 0
4.650000e+00 1.000000e-01 0
4.700000e+00 1.000000e-01 0
4.700000e+00 1.500000e-01 0
4.650000e+00 1.500000e-01 0
4.650000e+00 1.500000e-01 0
4.700000e+00 1.500000e-01 0
4.700000e+00 2.000000e-01 0
4.650000e+00 2.000000e-01 0
4.650000e+00 2.000000e-01 0
4.700000e+00 2.000000e-01 0
4.700000e+00 2.500000e-01 0
4.650000e+00 2.500000e-01 0
4.650000e+00 2.500000e-01 0
4.700000e+00 2.500000e-01 0
4.700000e+00 3.000000e-01 0
4.650000e+00 3.000000e-01 0
4.650000e+00 3.000000e-01 0
4.700000e+00 3.000000e-01 0
4.700000e+00 3.500000e-01 0
4.650000e+00 3.500000e-01 0
4.650000e+00 3.500000e-01 0
4.700000e+00 3.500000e-01 0
4.700000e+00 4.000000e-01 0
4.650000e+00 4.000000e-01 0
4.650000e+00 4.000000e-01 0
4.700000e+00 4.000000e-01 0
4.700000e+00 4.500000e-01 0
4.650000e+00 4.500000e-01 0
4.650000e+00 4.500000e-01 0
4.700000e+00 4.500000e-01 0
4.700000e+00 5.000000e-01 0
4.650000e+00 5.000000e-01 0
4.650000e+00 5.000000e-01 0
4.700000e+00 5.000000e-01 0
4.700000e+00 5.500000e-01 0
4.650000e+00 5.500000e-01 0
4.650000e+00 5.500000e-01 0
4.700000e+00 5.500000e-01 0
4.700000e+00 6.000000e-01 0
4.650000e+00 6.000000e-01 0
4.650000e+00 6.000000e-01 0
4.700000e+00 6.000000e-01 0
4.700000e+00 6.500000e-01 0
4.650000e+00 6.500000e-01 0
4.650000e+00 6.500000e-01 0
4.700000e+00 6.500000e-01 0
4.700000e+00 7.000000e-01 0
4.650000e+00 7.000000e-01 0
4.650000e+00 7.000000e-01 0
4.700000e+00 7.000000e-01 0
4.700000e+00 7.500000e-01 0
4.650000e+00 7.500000e-01 0
4.650000e+00 7.500000e-01 0
4.700000e+00 7.500000e-01 0
4.700000e+00 8.000000e-01 0
4.650000e+00 8.000000e-01 0
4.650000e+00 8.000000e-01 0
4.700000e+00 8.000000e-01 0
4.700000e+00 8.500000e-01 0
4.650000e+00 8.500000e-01 0
4.650000e+00 8.500000e-01 0
4.700000e+00 8.500000e-01 0
4.700000e+00 9.000000e-01 0
4.650000e+00 9.000000e-01 0
4.650000e+00 9.000000e-01 0
4.700000e+00 9.000000e-01 0
4.700000e+00 9.500000e-01 0
4.650000e+00 9.500000e-01 0
4.650000e+00 9.500000e-01 0
4.700000e+00 9.500000e-01 0
4.700000e+00 1.000000e+00 0
4.650000e+00 1.000000e+00 0
4.700000e+00 -1.000000e+00 0
4.750000e+00 -1.000000e+00 0
4.750000e+00 -9.500000e-01 0
4.700000e+00 -9.500000e-01 0
4.700000e+00 -9.500000e-01 0
4.750000e+00 -9.500000e-01 0
4.750000e+00 -9.000000e-01 0
4.700000e+00 -9.000000e-01 0
4.700000e+00 -9.000000e-01 0
4.750000e+00 -9.000000e-01 0
4.750000e+00 -8.500000e-01 0
4.700000e+00 -8.500000e-01 0
4.700000e+00 -8.500000e-01 0
4.750000e+00 -8.500000e-01 0
4.750000e+00 -8.000000e-01 0
4.700000e+00 -8.000000e-01 0
4.700000e+00 -8.000000e-01 0
4.750000e+00 -8.000000e-01 0
4.750000e+00 -7.500000e-01 0
4.700000e+00 -7.500000e-01 0
4.700000e+00 -7.500000e-01 0
4.750000e+00 -7.500000e-01 0
4.750000e+00 -7.000000e-01 0
4.700000e+00 -7.000000e-01 0
4.700000e+00 -7.000000e-01 0
4.750000e+00 -7.000000e-01 0
4.750000e+00 -6.500000e-01 0
4.700000e+00 -6.500000e-01 0
4.700000e+00 -6.500000e-01 0
4.750000e+00 -6.500000e-01 0
4.750000e+00 -6.000000e-01 0
4.700000e+00 -6.000000e-01 0
4.700000e+00 -6.000000e-01 0
4.750000e+00 -6.000000e-01 0
4.750000e+00 -5.500000e-01 0
4.700000e+00 -5.500000e-01 0
4.700000e+00 -5.500000e-01 0
4.750000e+00 -5.500000e-01 0
4.750000e+00 -5.000000e-01 0
4.700000e+00 -5.000000e-01 0
4.700000e+00 -5.000000e-01 0
4.750000e+00 -5.000000e-01 0
4.750000e+00 -4.500000e-01 0
4.700000e+00 -4.500000e-01 0
4.700000e+00 -4.500000e-01 0
4.750000e+00 -4.500000e-01 0
4.750000e+00 -4.000000e-01 0
4.700000e+00 -4.000000e-01 0
4.700000e+00 -4.000000e-01 0
4.750000e+00 -4.000000e-01 0
4.750000e+00 -3.500000e-01 0
4.700000e+00 -3.500000e-01 0
4.700000e+00 -3.500000e-01 0
4.750000e+00 -3.500000e-01 0
4.750000e+00 -3.000000e-01 0
4.700000e+00 -3.000000e-01 0
4.700000e+00 -3.000000e-01 0
4.750000e+00 -3.000000e-01 0
4.750000e+00 -2.500000e-01 0
4.700000e+00 -2.500000e-01 0
4.700000e+00 -2.500000e-01 0
4.750000e+00 -2.500000e-01 0
4.750000e+00 -2.000000e-01 0
4.700000e+00 -2.000000e-01 0
4.700000e+00 -2.000000e-01 0
4.750000e+00 -2.000000e-01 0
4.750000e+00 -1.500000e-01 0
4.700000e+00 -1.500000e-01 0
4.700000e+00 -1.500000e-01 0
4.750000e+00 -1.500000e-01 0
4.750000e+00 -1.000000e-01 0
4.700000e+00 -1.000000e-01 0
4.700000e+00 -1.000000e-01 0
4.750000e+00 -1.000000e-01 0
4.750000e+00 -5.000000e-02 0
4.700000e+00 -5.000000e-02 0
4.700000e+00 -5.000000e-02 0
4.750000e+00 -5.000000e-02 0
4.750000e+00 5.551115e-17 0
4.700000e+00 5.551115e-17 0
4.700000e+00 5.551115e-17 0
4.750000e+00 5.551115e-17 0
4.750000e+00 5.000000e-02 0
4.700000e+00 5.000000e-02 0
4.700000e+00 5.000000e-02 0
4.750000e+00 5.000000e-02 0
4.750000e+00 1.000000e-01 0
4.700000e+00 1.000000e-01 0
4.700000e+00 1.000000e-01 0
4.750000e+00 1.000000e-01 0
4.750000e+00 1.500000e-01 0
4.700000e+00 1.500000e-01 0
4.700000e+00 1.500000e-01 0
4.750000e+00 1.500000e-01 0
4.750000e+00 2.000000e-01 0
4.700000e+00 2.000000e-01 0
4.700000e+00 2.000000e-01 0
4.750000e+00 2.000000e-01 0
4.750000e+00 2.500000e-01 0
4.700000e+00 2.500000e-01 0
4.700000e+00 2.500000e-01 0
4.750000e+00 2.500000e-01 0
4.750000e+00 3.000000e-01 0
4.700000e+00 3.000000e-01 0
4.700000e+00 3.000000e-01 0
4.750000e+00 3.000000e-01 0
4.750000e+00 3.500000e-01 0
4.700000e+00 3.500000e-01 0
4.700000e+00 3.500000e-01 0
4.750000e+00 3.500000e-01 0
4.750000e+00 4.000000e-01 0
4.700000e+00 4.000000e-01 0
4.700000e+00 4.000000e-01 0
4.750000e+00 4.000000e-01 0
4.750000e+00 4.500000e-01 0
4.700000e+00 4.500000e-01 0
4.700000e+00 4.500000e-01 0
4.750000e+00 4.500000e-01 0
4.750000e+00 5.000000e-01 0
4.700000e+00 5.000000e-01 0
4.700000e+00 5.000000e-01 0
4.750000e+00 5.000000e-01 0
4.750000e+00 5.500000e-01 0
4.700000e+00 5.500000e-01 0
4.700000e+00 5.500000e-01 0
4.750000e+00 5.500000e-01 0
4.750000e+00 6.000000e-01 0
4.700000e+00 6.000000e-01 0
4.700000e+00 6.000000e-01 0
4.750000e+00 6.000000e-01 0
4.750000e+00 6.500000e-01 0
4.700000e+00 6.500000e-01 0
4.700000e+00 6.500000e-01 0
4.750000e+00 6.500000e-01 0
4.750000e+00 7.000000e-01 0
4.700000e+00 7.000000e-01 0
4.700000e+00 7.000000e-01 0
4.750000e+00 7.000000e-01 0
4.750000e+00 7.500000e-01 0
4.700000e+00 7.500000e-01 0
4.700000e+00 7.500000e-01 0
4.750000e+00 7.500000e-01 0
4.750000e+00 8.000000e-01 0
4.700000e+00 8.000000e-01 0
4.700000e+00 8.000000e-01 0
4.750000e+00 8.000000e-01 0
4.750000e+00 8.500000e-01 0
4.700000e+00 8.500000e-01 0
4.700000e+00 8.500000e-01 0
4.750000e+00 8.500000e-01 0
4.750000e+00 9.000000e-01 0
4.700000e+00 9.000000e-01 0
4.700000e+00 9.000000e-01 0
4.750000e+00 9.000000e-01 0
4.750000e+00 9.500000e-01 0
4.700000e+00 9.500000e-01 0
4.700000e+00 9.500000e-01 0
4.750000e+00 9.500000e-01 0
4.750000e+00 1.000000e+00 0
4.700000e+00 1.000000e+00 0
4.750000e+00 -1.000000e+00 0
4.800000e+00 -1.000000e+00 0
4.800000e+00 -9.500000e-01 0
4.750000e+00 -9.500000e-01 0
4.750000e+00 -9.500000e-01 0
4.800000e+00 -9.500000e-01 0
4.800000e+00 -9.000000e-01 0
4.750000e+00 -9.000000e-01 0
4.750000e+00 -9.000000e-01 0
4.800000e+00 -9.000000e-01 0
4.800000e+00 -8.500000e-01 0
4.750000e+00 -8.500000e-01 0
4.750000e+00 -8.500000e-01 0
4.800000e+00 -8.500000e-01 0
4.800000e+00 -8.000000e-01 0
4.750000e+00 -8.000000e-01 0
4.750000e+00 -8.000000e-01 0
4.800000e+00 -8.000000e-01 0
4.800000e+00 -7.500000e-01 0
4.750000e+00 -7.500000e-01 0
4.750000e+00 -7.500000e-01 0
4.800000e+00 -7.500000e-01 0
4.800000e+00 -7.000000e-01 0
4.750000e+00 -7.000000e-01 0
4.750000e+00 -7.000000e-01 0
4.800000e+00 -7.000000e-01 0
4.800000e+00 -6.500000e-01 0
4.750000e+00 -6.500000e-01 0
4.750000e+00 -6.500000e-01 0
4.800000e+00 -6.500000e-01 0
4.800000e+00 -6.000000e-01 0
4.750000e+00 -6.000000e-01 0
4.750000e+00 -6.000000e-01 0
4.800000e+00 -6.000000e-01 0
4.800000e+00 -5.500000e-01 0
4.750000e+00 -5.500000e-01 0
4.750000e+00 -5.500000e-01 0
4.800000e+00 -5.500000e-01 0
4.800000e+00 -5.000000e-01 0
4.750000e+00 -5.000000e-01 0
4.750000e+00 -5.000000e-01 0
4.800000e+00 -5.000000e-01 0
4.800000e+00 -4.500000e-01 0
4.750000e+00 -4.500000e-01 0
4.750000e+00 -4.500000e-01 0
4.800000e+00 -4.500000e-01 0
4.800000e+00 -4.000000e-01 0
4.750000e+00 -4.000000e-01 0
4.750000e+00 -4.000000e-01 0
4.800000e+00 -4.000000e-01 0
4.800000e+00 -3.500000e-01 0
4.750000e+00 -3.500000e-01 0
4.750000e+00 -3.500000e-01 0
4.800000e+00 -3.500000e-01 0
4.800000e+00 -3.000000e-01 0
4.750000e+00 -3.000000e-01 0
4.750000e+00 -3.000000e-01 0
4.800000e+00 -3.000000e-01 0
4.800000e+00 -2.500000e-01 0
4.750000e+00 -2.500000e-01 0
4.750000e+00 -2.500000e-01 0
4.800000e+00 -2.500000e-01 0
4.800000e+00 -2.000000e-01 0
4.750000e+00 -2.000000e-01 0
4.750000e+00 -2.000000e-01 0
4.800000e+00 -2.000000e-01 0
4.800000e+00 -1.500000e-01 0
4.750000e+00 -1.500000e-01 0
4.750000e+00 -1.500000e-01 0
4.800000e+00 -1.500000e-01 0
4.800000e+00 -1.000000e-01 0
4.750000e+00 -1.000000e-01 0
4.750000e+00 -1.000000e-01 0
4.800000e+00 -1.000000e-01 0
4.800000e+00 -5.000000e-02 0
4.750000e+00 -5.000000e-02 0
4.750000e+00 -5.000000e-02 0
4.800000e+00 -5.000000e-02 0
4.800000e+00 5.551115e-17 0
4.750000e+00 5.551115e-17 0
4.750000e+00 5.551115e-17 0
4.800000e+00 5.551115e-17 0
4.800000e+00 5.000000e-02 0
4.750000e+00 5.000000e-02 0
4.750000e+00 5.000000e-02 0
4.800000e+00 5.000000e-02 0
4.800000e+00 1.000000e-01 0
4.750000e+00 1.000000e-01 0
4.750000e+00 1.000000e-01 0
4.800000e+00 1.000000e-01 0
4.800000e+00 1.500000e-01 0
4.750000e+00 1.500000e-01 0
4.750000e+00 1.500000e-01 0
4.800000e+00 1.500000e-01 0
4.800000e+00 2.000000e-01 0
4.750000e+00 2.000000e-01 0
4.750000e+00 2.000000e-01 0
4.800000e+00 2.000000e-01 0
4.800000e+00 2.500000e-01 0
4.750000e+00 2.500000e-01 0
4.750000e+00 2.500000e-01 0
4.800000e+00 2.500000e-01 0
4.800000e+00 3.000000e-01 0
4.750000e+00 3.000000e-01 0
4.750000e+00 3.000000e-01 0
4.800000e+00 3.000000e-01 0
4.800000e+00 3.500000e-01 0
4.750000e+00 3.500000e-01 0
4.750000e+00 3.500000e-01 0
4.800000e+00 3.500000e-01 0
4.800000e+00 4.000000e-01 0
4.750000e+00 4.000000e-01 0
4.750000e+00 4.000000e-01 0
4.800000e+00 4.000000e-01 0
4.800000e+00 4.500000e-01 0
4.750000e+00 4.500000e-01 0
4.750000e+00 4.500000e-01 0
4.800000e+00 4.500000e-01 0
4.800000e+00 5.000000e-01 0
4.750000e+00 5.000000e-01 0
4.750000e+00 5.000000e-01 0
4.800000e+00 5.000000e-01 0
4.800000e+00 5.500000e-01 0
4.750000e+00 5.500000e-01 0
4.750000e+00 5.500000e-01 0
4.800000e+00 5.500000e-01 0
4.800000e+00 6.000000e-01 0
4.750000e+00 6.000000e-01 0
4.750000e+00 6.000000e-01 0
4.800000e+00 6.000000e-01 0
4.800000e+00 6.500000e-01 0
4.750000e+00 6.500000e-01 0
4.750000e+00 6.500000e-01 0
4.800000e+00 6.500000e-01 0
4.800000e+00 7.000000e-01 0
4.750000e+00 7.000000e-01 0
4.750000e+00 7.000000e-01 0
4.800000e+00 7.000000e-01 0
4.800000e+00 7.500000e-01 0
4.750000e+00 7.500000e-01 0
4.750000e+00 7.500000e-01 0
4.800000e+00 7.500000e-01 0
4.800000e+00 8.000000e-01 0
4.750000e+00 8.000000e-01 0
4.750000e+00 8.000000e-01 0
4.800000e+00 8.000000e-01 0
4.800000e+00 8.500000e-01 0
4.750000e+00 8.500000e-01 0
4.750000e+00 8.500000e-01 0
4.800000e+00 8.500000e-01 0
4.800000e+00 9.000000e-01 0
4.750000e+00 9.000000e-01 0
4.750000e+00 9.000000e-01 0
4.800000e+00 9.000000e-01 0
4.800000e+00 9.500000e-01 0
4.750000e+00 9.500000e-01 0
4.750000e+00 9.500000e-01 0
4.800000e+00 9.500000e-01 0
4.800000e+00 1.000000e+00 0
4.750000e+00 1.000000e+00 0
4.800000e+00 -1.000000e+00 0
4.850000e+00 -1.000000e+00 0
4.850000e+00 -9.500000e-01 0
4.800000e+00 -9.500000e-01 0
4.800000e+00 -9.500000e-01 0
4.850000e+00 -9.500000e-01 0
4.850000e+00 -9.000000e-01 0
4.800000e+00 -9.000000e-01 0
4.800000e+00 -9.000000e-01 0
4.850000e+00 -9.000000e-01 0
4.850000e+00 -8.500000e-01 0
4.800000e+00 -8.500000e-01 0
4.800000e+00 -8.500000e-01 0
4.850000e+00 -8.500000e-01 0
4.850000e+00 -8.000000e-01 0
4.800000e+00 -8.000000e-01 0
4.800000e+00 -8.000000e-01 0
4.850000e+00 -8.000000e-01 0
4.850000e+00 -7.500000e-01 0
4.800000e+00 -7.500000e-01 0
4.800000e+00 -7.500000e-01 0
4.850000e+00 -7.500000e-01 0
4.850000e+00 -7.000000e-01 0
4.800000e+00 -7.000000e-01 0
4.800000e+00 -7.000000e-01 0
4.850000e+00 -7.000000e-01 0
4.850000e+00 -6.500000e-01 0
4.800000e+00 -6.500000e-01 0
4.800000e+00 -6.500000e-01 0
4.850000e+00 -6.500000e-01 0
4.850000e+00 -6.000000e-01 0
4.800000e+00 -6.000000e-01 0
4.800000e+00 -6.000000e-01 0
4.850000e+00 -6.000000e-01 0
4.850000e+00 -5.500000e-01 0
4.800000e+00 -5.500000e-01 0
4.800000e+00 -5.500000e-01 0
4.850000e+00 -5.500000e-01 0
4.850000e+00 -5.000000e-01 0
4.800000e+00 -5.000000e-01 0
4.800000e+00 -5.000000e-01 0
4.850000e+00 -5.000000e-01 0
4.850000e+00 -4.500000e-01 0
4.800000e+00 -4.500000e-01 0
4.800000e+00 -4.500000e-01 0
4.850000e+00 -4.500000e-01 0
4.850000e+00 -4.000000e-01 0
4.800000e+00 -4.000000e-01 0
4.800000e+00 -4.000000e-01 0
4.850000e+00 -4.000000e-01 0
4.850000e+00 -3.500000e-01 0
4.800000e+00 -3.500000e-01 0
4.800000e+00 -3.500000e-01 0
4.850000e+00 -3.500000e-01 0
4.850000e+00 -3.000000e-01 0
4.800000e+00 -3.000000e-01 0
4.800000e+00 -3.000000e-01 0
4.850000e+00 -3.000000e-01 0
4.850000e+00 -2.500000e-01 0
4.800000e+00 -2.500000e-01 0
4.800000e+00 -2.500000e-01 0
4.850000e+00 -2.500000e-01 0
4.850000e+00 -2.000000e-01 0
4.800000e+00 -2.000000e-01 0
4.800000e+00 -2.000000e-01 0
4.850000e+00 -2.000000e-01 0
4.850000e+00 -1.500000e-01 0
4.800000e+00 -1.500000e-01 0
4.800000e+00 -1.500000e-01 0
4.850000e+00 -1.500000e-01 0
4.850000e+00 -1.000000e-01 0
4.800000e+00 -1.000000e-01 0
4.800000e+00 -1.000000e-01 0
4.850000e+00 -1.000000e-01 0
4.850000e+00 -5.000000e-02 0
4.800000e+00 -5.000000e-02 0
4.800000e+00 -5.000000e-02 0
4.850000e+00 -5.000000e-02 0
4.850000e+00 5.551115e-17 0
4.800000e+00 5.551115e-17 0
4.800000e+00 5.551115e-17 0
4.850000e+00 5.551115e-17 0
4.850000e+00 5.000000e-02 0
4.800000e+00 5.000000e-02 0
4.800000e+00 5.000000e-02 0
4.850000e+00 5.000000e-02 0
4.850000e+00 1.000000e-01 0
4.800000e+00 1.000000e-01 0
4.800000e+00 1.000000e-01 0
4.850000e+00 1.000000e-01 0
4.850000e+00 1.500000e-01 0
4.800000e+00 1.500000e-01 0
4.800000e+00 1.500000e-01 0
4.850000e+00 1.500000e-01 0
4.850000e+00 2.000000e-01 0
4.800000e+00 2.000000e-01 0
4.800000e+00 2.000000e-01 0
4.850000e+00 2.000000e-01 0
4.850000e+00 2.500000e-01 0
4.800000e+00 2.500000e-01 0
4.800000e+00 2.500000e-01 0
4.850000e+00 2.500000e-01 0
4.850000e+00 3.000000e-01 0
4.800000e+00 3.000000e-01 0
4.800000e+00 3.000000e-01 0
4.850000e+00 3.000000e-01 0
4.850000e+00 3.500000e-01 0
4.800000e+00 3.500000e-01 0
4.800000e+00 3.500000e-01 0
4.850000e+00 3.500000e-01 0
4.850000e+00 4.000000e-01 0
4.800000e+00 4.000000e-01 0
4.800000e+00 4.000000e-01 0
4.850000e+00 4.000000e-01 0
4.850000e+00 4.500000e-01 0
4.800000e+00 4.500000e-01 0
4.800000e+00 4.500000e-01 0
4.850000e+00 4.500000e-01 0
4.850000e+00 5.000000e-01 0
4.800000e+00 5.000000e-01 0
4.800000e+00 5.000000e-01 0
4.850000e+00 5.000000e-01 0
4.850000e+00 5.500000e-01 0
4.800000e+00 5.500000e-01 0
4.800000e+00 5.500000e-01 0
4.850000e+00 5.500000e-01 0
4.850000e+00 6.000000e-01 0
4.800000e+00 6.000000e-01 0
4.800000e+00 6.000000e-01 0
4.850000e+00 6.000000e-01 0
4.850000e+00 6.500000e-01 0
4.800000e+00 6.500000e-01 0
4.800000e+00 6.500000e-01 0
4.850000e+00 6.500000e-01 0
4.850000e+00 7.000000e-01 0
4.800000e+00 7.000000e-01 0
4.800000e+00 7.000000e-01 0
4.850000e+00 7.000000e-01 0
4.850000e+00 7.500000e-01 0
4.800000e+00 7.500000e-01 0
4.800000e+00 7.500000e-01 0
4.850000e+00 7.500000e-01 0
4.850000e+00 8.000000e-01 0
4.800000e+00 8.000000e-01 0
4.800000e+00 8.000000e-01 0
4.850000e+00 8.000000e-01 0
4.850000e+00 8.500000e-01 0
4.800000e+00 8.500000e-01 0
4.800000e+00 8.500000e-01 0
4.850000e+00 8.500000e-01 0
4.850000e+00 9.000000e-01 0
4.800000e+00 9.000000e-01 0
4.800000e+00 9.000000e-01 0
4.850000e+00 9.000000e-01 0
4.850000e+00 9.500000e-01 0
4.800000e+00 9.500000e-01 0
4.800000e+00 9.500000e-01 0
4.850000e+00 9.500000e-01 0
4.850000e+00 1.000000e+00 0
4.800000e+00 1.000000e+00 0
4.850000e+00 -1.000000e+00 0
4.900000e+00 -1.000000e+00 0
4.900000e+00 -9.500000e-01 0
4.850000e+00 -9.500000e-01 0
4.850000e+00 -9.500000e-01 0
4.900000e+00 -9.500000e-01 0
4.900000e+00 -9.000000e-01 0
4.850000e+00 -9.000000e-01 0
4.850000e+00 -9.000000e-01 0
4.900000e+00 -9.000000e-01 0
4.900000e+00 -8.500000e-01 0
4.850000e+00 -8.500000e-01 0
4.850000e+00 -8.500000e-01 0
4.900000e+00 -8.500000e-01 0
4.900000e+00 -8.000000e-01 0
4.850000e+00 -8.000000e-01 0
4.850000e+00 -8.000000e-01 0
4.900000e+00 -8.000000e-01 0
4.900000e+00 -7.500000e-01 0
4.850000e+00 -7.500000e-01 0
4.850000e+00 -7.500000e-01 0
4.900000e+00 -7.500000e-01 0
4.900000e+00 -7.000000e-01 0
4.850000e+00 -7.000000e-01 0
4.850000e+00 -7.000000e-01 0
4.900000e+00 -7.000000e-01 0
4.900000e+00 -6.500000e-01 0
4.850000e+00 -6.500000e-01 0
4.850000e+00 -6.500000e-01 0
4.900000e+00 -6.500000e-01 0
4.900000e+00 -6.000000e-01 0
4.850000e+00 -6.000000e-01 0
4.850000e+00 -6.000000e-01 0
4.900000e+00 -6.000000e-01 0
4.900000e+00 -5.500000e-01 0
4.850000e+00 -5.500000e-01 0
4.850000e+00 -5.500000e-01 0
4.900000e+00 -5.500000e-01 0
4.900000e+00 -5.000000e-01 0
4.850000e+00 -5.000000e-01 0
4.850000e+00 -5.000000e-01 0
4.900000e+00 -5.000000e-01 0
4.900000e+00 -4.500000e-01 0
4.850000e+00 -4.500000e-01 0
4.850000e+00 -4.500000e-01 0
4.900000e+00 -4.500000e-01 0
4.900000e+00 -4.000000e-01 0
4.850000e+00 -4.000000e-01 0
4.850000e+00 -4.000000e-01 0
4.900000e+00 -4.000000e-01 0
4.900000e+00 -3.500000e-01 0
4.850000e+00 -3.500000e-01 0
4.850000e+00 -3.500000e-01 0
4.900000e+00 -3.500000e-01 0
4.900000e+00 -3.000000e-01 0
4.850000e+00 -3.000000e-01 0
4.850000e+00 -3.000000e-01 0
4.900000e+00 -3.000000e-01 0
4.900000e+00 -2.500000e-01 0
4.850000e+00 -2.500000e-01 0
4.850000e+00 -2.500000e-01 0
4.900000e+00 -2.500000e-01 0
4.900000e+00 -2.000000e-01 0
4.850000e+00 -2.000000e-01 0
4.850000e+00 -2.000000e-01 0
4.900000e+00 -2.000000e-01 0
4.900000e+00 -1.500000e-01 0
4.850000e+00 -1.500000e-01 0
4.850000e+00 -1.500000e-01 0
4.900000e+00 -1.500000e-01 0
4.900000e+00 -1.000000e-01 0
4.850000e+00 -1.000000e-01 0
4.850000e+00 -1.000000e-01 0
4.900000e+00 -1.000000e-01 0
4.900000e+00 -5.000000e-02 0
4.850000e+00 -5.000000e-02 0
4.850000e+00 -5.000000e-02 0
4.900000e+00 -5.000000e-02 0
4.900000e+00 5.551115e-17 0
4.850000e+00 5.551115e-17 0
4.850000e+00 5.551115e-17 0
4.900000e+00 5.551115e-17 0
4.900000e+00 5.000000e-02 0
4.850000e+00 5.000000e-02 0
4.850000e+00 5.000000e-02 0
4.900000e+00 5.000000e-02 0
4.900000e+00 1.000000e-01 0
4.850000e+00 1.000000e-01 0
4.850000e+00 1.000000e-01 0
4.900000e+00 1.000000e-01 0
4.900000e+00 1.500000e-01 0
4.850000e+00 1.500000e-01 0
4.850000e+00 1.500000e-01 0
4.900000e+00 1.500000e-01 0
4.900000e+00 2.000000e-01 0
4.850000e+00 2.000000e-01 0
4.850000e+00 2.000000e-01 0
4.900000e+00 2.000000e-01 0
4.900000e+00 2.500000e-01 0
4.850000e+00 2.500000e-01 0
4.850000e+00 2.500000e-01 0
4.900000e+00 2.500000e-01 0
4.900000e+00 3.000000e-01 0
4.850000e+00 3.000000e-01 0
4.850000e+00 3.000000e-01 0
4.900000e+00 3.000000e-01 0
4.900000e+00 3.500000e-01 0
4.850000e+00 3.500000e-01 0
4.850000e+00 3.500000e-01 0
4.900000e+00 3.500000e-01 0
4.900000e+00 4.000000e-01 0
4.850000e+00 4.000000e-01 0
4.850000e+00 4.000000e-01 0
4.900000e+00 4.000000e-01 0
4.900000e+00 4.500000e-01 0
4.850000e+00 4.500000e-01 0
4.850000e+00 4.500000e-01 0
4.900000e+00 4.500000e-01 0
4.900000e+00 5.000000e-01 0
4.850000e+00 5.000000e-01 0
4.850000e+00 5.000000e-01 0
4.900000e+00 5.000000e-01 0
4.900000e+00 5.500000e-01 0
4.850000e+00 5.500000e-01 0
4.850000e+00 5.500000e-01 0
4.900000e+00 5.500000e-01 0
4.900000e+00 6.000000e-01 0
4.850000e+00 6.000000e-01 0
4.850000e+00 6.000000e-01 0
4.900000e+00 6.000000e-01 0
4.900000e+00 6.500000e-01 0
4.850000e+00 6.500000e-01 0
4.850000e+00 6.500000e-01 0
4.900000e+00 6.500000e-01 0
4.900000e+00 7.000000e-01 0
4.850000e+00 7.000000e-01 0
4.850000e+00 7.000000e-01 0
4.900000e+00 7.000000e-01 0
4.900000e+00 7.500000e-01 0
4.850000e+00 7.500000e-01 0
4.850000e+00 7.500000e-01 0
4.900000e+00 7.500000e-01 0
4.900000e+00 8.000000e-01 0
4.850000e+00 8.000000e-01 0
4.850000e+00 8.000000e-01 0
4.900000e+00 8.000000e-01 0
4.900000e+00 8.500000e-01 0
4.850000e+00 8.500000e-01 0
4.850000e+00 8.500000e-01 0
4.900000e+00 8.500000e-01 0
4.900000e+00 9.000000e-01 0
4.850000e+00 9.000000e-01 0
4.850000e+00 9.000000e-01 0
4.900000e+00 9.000000e-01 0
4.900000e+00 9.500000e-01 0
4.850000e+00 9.500000e-01 0
4.850000e+00 9.500000e-01 0
4.900000e+00 9.500000e-01 0
4.900000e+00 1.000000e+00 0
4.850000e+00 1.000000e+00 0
4.900000e+00 -1.000000e+00 0
4.950000e+00 -1.000000e+00 0
4.950000e+00 -9.500000e-01 0
4.900000e+00 -9.500000e-01 0
4.900000e+00 -9.500000e-01 0
4.950000e+00 -9.500000e-01 0
4.950000e+00 -9.000000e-01 0
4.900000e+00 -9.000000e-01 0
4.900000e+00 -9.000000e-01 0
4.950000e+00 -9.000000e-01 0
4.950000e+00 -8.500000e-01 0
4.900000e+00 -8.500000e-01 0
4.900000e+00 -8.500000e-01 0
4.950000e+00 -8.500000e-01 0
4.950000e+00 -8.000000e-01 0
4.900000e+00 -8.000000e-01 0
4.900000e+00 -8.000000e-01 0
4.950000e+00 -8.000000e-01 0
4.950000e+00 -7.500000e-01 0
4.900000e+00 -7.500000e-01 0
4.900000e+00 -7.500000e-01 0
4.950000e+00 -7.500000e-01 0
4.950000e+00 -7.000000e-01 0
4.900000e+00 -7.000000e-01 0
4.900000e+00 -7.000000e-01 0
4.950000e+00 -7.000000e-01 0
4.950000e+00 -6.500000e-01 0
4.900000e+00 -6.500000e-01 0
4.900000e+00 -6.500000e-01 0
4.950000e+00 -6.500000e-01 0
4.950000e+00 -6.000000e-01 0
4.900000e+00 -6.000000e-01 0
4.900000e+00 -6.000000e-01 0
4.950000e+00 -6.000000e-01 0
4.950000e+00 -5.500000e-01 0
4.900000e+00 -5.500000e-01 0
4.900000e+00 -5.500000e-01 0
4.950000e+00 -5.500000e-01 0
4.950000e+00 -5.000000e-01 0
4.900000e+00 -5.000000e-01 0
4.900000e+00 -5.000000e-01 0
4.950000e+00 -5.000000e-01 0
4.950000e+00 -4.500000e-01 0
4.900000e+00 -4.500000e-01 0
4.900000e+00 -4.500000e-01 0
4.950000e+00 -4.500000e-01 0
4.950000e+00 -4.000000e-01 0
4.900000e+00 -4.000000e-01 0
4.900000e+00 -4.000000e-01 0
4.950000e+00 -4.000000e-01 0
4.950000e+00 -3.500000e-01 0
4.900000e+00 -3.500000e-01 0
4.900000e+00 -3.500000e-01 0
4.950000e+00 -3.500000e-01 0
4.950000e+00 -3.000000e-01 0
4.900000e+00 -3.000000e-01 0
4.900000e+00 -3.000000e-01 0
4.950000e+00 -3.000000e-01 0
4.950000e+00 -2.500000e-01 0
4.900000e+00 -2.500000e-01 0
4.900000e+00 -2.500000e-01 0
4.950000e+00 -2.500000e-01 0
4.950000e+00 -2.000000e-01 0
4.900000e+00 -2.000000e-01 0
4.900000e+00 -2.000000e-01 0
4.950000e+00 -2.000000e-01 0
4.950000e+00 -1.500000e-01 0
4.900000e+00 -1.500000e-01 0
4.900000e+00 -1.500000e-01 0
4.950000e+00 -1.500000e-01 0
4.950000e+00 -1.000000e-01 0
4.900000e+00 -1.000000e-01 0
4.900000e+00 -1.000000e-01 0
4.950000e+00 -1.000000e-01 0
4.950000e+00 -5.000000e-02 0
4.900000e+00 -5.000000e-02 0
4.900000e+00 -5.000000e-02 0
4.950000e+00 -5.000000e-02 0
4.950000e+00 5.551115e-17 0
4.900000e+00 5.551115e-17 0
4.900000e+00 5.551115e-17 0
4.950000e+00 5.551115e-17 0
4.950000e+00 5.000000e-02 0
4.900000e+00 5.000000e-02 0
4.900000e+00 5.000000e-02 0
4.950000e+00 5.000000e-02 0
4.950000e+00 1.000000e-01 0
4.900000e+00 1.000000e-01 0
4.900000e+00 1.000000e-01 0
4.950000e+00 1.000000e-01 0
4.950000e+00 1.500000e-01 0
4.900000e+00 1.500000e-01 0
4.900000e+00 1.500000e-01 0
4.950000e+00 1.500000e-01 0
4.950000e+00 2.000000e-01 0
4.900000e+00 2.000000e-01 0
4.900000e+00 2.000000e-01 0
4.950000e+00 2.000000e-01 0
4.950000e+00 2.500000e-01 0
4.900000e+00 2.500000e-01 0
4.900000e+00 2.500000e-01 0
4.950000e+00 2.500000e-01 0
4.950000e+00 3.000000e-01 0
4.900000e+00 3.000000e-01 0
4.900000e+00 3.000000e-01 0
4.950000e+00 3.000000e-01 0
4.950000e+00 3.500000e-01 0
4.900000e+00 3.500000e-01 0
4.900000e+00 3.500000e-01 0
4.950000e+00 3.500000e-01 0
4.950000e+00 4.000000e-01 0
4.900000e+00 4.000000e-01 0
4.900000e+00 4.000000e-01 0
4.950000e+00 4.000000e-01 0
4.950000e+00 4.500000e-01 0
4.900000e+00 4.500000e-01 0
4.900000e+00 4.500000e-01 0
4.950000e+00 4.500000e-01 0
4.950000e+00 5.000000e-01 0
4.900000e+00 5.000000e-01 0
4.900000e+00 5.000000e-01 0
4.950000e+00 5.000000e-01 0
4.950000e+00 5.500000e-01 0
4.900000e+00 5.500000e-01 0
4.900000e+00 5.500000e-01 0
4.950000e+00 5.500000e-01 0
4.950000e+00 6.000000e-01 0
4.900000e+00 6.000000e-01 0
4.900000e+00 6.000000e-01 0
4.950000e+00 6.000000e-01 0
4.950000e+00 6.500000e-01 0
4.900000e+00 6.500000e-01 0
4.900000e+00 6.500000e-01 0
4.950000e+00 6.500000e-01 0
4.950000e+00 7.000000e-01 0
4.900000e+00 7.000000e-01 0
4.900000e+00 7.000000e-01 0
4.950000e+00 7.000000e-01 0
4.950000e+00 7.500000e-01 0
4.900000e+00 7.500000e-01 0
4.900000e+00 7.500000e-01 0
4.950000e+00 7.500000e-01 0
4.950000e+00 8.000000e-01 0
4.900000e+00 8.000000e-01 0
4.900000e+00 8.000000e-01 0
4.950000e+00 8.000000e-01 0
4.950000e+00 8.500000e-01 0
4.900000e+00 8.500000e-01 0
4.900000e+00 8.500000e-01 0
4.950000e+00 8.500000e-01 0
4.950000e+00 9.000000e-01 0
4.900000e+00 9.000000e-01 0
4.900000e+00 9.000000e-01 0
4.950000e+00 9.000000e-01 0
4.950000e+00 9.500000e-01 0
4.900000e+00 9.500000e-01 0
4.900000e+00 9.500000e-01 0
4.950000e+00 9.500000e-01 0
4.950000e+00 1.000000e+00 0
4.900000e+00 1.000000e+00 0
4.950000e+00 -1.000000e+00 0
5.000000e+00 -1.000000e+00 0
5.000000e+00 -9.500000e-01 0
4.950000e+00 -9.500000e-01 0
4.950000e+00 -9.500000e-01 0
5.000000e+00 -9.500000e-01 0
5.000000e+00 -9.000000e-01 0
4.950000e+00 -9.000000e-01 0
4.950000e+00 -9.000000e-01 0
5.000000e+00 -9.000000e-01 0
5.000000e+00 -8.500000e-01 0
4.950000e+00 -8.500000e-01 0
4.950000e+00 -8.500000e-01 0
5.000000e+00 -8.500000e-01 0
5.000000e+00 -8.000000e-01 0
4.950000e+00 -8.000000e-01 0
4.950000e+00 -8.000000e-01 0
5.000000e+00 -8.000000e-01 0
5.000000e+00 -7.500000e-01 0
4.950000e+00 -7.500000e-01 0
4.950000e+00 -7.500000e-01 0
5.000000e+00 -7.500000e-01 0
5.000000e+00 -7.000000e-01 0
4.950000e+00 -7.000000e-01 0
4.950000e+00 -7.000000e-01 0
5.000000e+00 -7.000000e-01 0
5.000000e+00 -6.500000e-01 0
4.950000e+00 -6.500000e-01 0
4.950000e+00 -6.500000e-01 0
5.000000e+00 -6.500000e-01 0
5.000000e+00 -6.000000e-01 0
4.950000e+00 -6.000000e-01 0
4.950000e+00 -6.000000e-01 0
5.000000e+00 -6.000000e-01 0
5.000000e+00 -5.500000e-01 0
4.950000e+00 -5.500000e-01 0
4.950000e+00 -5.500000e-01 0
5.000000e+00 -5.500000e-01 0
5.000000e+00 -5.000000e-01 0
4.950000e+00 -5.000000e-01 0
4.950000e+00 -5.000000e-01 0
5.000000e+00 -5.000000e-01 0
5.000000e+00 -4.500000e-01 0
4.950000e+00 -4.500000e-01 0
4.950000e+00 -4.500000e-01 0
5.000000e+00 -4.500000e-01 0
5.000000e+00 -4.000000e-01 0
4.950000e+00 -4.000000e-01 0
4.950000e+00 -4.000000e-01 0
5.000000e+00 -4.000000e-01 0
5.000000e+00 -3.500000e-01 0
4.950000e+00 -3.500000e-01 0
4.950000e+00 -3.500000e-01 0
5.000000e+00 -3.500000e-01 0
5.000000e+00 -3.000000e-01 0
4.950000e+00 -3.000000e-01 0
4.950000e+00 -3.000000e-01 0
5.000000e+00 -3.000000e-01 0
5.000000e+00 -2.500000e-01 0
4.950000e+00 -2.500000e-01 0
4.950000e+00 -2.500000e-01 0
5.000000e+00 -2.500000e-01 0
5.000000e+00 -2.000000e-01 0
4.950000e+00 -2.000000e-01 0
4.950000e+00 -2.000000e-01 0
5.000000e+00 -2.000000e-01 0
5.000000e+00 -1.500000e-01 0
4.950000e+00 -1.500000e-01 0
4.950000e+00 -1.500000e-01 0
5.000000e+00 -1.500000e-01 0
5.000000e+00 -1.000000e-01 0
4.950000e+00 -1.000000e-01 0
4.950000e+00 -1.000000e-01 0
5.000000e+00 -1.000000e-01 0
5.000000e+00 -5.000000e-02 0
4.950000e+00 -5.000000e-02 0
4.950000e+00 -5.000000e-02 0
5.000000e+00 -5.000000e-02 0
5.000000e+00 5.551115e-17 0
4.950000e+00 5.551115e-17 0
4.950000e+00 5.551115e-17 0
5.000000e+00 5.551115e-17 0
5.000000e+00 5.000000e-02 0
4.950000e+00 5.000000e-02 0
4.950000e+00 5.000000e-02 0
5.000000e+00 5.000000e-02 0
5.000000e+00 1.000000e-01 0
4.950000e+00 1.000000e-01 0
4.950000e+00 1.000000e-01 0
5.000000e+00 1.000000e-01 0
5.000000e+00 1.500000e-01 0
4.950000e+00 1.500000e-01 0
4.950000e+00 1.500000e-01 0
5.000000e+00 1.500000e-01 0
5.000000e+00 2.000000e-01 0
4.950000e+00 2.000000e-01 0
4.950000e+00 2.000000e-01 0
5.000000e+00 2.000000e-01 0
5.000000e+00 2.500000e-01 0
4.950000e+00 2.500000e-01 0
4.950000e+00 2.500000e-01 0
5.000000e+00 2.500000e-01 0
5.000000e+00 3.000000e-01 0
4.950000e+00 3.000000e-01 0
4.950000e+00 3.000000e-01 0
5.000000e+00 3.000000e-01 0
5.000000e+00 3.500000e-01 0
4.950000e+00 3.500000e-01 0
4.950000e+00 3.500000e-01 0
5.000000e+00 3.500000e-01 0
5.000000e+00 4.000000e-01 0
4.950000e+00 4.000000e-01 0
4.950000e+00 4.000000e-01 0
5.000000e+00 4.000000e-01 0
5.000000e+00 4.500000e-01 0
4.950000e+00 4.500000e-01 0
4.950000e+00 4.500000e-01 0
5.000000e+00 4.500000e-01 0
5.000000e+00 5.000000e-01 0
4.950000e+00 5.000000e-01 0
4.950000e+00 5.000000e-01 0
5.000000e+00 5.000000e-01 0
5.000000e+00 5.500000e-01 0
4.950000e+00 5.500000e-01 0
4.950000e+00 5.500000e-01 0
5.000000e+00 5.500000e-01 0
5.000000e+00 6.000000e-01 0
4.950000e+00 6.000000e-01 0
4.950000e+00 6.000000e-01 0
5.000000e+00 6.000000e-01 0
5.000000e+00 6.500000e-01 0
4.950000e+00 6.500000e-01 0
4.950000e+00 6.500000e-01 0
5.000000e+00 6.500000e-01 0
5.000000e+00 7.000000e-01 0
4.950000e+00 7.000000e-01 0
4.950000e+00 7.000000e-01 0
5.000000e+00 7.000000e-01 0
5.000000e+00 7.500000e-01 0
4.950000e+00 7.500000e-01 0
4.950000e+00 7.500000e-01 0
5.000000e+00 7.500000e-01 0
5.000000e+00 8.000000e-01 0
4.950000e+00 8.000000e-01 0
4.950000e+00 8.000000e-01 0
5.000000e+00 8.000000e-01 0
5.000000e+00 8.500000e-01 0
4.950000e+00 8.500000e-01 0
4.950000e+00 8.500000e-01 0
5.000000e+00 8.500000e-01 0
5.000000e+00 9.000000e-01 0
4.950000e+00 9.000000e-01 0
4.950000e+00 9.000000e-01 0
5.000000e+00 9.000000e-01 0
5.000000e+00 9.500000e-01 0
4.950000e+00 9.500000e-01 0
4.950000e+00 9.500000e-01 0
5.000000e+00 9.500000e-01 0
5.000000e+00 1.000000e+00 0
4.950000e+00 1.000000e+00 0
5.000000e+00 -1.000000e+00 0
5.050000e+00 -1.000000e+00 0
5.050000e+00 -9.500000e-01 0
5.000000e+00 -9.500000e-01 0
5.000000e+00 -9.500000e-01 0
5.050000e+00 -9.500000e-01 0
5.050000e+00 -9.000000e-01 0
5.000000e+00 -9.000000e-01 0
5.000000e+00 -9.000000e-01 0
5.050000e+00 -9.000000e-01 0
5.050000e+00 -8.500000e-01 0
5.000000e+00 -8.500000e-01 0
5.000000e+00 -8.500000e-01 0
5.050000e+00 -8.500000e-01 0
5.050000e+00 -8.000000e-01 0
5.000000e+00 -8.000000e-01 0
5.000000e+00 -8.000000e-01 0
5.050000e+00 -8.000000e-01 0
5.050000e+00 -7.500000e-01 0
5.000000e+00 -7.500000e-01 0
5.000000e+00 -7.500000e-01 0
5.050000e+00 -7.500000e-01 0
5.050000e+00 -7.000000e-01 0
5.000000e+00 -7.000000e-01 0
5.000000e+00 -7.000000e-01 0
5.050000e+00 -7.000000e-01 0
5.050000e+00 -6.500000e-01 0
5.000000e+00 -6.500000e-01 0
5.000000e+00 -6.500000e-01 0
5.050000e+00 -6.500000e-01 0
5.050000e+00 -6.000000e-01 0
5.000000e+00 -6.000000e-01 0
5.000000e+00 -6.000000e-01 0
5.050000e+00 -6.000000e-01 0
5.050000e+00 -5.500000e-01 0
5.000000e+00 -5.500000e-01 0
5.000000e+00 -5.500000e-01 0
5.050000e+00 -5.500000e-01 0
5.050000e+00 -5.000000e-01 0
5.000000e+00 -5.000000e-01 0
5.000000e+00 -5.000000e-01 0
5.050000e+00 -5.000000e-01 0
5.050000e+00 -4.500000e-01 0
5.000000e+00 -4.500000e-01 0
5.000000e+00 -4.500000e-01 0
5.050000e+00 -4.500000e-01 0
5.050000e+00 -4.000000e-01 0
5.000000e+00 -4.000000e-01 0
5.000000e+00 -4.000000e-01 0
5.050000e+00 -4.000000e-01 0
5.050000e+00 -3.500000e-01 0
5.000000e+00 -3.500000e-01 0
5.000000e+00 -3.500000e-01 0
5.050000e+00 -3.500000e-01 0
5.050000e+00 -3.000000e-01 0
5.000000e+00 -3.000000e-01 0
5.000000e+00 -3.000000e-01 0
5.050000e+00 -3.000000e-01 0
5.050000e+00 -2.500000e-01 0
5.000000e+00 -2.500000e-01 0
5.000000e+00 -2.500000e-01 0
5.050000e+00 -2.500000e-01 0
5.050000e+00 -2.000000e-01 0
5.000000e+00 -2.000000e-01 0
5.000000e+00 -2.000000e-01 0
5.050000e+00 -2.000000e-01 0
5.050000e+00 -1.500000e-01 0
5.000000e+00 -1.500000e-01 0
5.000000e+00 -1.500000e-01 0
5.050000e+00 -1.500000e-01 0
5.050000e+00 -1.000000e-01 0
5.000000e+00 -1.000000e-01 0
5.000000e+00 -1.000000e-01 0
5.050000e+00 -1.000000e-01 0
5.050000e+00 -5.000000e-02 0
5.000000e+00 -5.000000e-02 0
5.000000e+00 -5.000000e-02 0
5.050000e+00 -5.000000e-02 0
5.050000e+00 5.551115e-17 0
5.000000e+00 5.551115e-17 0
5.000000e+00 5.551115e-17 0
5.050000e+00 5.551115e-17 0
5.050000e+00 5.000000e-02 0
5.000000e+00 5.000000e-02 0
5.000000e+00 5.000000e-02 0
5.050000e+00 5.000000e-02 0
5.050000e+00 1.000000e-01 0
5.000000e+00 1.000000e-01 0
5.000000e+00 1.000000e-01 0
5.050000e+00 1.000000e-01 0
5.050000e+00 1.500000e-01 0
5.000000e+00 1.500000e-01 0
5.000000e+00 1.500000e-01 0
5.050000e+00 1.500000e-01 0
5.050000e+00 2.000000e-01 0
5.000000e+00 2.000000e-01 0
5.000000e+00 2.000000e-01 0
5.050000e+00 2.000000e-01 0
5.050000e+00 2.500000e-01 0
5.000000e+00 2.500000e-01 0
5.000000e+00 2.500000e-01 0
5.050000e+00 2.500000e-01 0
5.050000e+00 3.000000e-01 0
5.000000e+00 3.000000e-01 0
5.000000e+00 3.000000e-01 0
5.050000e+00 3.000000e-01 0
5.050000e+00 3.500000e-01 0
5.000000e+00 3.500000e-01 0
5.000000e+00 3.500000e-01 0
5.050000e+00 3.500000e-01 0
5.050000e+00 4.000000e-01 0
5.000000e+00 4.000000e-01 0
5.000000e+00 4.000000e-01 0
5.050000e+00 4.000000e-01 0
5.050000e+00 4.500000e-01 0
5.000000e+00 4.500000e-01 0
5.000000e+00 4.500000e-01 0
5.050000e+00 4.500000e-01 0
5.050000e+00 5.000000e-01 0
5.000000e+00 5.000000e-01 0
5.000000e+00 5.000000e-01 0
5.050000e+00 5.000000e-01 0
5.050000e+00 5.500000e-01 0
5.000000e+00 5.500000e-01 0
5.000000e+00 5.500000e-01 0
5.050000e+00 5.500000e-01 0
5.050000e+00 6.000000e-01 0
5.000000e+00 6.000000e-01 0
5.000000e+00 6.000000e-01 0
5.050000e+00 6.000000e-01 0
5.050000e+00 6.500000e-01 0
5.000000e+00 6.500000e-01 0
5.000000e+00 6.500000e-01 0
5.050000e+00 6.500000e-01 0
5.050000e+00 7.000000e-01 0
5.000000e+00 7.000000e-01 0
5.000000e+00 7.000000e-01 0
5.050000e+00 7.000000e-01 0
5.050000e+00 7.500000e-01 0
5.000000e+00 7.500000e-01 0
5.000000e+00 7.500000e-01 0
5.050000e+00 7.500000e-01 0
5.050000e+00 8.000000e-01 0
5.000000e+00 8.000000e-01 0
5.000000e+00 8.000000e-01 0
5.050000e+00 8.000000e-01 0
5.050000e+00 8.500000e-01 0
5.000000e+00 8.500000e-01 0
5.000000e+00 8.500000e-01 0
5.050000e+00 8.500000e-01 0
5.050000e+00 9.000000e-01 0
5.000000e+00 9.000000e-01 0
5.000000e+00 9.000000e-01 0
5.050000e+00 9.000000e-01 0
5.050000e+00 9.500000e-01 0
5.000000e+00 9.500000e-01 0
5.000000e+00 9.500000e-01 0
5.050000e+00 9.500000e-01 0
5.050000e+00 1.000000e+00 0
5.000000e+00 1.000000e+00 0
5.050000e+00 -1.000000e+00 0
5.100000e+00 -1.000000e+00 0
5.100000e+00 -9.500000e-01 0
5.050000e+00 -9.500000e-01 0
5.050000e+00 -9.500000e-01 0
5.100000e+00 -9.500000e-01 0
5.100000e+00 -9.000000e-01 0
5.050000e+00 -9.000000e-01 0
5.050000e+00 -9.000000e-01 0
5.100000e+00 -9.000000e-01 0
5.100000e+00 -8.500000e-01 0
5.050000e+00 -8.500000e-01 0
5.050000e+00 -8.500000e-01 0
5.100000e+00 -8.500000e-01 0
5.100000e+00 -8.000000e-01 0
5.050000e+00 -8.000000e-01 0
5.050000e+00 -8.000000e-01 0
5.100000e+00 -8.000000e-01 0
5.100000e+00 -7.500000e-01 0
5.050000e+00 -7.500000e-01 0
5.050000e+00 -7.500000e-01 0
5.100000e+00 -7.500000e-01 0
5.100000e+00 -7.000000e-01 0
5.050000e+00 -7.000000e-01 0
5.050000e+00 -7.000000e-01 0
5.100000e+00 -7.000000e-01 0
5.100000e+00 -6.500000e-01 0
5.050000e+00 -6.500000e-01 0
5.050000e+00 -6.500000e-01 0
5.100000e+00 -6.500000e-01 0
5.100000e+00 -6.000000e-01 0
5.050000e+00 -6.000000e-01 0
5.050000e+00 -6.000000e-01 0
5.100000e+00 -6.000000e-01 0
5.100000e+00 -5.500000e-01 0
5.050000e+00 -5.500000e-01 0
5.050000e+00 -5.500000e-01 0
5.100000e+00 -5.500000e-01 0
5.100000e+00 -5.000000e-01 0
5.050000e+00 -5.000000e-01 0
5.050000e+00 -5.000000e-01 0
5.100000e+00 -5.000000e-01 0
5.100000e+00 -4.500000e-01 0
5.050000e+00 -4.500000e-01 0
5.050000e+00 -4.500000e-01 0
5.100000e+00 -4.500000e-01 0
5.100000e+00 -4.000000e-01 0
5.050000e+00 -4.000000e-01 0
5.050000e+00 -4.000000e-01 0
5.100000e+00 -4.000000e-01 0
5.100000e+00 -3.500000e-01 0
5.050000e+00 -3.500000e-01 0
5.050000e+00 -3.500000e-01 0
5.100000e+00 -3.500000e-01 0
5.100000e+00 -3.000000e-01 0
5.050000e+00 -3.000000e-01 0
5.050000e+00 -3.000000e-01 0
5.100000e+00 -3.000000e-01 0
5.100000e+00 -2.500000e-01 0
5.050000e+00 -2.500000e-01 0
5.050000e+00 -2.500000e-01 0
5.100000e+00 -2.500000e-01 0
5.100000e+00 -2.000000e-01 0
5.050000e+00 -2.000000e-01 0
5.050000e+00 -2.000000e-01 0
5.100000e+00 -2.000000e-01 0
5.100000e+00 -1.500000e-01 0
5.050000e+00 -1.500000e-01 0
5.050000e+00 -1.500000e-01 0
5.100000e+00 -1.500000e-01 0
5.100000e+00 -1.000000e-01 0
5.050000e+00 -1.000000e-01 0
5.050000e+00 -1.000000e-01 0
5.100000e+00 -1.000000e-01 0
5.100000e+00 -5.000000e-02 0
5.050000e+00 -5.000000e-02 0
5.050000e+00 -5.000000e-02 0
5.100000e+00 -5.000000e-02 0
5.100000e+00 5.551115e-17 0
5.050000e+00 5.551115e-17 0
5.050000e+00 5.551115e-17 0
5.100000e+00 5.551115e-17 0
5.100000e+00 5.000000e-02 0
5.050000e+00 5.000000e-02 0
5.050000e+00 5.000000e-02 0
5.100000e+00 5.000000e-02 0
5.100000e+00 1.000000e-01 0
5.050000e+00 1.000000e-01 0
5.050000e+00 1.000000e-01 0
5.100000e+00 1.000000e-01 0
5.100000e+00 1.500000e-01 0
5.050000e+00 1.500000e-01 0
5.050000e+00 1.500000e-01 0
5.100000e+00 1.500000e-01 0
5.100000e+00 2.000000e-01 0
5.050000e+00 2.000000e-01 0
5.050000e+00 2.000000e-01 0
5.100000e+00 2.000000e-01 0
5.100000e+00 2.500000e-01 0
5.050000e+00 2.500000e-01 0
5.050000e+00 2.500000e-01 0
5.100000e+00 2.500000e-01 0
5.100000e+00 3.000000e-01 0
5.050000e+00 3.000000e-01 0
5.050000e+00 3.000000e-01 0
5.100000e+00 3.000000e-01 0
5.100000e+00 3.500000e-01 0
5.050000e+00 3.500000e-01 0
5.050000e+00 3.500000e-01 0
5.100000e+00 3.500000e-01 0
5.100000e+00 4.000000e-01 0
5.050000e+00 4.000000e-01 0
5.050000e+00 4.000000e-01 0
5.100000e+00 4.000000e-01 0
5.100000e+00 4.500000e-01 0
5.050000e+00 4.500000e-01 0
5.050000e+00 4.500000e-01 0
5.100000e+00 4.500000e-01 0
5.100000e+00 5.000000e-01 0
5.050000e+00 5.000000e-01 0
5.050000e+00 5.000000e-01 0
5.100000e+00 5.000000e-01 0
5.100000e+00 5.500000e-01 0
5.050000e+00 5.500000e-01 0
5.050000e+00 5.500000e-01 0
5.100000e+00 5.500000e-01 0
5.100000e+00 6.000000e-01 0
5.050000e+00 6.000000e-01 0
5.050000e+00 6.000000e-01 0
5.100000e+00 6.000000e-01 0
5.100000e+00 6.500000e-01 0
5.050000e+00 6.500000e-01 0
5.050000e+00 6.500000e-01 0
5.100000e+00 6.500000e-01 0
5.100000e+00 7.000000e-01 0
5.050000e+00 7.000000e-01 0
5.050000e+00 7.000000e-01 0
5.100000e+00 7.000000e-01 0
5.100000e+00 7.500000e-01 0
5.050000e+00 7.500000e-01 0
5.050000e+00 7.500000e-01 0
5.100000e+00 7.500000e-01 0
5.100000e+00 8.000000e-01 0
5.050000e+00 8.000000e-01 0
5.050000e+00 8.000000e-01 0
5.100000e+00 8.000000e-01 0
5.100000e+00 8.500000e-01 0
5.050000e+00 8.500000e-01 0
5.050000e+00 8.500000e-01 0
5.100000e+00 8.500000e-01 0
5.100000e+00 9.000000e-01 0
5.050000e+00 9.000000e-01 0
5.050000e+00 9.000000e-01 0
5.100000e+00 9.000000e-01 0
5.100000e+00 9.500000e-01 0
5.050000e+00 9.500000e-01 0
5.050000e+00 9.500000e-01 0
5.100000e+00 9.500000e-01 0
5.100000e+00 1.000000e+00 0
5.050000e+00 1.000000e+00 0
5.100000e+00 -1.000000e+00 0
5.150000e+00 -1.000000e+00 0
5.150000e+00 -9.500000e-01 0
5.100000e+00 -9.500000e-01 0
5.100000e+00 -9.500000e-01 0
5.150000e+00 -9.500000e-01 0
5.150000e+00 -9.000000e-01 0
5.100000e+00 -9.000000e-01 0
5.100000e+00 -9.000000e-01 0
5.150000e+00 -9.000000e-01 0
5.150000e+00 -8.500000e-01 0
5.100000e+00 -8.500000e-01 0
5.100000e+00 -8.500000e-01 0
5.150000e+00 -8.500000e-01 0
5.150000e+00 -8.000000e-01 0
5.100000e+00 -8.000000e-01 0
5.100000e+00 -8.000000e-01 0
5.150000e+00 -8.000000e-01 0
5.150000e+00 -7.500000e-01 0
5.100000e+00 -7.500000e-01 0
5.100000e+00 -7.500000e-01 0
5.150000e+00 -7.500000e-01 0
5.150000e+00 -7.000000e-01 0
5.100000e+00 -7.000000e-01 0
5.100000e+00 -7.000000e-01 0
5.150000e+00 -7.000000e-01 0
5.150000e+00 -6.500000e-01 0
5.100000e+00 -6.500000e-01 0
5.100000e+00 -6.500000e-01 0
5.150000e+00 -6.500000e-01 0
5.150000e+00 -6.000000e-01 0
5.100000e+00 -6.000000e-01 0
5.100000e+00 -6.000000e-01 0
5.150000e+00 -6.000000e-01 0
5.150000e+00 -5.500000e-01 0
5.100000e+00 -5.500000e-01 0
5.100000e+00 -5.500000e-01 0
5.150000e+00 -5.500000e-01 0
5.150000e+00 -5.000000e-01 0
5.100000e+00 -5.000000e-01 0
5.100000e+00 -5.000000e-01 0
5.150000e+00 -5.000000e-01 0
5.150000e+00 -4.500000e-01 0
5.100000e+00 -4.500000e-01 0
5.100000e+00 -4.500000e-01 0
5.150000e+00 -4.500000e-01 0
5.150000e+00 -4.000000e-01 0
5.100000e+00 -4.000000e-01 0
5.100000e+00 -4.000000e-01 0
5.150000e+00 -4.000000e-01 0
5.150000e+00 -3.500000e-01 0
5.100000e+00 -3.500000e-01 0
5.100000e+00 -3.500000e-01 0
5.150000e+00 -3.500000e-01 0
5.150000e+00 -3.000000e-01 0
5.100000e+00 -3.000000e-01 0
5.100000e+00 -3.000000e-01 0
5.150000e+00 -3.000000e-01 0
5.150000e+00 -2.500000e-01 0
5.100000e+00 -2.500000e-01 0
5.100000e+00 -2.500000e-01 0
5.150000e+00 -2.500000e-01 0
5.150000e+00 -2.000000e-01 0
5.100000e+00 -2.000000e-01 0
5.100000e+00 -2.000000e-01 0
5.150000e+00 -2.000000e-01 0
5.150000e+00 -1.500000e-01 0
5.100000e+00 -1.500000e-01 0
5.100000e+00 -1.500000e-01 0
5.150000e+00 -1.500000e-01 0
5.150000e+00 -1.000000e-01 0
5.100000e+00 -1.000000e-01 0
5.100000e+00 -1.000000e-01 0
5.150000e+00 -1.000000e-01 0
5.150000e+00 -5.000000e-02 0
5.100000e+00 -5.000000e-02 0
5.100000e+00 -5.000000e-02 0
5.150000e+00 -5.000000e-02 0
5.150000e+00 5.551115e-17 0
5.100000e+00 5.551115e-17 0
5.100000e+00 5.551115e-17 0
5.150000e+00 5.551115e-17 0
5.150000e+00 5.000000e-02 0
5.100000e+00 5.000000e-02 0
5.100000e+00 5.000000e-02 0
5.150000e+00 5.000000e-02 0
5.150000e+00 1.000000e-01 0
5.100000e+00 1.000000e-01 0
5.100000e+00 1.000000e-01 0
5.150000e+00 1.000000e-01 0
5.150000e+00 1.500000e-01 0
5.100000e+00 1.500000e-01 0
5.100000e+00 1.500000e-01 0
5.150000e+00 1.500000e-01 0
5.150000e+00 2.000000e-01 0
5.100000e+00 2.000000e-01 0
5.100000e+00 2.000000e-01 0
5.150000e+00 2.000000e-01 0
5.150000e+00 2.500000e-01 0
5.100000e+00 2.500000e-01 0
5.100000e+00 2.500000e-01 0
5.150000e+00 2.500000e-01 0
5.150000e+00 3.000000e-01 0
5.100000e+00 3.000000e-01 0
5.100000e+00 3.000000e-01 0
5.150000e+00 3.000000e-01 0
5.150000e+00 3.500000e-01 0
5.100000e+00 3.500000e-01 0
5.100000e+00 3.500000e-01 0
5.150000e+00 3.500000e-01 0
5.150000e+00 4.000000e-01 0
5.100000e+00 4.000000e-01 0
5.100000e+00 4.000000e-01 0
5.150000e+00 4.000000e-01 0
5.150000e+00 4.500000e-01 0
5.100000e+00 4.500000e-01 0
5.100000e+00 4.500000e-01 0
5.150000e+00 4.500000e-01 0
5.150000e+00 5.000000e-01 0
5.100000e+00 5.000000e-01 0
5.100000e+00 5.000000e-01 0
5.150000e+00 5.000000e-01 0
5.150000e+00 5.500000e-01 0
5.100000e+00 5.500000e-01 0
5.100000e+00 5.500000e-01 0
5.150000e+00 5.500000e-01 0
5.150000e+00 6.000000e-01 0
5.100000e+00 6.000000e-01 0
5.100000e+00 6.000000e-01 0
5.150000e+00 6.000000e-01 0
5.150000e+00 6.500000e-01 0
5.100000e+00 6.500000e-01 0
5.100000e+00 6.500000e-01 0
5.150000e+00 6.500000e-01 0
5.150000e+00 7.000000e-01 0
5.100000e+00 7.000000e-01 0
5.100000e+00 7.000000e-01 0
5.150000e+00 7.000000e-01 0
5.150000e+00 7.500000e-01 0
5.100000e+00 7.500000e-01 0
5.100000e+00 7.500000e-01 0
5.150000e+00 7.500000e-01 0
5.150000e+00 8.000000e-01 0
5.100000e+00 8.000000e-01 0
5.100000e+00 8.000000e-01 0
5.150000e+00 8.000000e-01 0
5.150000e+00 8.500000e-01 0
5.100000e+00 8.500000e-01 0
5.100000e+00 8.500000e-01 0
5.150000e+00 8.500000e-01 0
5.150000e+00 9.000000e-01 0
5.100000e+00 9.000000e-01 0
5.100000e+00 9.000000e-01 0
5.150000e+00 9.000000e-01 0
5.150000e+00 9.500000e-01 0
5.100000e+00 9.500000e-01 0
5.100000e+00 9.500000e-01 0
5.150000e+00 9.500000e-01 0
5.150000e+00 1.000000e+00 0
5.100000e+00 1.000000e+00 0
5.150000e+00 -1.000000e+00 0
5.200000e+00 -1.000000e+00 0
5.200000e+00 -9.500000e-01 0
5.150000e+00 -9.500000e-01 0
5.150000e+00 -9.500000e-01 0
5.200000e+00 -9.500000e-01 0
5.200000e+00 -9.000000e-01 0
5.150000e+00 -9.000000e-01 0
5.150000e+00 -9.000000e-01 0
5.200000e+00 -9.000000e-01 0
5.200000e+00 -8.500000e-01 0
5.150000e+00 -8.500000e-01 0
5.150000e+00 -8.500000e-01 0
5.200000e+00 -8.500000e-01 0
5.200000e+00 -8.000000e-01 0
5.150000e+00 -8.000000e-01 0
5.150000e+00 -8.000000e-01 0
5.200000e+00 -8.000000e-01 0
5.200000e+00 -7.500000e-01 0
5.150000e+00 -7.500000e-01 0
5.150000e+00 -7.500000e-01 0
5.200000e+00 -7.500000e-01 0
5.200000e+00 -7.000000e-01 0
5.150000e+00 -7.000000e-01 0
5.150000e+00 -7.000000e-01 0
5.200000e+00 -7.000000e-01 0
5.200000e+00 -6.500000e-01 0
5.150000e+00 -6.500000e-01 0
5.150000e+00 -6.500000e-01 0
5.200000e+00 -6.500000e-01 0
5.200000e+00 -6.000000e-01 0
5.150000e+00 -6.000000e-01 0
5.150000e+00 -6.000000e-01 0
5.200000e+00 -6.000000e-01 0
5.200000e+00 -5.500000e-01 0
5.150000e+00 -5.500000e-01 0
5.150000e+00 -5.500000e-01 0
5.200000e+00 -5.500000e-01 0
5.200000e+00 -5.000000e-01 0
5.150000e+00 -5.000000e-01 0
5.150000e+00 -5.000000e-01 0
5.200000e+00 -5.000000e-01 0
5.200000e+00 -4.500000e-01 0
5.150000e+00 -4.500000e-01 0
5.150000e+00 -4.500000e-01 0
5.200000e+00 -4.500000e-01 0
5.200000e+00 -4.000000e-01 0
5.150000e+00 -4.000000e-01 0
5.150000e+00 -4.000000e-01 0
5.200000e+00 -4.000000e-01 0
5.200000e+00 -3.500000e-01 0
5.150000e+00 -3.500000e-01 0
5.150000e+00 -3.500000e-01 0
5.200000e+00 -3.500000e-01 0
5.200000e+00 -3.000000e-01 0
5.150000e+00 -3.000000e-01 0
5.150000e+00 -3.000000e-01 0
5.200000e+00 -3.000000e-01 0
5.200000e+00 -2.500000e-01 0
5.150000e+00 -2.500000e-01 0
5.150000e+00 -2.500000e-01 0
5.200000e+00 -2.500000e-01 0
5.200000e+00 -2.000000e-01 0
5.150000e+00 -2.000000e-01 0
5.150000e+00 -2.000000e-01 0
5.200000e+00 -2.000000e-01 0
5.200000e+00 -1.500000e-01 0
5.150000e+00 -1.500000e-01 0
5.150000e+00 -1.500000e-01 0
5.200000e+00 -1.500000e-01 0
5.200000e+00 -1.000000e-01 0
5.150000e+00 -1.000000e-01 0
5.150000e+00 -1.000000e-01 0
5.200000e+00 -1.000000e-01 0
5.200000e+00 -5.000000e-02 0
5.150000e+00 -5.000000e-02 0
5.150000e+00 -5.000000e-02 0
5.200000e+00 -5.000000e-02 0
5.200000e+00 5.551115e-17 0
5.150000e+00 5.551115e-17 0
5.150000e+00 5.551115e-17 0
5.200000e+00 5.551115e-17 0
5.200000e+00 5.000000e-02 0
5.150000e+00 5.000000e-02 0
5.150000e+00 5.000000e-02 0
5.200000e+00 5.000000e-02 0
5.200000e+00 1.000000e-01 0
5.150000e+00 1.000000e-01 0
5.150000e+00 1.000000e-01 0
5.200000e+00 1.000000e-01 0
5.200000e+00 1.500000e-01 0
5.150000e+00 1.500000e-01 0
5.150000e+00 1.500000e-01 0
5.200000e+00 1.500000e-01 0
5.200000e+00 2.000000e-01 0
5.150000e+00 2.000000e-01 0
5.150000e+00 2.000000e-01 0
5.200000e+00 2.000000e-01 0
5.200000e+00 2.500000e-01 0
5.150000e+00 2.500000e-01 0
5.150000e+00 2.500000e-01 0
5.200000e+00 2.500000e-01 0
5.200000e+00 3.000000e-01 0
5.150000e+00 3.000000e-01 0
5.150000e+00 3.000000e-01 0
5.200000e+00 3.000000e-01 0
5.200000e+00 3.500000e-01 0
5.150000e+00 3.500000e-01 0
5.150000e+00 3.500000e-01 0
5.200000e+00 3.500000e-01 0
5.200000e+00 4.000000e-01 0
5.150000e+00 4.000000e-01 0
5.150000e+00 4.000000e-01 0
5.200000e+00 4.000000e-01 0
5.200000e+00 4.500000e-01 0
5.150000e+00 4.500000e-01 0
5.150000e+00 4.500000e-01 0
5.200000e+00 4.500000e-01 0
5.200000e+00 5.000000e-01 0
5.150000e+00 5.000000e-01 0
5.150000e+00 5.000000e-01 0
5.200000e+00 5.000000e-01 0
5.200000e+00 5.500000e-01 0
5.150000e+00 5.500000e-01 0
5.150000e+00 5.500000e-01 0
5.200000e+00 5.500000e-01 0
5.200000e+00 6.000000e-01 0
5.150000e+00 6.000000e-01 0
5.150000e+00 6.000000e-01 0
5.200000e+00 6.000000e-01 0
5.200000e+00 6.500000e-01 0
5.150000e+00 6.500000e-01 0
5.150000e+00 6.500000e-01 0
5.200000e+00 6.500000e-01 0
5.200000e+00 7.000000e-01 0
5.150000e+00 7.000000e-01 0
5.150000e+00 7.000000e-01 0
5.200000e+00 7.000000e-01 0
5.200000e+00 7.500000e-01 0
5.150000e+00 7.500000e-01 0
5.150000e+00 7.500000e-01 0
5.200000e+00 7.500000e-01 0
5.200000e+00 8.000000e-01 0
5.150000e+00 8.000000e-01 0
5.150000e+00 8.000000e-01 0
5.200000e+00 8.000000e-01 0
5.200000e+00 8.500000e-01 0
5.150000e+00 8.500000e-01 0
5.150000e+00 8.500000e-01 0
5.200000e+00 8.500000e-01 0
5.200000e+00 9.000000e-01 0
5.150000e+00 9.000000e-01 0
5.150000e+00 9.000000e-01 0
5.200000e+00 9.000000e-01 0
5.200000e+00 9.500000e-01 0
5.150000e+00 9.500000e-01 0
5.150000e+00 9.500000e-01 0
5.200000e+00 9.500000e-01 0
5.200000e+00 1.000000e+00 0
5.150000e+00 1.000000e+00 0
5.200000e+00 -1.000000e+00 0
5.250000e+00 -1.000000e+00 0
5.250000e+00 -9.500000e-01 0
5.200000e+00 -9.500000e-01 0
5.200000e+00 -9.500000e-01 0
5.250000e+00 -9.500000e-01 0
5.250000e+00 -9.000000e-01 0
5.200000e+00 -9.000000e-01 0
5.200000e+00 -9.000000e-01 0
5.250000e+00 -9.000000e-01 0
5.250000e+00 -8.500000e-01 0
5.200000e+00 -8.500000e-01 0
5.200000e+00 -8.500000e-01 0
5.250000e+00 -8.500000e-01 0
5.250000e+00 -8.000000e-01 0
5.200000e+00 -8.000000e-01 0
5.200000e+00 -8.000000e-01 0
5.250000e+00 -8.000000e-01 0
5.250000e+00 -7.500000e-01 0
5.200000e+00 -7.500000e-01 0
5.200000e+00 -7.500000e-01 0
5.250000e+00 -7.500000e-01 0
5.250000e+00 -7.000000e-01 0
5.200000e+00 -7.000000e-01 0
5.200000e+00 -7.000000e-01 0
5.250000e+00 -7.000000e-01 0
5.250000e+00 -6.500000e-01 0
5.200000e+00 -6.500000e-01 0
5.200000e+00 -6.500000e-01 0
5.250000e+00 -6.500000e-01 0
5.250000e+00 -6.000000e-01 0
5.200000e+00 -6.000000e-01 0
5.200000e+00 -6.000000e-01 0
5.250000e+00 -6.000000e-01 0
5.250000e+00 -5.500000e-01 0
5.200000e+00 -5.500000e-01 0
5.200000e+00 -5.500000e-01 0
5.250000e+00 -5.500000e-01 0
5.250000e+00 -5.000000e-01 0
5.200000e+00 -5.000000e-01 0
5.200000e+00 -5.000000e-01 0
5.250000e+00 -5.000000e-01 0
5.250000e+00 -4.500000e-01 0
5.200000e+00 -4.500000e-01 0
5.200000e+00 -4.500000e-01 0
5.250000e+00 -4.500000e-01 0
5.250000e+00 -4.000000e-01 0
5.200000e+00 -4.000000e-01 0
5.200000e+00 -4.000000e-01 0
5.250000e+00 -4.000000e-01 0
5.250000e+00 -3.500000e-01 0
5.200000e+00 -3.500000e-01 0
5.200000e+00 -3.500000e-01 0
5.250000e+00 -3.500000e-01 0
5.250000e+00 -3.000000e-01 0
5.200000e+00 -3.000000e-01 0
5.200000e+00 -3.000000e-01 0
5.250000e+00 -3.000000e-01 0
5.250000e+00 -2.500000e-01 0
5.200000e+00 -2.500000e-01 0
5.200000e+00 -2.500000e-01 0
5.250000e+00 -2.500000e-01 0
5.250000e+00 -2.000000e-01 0
5.200000e+00 -2.000000e-01 0
5.200000e+00 -2.000000e-01 0
5.250000e+00 -2.000000e-01 0
5.250000e+00 -1.500000e-01 0
5.200000e+00 -1.500000e-01 0
5.200000e+00 -1.500000e-01 0
5.250000e+00 -1.500000e-01 0
5.250000e+00 -1.000000e-01 0
5.200000e+00 -1.000000e-01 0
5.200000e+00 -1.000000e-01 0
5.250000e+00 -1.000000e-01 0
5.250000e+00 -5.000000e-02 0
5.200000e+00 -5.000000e-02 0
5.200000e+00 -5.000000e-02 0
5.250000e+00 -5.000000e-02 0
5.250000e+00 5.551115e-17 0
5.200000e+00 5.551115e-17 0
5.200000e+00 5.551115e-17 0
5.250000e+00 5.551115e-17 0
5.250000e+00 5.000000e-02 0
5.200000e+00 5.000000e-02 0
5.200000e+00 5.000000e-02 0
5.250000e+00 5.000000e-02 0
5.250000e+00 1.000000e-01 0
5.200000e+00 1.000000e-01 0
5.200000e+00 1.000000e-01 0
5.250000e+00 1.000000e-01 0
5.250000e+00 1.500000e-01 0
5.200000e+00 1.500000e-01 0
5.200000e+00 1.500000e-01 0
5.250000e+00 1.500000e-01 0
5.250000e+00 2.000000e-01 0
5.200000e+00 2.000000e-01 0
5.200000e+00 2.000000e-01 0
5.250000e+00 2.000000e-01 0
5.250000e+00 2.500000e-01 0
5.200000e+00 2.500000e-01 0
5.200000e+00 2.500000e-01 0
5.250000e+00 2.500000e-01 0
5.250000e+00 3.000000e-01 0
5.200000e+00 3.000000e-01 0
5.200000e+00 3.000000e-01 0
5.250000e+00 3.000000e-01 0
5.250000e+00 3.500000e-01 0
5.200000e+00 3.500000e-01 0
5.200000e+00 3.500000e-01 0
5.250000e+00 3.500000e-01 0
5.250000e+00 4.000000e-01 0
5.200000e+00 4.000000e-01 0
5.200000e+00 4.000000e-01 0
5.250000e+00 4.000000e-01 0
5.250000e+00 4.500000e-01 0
5.200000e+00 4.500000e-01 0
5.200000e+00 4.500000e-01 0
5.250000e+00 4.500000e-01 0
5.250000e+00 5.000000e-01 0
5.200000e+00 5.000000e-01 0
5.200000e+00 5.000000e-01 0
5.250000e+00 5.000000e-01 0
5.250000e+00 5.500000e-01 0
5.200000e+00 5.500000e-01 0
5.200000e+00 5.500000e-01 0
5.250000e+00 5.500000e-01 0
5.250000e+00 6.000000e-01 0
5.200000e+00 6.000000e-01 0
5.200000e+00 6.000000e-01 0
5.250000e+00 6.000000e-01 0
5.250000e+00 6.500000e-01 0
5.200000e+00 6.500000e-01 0
5.200000e+00 6.500000e-01 0
5.250000e+00 6.500000e-01 0
5.250000e+00 7.000000e-01 0
5.200000e+00 7.000000e-01 0
5.200000e+00 7.000000e-01 0
5.250000e+00 7.000000e-01 0
5.250000e+00 7.500000e-01 0
5.200000e+00 7.500000e-01 0
5.200000e+00 7.500000e-01 0
5.250000e+00 7.500000e-01 0
5.250000e+00 8.000000e-01 0
5.200000e+00 8.000000e-01 0
5.200000e+00 8.000000e-01 0
5.250000e+00 8.000000e-01 0
5.250000e+00 8.500000e-01 0
5.200000e+00 8.500000e-01 0
5.200000e+00 8.500000e-01 0
5.250000e+00 8.500000e-01 0
5.250000e+00 9.000000e-01 0
5.200000e+00 9.000000e-01 0
5.200000e+00 9.000000e-01 0
5.250000e+00 9.000000e-01 0
5.250000e+00 9.500000e-01 0
5.200000e+00 9.500000e-01 0
5.200000e+00 9.500000e-01 0
5.250000e+00 9.500000e-01 0
5.250000e+00 1.000000e+00 0
5.200000e+00 1.000000e+00 0
5.250000e+00 -1.000000e+00 0
5.300000e+00 -1.000000e+00 0
5.300000e+00 -9.500000e-01 0
5.250000e+00 -9.500000e-01 0
5.250000e+00 -9.500000e-01 0
5.300000e+00 -9.500000e-01 0
5.300000e+00 -9.000000e-01 0
5.250000e+00 -9.000000e-01 0
5.250000e+00 -9.000000e-01 0
5.300000e+00 -9.000000e-01 0
5.300000e+00 -8.500000e-01 0
5.250000e+00 -8.500000e-01 0
5.250000e+00 -8.500000e-01 0
5.300000e+00 -8.500000e-01 0
5.300000e+00 -8.000000e-01 0
5.250000e+00 -8.000000e-01 0
5.250000e+00 -8.000000e-01 0
5.300000e+00 -8.000000e-01 0
5.300000e+00 -7.500000e-01 0
5.250000e+00 -7.500000e-01 0
5.250000e+00 -7.500000e-01 0
5.300000e+00 -7.500000e-01 0
5.300000e+00 -7.000000e-01 0
5.250000e+00 -7.000000e-01 0
5.250000e+00 -7.000000e-01 0
5.300000e+00 -7.000000e-01 0
5.300000e+00 -6.500000e-01 0
5.250000e+00 -6.500000e-01 0
5.250000e+00 -6.500000e-01 0
5.300000e+00 -6.500000e-01 0
5.300000e+00 -6.000000e-01 0
5.250000e+00 -6.000000e-01 0
5.250000e+00 -6.000000e-01 0
5.300000e+00 -6.000000e-01 0
5.300000e+00 -5.500000e-01 0
5.250000e+00 -5.500000e-01 0
5.250000e+00 -5.500000e-01 0
5.300000e+00 -5.500000e-01 0
5.300000e+00 -5.000000e-01 0
5.250000e+00 -5.000000e-01 0
5.250000e+00 -5.000000e-01 0
5.300000e+00 -5.000000e-01 0
5.300000e+00 -4.500000e-01 0
5.250000e+00 -4.500000e-01 0
5.250000e+00 -4.500000e-01 0
5.300000e+00 -4.500000e-01 0
5.300000e+00 -4.000000e-01 0
5.250000e+00 -4.000000e-01 0
5.250000e+00 -4.000000e-01 0
5.300000e+00 -4.000000e-01 0
5.300000e+00 -3.500000e-01 0
5.250000e+00 -3.500000e-01 0
5.250000e+00 -3.500000e-01 0
5.300000e+00 -3.500000e-01 0
5.300000e+00 -3.000000e-01 0
5.250000e+00 -3.000000e-01 0
5.250000e+00 -3.000000e-01 0
5.300000e+00 -3.000000e-01 0
5.300000e+00 -2.500000e-01 0
5.250000e+00 -2.500000e-01 0
5.250000e+00 -2.500000e-01 0
5.300000e+00 -2.500000e-01 0
5.300000e+00 -2.000000e-01 0
5.250000e+00 -2.000000e-01 0
5.250000e+00 -2.000000e-01 0
5.300000e+00 -2.000000e-01 0
5.300000e+00 -1.500000e-01 0
5.250000e+00 -1.500000e-01 0
5.250000e+00 -1.500000e-01 0
5.300000e+00 -1.500000e-01 0
5.300000e+00 -1.000000e-01 0
5.250000e+00 -1.000000e-01 0
5.250000e+00 -1.000000e-01 0
5.300000e+00 -1.000000e-01 0
5.300000e+00 -5.000000e-02 0
5.250000e+00 -5.000000e-02 0
5.250000e+00 -5.000000e-02 0
5.300000e+00 -5.000000e-02 0
5.300000e+00 5.551115e-17 0
5.250000e+00 5.551115e-17 0
5.250000e+00 5.551115e-17 0
5.300000e+00 5.551115e-17 0
5.300000e+00 5.000000e-02 0
5.250000e+00 5.000000e-02 0
5.250000e+00 5.000000e-02 0
5.300000e+00 5.000000e-02 0
5.300000e+00 1.000000e-01 0
5.250000e+00 1.000000e-01 0
5.250000e+00 1.000000e-01 0
5.300000e+00 1.000000e-01 0
5.300000e+00 1.500000e-01 0
5.250000e+00 1.500000e-01 0
5.250000e+00 1.500000e-01 0
5.300000e+00 1.500000e-01 0
5.300000e+00 2.000000e-01 0
5.250000e+00 2.000000e-01 0
5.250000e+00 2.000000e-01 0
5.300000e+00 2.000000e-01 0
5.300000e+00 2.500000e-01 0
5.250000e+00 2.500000e-01 0
5.250000e+00 2.500000e-01 0
5.300000e+00 2.500000e-01 0
5.300000e+00 3.000000e-01 0
5.250000e+00 3.000000e-01 0
5.250000e+00 3.000000e-01 0
5.300000e+00 3.000000e-01 0
5.300000e+00 3.500000e-01 0
5.250000e+00 3.500000e-01 0
5.250000e+00 3.500000e-01 0
5.300000e+00 3.500000e-01 0
5.300000e+00 4.000000e-01 0
5.250000e+00 4.000000e-01 0
5.250000e+00 4.000000e-01 0
5.300000e+00 4.000000e-01 0
5.300000e+00 4.500000e-01 0
5.250000e+00 4.500000e-01 0
5.250000e+00 4.500000e-01 0
5.300000e+00 4.500000e-01 0
5.300000e+00 5.000000e-01 0
5.250000e+00 5.000000e-01 0
5.250000e+00 5.000000e-01 0
5.300000e+00 5.000000e-01 0
5.300000e+00 5.500000e-01 0
5.250000e+00 5.500000e-01 0
5.250000e+00 5.500000e-01 0
5.300000e+00 5.500000e-01 0
5.300000e+00 6.000000e-01 0
5.250000e+00 6.000000e-01 0
5.250000e+00 6.000000e-01 0
5.300000e+00 6.000000e-01 0
5.300000e+00 6.500000e-01 0
5.250000e+00 6.500000e-01 0
5.250000e+00 6.500000e-01 0
5.300000e+00 6.500000e-01 0
5.300000e+00 7.000000e-01 0
5.250000e+00 7.000000e-01 0
5.250000e+00 7.000000e-01 0
5.300000e+00 7.000000e-01 0
5.300000e+00 7.500000e-01 0
5.250000e+00 7.500000e-01 0
5.250000e+00 7.500000e-01 0
5.300000e+00 7.500000e-01 0
5.300000e+00 8.000000e-01 0
5.250000e+00 8.000000e-01 0
5.250000e+00 8.000000e-01 0
5.300000e+00 8.000000e-01 0
5.300000e+00 8.500000e-01 0
5.250000e+00 8.500000e-01 0
5.250000e+00 8.500000e-01 0
5.300000e+00 8.500000e-01 0
5.300000e+00 9.000000e-01 0
5.250000e+00 9.000000e-01 0
5.250000e+00 9.000000e-01 0
5.300000e+00 9.000000e-01 0
5.300000e+00 9.500000e-01 0
5.250000e+00 9.500000e-01 0
5.250000e+00 9.500000e-01 0
5.300000e+00 9.500000e-01 0
5.300000e+00 1.000000e+00 0
5.250000e+00 1.000000e+00 0
5.300000e+00 -1.000000e+00 0
5.350000e+00 -1.000000e+00 0
5.350000e+00 -9.500000e-01 0
5.300000e+00 -9.500000e-01 0
5.300000e+00 -9.500000e-01 0
5.350000e+00 -9.500000e-01 0
5.350000e+00 -9.000000e-01 0
5.300000e+00 -9.000000e-01 0
5.300000e+00 -9.000000e-01 0
5.350000e+00 -9.000000e-01 0
5.350000e+00 -8.500000e-01 0
5.300000e+00 -8.500000e-01 0
5.300000e+00 -8.500000e-01 0
5.350000e+00 -8.500000e-01 0
5.350000e+00 -8.000000e-01 0
5.300000e+00 -8.000000e-01 0
5.300000e+00 -8.000000e-01 0
5.350000e+00 -8.000000e-01 0
5.350000e+00 -7.500000e-01 0
5.300000e+00 -7.500000e-01 0
5.300000e+00 -7.500000e-01 0
5.350000e+00 -7.500000e-01 0
5.350000e+00 -7.000000e-01 0
5.300000e+00 -7.000000e-01 0
5.300000e+00 -7.000000e-01 0
5.350000e+00 -7.000000e-01 0
5.350000e+00 -6.500000e-01 0
5.300000e+00 -6.500000e-01 0
5.300000e+00 -6.500000e-01 0
5.350000e+00 -6.500000e-01 0
5.350000e+00 -6.000000e-01 0
5.300000e+00 -6.000000e-01 0
5.300000e+00 -6.000000e-01 0
5.350000e+00 -6.000000e-01 0
5.350000e+00 -5.500000e-01 0
5.300000e+00 -5.500000e-01 0
5.300000e+00 -5.500000e-01 0
5.350000e+00 -5.500000e-01 0
5.350000e+00 -5.000000e-01 0
5.300000e+00 -5.000000e-01 0
5.300000e+00 -5.000000e-01 0
5.350000e+00 -5.000000e-01 0
5.350000e+00 -4.500000e-01 0
5.300000e+00 -4.500000e-01 0
5.300000e+00 -4.500000e-01 0
5.350000e+00 -4.500000e-01 0
5.350000e+00 -4.000000e-01 0
5.300000e+00 -4.000000e-01 0
5.300000e+00 -4.000000e-01 0
5.350000e+00 -4.000000e-01 0
5.350000e+00 -3.500000e-01 0
5.300000e+00 -3.500000e-01 0
5.300000e+00 -3.500000e-01 0
5.350000e+00 -3.500000e-01 0
5.350000e+00 -3.000000e-01 0
5.300000e+00 -3.000000e-01 0
5.300000e+00 -3.000000e-01 0
5.350000e+00 -3.000000e-01 0
5.350000e+00 -2.500000e-01 0
5.300000e+00 -2.500000e-01 0
5.300000e+00 -2.500000e-01 0
5.350000e+00 -2.500000e-01 0
5.350000e+00 -2.000000e-01 0
5.300000e+00 -2.000000e-01 0
5.300000e+00 -2.000000e-01 0
5.350000e+00 -2.000000e-01 0
5.350000e+00 -1.500000e-01 0
5.300000e+00 -1.500000e-01 0
5.300000e+00 -1.500000e-01 0
5.350000e+00 -1.500000e-01 0
5.350000e+00 -1.000000e-01 0
5.300000e+00 -1.000000e-01 0
5.300000e+00 -1.000000e-01 0
5.350000e+00 -1.000000e-01 0
5.350000e+00 -5.000000e-02 0
5.300000e+00 -5.000000e-02 0
5.300000e+00 -5.000000e-02 0
5.350000e+00 -5.000000e-02 0
5.350000e+00 5.551115e-17 0
5.300000e+00 5.551115e-17 0
5.300000e+00 5.551115e-17 0
5.350000e+00 5.551115e-17 0
5.350000e+00 5.000000e-02 0
5.300000e+00 5.000000e-02 0
5.300000e+00 5.000000e-02 0
5.350000e+00 5.000000e-02 0
5.350000e+00 1.000000e-01 0
5.300000e+00 1.000000e-01 0
5.300000e+00 1.000000e-01 0
5.350000e+00 1.000000e-01 0
5.350000e+00 1.500000e-01 0
5.300000e+00 1.500000e-01 0
5.300000e+00 1.500000e-01 0
5.350000e+00 1.500000e-01 0
5.350000e+00 2.000000e-01 0
5.300000e+00 2.000000e-01 0
5.300000e+00 2.000000e-01 0
5.350000e+00 2.000000e-01 0
5.350000e+00 2.500000e-01 0
5.300000e+00 2.500000e-01 0
5.300000e+00 2.500000e-01 0
5.350000e+00 2.500000e-01 0
5.350000e+00 3.000000e-01 0
5.300000e+00 3.000000e-01 0
5.300000e+00 3.000000e-01 0
5.350000e+00 3.000000e-01 0
5.350000e+00 3.500000e-01 0
5.300000e+00 3.500000e-01 0
5.300000e+00 3.500000e-01 0
5.350000e+00 3.500000e-01 0
5.350000e+00 4.000000e-01 0
5.300000e+00 4.000000e-01 0
5.300000e+00 4.000000e-01 0
5.350000e+00 4.000000e-01 0
5.350000e+00 4.500000e-01 0
5.300000e+00 4.500000e-01 0
5.300000e+00 4.500000e-01 0
5.350000e+00 4.500000e-01 0
5.350000e+00 5.000000e-01 0
5.300000e+00 5.000000e-01 0
5.300000e+00 5.000000e-01 0
5.350000e+00 5.000000e-01 0
5.350000e+00 5.500000e-01 0
5.300000e+00 5.500000e-01 0
5.300000e+00 5.500000e-01 0
5.350000e+00 5.500000e-01 0
5.350000e+00 6.000000e-01 0
5.300000e+00 6.000000e-01 0
5.300000e+00 6.000000e-01 0
5.350000e+00 6.000000e-01 0
5.350000e+00 6.500000e-01 0
5.300000e+00 6.500000e-01 0
5.300000e+00 6.500000e-01 0
5.350000e+00 6.500000e-01 0
5.350000e+00 7.000000e-01 0
5.300000e+00 7.000000e-01 0
5.300000e+00 7.000000e-01 0
5.350000e+00 7.000000e-01 0
5.350000e+00 7.500000e-01 0
5.300000e+00 7.500000e-01 0
5.300000e+00 7.500000e-01 0
5.350000e+00 7.500000e-01 0
5.350000e+00 8.000000e-01 0
5.300000e+00 8.000000e-01 0
5.300000e+00 8.000000e-01 0
5.350000e+00 8.000000e-01 0
5.350000e+00 8.500000e-01 0
5.300000e+00 8.500000e-01 0
5.300000e+00 8.500000e-01 0
5.350000e+00 8.500000e-01 0
5.350000e+00 9.000000e-01 0
5.300000e+00 9.000000e-01 0
5.300000e+00 9.000000e-01 0
5.350000e+00 9.000000e-01 0
5.350000e+00 9.500000e-01 0
5.300000e+00 9.500000e-01 0
5.300000e+00 9.500000e-01 0
5.350000e+00 9.500000e-01 0
5.350000e+00 1.000000e+00 0
5.300000e+00 1.000000e+00 0
5.350000e+00 -1.000000e+00 0
5.400000e+00 -1.000000e+00 0
5.400000e+00 -9.500000e-01 0
5.350000e+00 -9.500000e-01 0
5.350000e+00 -9.500000e-01 0
5.400000e+00 -9.500000e-01 0
5.400000e+00 -9.000000e-01 0
5.350000e+00 -9.000000e-01 0
5.350000e+00 -9.000000e-01 0
5.400000e+00 -9.000000e-01 0
5.400000e+00 -8.500000e-01 0
5.350000e+00 -8.500000e-01 0
5.350000e+00 -8.500000e-01 0
5.400000e+00 -8.500000e-01 0
5.400000e+00 -8.000000e-01 0
5.350000e+00 -8.000000e-01 0
5.350000e+00 -8.000000e-01 0
5.400000e+00 -8.000000e-01 0
5.400000e+00 -7.500000e-01 0
5.350000e+00 -7.500000e-01 0
5.350000e+00 -7.500000e-01 0
5.400000e+00 -7.500000e-01 0
5.400000e+00 -7.000000e-01 0
5.350000e+00 -7.000000e-01 0
5.350000e+00 -7.000000e-01 0
5.400000e+00 -7.000000e-01 0
5.400000e+00 -6.500000e-01 0
5.350000e+00 -6.500000e-01 0
5.350000e+00 -6.500000e-01 0
5.400000e+00 -6.500000e-01 0
5.400000e+00 -6.000000e-01 0
5.350000e+00 -6.000000e-01 0
5.350000e+00 -6.000000e-01 0
5.400000e+00 -6.000000e-01 0
5.400000e+00 -5.500000e-01 0
5.350000e+00 -5.500000e-01 0
5.350000e+00 -5.500000e-01 0
5.400000e+00 -5.500000e-01 0
5.400000e+00 -5.000000e-01 0
5.350000e+00 -5.000000e-01 0
5.350000e+00 -5.000000e-01 0
5.400000e+00 -5.000000e-01 0
5.400000e+00 -4.500000e-01 0
5.350000e+00 -4.500000e-01 0
5.350000e+00 -4.500000e-01 0
5.400000e+00 -4.500000e-01 0
5.400000e+00 -4.000000e-01 0
5.350000e+00 -4.000000e-01 0
5.350000e+00 -4.000000e-01 0
5.400000e+00 -4.000000e-01 0
5.400000e+00 -3.500000e-01 0
5.350000e+00 -3.500000e-01 0
5.350000e+00 -3.500000e-01 0
5.400000e+00 -3.500000e-01 0
5.400000e+00 -3.000000e-01 0
5.350000e+00 -3.000000e-01 0
5.350000e+00 -3.000000e-01 0
5.400000e+00 -3.000000e-01 0
5.400000e+00 -2.500000e-01 0
5.350000e+00 -2.500000e-01 0
5.350000e+00 -2.500000e-01 0
5.400000e+00 -2.500000e-01 0
5.400000e+00 -2.000000e-01 0
5.350000e+00 -2.000000e-01 0
5.350000e+00 -2.000000e-01 0
5.400000e+00 -2.000000e-01 0
5.400000e+00 -1.500000e-01 0
5.350000e+00 -1.500000e-01 0
5.350000e+00 -1.500000e-01 0
5.400000e+00 -1.500000e-01 0
5.400000e+00 -1.000000e-01 0
5.350000e+00 -1.000000e-01 0
5.350000e+00 -1.000000e-01 0
5.400000e+00 -1.000000e-01 0
5.400000e+00 -5.000000e-02 0
5.350000e+00 -5.000000e-02 0
5.350000e+00 -5.000000e-02 0
5.400000e+00 -5.000000e-02 0
5.400000e+00 5.551115e-17 0
5.350000e+00 5.551115e-17 0
5.350000e+00 5.551115e-17 0
5.400000e+00 5.551115e-17 0
5.400000e+00 5.000000e-02 0
5.350000e+00 5.000000e-02 0
5.350000e+00 5.000000e-02 0
5.400000e+00 5.000000e-02 0
5.400000e+00 1.000000e-01 0
5.350000e+00 1.000000e-01 0
5.350000e+00 1.000000e-01 0
5.400000e+00 1.000000e-01 0
5.400000e+00 1.500000e-01 0
5.350000e+00 1.500000e-01 0
5.350000e+00 1.500000e-01 0
5.400000e+00 1.500000e-01 0
5.400000e+00 2.000000e-01 0
5.350000e+00 2.000000e-01 0
5.350000e+00 2.000000e-01 0
5.400000e+00 2.000000e-01 0
5.400000e+00 2.500000e-01 0
5.350000e+00 2.500000e-01 0
5.350000e+00 2.500000e-01 0
5.400000e+00 2.500000e-01 0
5.400000e+00 3.000000e-01 0
5.350000e+00 3.000000e-01 0
5.350000e+00 3.000000e-01 0
5.400000e+00 3.000000e-01 0
5.400000e+00 3.500000e-01 0
5.350000e+00 3.500000e-01 0
5.350000e+00 3.500000e-01 0
5.400000e+00 3.500000e-01 0
5.400000e+00 4.000000e-01 0
5.350000e+00 4.000000e-01 0
5.350000e+00 4.000000e-01 0
5.400000e+00 4.000000e-01 0
5.400000e+00 4.500000e-01 0
5.350000e+00 4.500000e-01 0
5.350000e+00 4.500000e-01 0
5.400000e+00 4.500000e-01 0
5.400000e+00 5.000000e-01 0
5.350000e+00 5.000000e-01 0
5.350000e+00 5.000000e-01 0
5.400000e+00 5.000000e-01 0
5.400000e+00 5.500000e-01 0
5.350000e+00 5.500000e-01 0
5.350000e+00 5.500000e-01 0
5.400000e+00 5.500000e-01 0
5.400000e+00 6.000000e-01 0
5.350000e+00 6.000000e-01 0
5.350000e+00 6.000000e-01 0
5.400000e+00 6.000000e-01 0
5.400000e+00 6.500000e-01 0
5.350000e+00 6.500000e-01 0
5.350000e+00 6.500000e-01 0
5.400000e+00 6.500000e-01 0
5.400000e+00 7.000000e-01 0
5.350000e+00 7.000000e-01 0
5.350000e+00 7.000000e-01 0
5.400000e+00 7.000000e-01 0
5.400000e+00 7.500000e-01 0
5.350000e+00 7.500000e-01 0
5.350000e+00 7.500000e-01 0
5.400000e+00 7.500000e-01 0
5.400000e+00 8.000000e-01 0
5.350000e+00 8.000000e-01 0
5.350000e+00 8.000000e-01 0
5.400000e+00 8.000000e-01 0
5.400000e+00 8.500000e-01 0
5.350000e+00 8.500000e-01 0
5.350000e+00 8.500000e-01 0
5.400000e+00 8.500000e-01 0
5.400000e+00 9.000000e-01 0
5.350000e+00 9.000000e-01 0
5.350000e+00 9.000000e-01 0
5.400000e+00 9.000000e-01 0
5.400000e+00 9.500000e-01 0
5.350000e+00 9.500000e-01 0
5.350000e+00 9.500000e-01 0
5.400000e+00 9.500000e-01 0
5.400000e+00 1.000000e+00 0
5.350000e+00 1.000000e+00 0
5.400000e+00 -1.000000e+00 0
5.450000e+00 -1.000000e+00 0
5.450000e+00 -9.500000e-01 0
5.400000e+00 -9.500000e-01 0
5.400000e+00 -9.500000e-01 0
5.450000e+00 -9.500000e-01 0
5.450000e+00 -9.000000e-01 0
5.400000e+00 -9.000000e-01 0
5.400000e+00 -9.000000e-01 0
5.450000e+00 -9.000000e-01 0
5.450000e+00 -8.500000e-01 0
5.400000e+00 -8.500000e-01 0
5.400000e+00 -8.500000e-01 0
5.450000e+00 -8.500000e-01 0
5.450000e+00 -8.000000e-01 0
5.400000e+00 -8.000000e-01 0
5.400000e+00 -8.000000e-01 0
5.450000e+00 -8.000000e-01 0
5.450000e+00 -7.500000e-01 0
5.400000e+00 -7.500000e-01 0
5.400000e+00 -7.500000e-01 0
5.450000e+00 -7.500000e-01 0
5.450000e+00 -7.000000e-01 0
5.400000e+00 -7.000000e-01 0
5.400000e+00 -7.000000e-01 0
5.450000e+00 -7.000000e-01 0
5.450000e+00 -6.500000e-01 0
5.400000e+00 -6.500000e-01 0
5.400000e+00 -6.500000e-01 0
5.450000e+00 -6.500000e-01 0
5.450000e+00 -6.000000e-01 0
5.400000e+00 -6.000000e-01 0
5.400000e+00 -6.000000e-01 0
5.450000e+00 -6.000000e-01 0
5.450000e+00 -5.500000e-01 0
5.400000e+00 -5.500000e-01 0
5.400000e+00 -5.500000e-01 0
5.450000e+00 -5.500000e-01 0
5.450000e+00 -5.000000e-01 0
5.400000e+00 -5.000000e-01 0
5.400000e+00 -5.000000e-01 0
5.450000e+00 -5.000000e-01 0
5.450000e+00 -4.500000e-01 0
5.400000e+00 -4.500000e-01 0
5.400000e+00 -4.500000e-01 0
5.450000e+00 -4.500000e-01 0
5.450000e+00 -4.000000e-01 0
5.400000e+00 -4.000000e-01 0
5.400000e+00 -4.000000e-01 0
5.450000e+00 -4.000000e-01 0
5.450000e+00 -3.500000e-01 0
5.400000e+00 -3.500000e-01 0
5.400000e+00 -3.500000e-01 0
5.450000e+00 -3.500000e-01 0
5.450000e+00 -3.000000e-01 0
5.400000e+00 -3.000000e-01 0
5.400000e+00 -3.000000e-01 0
5.450000e+00 -3.000000e-01 0
5.450000e+00 -2.500000e-01 0
5.400000e+00 -2.500000e-01 0
5.400000e+00 -2.500000e-01 0
5.450000e+00 -2.500000e-01 0
5.450000e+00 -2.000000e-01 0
5.400000e+00 -2.000000e-01 0
5.400000e+00 -2.000000e-01 0
5.450000e+00 -2.000000e-01 0
5.450000e+00 -1.500000e-01 0
5.400000e+00 -1.500000e-01 0
5.400000e+00 -1.500000e-01 0
5.450000e+00 -1.500000e-01 0
5.450000e+00 -1.000000e-01 0
5.400000e+00 -1.000000e-01 0
5.400000e+00 -1.000000e-01 0
5.450000e+00 -1.000000e-01 0
5.450000e+00 -5.000000e-02 0
5.400000e+00 -5.000000e-02 0
5.400000e+00 -5.000000e-02 0
5.450000e+00 -5.000000e-02 0
5.450000e+00 5.551115e-17 0
5.400000e+00 5.551115e-17 0
5.400000e+00 5.551115e-17 0
5.450000e+00 5.551115e-17 0
5.450000e+00 5.000000e-02 0
5.400000e+00 5.000000e-02 0
5.400000e+00 5.000000e-02 0
5.450000e+00 5.000000e-02 0
5.450000e+00 1.000000e-01 0
5.400000e+00 1.000000e-01 0
5.400000e+00 1.000000e-01 0
5.450000e+00 1.000000e-01 0
5.450000e+00 1.500000e-01 0
5.400000e+00 1.500000e-01 0
5.400000e+00 1.500000e-01 0
5.450000e+00 1.500000e-01 0
5.450000e+00 2.000000e-01 0
5.400000e+00 2.000000e-01 0
5.400000e+00 2.000000e-01 0
5.450000e+00 2.000000e-01 0
5.450000e+00 2.500000e-01 0
5.400000e+00 2.500000e-01 0
5.400000e+00 2.500000e-01 0
5.450000e+00 2.500000e-01 0
5.450000e+00 3.000000e-01 0
5.400000e+00 3.000000e-01 0
5.400000e+00 3.000000e-01 0
5.450000e+00 3.000000e-01 0
5.450000e+00 3.500000e-01 0
5.400000e+00 3.500000e-01 0
5.400000e+00 3.500000e-01 0
5.450000e+00 3.500000e-01 0
5.450000e+00 4.000000e-01 0
5.400000e+00 4.000000e-01 0
5.400000e+00 4.000000e-01 0
5.450000e+00 4.000000e-01 0
5.450000e+00 4.500000e-01 0
5.400000e+00 4.500000e-01 0
5.400000e+00 4.500000e-01 0
5.450000e+00 4.500000e-01 0
5.450000e+00 5.000000e-01 0
5.400000e+00 5.000000e-01 0
5.400000e+00 5.000000e-01 0
5.450000e+00 5.000000e-01 0
5.450000e+00 5.500000e-01 0
5.400000e+00 5.500000e-01 0
5.400000e+00 5.500000e-01 0
5.450000e+00 5.500000e-01 0
5.450000e+00 6.000000e-01 0
5.400000e+00 6.000000e-01 0
5.400000e+00 6.000000e-01 0
5.450000e+00 6.000000e-01 0
5.450000e+00 6.500000e-01 0
5.400000e+00 6.500000e-01 0
5.400000e+00 6.500000e-01 0
5.450000e+00 6.500000e-01 0
5.450000e+00 7.000000e-01 0
5.400000e+00 7.000000e-01 0
5.400000e+00 7.000000e-01 0
5.450000e+00 7.000000e-01 0
5.450000e+00 7.500000e-01 0
5.400000e+00 7.500000e-01 0
5.400000e+00 7.500000e-01 0
5.450000e+00 7.500000e-01 0
5.450000e+00 8.000000e-01 0
5.400000e+00 8.000000e-01 0
5.400000e+00 8.000000e-01 0
5.450000e+00 8.000000e-01 0
5.450000e+00 8.500000e-01 0
5.400000e+00 8.500000e-01 0
5.400000e+00 8.500000e-01 0
5.450000e+00 8.500000e-01 0
5.450000e+00 9.000000e-01 0
5.400000e+00 9.000000e-01 0
5.400000e+00 9.000000e-01 0
5.450000e+00 9.000000e-01 0
5.450000e+00 9.500000e-01 0
5.400000e+00 9.500000e-01 0
5.400000e+00 9.500000e-01 0
5.450000e+00 9.500000e-01 0
5.450000e+00 1.000000e+00 0
5.400000e+00 1.000000e+00 0
5.450000e+00 -1.000000e+00 0
5.500000e+00 -1.000000e+00 0
5.500000e+00 -9.500000e-01 0
5.450000e+00 -9.500000e-01 0
5.450000e+00 -9.500000e-01 0
5.500000e+00 -9.500000e-01 0
5.500000e+00 -9.000000e-01 0
5.450000e+00 -9.000000e-01 0
5.450000e+00 -9.000000e-01 0
5.500000e+00 -9.000000e-01 0
5.500000e+00 -8.500000e-01 0
5.450000e+00 -8.500000e-01 0
5.450000e+00 -8.500000e-01 0
5.500000e+00 -8.500000e-01 0
5.500000e+00 -8.000000e-01 0
5.450000e+00 -8.000000e-01 0
5.450000e+00 -8.000000e-01 0
5.500000e+00 -8.000000e-01 0
5.500000e+00 -7.500000e-01 0
5.450000e+00 -7.500000e-01 0
5.450000e+00 -7.500000e-01 0
5.500000e+00 -7.500000e-01 0
5.500000e+00 -7.000000e-01 0
5.450000e+00 -7.000000e-01 0
5.450000e+00 -7.000000e-01 0
5.500000e+00 -7.000000e-01 0
5.500000e+00 -6.500000e-01 0
5.450000e+00 -6.500000e-01 0
5.450000e+00 -6.500000e-01 0
5.500000e+00 -6.500000e-01 0
5.500000e+00 -6.000000e-01 0
5.450000e+00 -6.000000e-01 0
5.450000e+00 -6.000000e-01 0
5.500000e+00 -6.000000e-01 0
5.500000e+00 -5.500000e-01 0
5.450000e+00 -5.500000e-01 0
5.450000e+00 -5.500000e-01 0
5.500000e+00 -5.500000e-01 0
5.500000e+00 -5.000000e-01 0
5.450000e+00 -5.000000e-01 0
5.450000e+00 -5.000000e-01 0
5.500000e+00 -5.000000e-01 0
5.500000e+00 -4.500000e-01 0
5.450000e+00 -4.500000e-01 0
5.450000e+00 -4.500000e-01 0
5.500000e+00 -4.500000e-01 0
5.500000e+00 -4.000000e-01 0
5.450000e+00 -4.000000e-01 0
5.450000e+00 -4.000000e-01 0
5.500000e+00 -4.000000e-01 0
5.500000e+00 -3.500000e-01 0
5.450000e+00 -3.500000e-01 0
5.450000e+00 -3.500000e-01 0
5.500000e+00 -3.500000e-01 0
5.500000e+00 -3.000000e-01 0
5.450000e+00 -3.000000e-01 0
5.450000e+00 -3.000000e-01 0
5.500000e+00 -3.000000e-01 0
5.500000e+00 -2.500000e-01 0
5.450000e+00 -2.500000e-01 0
5.450000e+00 -2.500000e-01 0
5.500000e+00 -2.500000e-01 0
5.500000e+00 -2.000000e-01 0
5.450000e+00 -2.000000e-01 0
5.450000e+00 -2.000000e-01 0
5.500000e+00 -2.000000e-01 0
5.500000e+00 -1.500000e-01 0
5.450000e+00 -1.500000e-01 0
5.450000e+00 -1.500000e-01 0
5.500000e+00 -1.500000e-01 0
5.500000e+00 -1.000000e-01 0
5.450000e+00 -1.000000e-01 0
5.450000e+00 -1.000000e-01 0
5.500000e+00 -1.000000e-01 0
5.500000e+00 -5.000000e-02 0
5.450000e+00 -5.000000e-02 0
5.450000e+00 -5.000000e-02 0
5.500000e+00 -5.000000e-02 0
5.500000e+00 5.551115e-17 0
5.450000e+00 5.551115e-17 0
5.450000e+00 5.551115e-17 0
5.500000e+00 5.551115e-17 0
5.500000e+00 5.000000e-02 0
5.450000e+00 5.000000e-02 0
5.450000e+00 5.000000e-02 0
5.500000e+00 5.000000e-02 0
5.500000e+00 1.000000e-01 0
5.450000e+00 1.000000e-01 0
5.450000e+00 1.000000e-01 0
5.500000e+00 1.000000e-01 0
5.500000e+00 1.500000e-01 0
5.450000e+00 1.500000e-01 0
5.450000e+00 1.500000e-01 0
5.500000e+00 1.500000e-01 0
5.500000e+00 2.000000e-01 0
5.450000e+00 2.000000e-01 0
5.450000e+00 2.000000e-01 0
5.500000e+00 2.000000e-01 0
5.500000e+00 2.500000e-01 0
5.450000e+00 2.500000e-01 0
5.450000e+00 2.500000e-01 0
5.500000e+00 2.500000e-01 0
5.500000e+00 3.000000e-01 0
5.450000e+00 3.000000e-01 0
5.450000e+00 3.000000e-01 0
5.500000e+00 3.000000e-01 0
5.500000e+00 3.500000e-01 0
5.450000e+00 3.500000e-01 0
5.450000e+00 3.500000e-01 0
5.500000e+00 3.500000e-01 0
5.500000e+00 4.000000e-01 0
5.450000e+00 4.000000e-01 0
5.450000e+00 4.000000e-01 0
5.500000e+00 4.000000e-01 0
5.500000e+00 4.500000e-01 0
5.450000e+00 4.500000e-01 0
5.450000e+00 4.500000e-01 0
5.500000e+00 4.500000e-01 0
5.500000e+00 5.000000e-01 0
5.450000e+00 5.000000e-01 0
5.450000e+00 5.000000e-01 0
5.500000e+00 5.000000e-01 0
5.500000e+00 5.500000e-01 0
5.450000e+00 5.500000e-01 0
5.450000e+00 5.500000e-01 0
5.500000e+00 5.500000e-01 0
5.500000e+00 6.000000e-01 0
5.450000e+00 6.000000e-01 0
5.450000e+00 6.000000e-01 0
5.500000e+00 6.000000e-01 0
5.500000e+00 6.500000e-01 0
5.450000e+00 6.500000e-01 0
5.450000e+00 6.500000e-01 0
5.500000e+00 6.500000e-01 0
5.500000e+00 7.000000e-01 0
5.450000e+00 7.000000e-01 0
5.450000e+00 7.000000e-01 0
5.500000e+00 7.000000e-01 0
5.500000e+00 7.500000e-01 0
5.450000e+00 7.500000e-01 0
5.450000e+00 7.500000e-01 0
5.500000e+00 7.500000e-01 0
5.500000e+00 8.000000e-01 0
5.450000e+00 8.000000e-01 0
5.450000e+00 8.000000e-01 0
5.500000e+00 8.000000e-01 0
5.500000e+00 8.500000e-01 0
5.450000e+00 8.500000e-01 0
5.450000e+00 8.500000e-01 0
5.500000e+00 8.500000e-01 0
5.500000e+00 9.000000e-01 0
5.450000e+00 9.000000e-01 0
5.450000e+00 9.000000e-01 0
5.500000e+00 9.000000e-01 0
5.500000e+00 9.500000e-01 0
5.450000e+00 9.500000e-01 0
5.450000e+00 9.500000e-01 0
5.500000e+00 9.500000e-01 0
5.500000e+00 1.000000e+00 0
5.450000e+00 1.000000e+00 0
5.500000e+00 -1.000000e+00 0
5.550000e+00 -1.000000e+00 0
5.550000e+00 -9.500000e-01 0
5.500000e+00 -9.500000e-01 0
5.500000e+00 -9.500000e-01 0
5.550000e+00 -9.500000e-01 0
5.550000e+00 -9.000000e-01 0
5.500000e+00 -9.000000e-01 0
5.500000e+00 -9.000000e-01 0
5.550000e+00 -9.000000e-01 0
5.550000e+00 -8.500000e-01 0
5.500000e+00 -8.500000e-01 0
5.500000e+00 -8.500000e-01 0
5.550000e+00 -8.500000e-01 0
5.550000e+00 -8.000000e-01 0
5.500000e+00 -8.000000e-01 0
5.500000e+00 -8.000000e-01 0
5.550000e+00 -8.000000e-01 0
5.550000e+00 -7.500000e-01 0
5.500000e+00 -7.500000e-01 0
5.500000e+00 -7.500000e-01 0
5.550000e+00 -7.500000e-01 0
5.550000e+00 -7.000000e-01 0
5.500000e+00 -7.000000e-01 0
5.500000e+00 -7.000000e-01 0
5.550000e+00 -7.000000e-01 0
5.550000e+00 -6.500000e-01 0
5.500000e+00 -6.500000e-01 0
5.500000e+00 -6.500000e-01 0
5.550000e+00 -6.500000e-01 0
5.550000e+00 -6.000000e-01 0
5.500000e+00 -6.000000e-01 0
5.500000e+00 -6.000000e-01 0
5.550000e+00 -6.000000e-01 0
5.550000e+00 -5.500000e-01 0
5.500000e+00 -5.500000e-01 0
5.500000e+00 -5.500000e-01 0
5.550000e+00 -5.500000e-01 0
5.550000e+00 -5.000000e-01 0
5.500000e+00 -5.000000e-01 0
5.500000e+00 -5.000000e-01 0
5.550000e+00 -5.000000e-01 0
5.550000e+00 -4.500000e-01 0
5.500000e+00 -4.500000e-01 0
5.500000e+00 -4.500000e-01 0
5.550000e+00 -4.500000e-01 0
5.550000e+00 -4.000000e-01 0
5.500000e+00 -4.000000e-01 0
5.500000e+00 -4.000000e-01 0
5.550000e+00 -4.000000e-01 0
5.550000e+00 -3.500000e-01 0
5.500000e+00 -3.500000e-01 0
5.500000e+00 -3.500000e-01 0
5.550000e+00 -3.500000e-01 0
5.550000e+00 -3.000000e-01 0
5.500000e+00 -3.000000e-01 0
5.500000e+00 -3.000000e-01 0
5.550000e+00 -3.000000e-01 0
5.550000e+00 -2.500000e-01 0
5.500000e+00 -2.500000e-01 0
5.500000e+00 -2.500000e-01 0
5.550000e+00 -2.500000e-01 0
5.550000e+00 -2.000000e-01 0
5.500000e+00 -2.000000e-01 0
5.500000e+00 -2.000000e-01 0
5.550000e+00 -2.000000e-01 0
5.550000e+00 -1.500000e-01 0
5.500000e+00 -1.500000e-01 0
5.500000e+00 -1.500000e-01 0
5.550000e+00 -1.500000e-01 0
5.550000e+00 -1.000000e-01 0
5.500000e+00 -1.000000e-01 0
5.500000e+00 -1.000000e-01 0
5.550000e+00 -1.000000e-01 0
5.550000e+00 -5.000000e-02 0
5.500000e+00 -5.000000e-02 0
5.500000e+00 -5.000000e-02 0
5.550000e+00 -5.000000e-02 0
5.550000e+00 5.551115e-17 0
5.500000e+00 5.551115e-17 0
5.500000e+00 5.551115e-17 0
5.550000e+00 5.551115e-17 0
5.550000e+00 5.000000e-02 0
5.500000e+00 5.000000e-02 0
5.500000e+00 5.000000e-02 0
5.550000e+00 5.000000e-02 0
5.550000e+00 1.000000e-01 0
5.500000e+00 1.000000e-01 0
5.500000e+00 1.000000e-01 0
5.550000e+00 1.000000e-01 0
5.550000e+00 1.500000e-01 0
5.500000e+00 1.500000e-01 0
5.500000e+00 1.500000e-01 0
5.550000e+00 1.500000e-01 0
5.550000e+00 2.000000e-01 0
5.500000e+00 2.000000e-01 0
5.500000e+00 2.000000e-01 0
5.550000e+00 2.000000e-01 0
5.550000e+00 2.500000e-01 0
5.500000e+00 2.500000e-01 0
5.500000e+00 2.500000e-01 0
5.550000e+00 2.500000e-01 0
5.550000e+00 3.000000e-01 0
5.500000e+00 3.000000e-01 0
5.500000e+00 3.000000e-01 0
5.550000e+00 3.000000e-01 0
5.550000e+00 3.500000e-01 0
5.500000e+00 3.500000e-01 0
5.500000e+00 3.500000e-01 0
5.550000e+00 3.500000e-01 0
5.550000e+00 4.000000e-01 0
5.500000e+00 4.000000e-01 0
5.500000e+00 4.000000e-01 0
5.550000e+00 4.000000e-01 0
5.550000e+00 4.500000e-01 0
5.500000e+00 4.500000e-01 0
5.500000e+00 4.500000e-01 0
5.550000e+00 4.500000e-01 0
5.550000e+00 5.000000e-01 0
5.500000e+00 5.000000e-01 0
5.500000e+00 5.000000e-01 0
5.550000e+00 5.000000e-01 0
5.550000e+00 5.500000e-01 0
5.500000e+00 5.500000e-01 0
5.500000e+00 5.500000e-01 0
5.550000e+00 5.500000e-01 0
5.550000e+00 6.000000e-01 0
5.500000e+00 6.000000e-01 0
5.500000e+00 6.000000e-01 0
5.550000e+00 6.000000e-01 0
5.550000e+00 6.500000e-01 0
5.500000e+00 6.500000e-01 0
5.500000e+00 6.500000e-01 0
5.550000e+00 6.500000e-01 0
5.550000e+00 7.000000e-01 0
5.500000e+00 7.000000e-01 0
5.500000e+00 7.000000e-01 0
5.550000e+00 7.000000e-01 0
5.550000e+00 7.500000e-01 0
5.500000e+00 7.500000e-01 0
5.500000e+00 7.500000e-01 0
5.550000e+00 7.500000e-01 0
5.550000e+00 8.000000e-01 0
5.500000e+00 8.000000e-01 0
5.500000e+00 8.000000e-01 0
5.550000e+00 8.000000e-01 0
5.550000e+00 8.500000e-01 0
5.500000e+00 8.500000e-01 0
5.500000e+00 8.500000e-01 0
5.550000e+00 8.500000e-01 0
5.550000e+00 9.000000e-01 0
5.500000e+00 9.000000e-01 0
5.500000e+00 9.000000e-01 0
5.550000e+00 9.000000e-01 0
5.550000e+00 9.500000e-01 0
5.500000e+00 9.500000e-01 0
5.500000e+00 9.500000e-01 0
5.550000e+00 9.500000e-01 0
5.550000e+00 1.000000e+00 0
5.500000e+00 1.000000e+00 0
5.550000e+00 -1.000000e+00 0
5.600000e+00 -1.000000e+00 0
5.600000e+00 -9.500000e-01 0
5.550000e+00 -9.500000e-01 0
5.550000e+00 -9.500000e-01 0
5.600000e+00 -9.500000e-01 0
5.600000e+00 -9.000000e-01 0
5.550000e+00 -9.000000e-01 0
5.550000e+00 -9.000000e-01 0
5.600000e+00 -9.000000e-01 0
5.600000e+00 -8.500000e-01 0
5.550000e+00 -8.500000e-01 0
5.550000e+00 -8.500000e-01 0
5.600000e+00 -8.500000e-01 0
5.600000e+00 -8.000000e-01 0
5.550000e+00 -8.000000e-01 0
5.550000e+00 -8.000000e-01 0
5.600000e+00 -8.000000e-01 0
5.600000e+00 -7.500000e-01 0
5.550000e+00 -7.500000e-01 0
5.550000e+00 -7.500000e-01 0
5.600000e+00 -7.500000e-01 0
5.600000e+00 -7.000000e-01 0
5.550000e+00 -7.000000e-01 0
5.550000e+00 -7.000000e-01 0
5.600000e+00 -7.000000e-01 0
5.600000e+00 -6.500000e-01 0
5.550000e+00 -6.500000e-01 0
5.550000e+00 -6.500000e-01 0
5.600000e+00 -6.500000e-01 0
5.600000e+00 -6.000000e-01 0
5.550000e+00 -6.000000e-01 0
5.550000e+00 -6.000000e-01 0
5.600000e+00 -6.000000e-01 0
5.600000e+00 -5.500000e-01 0
5.550000e+00 -5.500000e-01 0
5.550000e+00 -5.500000e-01 0
5.600000e+00 -5.500000e-01 0
5.600000e+00 -5.000000e-01 0
5.550000e+00 -5.000000e-01 0
5.550000e+00 -5.000000e-01 0
5.600000e+00 -5.000000e-01 0
5.600000e+00 -4.500000e-01 0
5.550000e+00 -4.500000e-01 0
5.550000e+00 -4.500000e-01 0
5.600000e+00 -4.500000e-01 0
5.600000e+00 -4.000000e-01 0
5.550000e+00 -4.000000e-01 0
5.550000e+00 -4.000000e-01 0
5.600000e+00 -4.000000e-01 0
5.600000e+00 -3.500000e-01 0
5.550000e+00 -3.500000e-01 0
5.550000e+00 -3.500000e-01 0
5.600000e+00 -3.500000e-01 0
5.600000e+00 -3.000000e-01 0
5.550000e+00 -3.000000e-01 0
5.550000e+00 -3.000000e-01 0
5.600000e+00 -3.000000e-01 0
5.600000e+00 -2.500000e-01 0
5.550000e+00 -2.500000e-01 0
5.550000e+00 -2.500000e-01 0
5.600000e+00 -2.500000e-01 0
5.600000e+00 -2.000000e-01 0
5.550000e+00 -2.000000e-01 0
5.550000e+00 -2.000000e-01 0
5.600000e+00 -2.000000e-01 0
5.600000e+00 -1.500000e-01 0
5.550000e+00 -1.500000e-01 0
5.550000e+00 -1.500000e-01 0
5.600000e+00 -1.500000e-01 0
5.600000e+00 -1.000000e-01 0
5.550000e+00 -1.000000e-01 0
5.550000e+00 -1.000000e-01 0
5.600000e+00 -1.000000e-01 0
5.600000e+00 -5.000000e-02 0
5.550000e+00 -5.000000e-02 0
5.550000e+00 -5.000000e-02 0
5.600000e+00 -5.000000e-02 0
5.600000e+00 5.551115e-17 0
5.550000e+00 5.551115e-17 0
5.550000e+00 5.551115e-17 0
5.600000e+00 5.551115e-17 0
5.600000e+00 5.000000e-02 0
5.550000e+00 5.000000e-02 0
5.550000e+00 5.000000e-02 0
5.600000e+00 5.000000e-02 0
5.600000e+00 1.000000e-01 0
5.550000e+00 1.000000e-01 0
5.550000e+00 1.000000e-01 0
5.600000e+00 1.000000e-01 0
5.600000e+00 1.500000e-01 0
5.550000e+00 1.500000e-01 0
5.550000e+00 1.500000e-01 0
5.600000e+00 1.500000e-01 0
5.600000e+00 2.000000e-01 0
5.550000e+00 2.000000e-01 0
5.550000e+00 2.000000e-01 0
5.600000e+00 2.000000e-01 0
5.600000e+00 2.500000e-01 0
5.550000e+00 2.500000e-01 0
5.550000e+00 2.500000e-01 0
5.600000e+00 2.500000e-01 0
5.600000e+00 3.000000e-01 0
5.550000e+00 3.000000e-01 0
5.550000e+00 3.000000e-01 0
5.600000e+00 3.000000e-01 0
5.600000e+00 3.500000e-01 0
5.550000e+00 3.500000e-01 0
5.550000e+00 3.500000e-01 0
5.600000e+00 3.500000e-01 0
5.600000e+00 4.000000e-01 0
5.550000e+00 4.000000e-01 0
5.550000e+00 4.000000e-01 0
5.600000e+00 4.000000e-01 0
5.600000e+00 4.500000e-01 0
5.550000e+00 4.500000e-01 0
5.550000e+00 4.500000e-01 0
5.600000e+00 4.500000e-01 0
5.600000e+00 5.000000e-01 0
5.550000e+00 5.000000e-01 0
5.550000e+00 5.000000e-01 0
5.600000e+00 5.000000e-01 0
5.600000e+00 5.500000e-01 0
5.550000e+00 5.500000e-01 0
5.550000e+00 5.500000e-01 0
5.600000e+00 5.500000e-01 0
5.600000e+00 6.000000e-01 0
5.550000e+00 6.000000e-01 0
5.550000e+00 6.000000e-01 0
5.600000e+00 6.000000e-01 0
5.600000e+00 6.500000e-01 0
5.550000e+00 6.500000e-01 0
5.550000e+00 6.500000e-01 0
5.600000e+00 6.500000e-01 0
5.600000e+00 7.000000e-01 0
5.550000e+00 7.000000e-01 0
5.550000e+00 7.000000e-01 0
5.600000e+00 7.000000e-01 0
5.600000e+00 7.500000e-01 0
5.550000e+00 7.500000e-01 0
5.550000e+00 7.500000e-01 0
5.600000e+00 7.500000e-01 0
5.600000e+00 8.000000e-01 0
5.550000e+00 8.000000e-01 0
5.550000e+00 8.000000e-01 0
5.600000e+00 8.000000e-01 0
5.600000e+00 8.500000e-01 0
5.550000e+00 8.500000e-01 0
5.550000e+00 8.500000e-01 0
5.600000e+00 8.500000e-01 0
5.600000e+00 9.000000e-01 0
5.550000e+00 9.000000e-01 0
5.550000e+00 9.000000e-01 0
5.600000e+00 9.000000e-01 0
5.600000e+00 9.500000e-01 0
5.550000e+00 9.500000e-01 0
5.550000e+00 9.500000e-01 0
5.600000e+00 9.500000e-01 0
5.600000e+00 1.000000e+00 0
5.550000e+00 1.000000e+00 0
5.600000e+00 -1.000000e+00 0
5.650000e+00 -1.000000e+00 0
5.650000e+00 -9.500000e-01 0
5.600000e+00 -9.500000e-01 0
5.600000e+00 -9.500000e-01 0
5.650000e+00 -9.500000e-01 0
5.650000e+00 -9.000000e-01 0
5.600000e+00 -9.000000e-01 0
5.600000e+00 -9.000000e-01 0
5.650000e+00 -9.000000e-01 0
5.650000e+00 -8.500000e-01 0
5.600000e+00 -8.500000e-01 0
5.600000e+00 -8.500000e-01 0
5.650000e+00 -8.500000e-01 0
5.650000e+00 -8.000000e-01 0
5.600000e+00 -8.000000e-01 0
5.600000e+00 -8.000000e-01 0
5.650000e+00 -8.000000e-01 0
5.650000e+00 -7.500000e-01 0
5.600000e+00 -7.500000e-01 0
5.600000e+00 -7.500000e-01 0
5.650000e+00 -7.500000e-01 0
5.650000e+00 -7.000000e-01 0
5.600000e+00 -7.000000e-01 0
5.600000e+00 -7.000000e-01 0
5.650000e+00 -7.000000e-01 0
5.650000e+00 -6.500000e-01 0
5.600000e+00 -6.500000e-01 0
5.600000e+00 -6.500000e-01 0
5.650000e+00 -6.500000e-01 0
5.650000e+00 -6.000000e-01 0
5.600000e+00 -6.000000e-01 0
5.600000e+00 -6.000000e-01 0
5.650000e+00 -6.000000e-01 0
5.650000e+00 -5.500000e-01 0
5.600000e+00 -5.500000e-01 0
5.600000e+00 -5.500000e-01 0
5.650000e+00 -5.500000e-01 0
5.650000e+00 -5.000000e-01 0
5.600000e+00 -5.000000e-01 0
5.600000e+00 -5.000000e-01 0
5.650000e+00 -5.000000e-01 0
5.650000e+00 -4.500000e-01 0
5.600000e+00 -4.500000e-01 0
5.600000e+00 -4.500000e-01 0
5.650000e+00 -4.500000e-01 0
5.650000e+00 -4.000000e-01 0
5.600000e+00 -4.000000e-01 0
5.600000e+00 -4.000000e-01 0
5.650000e+00 -4.000000e-01 0
5.650000e+00 -3.500000e-01 0
5.600000e+00 -3.500000e-01 0
5.600000e+00 -3.500000e-01 0
5.650000e+00 -3.500000e-01 0
5.650000e+00 -3.000000e-01 0
5.600000e+00 -3.000000e-01 0
5.600000e+00 -3.000000e-01 0
5.650000e+00 -3.000000e-01 0
5.650000e+00 -2.500000e-01 0
5.600000e+00 -2.500000e-01 0
5.600000e+00 -2.500000e-01 0
5.650000e+00 -2.500000e-01 0
5.650000e+00 -2.000000e-01 0
5.600000e+00 -2.000000e-01 0
5.600000e+00 -2.000000e-01 0
5.650000e+00 -2.000000e-01 0
5.650000e+00 -1.500000e-01 0
5.600000e+00 -1.500000e-01 0
5.600000e+00 -1.500000e-01 0
5.650000e+00 -1.500000e-01 0
5.650000e+00 -1.000000e-01 0
5.600000e+00 -1.000000e-01 0
5.600000e+00 -1.000000e-01 0
5.650000e+00 -1.000000e-01 0
5.650000e+00 -5.000000e-02 0
5.600000e+00 -5.000000e-02 0
5.600000e+00 -5.000000e-02 0
5.650000e+00 -5.000000e-02 0
5.650000e+00 5.551115e-17 0
5.600000e+00 5.551115e-17 0
5.600000e+00 5.551115e-17 0
5.650000e+00 5.551115e-17 0
5.650000e+00 5.000000e-02 0
5.600000e+00 5.000000e-02 0
5.600000e+00 5.000000e-02 0
5.650000e+00 5.000000e-02 0
5.650000e+00 1.000000e-01 0
5.600000e+00 1.000000e-01 0
5.600000e+00 1.000000e-01 0
5.650000e+00 1.000000e-01 0
5.650000e+00 1.500000e-01 0
5.600000e+00 1.500000e-01 0
5.600000e+00 1.500000e-01 0
5.650000e+00 1.500000e-01 0
5.650000e+00 2.000000e-01 0
5.600000e+00 2.000000e-01 0
5.600000e+00 2.000000e-01 0
5.650000e+00 2.000000e-01 0
5.650000e+00 2.500000e-01 0
5.600000e+00 2.500000e-01 0
5.600000e+00 2.500000e-01 0
5.650000e+00 2.500000e-01 0
5.650000e+00 3.000000e-01 0
5.600000e+00 3.000000e-01 0
5.600000e+00 3.000000e-01 0
5.650000e+00 3.000000e-01 0
5.650000e+00 3.500000e-01 0
5.600000e+00 3.500000e-01 0
5.600000e+00 3.500000e-01 0
5.650000e+00 3.500000e-01 0
5.650000e+00 4.000000e-01 0
5.600000e+00 4.000000e-01 0
5.600000e+00 4.000000e-01 0
5.650000e+00 4.000000e-01 0
5.650000e+00 4.500000e-01 0
5.600000e+00 4.500000e-01 0
5.600000e+00 4.500000e-01 0
5.650000e+00 4.500000e-01 0
5.650000e+00 5.000000e-01 0
5.600000e+00 5.000000e-01 0
5.600000e+00 5.000000e-01 0
5.650000e+00 5.000000e-01 0
5.650000e+00 5.500000e-01 0
5.600000e+00 5.500000e-01 0
5.600000e+00 5.500000e-01 0
5.650000e+00 5.500000e-01 0
5.650000e+00 6.000000e-01 0
5.600000e+00 6.000000e-01 0
5.600000e+00 6.000000e-01 0
5.650000e+00 6.000000e-01 0
5.650000e+00 6.500000e-01 0
5.600000e+00 6.500000e-01 0
5.600000e+00 6.500000e-01 0
5.650000e+00 6.500000e-01 0
5.650000e+00 7.000000e-01 0
5.600000e+00 7.000000e-01 0
5.600000e+00 7.000000e-01 0
5.650000e+00 7.000000e-01 0
5.650000e+00 7.500000e-01 0
5.600000e+00 7.500000e-01 0
5.600000e+00 7.500000e-01 0
5.650000e+00 7.500000e-01 0
5.650000e+00 8.000000e-01 0
5.600000e+00 8.000000e-01 0
5.600000e+00 8.000000e-01 0
5.650000e+00 8.000000e-01 0
5.650000e+00 8.500000e-01 0
5.600000e+00 8.500000e-01 0
5.600000e+00 8.500000e-01 0
5.650000e+00 8.500000e-01 0
5.650000e+00 9.000000e-01 0
5.600000e+00 9.000000e-01 0
5.600000e+00 9.000000e-01 0
5.650000e+00 9.000000e-01 0
5.650000e+00 9.500000e-01 0
5.600000e+00 9.500000e-01 0
5.600000e+00 9.500000e-01 0
5.650000e+00 9.500000e-01 0
5.650000e+00 1.000000e+00 0
5.600000e+00 1.000000e+00 0
5.650000e+00 -1.000000e+00 0
5.700000e+00 -1.000000e+00 0
5.700000e+00 -9.500000e-01 0
5.650000e+00 -9.500000e-01 0
5.650000e+00 -9.500000e-01 0
5.700000e+00 -9.500000e-01 0
5.700000e+00 -9.000000e-01 0
5.650000e+00 -9.000000e-01 0
5.650000e+00 -9.000000e-01 0
5.700000e+00 -9.000000e-01 0
5.700000e+00 -8.500000e-01 0
5.650000e+00 -8.500000e-01 0
5.650000e+00 -8.500000e-01 0
5.700000e+00 -8.500000e-01 0
5.700000e+00 -8.000000e-01 0
5.650000e+00 -8.000000e-01 0
5.650000e+00 -8.000000e-01 0
5.700000e+00 -8.000000e-01 0
5.700000e+00 -7.500000e-01 0
5.650000e+00 -7.500000e-01 0
5.650000e+00 -7.500000e-01 0
5.700000e+00 -7.500000e-01 0
5.700000e+00 -7.000000e-01 0
5.650000e+00 -7.000000e-01 0
5.650000e+00 -7.000000e-01 0
5.700000e+00 -7.000000e-01 0
5.700000e+00 -6.500000e-01 0
5.650000e+00 -6.500000e-01 0
5.650000e+00 -6.500000e-01 0
5.700000e+00 -6.500000e-01 0
5.700000e+00 -6.000000e-01 0
5.650000e+00 -6.000000e-01 0
5.650000e+00 -6.000000e-01 0
5.700000e+00 -6.000000e-01 0
5.700000e+00 -5.500000e-01 0
5.650000e+00 -5.500000e-01 0
5.650000e+00 -5.500000e-01 0
5.700000e+00 -5.500000e-01 0
5.700000e+00 -5.000000e-01 0
5.650000e+00 -5.000000e-01 0
5.650000e+00 -5.000000e-01 0
5.700000e+00 -5.000000e-01 0
5.700000e+00 -4.500000e-01 0
5.650000e+00 -4.500000e-01 0
5.650000e+00 -4.500000e-01 0
5.700000e+00 -4.500000e-01 0
5.700000e+00 -4.000000e-01 0
5.650000e+00 -4.000000e-01 0
5.650000e+00 -4.000000e-01 0
5.700000e+00 -4.000000e-01 0
5.700000e+00 -3.500000e-01 0
5.650000e+00 -3.500000e-01 0
5.650000e+00 -3.500000e-01 0
5.700000e+00 -3.500000e-01 0
5.700000e+00 -3.000000e-01 0
5.650000e+00 -3.000000e-01 0
5.650000e+00 -3.000000e-01 0
5.700000e+00 -3.000000e-01 0
5.700000e+00 -2.500000e-01 0
5.650000e+00 -2.500000e-01 0
5.650000e+00 -2.500000e-01 0
5.700000e+00 -2.500000e-01 0
5.700000e+00 -2.000000e-01 0
5.650000e+00 -2.000000e-01 0
5.650000e+00 -2.000000e-01 0
5.700000e+00 -2.000000e-01 0
5.700000e+00 -1.500000e-01 0
5.650000e+00 -1.500000e-01 0
5.650000e+00 -1.500000e-01 0
5.700000e+00 -1.500000e-01 0
5.700000e+00 -1.000000e-01 0
5.650000e+00 -1.000000e-01 0
5.650000e+00 -1.000000e-01 0
5.700000e+00 -1.000000e-01 0
5.700000e+00 -5.000000e-02 0
5.650000e+00 -5.000000e-02 0
5.650000e+00 -5.000000e-02 0
5.700000e+00 -5.000000e-02 0
5.700000e+00 5.551115e-17 0
5.650000e+00 5.551115e-17 0
5.650000e+00 5.551115e-17 0
5.700000e+00 5.551115e-17 0
5.700000e+00 5.000000e-02 0
5.650000e+00 5.000000e-02 0
5.650000e+00 5.000000e-02 0
5.700000e+00 5.000000e-02 0
5.700000e+00 1.000000e-01 0
5.650000e+00 1.000000e-01 0
5.650000e+00 1.000000e-01 0
5.700000e+00 1.000000e-01 0
5.700000e+00 1.500000e-01 0
5.650000e+00 1.500000e-01 0
5.650000e+00 1.500000e-01 0
5.700000e+00 1.500000e-01 0
5.700000e+00 2.000000e-01 0
5.650000e+00 2.000000e-01 0
5.650000e+00 2.000000e-01 0
5.700000e+00 2.000000e-01 0
5.700000e+00 2.500000e-01 0
5.650000e+00 2.500000e-01 0
5.650000e+00 2.500000e-01 0
5.700000e+00 2.500000e-01 0
5.700000e+00 3.000000e-01 0
5.650000e+00 3.000000e-01 0
5.650000e+00 3.000000e-01 0
5.700000e+00 3.000000e-01 0
5.700000e+00 3.500000e-01 0
5.650000e+00 3.500000e-01 0
5.650000e+00 3.500000e-01 0
5.700000e+00 3.500000e-01 0
5.700000e+00 4.000000e-01 0
5.650000e+00 4.000000e-01 0
5.650000e+00 4.000000e-01 0
5.700000e+00 4.000000e-01 0
5.700000e+00 4.500000e-01 0
5.650000e+00 4.500000e-01 0
5.650000e+00 4.500000e-01 0
5.700000e+00 4.500000e-01 0
5.700000e+00 5.000000e-01 0
5.650000e+00 5.000000e-01 0
5.650000e+00 5.000000e-01 0
5.700000e+00 5.000000e-01 0
5.700000e+00 5.500000e-01 0
5.650000e+00 5.500000e-01 0
5.650000e+00 5.500000e-01 0
5.700000e+00 5.500000e-01 0
5.700000e+00 6.000000e-01 0
5.650000e+00 6.000000e-01 0
5.650000e+00 6.000000e-01 0
5.700000e+00 6.000000e-01 0
5.700000e+00 6.500000e-01 0
5.650000e+00 6.500000e-01 0
5.650000e+00 6.500000e-01 0
5.700000e+00 6.500000e-01 0
5.700000e+00 7.000000e-01 0
5.650000e+00 7.000000e-01 0
5.650000e+00 7.000000e-01 0
5.700000e+00 7.000000e-01 0
5.700000e+00 7.500000e-01 0
5.650000e+00 7.500000e-01 0
5.650000e+00 7.500000e-01 0
5.700000e+00 7.500000e-01 0
5.700000e+00 8.000000e-01 0
5.650000e+00 8.000000e-01 0
5.650000e+00 8.000000e-01 0
5.700000e+00 8.000000e-01 0
5.700000e+00 8.500000e-01 0
5.650000e+00 8.500000e-01 0
5.650000e+00 8.500000e-01 0
5.700000e+00 8.500000e-01 0
5.700000e+00 9.000000e-01 0
5.650000e+00 9.000000e-01 0
5.650000e+00 9.000000e-01 0
5.700000e+00 9.000000e-01 0
5.700000e+00 9.500000e-01 0
5.650000e+00 9.500000e-01 0
5.650000e+00 9.500000e-01 0
5.700000e+00 9.500000e-01 0
5.700000e+00 1.000000e+00 0
5.650000e+00 1.000000e+00 0
5.700000e+00 -1.000000e+00 0
5.750000e+00 -1.000000e+00 0
5.750000e+00 -9.500000e-01 0
5.700000e+00 -9.500000e-01 0
5.700000e+00 -9.500000e-01 0
5.750000e+00 -9.500000e-01 0
5.750000e+00 -9.000000e-01 0
5.700000e+00 -9.000000e-01 0
5.700000e+00 -9.000000e-01 0
5.750000e+00 -9.000000e-01 0
5.750000e+00 -8.500000e-01 0
5.700000e+00 -8.500000e-01 0
5.700000e+00 -8.500000e-01 0
5.750000e+00 -8.500000e-01 0
5.750000e+00 -8.000000e-01 0
5.700000e+00 -8.000000e-01 0
5.700000e+00 -8.000000e-01 0
5.750000e+00 -8.000000e-01 0
5.750000e+00 -7.500000e-01 0
5.700000e+00 -7.500000e-01 0
5.700000e+00 -7.500000e-01 0
5.750000e+00 -7.500000e-01 0
5.750000e+00 -7.000000e-01 0
5.700000e+00 -7.000000e-01 0
5.700000e+00 -7.000000e-01 0
5.750000e+00 -7.000000e-01 0
5.750000e+00 -6.500000e-01 0
5.700000e+00 -6.500000e-01 0
5.700000e+00 -6.500000e-01 0
5.750000e+00 -6.500000e-01 0
5.750000e+00 -6.000000e-01 0
5.700000e+00 -6.000000e-01 0
5.700000e+00 -6.000000e-01 0
5.750000e+00 -6.000000e-01 0
5.750000e+00 -5.500000e-01 0
5.700000e+00 -5.500000e-01 0
5.700000e+00 -5.500000e-01 0
5.750000e+00 -5.500000e-01 0
5.750000e+00 -5.000000e-01 0
5.700000e+00 -5.000000e-01 0
5.700000e+00 -5.000000e-01 0
5.750000e+00 -5.000000e-01 0
5.750000e+00 -4.500000e-01 0
5.700000e+00 -4.500000e-01 0
5.700000e+00 -4.500000e-01 0
5.750000e+00 -4.500000e-01 0
5.750000e+00 -4.000000e-01 0
5.700000e+00 -4.000000e-01 0
5.700000e+00 -4.000000e-01 0
5.750000e+00 -4.000000e-01 0
5.750000e+00 -3.500000e-01 0
5.700000e+00 -3.500000e-01 0
5.700000e+00 -3.500000e-01 0
5.750000e+00 -3.500000e-01 0
5.750000e+00 -3.000000e-01 0
5.700000e+00 -3.000000e-01 0
5.700000e+00 -3.000000e-01 0
5.750000e+00 -3.000000e-01 0
5.750000e+00 -2.500000e-01 0
5.700000e+00 -2.500000e-01 0
5.700000e+00 -2.500000e-01 0
5.750000e+00 -2.500000e-01 0
5.750000e+00 -2.000000e-01 0
5.700000e+00 -2.000000e-01 0
5.700000e+00 -2.000000e-01 0
5.750000e+00 -2.000000e-01 0
5.750000e+00 -1.500000e-01 0
5.700000e+00 -1.500000e-01 0
5.700000e+00 -1.500000e-01 0
5.750000e+00 -1.500000e-01 0
5.750000e+00 -1.000000e-01 0
5.700000e+00 -1.000000e-01 0
5.700000e+00 -1.000000e-01 0
5.750000e+00 -1.000000e-01 0
5.750000e+00 -5.000000e-02 0
5.700000e+00 -5.000000e-02 0
5.700000e+00 -5.000000e-02 0
5.750000e+00 -5.000000e-02 0
5.750000e+00 5.551115e-17 0
5.700000e+00 5.551115e-17 0
5.700000e+00 5.551115e-17 0
5.750000e+00 5.551115e-17 0
5.750000e+00 5.000000e-02 0
5.700000e+00 5.000000e-02 0
5.700000e+00 5.000000e-02 0
5.750000e+00 5.000000e-02 0
5.750000e+00 1.000000e-01 0
5.700000e+00 1.000000e-01 0
5.700000e+00 1.000000e-01 0
5.750000e+00 1.000000e-01 0
5.750000e+00 1.500000e-01 0
5.700000e+00 1.500000e-01 0
5.700000e+00 1.500000e-01 0
5.750000e+00 1.500000e-01 0
5.750000e+00 2.000000e-01 0
5.700000e+00 2.000000e-01 0
5.700000e+00 2.000000e-01 0
5.750000e+00 2.000000e-01 0
5.750000e+00 2.500000e-01 0
5.700000e+00 2.500000e-01 0
5.700000e+00 2.500000e-01 0
5.750000e+00 2.500000e-01 0
5.750000e+00 3.000000e-01 0
5.700000e+00 3.000000e-01 0
5.700000e+00 3.000000e-01 0
5.750000e+00 3.000000e-01 0
5.750000e+00 3.500000e-01 0
5.700000e+00 3.500000e-01 0
5.700000e+00 3.500000e-01 0
5.750000e+00 3.500000e-01 0
5.750000e+00 4.000000e-01 0
5.700000e+00 4.000000e-01 0
5.700000e+00 4.000000e-01 0
5.750000e+00 4.000000e-01 0
5.750000e+00 4.500000e-01 0
5.700000e+00 4.500000e-01 0
5.700000e+00 4.500000e-01 0
5.750000e+00 4.500000e-01 0
5.750000e+00 5.000000e-01 0
5.700000e+00 5.000000e-01 0
5.700000e+00 5.000000e-01 0
5.750000e+00 5.000000e-01 0
5.750000e+00 5.500000e-01 0
5.700000e+00 5.500000e-01 0
5.700000e+00 5.500000e-01 0
5.750000e+00 5.500000e-01 0
5.750000e+00 6.000000e-01 0
5.700000e+00 6.000000e-01 0
5.700000e+00 6.000000e-01 0
5.750000e+00 6.000000e-01 0
5.750000e+00 6.500000e-01 0
5.700000e+00 6.500000e-01 0
5.700000e+00 6.500000e-01 0
5.750000e+00 6.500000e-01 0
5.750000e+00 7.000000e-01 0
5.700000e+00 7.000000e-01 0
5.700000e+00 7.000000e-01 0
5.750000e+00 7.000000e-01 0
5.750000e+00 7.500000e-01 0
5.700000e+00 7.500000e-01 0
5.700000e+00 7.500000e-01 0
5.750000e+00 7.500000e-01 0
5.750000e+00 8.000000e-01 0
5.700000e+00 8.000000e-01 0
5.700000e+00 8.000000e-01 0
5.750000e+00 8.000000e-01 0
5.750000e+00 8.500000e-01 0
5.700000e+00 8.500000e-01 0
5.700000e+00 8.500000e-01 0
5.750000e+00 8.500000e-01 0
5.750000e+00 9.000000e-01 0
5.700000e+00 9.000000e-01 0
5.700000e+00 9.000000e-01 0
5.750000e+00 9.000000e-01 0
5.750000e+00 9.500000e-01 0
5.700000e+00 9.500000e-01 0
5.700000e+00 9.500000e-01 0
5.750000e+00 9.500000e-01 0
5.750000e+00 1.000000e+00 0
5.700000e+00 1.000000e+00 0
5.750000e+00 -1.000000e+00 0
5.800000e+00 -1.000000e+00 0
5.800000e+00 -9.500000e-01 0
5.750000e+00 -9.500000e-01 0
5.750000e+00 -9.500000e-01 0
5.800000e+00 -9.500000e-01 0
5.800000e+00 -9.000000e-01 0
5.750000e+00 -9.000000e-01 0
5.750000e+00 -9.000000e-01 0
5.800000e+00 -9.000000e-01 0
5.800000e+00 -8.500000e-01 0
5.750000e+00 -8.500000e-01 0
5.750000e+00 -8.500000e-01 0
5.800000e+00 -8.500000e-01 0
5.800000e+00 -8.000000e-01 0
5.750000e+00 -8.000000e-01 0
5.750000e+00 -8.000000e-01 0
5.800000e+00 -8.000000e-01 0
5.800000e+00 -7.500000e-01 0
5.750000e+00 -7.500000e-01 0
5.750000e+00 -7.500000e-01 0
5.800000e+00 -7.500000e-01 0
5.800000e+00 -7.000000e-01 0
5.750000e+00 -7.000000e-01 0
5.750000e+00 -7.000000e-01 0
5.800000e+00 -7.000000e-01 0
5.800000e+00 -6.500000e-01 0
5.750000e+00 -6.500000e-01 0
5.750000e+00 -6.500000e-01 0
5.800000e+00 -6.500000e-01 0
5.800000e+00 -6.000000e-01 0
5.750000e+00 -6.000000e-01 0
5.750000e+00 -6.000000e-01 0
5.800000e+00 -6.000000e-01 0
5.800000e+00 -5.500000e-01 0
5.750000e+00 -5.500000e-01 0
5.750000e+00 -5.500000e-01 0
5.800000e+00 -5.500000e-01 0
5.800000e+00 -5.000000e-01 0
5.750000e+00 -5.000000e-01 0
5.750000e+00 -5.000000e-01 0
5.800000e+00 -5.000000e-01 0
5.800000e+00 -4.500000e-01 0
5.750000e+00 -4.500000e-01 0
5.750000e+00 -4.500000e-01 0
5.800000e+00 -4.500000e-01 0
5.800000e+00 -4.000000e-01 0
5.750000e+00 -4.000000e-01 0
5.750000e+00 -4.000000e-01 0
5.800000e+00 -4.000000e-01 0
5.800000e+00 -3.500000e-01 0
5.750000e+00 -3.500000e-01 0
5.750000e+00 -3.500000e-01 0
5.800000e+00 -3.500000e-01 0
5.800000e+00 -3.000000e-01 0
5.750000e+00 -3.000000e-01 0
5.750000e+00 -3.000000e-01 0
5.800000e+00 -3.000000e-01 0
5.800000e+00 -2.500000e-01 0
5.750000e+00 -2.500000e-01 0
5.750000e+00 -2.500000e-01 0
5.800000e+00 -2.500000e-01 0
5.800000e+00 -2.000000e-01 0
5.750000e+00 -2.000000e-01 0
5.750000e+00 -2.000000e-01 0
5.800000e+00 -2.000000e-01 0
5.800000e+00 -1.500000e-01 0
5.750000e+00 -1.500000e-01 0
5.750000e+00 -1.500000e-01 0
5.800000e+00 -1.500000e-01 0
5.800000e+00 -1.000000e-01 0
5.750000e+00 -1.000000e-01 0
5.750000e+00 -1.000000e-01 0
5.800000e+00 -1.000000e-01 0
5.800000e+00 -5.000000e-02 0
5.750000e+00 -5.000000e-02 0
5.750000e+00 -5.000000e-02 0
5.800000e+00 -5.000000e-02 0
5.800000e+00 5.551115e-17 0
5.750000e+00 5.551115e-17 0
5.750000e+00 5.551115e-17 0
5.800000e+00 5.551115e-17 0
5.800000e+00 5.000000e-02 0
5.750000e+00 5.000000e-02 0
5.750000e+00 5.000000e-02 0
5.800000e+00 5.000000e-02 0
5.800000e+00 1.000000e-01 0
5.750000e+00 1.000000e-01 0
5.750000e+00 1.000000e-01 0
5.800000e+00 1.000000e-01 0
5.800000e+00 1.500000e-01 0
5.750000e+00 1.500000e-01 0
5.750000e+00 1.500000e-01 0
5.800000e+00 1.500000e-01 0
5.800000e+00 2.000000e-01 0
5.750000e+00 2.000000e-01 0
5.750000e+00 2.000000e-01 0
5.800000e+00 2.000000e-01 0
5.800000e+00 2.500000e-01 0
5.750000e+00 2.500000e-01 0
5.750000e+00 2.500000e-01 0
5.800000e+00 2.500000e-01 0
5.800000e+00 3.000000e-01 0
5.750000e+00 3.000000e-01 0
5.750000e+00 3.000000e-01 0
5.800000e+00 3.000000e-01 0
5.800000e+00 3.500000e-01 0
5.750000e+00 3.500000e-01 0
5.750000e+00 3.500000e-01 0
5.800000e+00 3.500000e-01 0
5.800000e+00 4.000000e-01 0
5.750000e+00 4.000000e-01 0
5.750000e+00 4.000000e-01 0
5.800000e+00 4.000000e-01 0
5.800000e+00 4.500000e-01 0
5.750000e+00 4.500000e-01 0
5.750000e+00 4.500000e-01 0
5.800000e+00 4.500000e-01 0
5.800000e+00 5.000000e-01 0
5.750000e+00 5.000000e-01 0
5.750000e+00 5.000000e-01 0
5.800000e+00 5.000000e-01 0
5.800000e+00 5.500000e-01 0
5.750000e+00 5.500000e-01 0
5.750000e+00 5.500000e-01 0
5.800000e+00 5.500000e-01 0
5.800000e+00 6.000000e-01 0
5.750000e+00 6.000000e-01 0
5.750000e+00 6.000000e-01 0
5.800000e+00 6.000000e-01 0
5.800000e+00 6.500000e-01 0
5.750000e+00 6.500000e-01 0
5.750000e+00 6.500000e-01 0
5.800000e+00 6.500000e-01 0
5.800000e+00 7.000000e-01 0
5.750000e+00 7.000000e-01 0
5.750000e+00 7.000000e-01 0
5.800000e+00 7.000000e-01 0
5.800000e+00 7.500000e-01 0
5.750000e+00 7.500000e-01 0
5.750000e+00 7.500000e-01 0
5.800000e+00 7.500000e-01 0
5.800000e+00 8.000000e-01 0
5.750000e+00 8.000000e-01 0
5.750000e+00 8.000000e-01 0
5.800000e+00 8.000000e-01 0
5.800000e+00 8.500000e-01 0
5.750000e+00 8.500000e-01 0
5.750000e+00 8.500000e-01 0
5.800000e+00 8.500000e-01 0
5.800000e+00 9.000000e-01 0
5.750000e+00 9.000000e-01 0
5.750000e+00 9.000000e-01 0
5.800000e+00 9.000000e-01 0
5.800000e+00 9.500000e-01 0
5.750000e+00 9.500000e-01 0
5.750000e+00 9.500000e-01 0
5.800000e+00 9.500000e-01 0
5.800000e+00 1.000000e+00 0
5.750000e+00 1.000000e+00 0
5.800000e+00 -1.000000e+00 0
5.850000e+00 -1.000000e+00 0
5.850000e+00 -9.500000e-01 0
5.800000e+00 -9.500000e-01 0
5.800000e+00 -9.500000e-01 0
5.850000e+00 -9.500000e-01 0
5.850000e+00 -9.000000e-01 0
5.800000e+00 -9.000000e-01 0
5.800000e+00 -9.000000e-01 0
5.850000e+00 -9.000000e-01 0
5.850000e+00 -8.500000e-01 0
5.800000e+00 -8.500000e-01 0
5.800000e+00 -8.500000e-01 0
5.850000e+00 -8.500000e-01 0
5.850000e+00 -8.000000e-01 0
5.800000e+00 -8.000000e-01 0
5.800000e+00 -8.000000e-01 0
5.850000e+00 -8.000000e-01 0
5.850000e+00 -7.500000e-01 0
5.800000e+00 -7.500000e-01 0
5.800000e+00 -7.500000e-01 0
5.850000e+00 -7.500000e-01 0
5.850000e+00 -7.000000e-01 0
5.800000e+00 -7.000000e-01 0
5.800000e+00 -7.000000e-01 0
5.850000e+00 -7.000000e-01 0
5.850000e+00 -6.500000e-01 0
5.800000e+00 -6.500000e-01 0
5.800000e+00 -6.500000e-01 0
5.850000e+00 -6.500000e-01 0
5.850000e+00 -6.000000e-01 0
5.800000e+00 -6.000000e-01 0
5.800000e+00 -6.000000e-01 0
5.850000e+00 -6.000000e-01 0
5.850000e+00 -5.500000e-01 0
5.800000e+00 -5.500000e-01 0
5.800000e+00 -5.500000e-01 0
5.850000e+00 -5.500000e-01 0
5.850000e+00 -5.000000e-01 0
5.800000e+00 -5.000000e-01 0
5.800000e+00 -5.000000e-01 0
5.850000e+00 -5.000000e-01 0
5.850000e+00 -4.500000e-01 0
5.800000e+00 -4.500000e-01 0
5.800000e+00 -4.500000e-01 0
5.850000e+00 -4.500000e-01 0
5.850000e+00 -4.000000e-01 0
5.800000e+00 -4.000000e-01 0
5.800000e+00 -4.000000e-01 0
5.850000e+00 -4.000000e-01 0
5.850000e+00 -3.500000e-01 0
5.800000e+00 -3.500000e-01 0
5.800000e+00 -3.500000e-01 0
5.850000e+00 -3.500000e-01 0
5.850000e+00 -3.000000e-01 0
5.800000e+00 -3.000000e-01 0
5.800000e+00 -3.000000e-01 0
5.850000e+00 -3.000000e-01 0
5.850000e+00 -2.500000e-01 0
5.800000e+00 -2.500000e-01 0
5.800000e+00 -2.500000e-01 0
5.850000e+00 -2.500000e-01 0
5.850000e+00 -2.000000e-01 0
5.800000e+00 -2.000000e-01 0
5.800000e+00 -2.000000e-01 0
5.850000e+00 -2.000000e-01 0
5.850000e+00 -1.500000e-01 0
5.800000e+00 -1.500000e-01 0
5.800000e+00 -1.500000e-01 0
5.850000e+00 -1.500000e-01 0
5.850000e+00 -1.000000e-01 0
5.800000e+00 -1.000000e-01 0
5.800000e+00 -1.000000e-01 0
5.850000e+00 -1.000000e-01 0
5.850000e+00 -5.000000e-02 0
5.800000e+00 -5.000000e-02 0
5.800000e+00 -5.000000e-02 0
5.850000e+00 -5.000000e-02 0
5.850000e+00 5.551115e-17 0
5.800000e+00 5.551115e-17 0
5.800000e+00 5.551115e-17 0
5.850000e+00 5.551115e-17 0
5.850000e+00 5.000000e-02 0
5.800000e+00 5.000000e-02 0
5.800000e+00 5.000000e-02 0
5.850000e+00 5.000000e-02 0
5.850000e+00 1.000000e-01 0
5.800000e+00 1.000000e-01 0
5.800000e+00 1.000000e-01 0
5.850000e+00 1.000000e-01 0
5.850000e+00 1.500000e-01 0
5.800000e+00 1.500000e-01 0
5.800000e+00 1.500000e-01 0
5.850000e+00 1.500000e-01 0
5.850000e+00 2.000000e-01 0
5.800000e+00 2.000000e-01 0
5.800000e+00 2.000000e-01 0
5.850000e+00 2.000000e-01 0
5.850000e+00 2.500000e-01 0
5.800000e+00 2.500000e-01 0
5.800000e+00 2.500000e-01 0
5.850000e+00 2.500000e-01 0
5.850000e+00 3.000000e-01 0
5.800000e+00 3.000000e-01 0
5.800000e+00 3.000000e-01 0
5.850000e+00 3.000000e-01 0
5.850000e+00 3.500000e-01 0
5.800000e+00 3.500000e-01 0
5.800000e+00 3.500000e-01 0
5.850000e+00 3.500000e-01 0
5.850000e+00 4.000000e-01 0
5.800000e+00 4.000000e-01 0
5.800000e+00 4.000000e-01 0
5.850000e+00 4.000000e-01 0
5.850000e+00 4.500000e-01 0
5.800000e+00 4.500000e-01 0
5.800000e+00 4.500000e-01 0
5.850000e+00 4.500000e-01 0
5.850000e+00 5.000000e-01 0
5.800000e+00 5.000000e-01 0
5.800000e+00 5.000000e-01 0
5.850000e+00 5.000000e-01 0
5.850000e+00 5.500000e-01 0
5.800000e+00 5.500000e-01 0
5.800000e+00 5.500000e-01 0
5.850000e+00 5.500000e-01 0
5.850000e+00 6.000000e-01 0
5.800000e+00 6.000000e-01 0
5.800000e+00 6.000000e-01 0
5.850000e+00 6.000000e-01 0
5.850000e+00 6.500000e-01 0
5.800000e+00 6.500000e-01 0
5.800000e+00 6.500000e-01 0
5.850000e+00 6.500000e-01 0
5.850000e+00 7.000000e-01 0
5.800000e+00 7.000000e-01 0
5.800000e+00 7.000000e-01 0
5.850000e+00 7.000000e-01 0
5.850000e+00 7.500000e-01 0
5.800000e+00 7.500000e-01 0
5.800000e+00 7.500000e-01 0
5.850000e+00 7.500000e-01 0
5.850000e+00 8.000000e-01 0
5.800000e+00 8.000000e-01 0
5.800000e+00 8.000000e-01 0
5.850000e+00 8.000000e-01 0
5.850000e+00 8.500000e-01 0
5.800000e+00 8.500000e-01 0
5.800000e+00 8.500000e-01 0
5.850000e+00 8.500000e-01 0
5.850000e+00 9.000000e-01 0
5.800000e+00 9.000000e-01 0
5.800000e+00 9.000000e-01 0
5.850000e+00 9.000000e-01 0
5.850000e+00 9.500000e-01 0
5.800000e+00 9.500000e-01 0
5.800000e+00 9.500000e-01 0
5.850000e+00 9.500000e-01 0
5.850000e+00 1.000000e+00 0
5.800000e+00 1.000000e+00 0
5.850000e+00 -1.000000e+00 0
5.900000e+00 -1.000000e+00 0
5.900000e+00 -9.500000e-01 0
5.850000e+00 -9.500000e-01 0
5.850000e+00 -9.500000e-01 0
5.900000e+00 -9.500000e-01 0
5.900000e+00 -9.000000e-01 0
5.850000e+00 -9.000000e-01 0
5.850000e+00 -9.000000e-01 0
5.900000e+00 -9.000000e-01 0
5.900000e+00 -8.500000e-01 0
5.850000e+00 -8.500000e-01 0
5.850000e+00 -8.500000e-01 0
5.900000e+00 -8.500000e-01 0
5.900000e+00 -8.000000e-01 0
5.850000e+00 -8.000000e-01 0
5.850000e+00 -8.000000e-01 0
5.900000e+00 -8.000000e-01 0
5.900000e+00 -7.500000e-01 0
5.850000e+00 -7.500000e-01 0
5.850000e+00 -7.500000e-01 0
5.900000e+00 -7.500000e-01 0
5.900000e+00 -7.000000e-01 0
5.850000e+00 -7.000000e-01 0
5.850000e+00 -7.000000e-01 0
5.900000e+00 -7.000000e-01 0
5.900000e+00 -6.500000e-01 0
5.850000e+00 -6.500000e-01 0
5.850000e+00 -6.500000e-01 0
5.900000e+00 -6.500000e-01 0
5.900000e+00 -6.000000e-01 0
5.850000e+00 -6.000000e-01 0
5.850000e+00 -6.000000e-01 0
5.900000e+00 -6.000000e-01 0
5.900000e+00 -5.500000e-01 0
5.850000e+00 -5.500000e-01 0
5.850000e+00 -5.500000e-01 0
5.900000e+00 -5.500000e-01 0
5.900000e+00 -5.000000e-01 0
5.850000e+00 -5.000000e-01 0
5.850000e+00 -5.000000e-01 0
5.900000e+00 -5.000000e-01 0
5.900000e+00 -4.500000e-01 0
5.850000e+00 -4.500000e-01 0
5.850000e+00 -4.500000e-01 0
5.900000e+00 -4.500000e-01 0
5.900000e+00 -4.000000e-01 0
5.850000e+00 -4.000000e-01 0
5.850000e+00 -4.000000e-01 0
5.900000e+00 -4.000000e-01 0
5.900000e+00 -3.500000e-01 0
5.850000e+00 -3.500000e-01 0
5.850000e+00 -3.500000e-01 0
5.900000e+00 -3.500000e-01 0
5.900000e+00 -3.000000e-01 0
5.850000e+00 -3.000000e-01 0
5.850000e+00 -3.000000e-01 0
5.900000e+00 -3.000000e-01 0
5.900000e+00 -2.500000e-01 0
5.850000e+00 -2.500000e-01 0
5.850000e+00 -2.500000e-01 0
5.900000e+00 -2.500000e-01 0
5.900000e+00 -2.000000e-01 0
5.850000e+00 -2.000000e-01 0
5.850000e+00 -2.000000e-01 0
5.900000e+00 -2.000000e-01 0
5.900000e+00 -1.500000e-01 0
5.850000e+00 -1.500000e-01 0
5.850000e+00 -1.500000e-01 0
5.900000e+00 -1.500000e-01 0
5.900000e+00 -1.000000e-01 0
5.850000e+00 -1.000000e-01 0
5.850000e+00 -1.000000e-01 0
5.900000e+00 -1.000000e-01 0
5.900000e+00 -5.000000e-02 0
5.850000e+00 -5.000000e-02 0
5.850000e+00 -5.000000e-02 0
5.900000e+00 -5.000000e-02 0
5.900000e+00 5.551115e-17 0
5.850000e+00 5.551115e-17 0
5.850000e+00 5.551115e-17 0
5.900000e+00 5.551115e-17 0
5.900000e+00 5.000000e-02 0
5.850000e+00 5.000000e-02 0
5.850000e+00 5.000000e-02 0
5.900000e+00 5.000000e-02 0
5.900000e+00 1.000000e-01 0
5.850000e+00 1.000000e-01 0
5.850000e+00 1.000000e-01 0
5.900000e+00 1.000000e-01 0
5.900000e+00 1.500000e-01 0
5.850000e+00 1.500000e-01 0
5.850000e+00 1.500000e-01 0
5.900000e+00 1.500000e-01 0
5.900000e+00 2.000000e-01 0
5.850000e+00 2.000000e-01 0
5.850000e+00 2.000000e-01 0
5.900000e+00 2.000000e-01 0
5.900000e+00 2.500000e-01 0
5.850000e+00 2.500000e-01 0
5.850000e+00 2.500000e-01 0
5.900000e+00 2.500000e-01 0
5.900000e+00 3.000000e-01 0
5.850000e+00 3.000000e-01 0
5.850000e+00 3.000000e-01 0
5.900000e+00 3.000000e-01 0
5.900000e+00 3.500000e-01 0
5.850000e+00 3.500000e-01 0
5.850000e+00 3.500000e-01 0
5.900000e+00 3.500000e-01 0
5.900000e+00 4.000000e-01 0
5.850000e+00 4.000000e-01 0
5.850000e+00 4.000000e-01 0
5.900000e+00 4.000000e-01 0
5.900000e+00 4.500000e-01 0
5.850000e+00 4.500000e-01 0
5.850000e+00 4.500000e-01 0
5.900000e+00 4.500000e-01 0
5.900000e+00 5.000000e-01 0
5.850000e+00 5.000000e-01 0
5.850000e+00 5.000000e-01 0
5.900000e+00 5.000000e-01 0
5.900000e+00 5.500000e-01 0
5.850000e+00 5.500000e-01 0
5.850000e+00 5.500000e-01 0
5.900000e+00 5.500000e-01 0
5.900000e+00 6.000000e-01 0
5.850000e+00 6.000000e-01 0
5.850000e+00 6.000000e-01 0
5.900000e+00 6.000000e-01 0
5.900000e+00 6.500000e-01 0
5.850000e+00 6.500000e-01 0
5.850000e+00 6.500000e-01 0
5.900000e+00 6.500000e-01 0
5.900000e+00 7.000000e-01 0
5.850000e+00 7.000000e-01 0
5.850000e+00 7.000000e-01 0
5.900000e+00 7.000000e-01 0
5.900000e+00 7.500000e-01 0
5.850000e+00 7.500000e-01 0
5.850000e+00 7.500000e-01 0
5.900000e+00 7.500000e-01 0
5.900000e+00 8.000000e-01 0
5.850000e+00 8.000000e-01 0
5.850000e+00 8.000000e-01 0
5.900000e+00 8.000000e-01 0
5.900000e+00 8.500000e-01 0
5.850000e+00 8.500000e-01 0
5.850000e+00 8.500000e-01 0
5.900000e+00 8.500000e-01 0
5.900000e+00 9.000000e-01 0
5.850000e+00 9.000000e-01 0
5.850000e+00 9.000000e-01 0
5.900000e+00 9.000000e-01 0
5.900000e+00 9.500000e-01 0
5.850000e+00 9.500000e-01 0
5.850000e+00 9.500000e-01 0
5.900000e+00 9.500000e-01 0
5.900000e+00 1.000000e+00 0
5.850000e+00 1.000000e+00 0
5.900000e+00 -1.000000e+00 0
5.950000e+00 -1.000000e+00 0
5.950000e+00 -9.500000e-01 0
5.900000e+00 -9.500000e-01 0
5.900000e+00 -9.500000e-01 0
5.950000e+00 -9.500000e-01 0
5.950000e+00 -9.000000e-01 0
5.900000e+00 -9.000000e-01 0
5.900000e+00 -9.000000e-01 0
5.950000e+00 -9.000000e-01 0
5.950000e+00 -8.500000e-01 0
5.900000e+00 -8.500000e-01 0
5.900000e+00 -8.500000e-01 0
5.950000e+00 -8.500000e-01 0
5.950000e+00 -8.000000e-01 0
5.900000e+00 -8.000000e-01 0
5.900000e+00 -8.000000e-01 0
5.950000e+00 -8.000000e-01 0
5.950000e+00 -7.500000e-01 0
5.900000e+00 -7.500000e-01 0
5.900000e+00 -7.500000e-01 0
5.950000e+00 -7.500000e-01 0
5.950000e+00 -7.000000e-01 0
5.900000e+00 -7.000000e-01 0
5.900000e+00 -7.000000e-01 0
5.950000e+00 -7.000000e-01 0
5.950000e+00 -6.500000e-01 0
5.900000e+00 -6.500000e-01 0
5.900000e+00 -6.500000e-01 0
5.950000e+00 -6.500000e-01 0
5.950000e+00 -6.000000e-01 0
5.900000e+00 -6.000000e-01 0
5.900000e+00 -6.000000e-01 0
5.950000e+00 -6.000000e-01 0
5.950000e+00 -5.500000e-01 0
5.900000e+00 -5.500000e-01 0
5.900000e+00 -5.500000e-01 0
5.950000e+00 -5.500000e-01 0
5.950000e+00 -5.000000e-01 0
5.900000e+00 -5.000000e-01 0
5.900000e+00 -5.000000e-01 0
5.950000e+00 -5.000000e-01 0
5.950000e+00 -4.500000e-01 0
5.900000e+00 -4.500000e-01 0
5.900000e+00 -4.500000e-01 0
5.950000e+00 -4.500000e-01 0
5.950000e+00 -4.000000e-01 0
5.900000e+00 -4.000000e-01 0
5.900000e+00 -4.000000e-01 0
5.950000e+00 -4.000000e-01 0
5.950000e+00 -3.500000e-01 0
5.900000e+00 -3.500000e-01 0
5.900000e+00 -3.500000e-01 0
5.950000e+00 -3.500000e-01 0
5.950000e+00 -3.000000e-01 0
5.900000e+00 -3.000000e-01 0
5.900000e+00 -3.000000e-01 0
5.950000e+00 -3.000000e-01 0
5.950000e+00 -2.500000e-01 0
5.900000e+00 -2.500000e-01 0
5.900000e+00 -2.500000e-01 0
5.950000e+00 -2.500000e-01 0
5.950000e+00 -2.000000e-01 0
5.900000e+00 -2.000000e-01 0
5.900000e+00 -2.000000e-01 0
5.950000e+00 -2.000000e-01 0
5.950000e+00 -1.500000e-01 0
5.900000e+00 -1.500000e-01 0
5.900000e+00 -1.500000e-01 0
5.950000e+00 -1.500000e-01 0
5.950000e+00 -1.000000e-01 0
5.900000e+00 -1.000000e-01 0
5.900000e+00 -1.000000e-01 0
5.950000e+00 -1.000000e-01 0
5.950000e+00 -5.000000e-02 0
5.900000e+00 -5.000000e-02 0
5.900000e+00 -5.000000e-02 0
5.950000e+00 -5.000000e-02 0
5.950000e+00 5.551115e-17 0
5.900000e+00 5.551115e-17 0
5.900000e+00 5.551115e-17 0
5.950000e+00 5.551115e-17 0
5.950000e+00 5.000000e-02 0
5.900000e+00 5.000000e-02 0
5.900000e+00 5.000000e-02 0
5.950000e+00 5.000000e-02 0
5.950000e+00 1.000000e-01 0
5.900000e+00 1.000000e-01 0
5.900000e+00 1.000000e-01 0
5.950000e+00 1.000000e-01 0
5.950000e+00 1.500000e-01 0
5.900000e+00 1.500000e-01 0
5.900000e+00 1.500000e-01 0
5.950000e+00 1.500000e-01 0
5.950000e+00 2.000000e-01 0
5.900000e+00 2.000000e-01 0
5.900000e+00 2.000000e-01 0
5.950000e+00 2.000000e-01 0
5.950000e+00 2.500000e-01 0
5.900000e+00 2.500000e-01 0
5.900000e+00 2.500000e-01 0
5.950000e+00 2.500000e-01 0
5.950000e+00 3.000000e-01 0
5.900000e+00 3.000000e-01 0
5.900000e+00 3.000000e-01 0
5.950000e+00 3.000000e-01 0
5.950000e+00 3.500000e-01 0
5.900000e+00 3.500000e-01 0
5.900000e+00 3.500000e-01 0
5.950000e+00 3.500000e-01 0
5.950000e+00 4.000000e-01 0
5.900000e+00 4.000000e-01 0
5.900000e+00 4.000000e-01 0
5.950000e+00 4.000000e-01 0
5.950000e+00 4.500000e-01 0
5.900000e+00 4.500000e-01 0
5.900000e+00 4.500000e-01 0
5.950000e+00 4.500000e-01 0
5.950000e+00 5.000000e-01 0
5.900000e+00 5.000000e-01 0
5.900000e+00 5.000000e-01 0
5.950000e+00 5.000000e-01 0
5.950000e+00 5.500000e-01 0
5.900000e+00 5.500000e-01 0
5.900000e+00 5.500000e-01 0
5.950000e+00 5.500000e-01 0
5.950000e+00 6.000000e-01 0
5.900000e+00 6.000000e-01 0
5.900000e+00 6.000000e-01 0
5.950000e+00 6.000000e-01 0
5.950000e+00 6.500000e-01 0
5.900000e+00 6.500000e-01 0
5.900000e+00 6.500000e-01 0
5.950000e+00 6.500000e-01 0
5.950000e+00 7.000000e-01 0
5.900000e+00 7.000000e-01 0
5.900000e+00 7.000000e-01 0
5.950000e+00 7.000000e-01 0
5.950000e+00 7.500000e-01 0
5.900000e+00 7.500000e-01 0
5.900000e+00 7.500000e-01 0
5.950000e+00 7.500000e-01 0
5.950000e+00 8.000000e-01 0
5.900000e+00 8.000000e-01 0
5.900000e+00 8.000000e-01 0
5.950000e+00 8.000000e-01 0
5.950000e+00 8.500000e-01 0
5.900000e+00 8.500000e-01 0
5.900000e+00 8.500000e-01 0
5.950000e+00 8.500000e-01 0
5.950000e+00 9.000000e-01 0
5.900000e+00 9.000000e-01 0
5.900000e+00 9.000000e-01 0
5.950000e+00 9.000000e-01 0
5.950000e+00 9.500000e-01 0
5.900000e+00 9.500000e-01 0
5.900000e+00 9.500000e-01 0
5.950000e+00 9.500000e-01 0
5.950000e+00 1.000000e+00 0
5.900000e+00 1.000000e+00 0
5.950000e+00 -1.000000e+00 0
6.000000e+00 -1.000000e+00 0
6.000000e+00 -9.500000e-01 0
5.950000e+00 -9.500000e-01 0
5.950000e+00 -9.500000e-01 0
6.000000e+00 -9.500000e-01 0
6.000000e+00 -9.000000e-01 0
5.950000e+00 -9.000000e-01 0
5.950000e+00 -9.000000e-01 0
6.000000e+00 -9.000000e-01 0
6.000000e+00 -8.500000e-01 0
5.950000e+00 -8.500000e-01 0
5.950000e+00 -8.500000e-01 0
6.000000e+00 -8.500000e-01 0
6.000000e+00 -8.000000e-01 0
5.950000e+00 -8.000000e-01 0
5.950000e+00 -8.000000e-01 0
6.000000e+00 -8.000000e-01 0
6.000000e+00 -7.500000e-01 0
5.950000e+00 -7.500000e-01 0
5.950000e+00 -7.500000e-01 0
6.000000e+00 -7.500000e-01 0
6.000000e+00 -7.000000e-01 0
5.950000e+00 -7.000000e-01 0
5.950000e+00 -7.000000e-01 0
6.000000e+00 -7.000000e-01 0
6.000000e+00 -6.500000e-01 0
5.950000e+00 -6.500000e-01 0
5.950000e+00 -6.500000e-01 0
6.000000e+00 -6.500000e-01 0
6.000000e+00 -6.000000e-01 0
5.950000e+00 -6.000000e-01 0
5.950000e+00 -6.000000e-01 0
6.000000e+00 -6.000000e-01 0
6.000000e+00 -5.500000e-01 0
5.950000e+00 -5.500000e-01 0
5.950000e+00 -5.500000e-01 0
6.000000e+00 -5.500000e-01 0
6.000000e+00 -5.000000e-01 0
5.950000e+00 -5.000000e-01 0
5.950000e+00 -5.000000e-01 0
6.000000e+00 -5.000000e-01 0
6.000000e+00 -4.500000e-01 0
5.950000e+00 -4.500000e-01 0
5.950000e+00 -4.500000e-01 0
6.000000e+00 -4.500000e-01 0
6.000000e+00 -4.000000e-01 0
5.950000e+00 -4.000000e-01 0
5.950000e+00 -4.000000e-01 0
6.000000e+00 -4.000000e-01 0
6.000000e+00 -3.500000e-01 0
5.950000e+00 -3.500000e-01 0
5.950000e+00 -3.500000e-01 0
6.000000e+00 -3.500000e-01 0
6.000000e+00 -3.000000e-01 0
5.950000e+00 -3.000000e-01 0
5.950000e+00 -3.000000e-01 0
6.000000e+00 -3.000000e-01 0
6.000000e+00 -2.500000e-01 0
5.950000e+00 -2.500000e-01 0
5.950000e+00 -2.500000e-01 0
6.000000e+00 -2.500000e-01 0
6.000000e+00 -2.000000e-01 0
5.950000e+00 -2.000000e-01 0
5.950000e+00 -2.000000e-01 0
6.000000e+00 -2.000000e-01 0
6.000000e+00 -1.500000e-01 0
5.950000e+00 -1.500000e-01 0
5.950000e+00 -1.500000e-01 0
6.000000e+00 -1.500000e-01 0
6.000000e+00 -1.000000e-01 0
5.950000e+00 -1.000000e-01 0
5.950000e+00 -1.000000e-01 0
6.000000e+00 -1.000000e-01 0
6.000000e+00 -5.000000e-02 0
5.950000e+00 -5.000000e-02 0
5.950000e+00 -5.000000e-02 0
6.000000e+00 -5.000000e-02 0
6.000000e+00 5.551115e-17 0
5.950000e+00 5.551115e-17 0
5.950000e+00 5.551115e-17 0
6.000000e+00 5.551115e-17 0
6.000000e+00 5.000000e-02 0
5.950000e+00 5.000000e-02 0
5.950000e+00 5.000000e-02 0
6.000000e+00 5.000000e-02 0
6.000000e+00 1.000000e-01 0
5.950000e+00 1.000000e-01 0
5.950000e+00 1.000000e-01 0
6.000000e+00 1.000000e-01 0
6.000000e+00 1.500000e-01 0
5.950000e+00 1.500000e-01 0
5.950000e+00 1.500000e-01 0
6.000000e+00 1.500000e-01 0
6.000000e+00 2.000000e-01 0
5.950000e+00 2.000000e-01 0
5.950000e+00 2.000000e-01 0
6.000000e+00 2.000000e-01 0
6.000000e+00 2.500000e-01 0
5.950000e+00 2.500000e-01 0
5.950000e+00 2.500000e-01 0
6.000000e+00 2.500000e-01 0
6.000000e+00 3.000000e-01 0
5.950000e+00 3.000000e-01 0
5.950000e+00 3.000000e-01 0
6.000000e+00 3.000000e-01 0
6.000000e+00 3.500000e-01 0
5.950000e+00 3.500000e-01 0
5.950000e+00 3.500000e-01 0
6.000000e+00 3.500000e-01 0
6.000000e+00 4.000000e-01 0
5.950000e+00 4.000000e-01 0
5.950000e+00 4.000000e-01 0
6.000000e+00 4.000000e-01 0
6.000000e+00 4.500000e-01 0
5.950000e+00 4.500000e-01 0
5.950000e+00 4.500000e-01 0
6.000000e+00 4.500000e-01 0
6.000000e+00 5.000000e-01 0
5.950000e+00 5.000000e-01 0
5.950000e+00 5.000000e-01 0
6.000000e+00 5.000000e-01 0
6.000000e+00 5.500000e-01 0
5.950000e+00 5.500000e-01 0
5.950000e+00 5.500000e-01 0
6.000000e+00 5.500000e-01 0
6.000000e+00 6.000000e-01 0
5.950000e+00 6.000000e-01 0
5.950000e+00 6.000000e-01 0
6.000000e+00 6.000000e-01 0
6.000000e+00 6.500000e-01 0
5.950000e+00 6.500000e-01 0
5.950000e+00 6.500000e-01 0
6.000000e+00 6.500000e-01 0
6.000000e+00 7.000000e-01 0
5.950000e+00 7.000000e-01 0
5.950000e+00 7.000000e-01 0
6.000000e+00 7.000000e-01 0
6.000000e+00 7.500000e-01 0
5.950000e+00 7.500000e-01 0
5.950000e+00 7.500000e-01 0
6.000000e+00 7.500000e-01 0
6.000000e+00 8.000000e-01 0
5.950000e+00 8.000000e-01 0
5.950000e+00 8.000000e-01 0
6.000000e+00 8.000000e-01 0
6.000000e+00 8.500000e-01 0
5.950000e+00 8.500000e-01 0
5.950000e+00 8.500000e-01 0
6.000000e+00 8.500000e-01 0
6.000000e+00 9.000000e-01 0
5.950000e+00 9.000000e-01 0
5.950000e+00 9.000000e-01 0
6.000000e+00 9.000000e-01 0
6.000000e+00 9.500000e-01 0
5.950000e+00 9.500000e-01 0
5.950000e+00 9.500000e-01 0
6.000000e+00 9.500000e-01 0
6.000000e+00 1.000000e+00 0
5.950000e+00 1.000000e+00 0
6.000000e+00 -1.000000e+00 0
6.050000e+00 -1.000000e+00 0
6.050000e+00 -9.500000e-01 0
6.000000e+00 -9.500000e-01 0
6.000000e+00 -9.500000e-01 0
6.050000e+00 -9.500000e-01 0
6.050000e+00 -9.000000e-01 0
6.000000e+00 -9.000000e-01 0
6.000000e+00 -9.000000e-01 0
6.050000e+00 -9.000000e-01 0
6.050000e+00 -8.500000e-01 0
6.000000e+00 -8.500000e-01 0
6.000000e+00 -8.500000e-01 0
6.050000e+00 -8.500000e-01 0
6.050000e+00 -8.000000e-01 0
6.000000e+00 -8.000000e-01 0
6.000000e+00 -8.000000e-01 0
6.050000e+00 -8.000000e-01 0
6.050000e+00 -7.500000e-01 0
6.000000e+00 -7.500000e-01 0
6.000000e+00 -7.500000e-01 0
6.050000e+00 -7.500000e-01 0
6.050000e+00 -7.000000e-01 0
6.000000e+00 -7.000000e-01 0
6.000000e+00 -7.000000e-01 0
6.050000e+00 -7.000000e-01 0
6.050000e+00 -6.500000e-01 0
6.000000e+00 -6.500000e-01 0
6.000000e+00 -6.500000e-01 0
6.050000e+00 -6.500000e-01 0
6.050000e+00 -6.000000e-01 0
6.000000e+00 -6.000000e-01 0
6.000000e+00 -6.000000e-01 0
6.050000e+00 -6.000000e-01 0
6.050000e+00 -5.500000e-01 0
6.000000e+00 -5.500000e-01 0
6.000000e+00 -5.500000e-01 0
6.050000e+00 -5.500000e-01 0
6.050000e+00 -5.000000e-01 0
6.000000e+00 -5.000000e-01 0
6.000000e+00 -5.000000e-01 0
6.050000e+00 -5.000000e-01 0
6.050000e+00 -4.500000e-01 0
6.000000e+00 -4.500000e-01 0
6.000000e+00 -4.500000e-01 0
6.050000e+00 -4.500000e-01 0
6.050000e+00 -4.000000e-01 0
6.000000e+00 -4.000000e-01 0
6.000000e+00 -4.000000e-01 0
6.050000e+00 -4.000000e-01 0
6.050000e+00 -3.500000e-01 0
6.000000e+00 -3.500000e-01 0
6.000000e+00 -3.500000e-01 0
6.050000e+00 -3.500000e-01 0
6.050000e+00 -3.000000e-01 0
6.000000e+00 -3.000000e-01 0
6.000000e+00 -3.000000e-01 0
6.050000e+00 -3.000000e-01 0
6.050000e+00 -2.500000e-01 0
6.000000e+00 -2.500000e-01 0
6.000000e+00 -2.500000e-01 0
6.050000e+00 -2.500000e-01 0
6.050000e+00 -2.000000e-01 0
6.000000e+00 -2.000000e-01 0
6.000000e+00 -2.000000e-01 0
6.050000e+00 -2.000000e-01 0
6.050000e+00 -1.500000e-01 0
6.000000e+00 -1.500000e-01 0
6.000000e+00 -1.500000e-01 0
6.050000e+00 -1.500000e-01 0
6.050000e+00 -1.000000e-01 0
6.000000e+00 -1.000000e-01 0
6.000000e+00 -1.000000e-01 0
6.050000e+00 -1.000000e-01 0
6.050000e+00 -5.000000e-02 0
6.000000e+00 -5.000000e-02 0
6.000000e+00 -5.000000e-02 0
6.050000e+00 -5.000000e-02 0
6.050000e+00 5.551115e-17 0
6.000000e+00 5.551115e-17 0
6.000000e+00 5.551115e-17 0
6.050000e+00 5.551115e-17 0
6.050000e+00 5.000000e-02 0
6.000000e+00 5.000000e-02 0
6.000000e+00 5.000000e-02 0
6.050000e+00 5.000000e-02 0
6.050000e+00 1.000000e-01 0
6.000000e+00 1.000000e-01 0
6.000000e+00 1.000000e-01 0
6.050000e+00 1.000000e-01 0
6.050000e+00 1.500000e-01 0
6.000000e+00 1.500000e-01 0
6.000000e+00 1.500000e-01 0
6.050000e+00 1.500000e-01 0
6.050000e+00 2.000000e-01 0
6.000000e+00 2.000000e-01 0
6.000000e+00 2.000000e-01 0
6.050000e+00 2.000000e-01 0
6.050000e+00 2.500000e-01 0
6.000000e+00 2.500000e-01 0
6.000000e+00 2.500000e-01 0
6.050000e+00 2.500000e-01 0
6.050000e+00 3.000000e-01 0
6.000000e+00 3.000000e-01 0
6.000000e+00 3.000000e-01 0
6.050000e+00 3.000000e-01 0
6.050000e+00 3.500000e-01 0
6.000000e+00 3.500000e-01 0
6.000000e+00 3.500000e-01 0
6.050000e+00 3.500000e-01 0
6.050000e+00 4.000000e-01 0
6.000000e+00 4.000000e-01 0
6.000000e+00 4.000000e-01 0
6.050000e+00 4.000000e-01 0
6.050000e+00 4.500000e-01 0
6.000000e+00 4.500000e-01 0
6.000000e+00 4.500000e-01 0
6.050000e+00 4.500000e-01 0
6.050000e+00 5.000000e-01 0
6.000000e+00 5.000000e-01 0
6.000000e+00 5.000000e-01 0
6.050000e+00 5.000000e-01 0
6.050000e+00 5.500000e-01 0
6.000000e+00 5.500000e-01 0
6.000000e+00 5.500000e-01 0
6.050000e+00 5.500000e-01 0
6.050000e+00 6.000000e-01 0
6.000000e+00 6.000000e-01 0
6.000000e+00 6.000000e-01 0
6.050000e+00 6.000000e-01 0
6.050000e+00 6.500000e-01 0
6.000000e+00 6.500000e-01 0
6.000000e+00 6.500000e-01 0
6.050000e+00 6.500000e-01 0
6.050000e+00 7.000000e-01 0
6.000000e+00 7.000000e-01 0
6.000000e+00 7.000000e-01 0
6.050000e+00 7.000000e-01 0
6.050000e+00 7.500000e-01 0
6.000000e+00 7.500000e-01 0
6.000000e+00 7.500000e-01 0
6.050000e+00 7.500000e-01 0
6.050000e+00 8.000000e-01 0
6.000000e+00 8.000000e-01 0
6.000000e+00 8.000000e-01 0
6.050000e+00 8.000000e-01 0
6.050000e+00 8.500000e-01 0
6.000000e+00 8.500000e-01 0
6.000000e+00 8.500000e-01 0
6.050000e+00 8.500000e-01 0
6.050000e+00 9.000000e-01 0
6.000000e+00 9.000000e-01 0
6.000000e+00 9.000000e-01 0
6.050000e+00 9.000000e-01 0
6.050000e+00 9.500000e-01 0
6.000000e+00 9.500000e-01 0
6.000000e+00 9.500000e-01 0
6.050000e+00 9.500000e-01 0
6.050000e+00 1.000000e+00 0
6.000000e+00 1.000000e+00 0
6.050000e+00 -1.000000e+00 0
6.100000e+00 -1.000000e+00 0
6.100000e+00 -9.500000e-01 0
6.050000e+00 -9.500000e-01 0
6.050000e+00 -9.500000e-01 0
6.100000e+00 -9.500000e-01 0
6.100000e+00 -9.000000e-01 0
6.050000e+00 -9.000000e-01 0
6.050000e+00 -9.000000e-01 0
6.100000e+00 -9.000000e-01 0
6.100000e+00 -8.500000e-01 0
6.050000e+00 -8.500000e-01 0
6.050000e+00 -8.500000e-01 0
6.100000e+00 -8.500000e-01 0
6.100000e+00 -8.000000e-01 0
6.050000e+00 -8.000000e-01 0
6.050000e+00 -8.000000e-01 0
6.100000e+00 -8.000000e-01 0
6.100000e+00 -7.500000e-01 0
6.050000e+00 -7.500000e-01 0
6.050000e+00 -7.500000e-01 0
6.100000e+00 -7.500000e-01 0
6.100000e+00 -7.000000e-01 0
6.050000e+00 -7.000000e-01 0
6.050000e+00 -7.000000e-01 0
6.100000e+00 -7.000000e-01 0
6.100000e+00 -6.500000e-01 0
6.050000e+00 -6.500000e-01 0
6.050000e+00 -6.500000e-01 0
6.100000e+00 -6.500000e-01 0
6.100000e+00 -6.000000e-01 0
6.050000e+00 -6.000000e-01 0
6.050000e+00 -6.000000e-01 0
6.100000e+00 -6.000000e-01 0
6.100000e+00 -5.500000e-01 0
6.050000e+00 -5.500000e-01 0
6.050000e+00 -5.500000e-01 0
6.100000e+00 -5.500000e-01 0
6.100000e+00 -5.000000e-01 0
6.050000e+00 -5.000000e-01 0
6.050000e+00 -5.000000e-01 0
6.100000e+00 -5.000000e-01 0
6.100000e+00 -4.500000e-01 0
6.050000e+00 -4.500000e-01 0
6.050000e+00 -4.500000e-01 0
6.100000e+00 -4.500000e-01 0
6.100000e+00 -4.000000e-01 0
6.050000e+00 -4.000000e-01 0
6.050000e+00 -4.000000e-01 0
6.100000e+00 -4.000000e-01 0
6.100000e+00 -3.500000e-01 0
6.050000e+00 -3.500000e-01 0
6.050000e+00 -3.500000e-01 0
6.100000e+00 -3.500000e-01 0
6.100000e+00 -3.000000e-01 0
6.050000e+00 -3.000000e-01 0
6.050000e+00 -3.000000e-01 0
6.100000e+00 -3.000000e-01 0
6.100000e+00 -2.500000e-01 0
6.050000e+00 -2.500000e-01 0
6.050000e+00 -2.500000e-01 0
6.100000e+00 -2.500000e-01 0
6.100000e+00 -2.000000e-01 0
6.050000e+00 -2.000000e-01 0
6.050000e+00 -2.000000e-01 0
6.100000e+00 -2.000000e-01 0
6.100000e+00 -1.500000e-01 0
6.050000e+00 -1.500000e-01 0
6.050000e+00 -1.500000e-01 0
6.100000e+00 -1.500000e-01 0
6.100000e+00 -1.000000e-01 0
6.050000e+00 -1.000000e-01 0
6.050000e+00 -1.000000e-01 0
6.100000e+00 -1.000000e-01 0
6.100000e+00 -5.000000e-02 0
6.050000e+00 -5.000000e-02 0
6.050000e+00 -5.000000e-02 0
6.100000e+00 -5.000000e-02 0
6.100000e+00 5.551115e-17 0
6.050000e+00 5.551115e-17 0
6.050000e+00 5.551115e-17 0
6.100000e+00 5.551115e-17 0
6.100000e+00 5.000000e-02 0
6.050000e+00 5.000000e-02 0
6.050000e+00 5.000000e-02 0
6.100000e+00 5.000000e-02 0
6.100000e+00 1.000000e-01 0
6.050000e+00 1.000000e-01 0
6.050000e+00 1.000000e-01 0
6.100000e+00 1.000000e-01 0
6.100000e+00 1.500000e-01 0
6.050000e+00 1.500000e-01 0
6.050000e+00 1.500000e-01 0
6.100000e+00 1.500000e-01 0
6.100000e+00 2.000000e-01 0
6.050000e+00 2.000000e-01 0
6.050000e+00 2.000000e-01 0
6.100000e+00 2.000000e-01 0
6.100000e+00 2.500000e-01 0
6.050000e+00 2.500000e-01 0
6.050000e+00 2.500000e-01 0
6.100000e+00 2.500000e-01 0
6.100000e+00 3.000000e-01 0
6.050000e+00 3.000000e-01 0
6.050000e+00 3.000000e-01 0
6.100000e+00 3.000000e-01 0
6.100000e+00 3.500000e-01 0
6.050000e+00 3.500000e-01 0
6.050000e+00 3.500000e-01 0
6.100000e+00 3.500000e-01 0
6.100000e+00 4.000000e-01 0
6.050000e+00 4.000000e-01 0
6.050000e+00 4.000000e-01 0
6.100000e+00 4.000000e-01 0
6.100000e+00 4.500000e-01 0
6.050000e+00 4.500000e-01 0
6.050000e+00 4.500000e-01 0
6.100000e+00 4.500000e-01 0
6.100000e+00 5.000000e-01 0
6.050000e+00 5.000000e-01 0
6.050000e+00 5.000000e-01 0
6.100000e+00 5.000000e-01 0
6.100000e+00 5.500000e-01 0
6.050000e+00 5.500000e-01 0
6.050000e+00 5.500000e-01 0
6.100000e+00 5.500000e-01 0
6.100000e+00 6.000000e-01 0
6.050000e+00 6.000000e-01 0
6.050000e+00 6.000000e-01 0
6.100000e+00 6.000000e-01 0
6.100000e+00 6.500000e-01 0
6.050000e+00 6.500000e-01 0
6.050000e+00 6.500000e-01 0
6.100000e+00 6.500000e-01 0
6.100000e+00 7.000000e-01 0
6.050000e+00 7.000000e-01 0
6.050000e+00 7.000000e-01 0
6.100000e+00 7.000000e-01 0
6.100000e+00 7.500000e-01 0
6.050000e+00 7.500000e-01 0
6.050000e+00 7.500000e-01 0
6.100000e+00 7.500000e-01 0
6.100000e+00 8.000000e-01 0
6.050000e+00 8.000000e-01 0
6.050000e+00 8.000000e-01 0
6.100000e+00 8.000000e-01 0
6.100000e+00 8.500000e-01 0
6.050000e+00 8.500000e-01 0
6.050000e+00 8.500000e-01 0
6.100000e+00 8.500000e-01 0
6.100000e+00 9.000000e-01 0
6.050000e+00 9.000000e-01 0
6.050000e+00 9.000000e-01 0
6.100000e+00 9.000000e-01 0
6.100000e+00 9.500000e-01 0
6.050000e+00 9.500000e-01 0
6.050000e+00 9.500000e-01 0
6.100000e+00 9.500000e-01 0
6.100000e+00 1.000000e+00 0
6.050000e+00 1.000000e+00 0
6.100000e+00 -1.000000e+00 0
6.150000e+00 -1.000000e+00 0
6.150000e+00 -9.500000e-01 0
6.100000e+00 -9.500000e-01 0
6.100000e+00 -9.500000e-01 0
6.150000e+00 -9.500000e-01 0
6.150000e+00 -9.000000e-01 0
6.100000e+00 -9.000000e-01 0
6.100000e+00 -9.000000e-01 0
6.150000e+00 -9.000000e-01 0
6.150000e+00 -8.500000e-01 0
6.100000e+00 -8.500000e-01 0
6.100000e+00 -8.500000e-01 0
6.150000e+00 -8.500000e-01 0
6.150000e+00 -8.000000e-01 0
6.100000e+00 -8.000000e-01 0
6.100000e+00 -8.000000e-01 0
6.150000e+00 -8.000000e-01 0
6.150000e+00 -7.500000e-01 0
6.100000e+00 -7.500000e-01 0
6.100000e+00 -7.500000e-01 0
6.150000e+00 -7.500000e-01 0
6.150000e+00 -7.000000e-01 0
6.100000e+00 -7.000000e-01 0
6.100000e+00 -7.000000e-01 0
6.150000e+00 -7.000000e-01 0
6.150000e+00 -6.500000e-01 0
6.100000e+00 -6.500000e-01 0
6.100000e+00 -6.500000e-01 0
6.150000e+00 -6.500000e-01 0
6.150000e+00 -6.000000e-01 0
6.100000e+00 -6.000000e-01 0
6.100000e+00 -6.000000e-01 0
6.150000e+00 -6.000000e-01 0
6.150000e+00 -5.500000e-01 0
6.100000e+00 -5.500000e-01 0
6.100000e+00 -5.500000e-01 0
6.150000e+00 -5.500000e-01 0
6.150000e+00 -5.000000e-01 0
6.100000e+00 -5.000000e-01 0
6.100000e+00 -5.000000e-01 0
6.150000e+00 -5.000000e-01 0
6.150000e+00 -4.500000e-01 0
6.100000e+00 -4.500000e-01 0
6.100000e+00 -4.500000e-01 0
6.150000e+00 -4.500000e-01 0
6.150000e+00 -4.000000e-01 0
6.100000e+00 -4.000000e-01 0
6.100000e+00 -4.000000e-01 0
6.150000e+00 -4.000000e-01 0
6.150000e+00 -3.500000e-01 0
6.100000e+00 -3.500000e-01 0
6.100000e+00 -3.500000e-01 0
6.150000e+00 -3.500000e-01 0
6.150000e+00 -3.000000e-01 0
6.100000e+00 -3.000000e-01 0
6.100000e+00 -3.000000e-01 0
6.150000e+00 -3.000000e-01 0
6.150000e+00 -2.500000e-01 0
6.100000e+00 -2.500000e-01 0
6.100000e+00 -2.500000e-01 0
6.150000e+00 -2.500000e-01 0
6.150000e+00 -2.000000e-01 0
6.100000e+00 -2.000000e-01 0
6.100000e+00 -2.000000e-01 0
6.150000e+00 -2.000000e-01 0
6.150000e+00 -1.500000e-01 0
6.100000e+00 -1.500000e-01 0
6.100000e+00 -1.500000e-01 0
6.150000e+00 -1.500000e-01 0
6.150000e+00 -1.000000e-01 0
6.100000e+00 -1.000000e-01 0
6.100000e+00 -1.000000e-01 0
6.150000e+00 -1.000000e-01 0
6.150000e+00 -5.000000e-02 0
6.100000e+00 -5.000000e-02 0
6.100000e+00 -5.000000e-02 0
6.150000e+00 -5.000000e-02 0
6.150000e+00 5.551115e-17 0
6.100000e+00 5.551115e-17 0
6.100000e+00 5.551115e-17 0
6.150000e+00 5.551115e-17 0
6.150000e+00 5.000000e-02 0
6.100000e+00 5.000000e-02 0
6.100000e+00 5.000000e-02 0
6.150000e+00 5.000000e-02 0
6.150000e+00 1.000000e-01 0
6.100000e+00 1.000000e-01 0
6.100000e+00 1.000000e-01 0
6.150000e+00 1.000000e-01 0
6.150000e+00 1.500000e-01 0
6.100000e+00 1.500000e-01 0
6.100000e+00 1.500000e-01 0
6.150000e+00 1.500000e-01 0
6.150000e+00 2.000000e-01 0
6.100000e+00 2.000000e-01 0
6.100000e+00 2.000000e-01 0
6.150000e+00 2.000000e-01 0
6.150000e+00 2.500000e-01 0
6.100000e+00 2.500000e-01 0
6.100000e+00 2.500000e-01 0
6.150000e+00 2.500000e-01 0
6.150000e+00 3.000000e-01 0
6.100000e+00 3.000000e-01 0
6.100000e+00 3.000000e-01 0
6.150000e+00 3.000000e-01 0
6.150000e+00 3.500000e-01 0
6.100000e+00 3.500000e-01 0
6.100000e+00 3.500000e-01 0
6.150000e+00 3.500000e-01 0
6.150000e+00 4.000000e-01 0
6.100000e+00 4.000000e-01 0
6.100000e+00 4.000000e-01 0
6.150000e+00 4.000000e-01 0
6.150000e+00 4.500000e-01 0
6.100000e+00 4.500000e-01 0
6.100000e+00 4.500000e-01 0
6.150000e+00 4.500000e-01 0
6.150000e+00 5.000000e-01 0
6.100000e+00 5.000000e-01 0
6.100000e+00 5.000000e-01 0
6.150000e+00 5.000000e-01 0
6.150000e+00 5.500000e-01 0
6.100000e+00 5.500000e-01 0
6.100000e+00 5.500000e-01 0
6.150000e+00 5.500000e-01 0
6.150000e+00 6.000000e-01 0
6.100000e+00 6.000000e-01 0
6.100000e+00 6.000000e-01 0
6.150000e+00 6.000000e-01 0
6.150000e+00 6.500000e-01 0
6.100000e+00 6.500000e-01 0
6.100000e+00 6.500000e-01 0
6.150000e+00 6.500000e-01 0
6.150000e+00 7.000000e-01 0
6.100000e+00 7.000000e-01 0
6.100000e+00 7.000000e-01 0
6.150000e+00 7.000000e-01 0
6.150000e+00 7.500000e-01 0
6.100000e+00 7.500000e-01 0
6.100000e+00 7.500000e-01 0
6.150000e+00 7.500000e-01 0
6.150000e+00 8.000000e-01 0
6.100000e+00 8.000000e-01 0
6.100000e+00 8.000000e-01 0
6.150000e+00 8.000000e-01 0
6.150000e+00 8.500000e-01 0
6.100000e+00 8.500000e-01 0
6.100000e+00 8.500000e-01 0
6.150000e+00 8.500000e-01 0
6.150000e+00 9.000000e-01 0
6.100000e+00 9.000000e-01 0
6.100000e+00 9.000000e-01 0
6.150000e+00 9.000000e-01 0
6.150000e+00 9.500000e-01 0
6.100000e+00 9.500000e-01 0
6.100000e+00 9.500000e-01 0
6.150000e+00 9.500000e-01 0
6.150000e+00 1.000000e+00 0
6.100000e+00 1.000000e+00 0
6.150000e+00 -1.000000e+00 0
6.200000e+00 -1.000000e+00 0
6.200000e+00 -9.500000e-01 0
6.150000e+00 -9.500000e-01 0
6.150000e+00 -9.500000e-01 0
6.200000e+00 -9.500000e-01 0
6.200000e+00 -9.000000e-01 0
6.150000e+00 -9.000000e-01 0
6.150000e+00 -9.000000e-01 0
6.200000e+00 -9.000000e-01 0
6.200000e+00 -8.500000e-01 0
6.150000e+00 -8.500000e-01 0
6.150000e+00 -8.500000e-01 0
6.200000e+00 -8.500000e-01 0
6.200000e+00 -8.000000e-01 0
6.150000e+00 -8.000000e-01 0
6.150000e+00 -8.000000e-01 0
6.200000e+00 -8.000000e-01 0
6.200000e+00 -7.500000e-01 0
6.150000e+00 -7.500000e-01 0
6.150000e+00 -7.500000e-01 0
6.200000e+00 -7.500000e-01 0
6.200000e+00 -7.000000e-01 0
6.150000e+00 -7.000000e-01 0
6.150000e+00 -7.000000e-01 0
6.200000e+00 -7.000000e-01 0
6.200000e+00 -6.500000e-01 0
6.150000e+00 -6.500000e-01 0
6.150000e+00 -6.500000e-01 0
6.200000e+00 -6.500000e-01 0
6.200000e+00 -6.000000e-01 0
6.150000e+00 -6.000000e-01 0
6.150000e+00 -6.000000e-01 0
6.200000e+00 -6.000000e-01 0
6.200000e+00 -5.500000e-01 0
6.150000e+00 -5.500000e-01 0
6.150000e+00 -5.500000e-01 0
6.200000e+00 -5.500000e-01 0
6.200000e+00 -5.000000e-01 0
6.150000e+00 -5.000000e-01 0
6.150000e+00 -5.000000e-01 0
6.200000e+00 -5.000000e-01 0
6.200000e+00 -4.500000e-01 0
6.150000e+00 -4.500000e-01 0
6.150000e+00 -4.500000e-01 0
6.200000e+00 -4.500000e-01 0
6.200000e+00 -4.000000e-01 0
6.150000e+00 -4.000000e-01 0
6.150000e+00 -4.000000e-01 0
6.200000e+00 -4.000000e-01 0
6.200000e+00 -3.500000e-01 0
6.150000e+00 -3.500000e-01 0
6.150000e+00 -3.500000e-01 0
6.200000e+00 -3.500000e-01 0
6.200000e+00 -3.000000e-01 0
6.150000e+00 -3.000000e-01 0
6.150000e+00 -3.000000e-01 0
6.200000e+00 -3.000000e-01 0
6.200000e+00 -2.500000e-01 0
6.150000e+00 -2.500000e-01 0
6.150000e+00 -2.500000e-01 0
6.200000e+00 -2.500000e-01 0
6.200000e+00 -2.000000e-01 0
6.150000e+00 -2.000000e-01 0
6.150000e+00 -2.000000e-01 0
6.200000e+00 -2.000000e-01 0
6.200000e+00 -1.500000e-01 0
6.150000e+00 -1.500000e-01 0
6.150000e+00 -1.500000e-01 0
6.200000e+00 -1.500000e-01 0
6.200000e+00 -1.000000e-01 0
6.150000e+00 -1.000000e-01 0
6.150000e+00 -1.000000e-01 0
6.200000e+00 -1.000000e-01 0
6.200000e+00 -5.000000e-02 0
6.150000e+00 -5.000000e-02 0
6.150000e+00 -5.000000e-02 0
6.200000e+00 -5.000000e-02 0
6.200000e+00 5.551115e-17 0
6.150000e+00 5.551115e-17 0
6.150000e+00 5.551115e-17 0
6.200000e+00 5.551115e-17 0
6.200000e+00 5.000000e-02 0
6.150000e+00 5.000000e-02 0
6.150000e+00 5.000000e-02 0
6.200000e+00 5.000000e-02 0
6.200000e+00 1.000000e-01 0
6.150000e+00 1.000000e-01 0
6.150000e+00 1.000000e-01 0
6.200000e+00 1.000000e-01 0
6.200000e+00 1.500000e-01 0
6.150000e+00 1.500000e-01 0
6.150000e+00 1.500000e-01 0
6.200000e+00 1.500000e-01 0
6.200000e+00 2.000000e-01 0
6.150000e+00 2.000000e-01 0
6.150000e+00 2.000000e-01 0
6.200000e+00 2.000000e-01 0
6.200000e+00 2.500000e-01 0
6.150000e+00 2.500000e-01 0
6.150000e+00 2.500000e-01 0
6.200000e+00 2.500000e-01 0
6.200000e+00 3.000000e-01 0
6.150000e+00 3.000000e-01 0
6.150000e+00 3.000000e-01 0
6.200000e+00 3.000000e-01 0
6.200000e+00 3.500000e-01 0
6.150000e+00 3.500000e-01 0
6.150000e+00 3.500000e-01 0
6.200000e+00 3.500000e-01 0
6.200000e+00 4.000000e-01 0
6.150000e+00 4.000000e-01 0
6.150000e+00 4.000000e-01 0
6.200000e+00 4.000000e-01 0
6.200000e+00 4.500000e-01 0
6.150000e+00 4.500000e-01 0
6.150000e+00 4.500000e-01 0
6.200000e+00 4.500000e-01 0
6.200000e+00 5.000000e-01 0
6.150000e+00 5.000000e-01 0
6.150000e+00 5.000000e-01 0
6.200000e+00 5.000000e-01 0
6.200000e+00 5.500000e-01 0
6.150000e+00 5.500000e-01 0
6.150000e+00 5.500000e-01 0
6.200000e+00 5.500000e-01 0
6.200000e+00 6.000000e-01 0
6.150000e+00 6.000000e-01 0
6.150000e+00 6.000000e-01 0
6.200000e+00 6.000000e-01 0
6.200000e+00 6.500000e-01 0
6.150000e+00 6.500000e-01 0
6.150000e+00 6.500000e-01 0
6.200000e+00 6.500000e-01 0
6.200000e+00 7.000000e-01 0
6.150000e+00 7.000000e-01 0
6.150000e+00 7.000000e-01 0
6.200000e+00 7.000000e-01 0
6.200000e+00 7.500000e-01 0
6.150000e+00 7.500000e-01 0
6.150000e+00 7.500000e-01 0
6.200000e+00 7.500000e-01 0
6.200000e+00 8.000000e-01 0
6.150000e+00 8.000000e-01 0
6.150000e+00 8.000000e-01 0
6.200000e+00 8.000000e-01 0
6.200000e+00 8.500000e-01 0
6.150000e+00 8.500000e-01 0
6.150000e+00 8.500000e-01 0
6.200000e+00 8.500000e-01 0
6.200000e+00 9.000000e-01 0
6.150000e+00 9.000000e-01 0
6.150000e+00 9.000000e-01 0
6.200000e+00 9.000000e-01 0
6.200000e+00 9.500000e-01 0
6.150000e+00 9.500000e-01 0
6.150000e+00 9.500000e-01 0
6.200000e+00 9.500000e-01 0
6.200000e+00 1.000000e+00 0
6.150000e+00 1.000000e+00 0
6.200000e+00 -1.000000e+00 0
6.250000e+00 -1.000000e+00 0
6.250000e+00 -9.500000e-01 0
6.200000e+00 -9.500000e-01 0
6.200000e+00 -9.500000e-01 0
6.250000e+00 -9.500000e-01 0
6.250000e+00 -9.000000e-01 0
6.200000e+00 -9.000000e-01 0
6.200000e+00 -9.000000e-01 0
6.250000e+00 -9.000000e-01 0
6.250000e+00 -8.500000e-01 0
6.200000e+00 -8.500000e-01 0
6.200000e+00 -8.500000e-01 0
6.250000e+00 -8.500000e-01 0
6.250000e+00 -8.000000e-01 0
6.200000e+00 -8.000000e-01 0
6.200000e+00 -8.000000e-01 0
6.250000e+00 -8.000000e-01 0
6.250000e+00 -7.500000e-01 0
6.200000e+00 -7.500000e-01 0
6.200000e+00 -7.500000e-01 0
6.250000e+00 -7.500000e-01 0
6.250000e+00 -7.000000e-01 0
6.200000e+00 -7.000000e-01 0
6.200000e+00 -7.000000e-01 0
6.250000e+00 -7.000000e-01 0
6.250000e+00 -6.500000e-01 0
6.200000e+00 -6.500000e-01 0
6.200000e+00 -6.500000e-01 0
6.250000e+00 -6.500000e-01 0
6.250000e+00 -6.000000e-01 0
6.200000e+00 -6.000000e-01 0
6.200000e+00 -6.000000e-01 0
6.250000e+00 -6.000000e-01 0
6.250000e+00 -5.500000e-01 0
6.200000e+00 -5.500000e-01 0
6.200000e+00 -5.500000e-01 0
6.250000e+00 -5.500000e-01 0
6.250000e+00 -5.000000e-01 0
6.200000e+00 -5.000000e-01 0
6.200000e+00 -5.000000e-01 0
6.250000e+00 -5.000000e-01 0
6.250000e+00 -4.500000e-01 0
6.200000e+00 -4.500000e-01 0
6.200000e+00 -4.500000e-01 0
6.250000e+00 -4.500000e-01 0
6.250000e+00 -4.000000e-01 0
6.200000e+00 -4.000000e-01 0
6.200000e+00 -4.000000e-01 0
6.250000e+00 -4.000000e-01 0
6.250000e+00 -3.500000e-01 0
6.200000e+00 -3.500000e-01 0
6.200000e+00 -3.500000e-01 0
6.250000e+00 -3.500000e-01 0
6.250000e+00 -3.000000e-01 0
6.200000e+00 -3.000000e-01 0
6.200000e+00 -3.000000e-01 0
6.250000e+00 -3.000000e-01 0
6.250000e+00 -2.500000e-01 0
6.200000e+00 -2.500000e-01 0
6.200000e+00 -2.500000e-01 0
6.250000e+00 -2.500000e-01 0
6.250000e+00 -2.000000e-01 0
6.200000e+00 -2.000000e-01 0
6.200000e+00 -2.000000e-01 0
6.250000e+00 -2.000000e-01 0
6.250000e+00 -1.500000e-01 0
6.200000e+00 -1.500000e-01 0
6.200000e+00 -1.500000e-01 0
6.250000e+00 -1.500000e-01 0
6.250000e+00 -1.000000e-01 0
6.200000e+00 -1.000000e-01 0
6.200000e+00 -1.000000e-01 0
6.250000e+00 -1.000000e-01 0
6.250000e+00 -5.000000e-02 0
6.200000e+00 -5.000000e-02 0
6.200000e+00 -5.000000e-02 0
6.250000e+00 -5.000000e-02 0
6.250000e+00 5.551115e-17 0
6.200000e+00 5.551115e-17 0
6.200000e+00 5.551115e-17 0
6.250000e+00 5.551115e-17 0
6.250000e+00 5.000000e-02 0
6.200000e+00 5.000000e-02 0
6.200000e+00 5.000000e-02 0
6.250000e+00 5.000000e-02 0
6.250000e+00 1.000000e-01 0
6.200000e+00 1.000000e-01 0
6.200000e+00 1.000000e-01 0
6.250000e+00 1.000000e-01 0
6.250000e+00 1.500000e-01 0
6.200000e+00 1.500000e-01 0
6.200000e+00 1.500000e-01 0
6.250000e+00 1.500000e-01 0
6.250000e+00 2.000000e-01 0
6.200000e+00 2.000000e-01 0
6.200000e+00 2.000000e-01 0
6.250000e+00 2.000000e-01 0
6.250000e+00 2.500000e-01 0
6.200000e+00 2.500000e-01 0
6.200000e+00 2.500000e-01 0
6.250000e+00 2.500000e-01 0
6.250000e+00 3.000000e-01 0
6.200000e+00 3.000000e-01 0
6.200000e+00 3.000000e-01 0
6.250000e+00 3.000000e-01 0
6.250000e+00 3.500000e-01 0
6.200000e+00 3.500000e-01 0
6.200000e+00 3.500000e-01 0
6.250000e+00 3.500000e-01 0
6.250000e+00 4.000000e-01 0
6.200000e+00 4.000000e-01 0
6.200000e+00 4.000000e-01 0
6.250000e+00 4.000000e-01 0
6.250000e+00 4.500000e-01 0
6.200000e+00 4.500000e-01 0
6.200000e+00 4.500000e-01 0
6.250000e+00 4.500000e-01 0
6.250000e+00 5.000000e-01 0
6.200000e+00 5.000000e-01 0
6.200000e+00 5.000000e-01 0
6.250000e+00 5.000000e-01 0
6.250000e+00 5.500000e-01 0
6.200000e+00 5.500000e-01 0
6.200000e+00 5.500000e-01 0
6.250000e+00 5.500000e-01 0
6.250000e+00 6.000000e-01 0
6.200000e+00 6.000000e-01 0
6.200000e+00 6.000000e-01 0
6.250000e+00 6.000000e-01 0
6.250000e+00 6.500000e-01 0
6.200000e+00 6.500000e-01 0
6.200000e+00 6.500000e-01 0
6.250000e+00 6.500000e-01 0
6.250000e+00 7.000000e-01 0
6.200000e+00 7.000000e-01 0
6.200000e+00 7.000000e-01 0
6.250000e+00 7.000000e-01 0
6.250000e+00 7.500000e-01 0
6.200000e+00 7.500000e-01 0
6.200000e+00 7.500000e-01 0
6.250000e+00 7.500000e-01 0
6.250000e+00 8.000000e-01 0
6.200000e+00 8.000000e-01 0
6.200000e+00 8.000000e-01 0
6.250000e+00 8.000000e-01 0
6.250000e+00 8.500000e-01 0
6.200000e+00 8.500000e-01 0
6.200000e+00 8.500000e-01 0
6.250000e+00 8.500000e-01 0
6.250000e+00 9.000000e-01 0
6.200000e+00 9.000000e-01 0
6.200000e+00 9.000000e-01 0
6.250000e+00 9.000000e-01 0
6.250000e+00 9.500000e-01 0
6.200000e+00 9.500000e-01 0
6.200000e+00 9.500000e-01 0
6.250000e+00 9.500000e-01 0
6.250000e+00 1.000000e+00 0
6.200000e+00 1.000000e+00 0
6.250000e+00 -1.000000e+00 0
6.300000e+00 -1.000000e+00 0
6.300000e+00 -9.500000e-01 0
6.250000e+00 -9.500000e-01 0
6.250000e+00 -9.500000e-01 0
6.300000e+00 -9.500000e-01 0
6.300000e+00 -9.000000e-01 0
6.250000e+00 -9.000000e-01 0
6.250000e+00 -9.000000e-01 0
6.300000e+00 -9.000000e-01 0
6.300000e+00 -8.500000e-01 0
6.250000e+00 -8.500000e-01 0
6.250000e+00 -8.500000e-01 0
6.300000e+00 -8.500000e-01 0
6.300000e+00 -8.000000e-01 0
6.250000e+00 -8.000000e-01 0
6.250000e+00 -8.000000e-01 0
6.300000e+00 -8.000000e-01 0
6.300000e+00 -7.500000e-01 0
6.250000e+00 -7.500000e-01 0
6.250000e+00 -7.500000e-01 0
6.300000e+00 -7.500000e-01 0
6.300000e+00 -7.000000e-01 0
6.250000e+00 -7.000000e-01 0
6.250000e+00 -7.000000e-01 0
6.300000e+00 -7.000000e-01 0
6.300000e+00 -6.500000e-01 0
6.250000e+00 -6.500000e-01 0
6.250000e+00 -6.500000e-01 0
6.300000e+00 -6.500000e-01 0
6.300000e+00 -6.000000e-01 0
6.250000e+00 -6.000000e-01 0
6.250000e+00 -6.000000e-01 0
6.300000e+00 -6.000000e-01 0
6.300000e+00 -5.500000e-01 0
6.250000e+00 -5.500000e-01 0
6.250000e+00 -5.500000e-01 0
6.300000e+00 -5.500000e-01 0
6.300000e+00 -5.000000e-01 0
6.250000e+00 -5.000000e-01 0
6.250000e+00 -5.000000e-01 0
6.300000e+00 -5.000000e-01 0
6.300000e+00 -4.500000e-01 0
6.250000e+00 -4.500000e-01 0
6.250000e+00 -4.500000e-01 0
6.300000e+00 -4.500000e-01 0
6.300000e+00 -4.000000e-01 0
6.250000e+00 -4.000000e-01 0
6.250000e+00 -4.000000e-01 0
6.300000e+00 -4.000000e-01 0
6.300000e+00 -3.500000e-01 0
6.250000e+00 -3.500000e-01 0
6.250000e+00 -3.500000e-01 0
6.300000e+00 -3.500000e-01 0
6.300000e+00 -3.000000e-01 0
6.250000e+00 -3.000000e-01 0
6.250000e+00 -3.000000e-01 0
6.300000e+00 -3.000000e-01 0
6.300000e+00 -2.500000e-01 0
6.250000e+00 -2.500000e-01 0
6.250000e+00 -2.500000e-01 0
6.300000e+00 -2.500000e-01 0
6.300000e+00 -2.000000e-01 0
6.250000e+00 -2.000000e-01 0
6.250000e+00 -2.000000e-01 0
6.300000e+00 -2.000000e-01 0
6.300000e+00 -1.500000e-01 0
6.250000e+00 -1.500000e-01 0
6.250000e+00 -1.500000e-01 0
6.300000e+00 -1.500000e-01 0
6.300000e+00 -1.000000e-01 0
6.250000e+00 -1.000000e-01 0
6.250000e+00 -1.000000e-01 0
6.300000e+00 -1.000000e-01 0
6.300000e+00 -5.000000e-02 0
6.250000e+00 -5.000000e-02 0
6.250000e+00 -5.000000e-02 0
6.300000e+00 -5.000000e-02 0
6.300000e+00 5.551115e-17 0
6.250000e+00 5.551115e-17 0
6.250000e+00 5.551115e-17 0
6.300000e+00 5.551115e-17 0
6.300000e+00 5.000000e-02 0
6.250000e+00 5.000000e-02 0
6.250000e+00 5.000000e-02 0
6.300000e+00 5.000000e-02 0
6.300000e+00 1.000000e-01 0
6.250000e+00 1.000000e-01 0
6.250000e+00 1.000000e-01 0
6.300000e+00 1.000000e-01 0
6.300000e+00 1.500000e-01 0
6.250000e+00 1.500000e-01 0
6.250000e+00 1.500000e-01 0
6.300000e+00 1.500000e-01 0
6.300000e+00 2.000000e-01 0
6.250000e+00 2.000000e-01 0
6.250000e+00 2.000000e-01 0
6.300000e+00 2.000000e-01 0
6.300000e+00 2.500000e-01 0
6.250000e+00 2.500000e-01 0
6.250000e+00 2.500000e-01 0
6.300000e+00 2.500000e-01 0
6.300000e+00 3.000000e-01 0
6.250000e+00 3.000000e-01 0
6.250000e+00 3.000000e-01 0
6.300000e+00 3.000000e-01 0
6.300000e+00 3.500000e-01 0
6.250000e+00 3.500000e-01 0
6.250000e+00 3.500000e-01 0
6.300000e+00 3.500000e-01 0
6.300000e+00 4.000000e-01 0
6.250000e+00 4.000000e-01 0
6.250000e+00 4.000000e-01 0
6.300000e+00 4.000000e-01 0
6.300000e+00 4.500000e-01 0
6.250000e+00 4.500000e-01 0
6.250000e+00 4.500000e-01 0
6.300000e+00 4.500000e-01 0
6.300000e+00 5.000000e-01 0
6.250000e+00 5.000000e-01 0
6.250000e+00 5.000000e-01 0
6.300000e+00 5.000000e-01 0
6.300000e+00 5.500000e-01 0
6.250000e+00 5.500000e-01 0
6.250000e+00 5.500000e-01 0
6.300000e+00 5.500000e-01 0
6.300000e+00 6.000000e-01 0
6.250000e+00 6.000000e-01 0
6.250000e+00 6.000000e-01 0
6.300000e+00 6.000000e-01 0
6.300000e+00 6.500000e-01 0
6.250000e+00 6.500000e-01 0
6.250000e+00 6.500000e-01 0
6.300000e+00 6.500000e-01 0
6.300000e+00 7.000000e-01 0
6.250000e+00 7.000000e-01 0
6.250000e+00 7.000000e-01 0
6.300000e+00 7.000000e-01 0
6.300000e+00 7.500000e-01 0
6.250000e+00 7.500000e-01 0
6.250000e+00 7.500000e-01 0
6.300000e+00 7.500000e-01 0
6.300000e+00 8.000000e-01 0
6.250000e+00 8.000000e-01 0
6.250000e+00 8.000000e-01 0
6.300000e+00 8.000000e-01 0
6.300000e+00 8.500000e-01 0
6.250000e+00 8.500000e-01 0
6.250000e+00 8.500000e-01 0
6.300000e+00 8.500000e-01 0
6.300000e+00 9.000000e-01 0
6.250000e+00 9.000000e-01 0
6.250000e+00 9.000000e-01 0
6.300000e+00 9.000000e-01 0
6.300000e+00 9.500000e-01 0
6.250000e+00 9.500000e-01 0
6.250000e+00 9.500000e-01 0
6.300000e+00 9.500000e-01 0
6.300000e+00 1.000000e+00 0
6.250000e+00 1.000000e+00 0
6.300000e+00 -1.000000e+00 0
6.350000e+00 -1.000000e+00 0
6.350000e+00 -9.500000e-01 0
6.300000e+00 -9.500000e-01 0
6.300000e+00 -9.500000e-01 0
6.350000e+00 -9.500000e-01 0
6.350000e+00 -9.000000e-01 0
6.300000e+00 -9.000000e-01 0
6.300000e+00 -9.000000e-01 0
6.350000e+00 -9.000000e-01 0
6.350000e+00 -8.500000e-01 0
6.300000e+00 -8.500000e-01 0
6.300000e+00 -8.500000e-01 0
6.350000e+00 -8.500000e-01 0
6.350000e+00 -8.000000e-01 0
6.300000e+00 -8.000000e-01 0
6.300000e+00 -8.000000e-01 0
6.350000e+00 -8.000000e-01 0
6.350000e+00 -7.500000e-01 0
6.300000e+00 -7.500000e-01 0
6.300000e+00 -7.500000e-01 0
6.350000e+00 -7.500000e-01 0
6.350000e+00 -7.000000e-01 0
6.300000e+00 -7.000000e-01 0
6.300000e+00 -7.000000e-01 0
6.350000e+00 -7.000000e-01 0
6.350000e+00 -6.500000e-01 0
6.300000e+00 -6.500000e-01 0
6.300000e+00 -6.500000e-01 0
6.350000e+00 -6.500000e-01 0
6.350000e+00 -6.000000e-01 0
6.300000e+00 -6.000000e-01 0
6.300000e+00 -6.000000e-01 0
6.350000e+00 -6.000000e-01 0
6.350000e+00 -5.500000e-01 0
6.300000e+00 -5.500000e-01 0
6.300000e+00 -5.500000e-01 0
6.350000e+00 -5.500000e-01 0
6.350000e+00 -5.000000e-01 0
6.300000e+00 -5.000000e-01 0
6.300000e+00 -5.000000e-01 0
6.350000e+00 -5.000000e-01 0
6.350000e+00 -4.500000e-01 0
6.300000e+00 -4.500000e-01 0
6.300000e+00 -4.500000e-01 0
6.350000e+00 -4.500000e-01 0
6.350000e+00 -4.000000e-01 0
6.300000e+00 -4.000000e-01 0
6.300000e+00 -4.000000e-01 0
6.350000e+00 -4.000000e-01 0
6.350000e+00 -3.500000e-01 0
6.300000e+00 -3.500000e-01 0
6.300000e+00 -3.500000e-01 0
6.350000e+00 -3.500000e-01 0
6.350000e+00 -3.000000e-01 0
6.300000e+00 -3.000000e-01 0
6.300000e+00 -3.000000e-01 0
6.350000e+00 -3.000000e-01 0
6.350000e+00 -2.500000e-01 0
6.300000e+00 -2.500000e-01 0
6.300000e+00 -2.500000e-01 0
6.350000e+00 -2.500000e-01 0
6.350000e+00 -2.000000e-01 0
6.300000e+00 -2.000000e-01 0
6.300000e+00 -2.000000e-01 0
6.350000e+00 -2.000000e-01 0
6.350000e+00 -1.500000e-01 0
6.300000e+00 -1.500000e-01 0
6.300000e+00 -1.500000e-01 0
6.350000e+00 -1.500000e-01 0
6.350000e+00 -1.000000e-01 0
6.300000e+00 -1.000000e-01 0
6.300000e+00 -1.000000e-01 0
6.350000e+00 -1.000000e-01 0
6.350000e+00 -5.000000e-02 0
6.300000e+00 -5.000000e-02 0
6.300000e+00 -5.000000e-02 0
6.350000e+00 -5.000000e-02 0
6.350000e+00 5.551115e-17 0
6.300000e+00 5.551115e-17 0
6.300000e+00 5.551115e-17 0
6.350000e+00 5.551115e-17 0
6.350000e+00 5.000000e-02 0
6.300000e+00 5.000000e-02 0
6.300000e+00 5.000000e-02 0
6.350000e+00 5.000000e-02 0
6.350000e+00 1.000000e-01 0
6.300000e+00 1.000000e-01 0
6.300000e+00 1.000000e-01 0
6.350000e+00 1.000000e-01 0
6.350000e+00 1.500000e-01 0
6.300000e+00 1.500000e-01 0
6.300000e+00 1.500000e-01 0
6.350000e+00 1.500000e-01 0
6.350000e+00 2.000000e-01 0
6.300000e+00 2.000000e-01 0
6.300000e+00 2.000000e-01 0
6.350000e+00 2.000000e-01 0
6.350000e+00 2.500000e-01 0
6.300000e+00 2.500000e-01 0
6.300000e+00 2.500000e-01 0
6.350000e+00 2.500000e-01 0
6.350000e+00 3.000000e-01 0
6.300000e+00 3.000000e-01 0
6.300000e+00 3.000000e-01 0
6.350000e+00 3.000000e-01 0
6.350000e+00 3.500000e-01 0
6.300000e+00 3.500000e-01 0
6.300000e+00 3.500000e-01 0
6.350000e+00 3.500000e-01 0
6.350000e+00 4.000000e-01 0
6.300000e+00 4.000000e-01 0
6.300000e+00 4.000000e-01 0
6.350000e+00 4.000000e-01 0
6.350000e+00 4.500000e-01 0
6.300000e+00 4.500000e-01 0
6.300000e+00 4.500000e-01 0
6.350000e+00 4.500000e-01 0
6.350000e+00 5.000000e-01 0
6.300000e+00 5.000000e-01 0
6.300000e+00 5.000000e-01 0
6.350000e+00 5.000000e-01 0
6.350000e+00 5.500000e-01 0
6.300000e+00 5.500000e-01 0
6.300000e+00 5.500000e-01 0
6.350000e+00 5.500000e-01 0
6.350000e+00 6.000000e-01 0
6.300000e+00 6.000000e-01 0
6.300000e+00 6.000000e-01 0
6.350000e+00 6.000000e-01 0
6.350000e+00 6.500000e-01 0
6.300000e+00 6.500000e-01 0
6.300000e+00 6.500000e-01 0
6.350000e+00 6.500000e-01 0
6.350000e+00 7.000000e-01 0
6.300000e+00 7.000000e-01 0
6.300000e+00 7.000000e-01 0
6.350000e+00 7.000000e-01 0
6.350000e+00 7.500000e-01 0
6.300000e+00 7.500000e-01 0
6.300000e+00 7.500000e-01 0
6.350000e+00 7.500000e-01 0
6.350000e+00 8.000000e-01 0
6.300000e+00 8.000000e-01 0
6.300000e+00 8.000000e-01 0
6.350000e+00 8.000000e-01 0
6.350000e+00 8.500000e-01 0
6.300000e+00 8.500000e-01 0
6.300000e+00 8.500000e-01 0
6.350000e+00 8.500000e-01 0
6.350000e+00 9.000000e-01 0
6.300000e+00 9.000000e-01 0
6.300000e+00 9.000000e-01 0
6.350000e+00 9.000000e-01 0
6.350000e+00 9.500000e-01 0
6.300000e+00 9.500000e-01 0
6.300000e+00 9.500000e-01 0
6.350000e+00 9.500000e-01 0
6.350000e+00 1.000000e+00 0
6.300000e+00 1.000000e+00 0
6.350000e+00 -1.000000e+00 0
6.400000e+00 -1.000000e+00 0
6.400000e+00 -9.500000e-01 0
6.350000e+00 -9.500000e-01 0
6.350000e+00 -9.500000e-01 0
6.400000e+00 -9.500000e-01 0
6.400000e+00 -9.000000e-01 0
6.350000e+00 -9.000000e-01 0
6.350000e+00 -9.000000e-01 0
6.400000e+00 -9.000000e-01 0
6.400000e+00 -8.500000e-01 0
6.350000e+00 -8.500000e-01 0
6.350000e+00 -8.500000e-01 0
6.400000e+00 -8.500000e-01 0
6.400000e+00 -8.000000e-01 0
6.350000e+00 -8.000000e-01 0
6.350000e+00 -8.000000e-01 0
6.400000e+00 -8.000000e-01 0
6.400000e+00 -7.500000e-01 0
6.350000e+00 -7.500000e-01 0
6.350000e+00 -7.500000e-01 0
6.400000e+00 -7.500000e-01 0
6.400000e+00 -7.000000e-01 0
6.350000e+00 -7.000000e-01 0
6.350000e+00 -7.000000e-01 0
6.400000e+00 -7.000000e-01 0
6.400000e+00 -6.500000e-01 0
6.350000e+00 -6.500000e-01 0
6.350000e+00 -6.500000e-01 0
6.400000e+00 -6.500000e-01 0
6.400000e+00 -6.000000e-01 0
6.350000e+00 -6.000000e-01 0
6.350000e+00 -6.000000e-01 0
6.400000e+00 -6.000000e-01 0
6.400000e+00 -5.500000e-01 0
6.350000e+00 -5.500000e-01 0
6.350000e+00 -5.500000e-01 0
6.400000e+00 -5.500000e-01 0
6.400000e+00 -5.000000e-01 0
6.350000e+00 -5.000000e-01 0
6.350000e+00 -5.000000e-01 0
6.400000e+00 -5.000000e-01 0
6.400000e+00 -4.500000e-01 0
6.350000e+00 -4.500000e-01 0
6.350000e+00 -4.500000e-01 0
6.400000e+00 -4.500000e-01 0
6.400000e+00 -4.000000e-01 0
6.350000e+00 -4.000000e-01 0
6.350000e+00 -4.000000e-01 0
6.400000e+00 -4.000000e-01 0
6.400000e+00 -3.500000e-01 0
6.350000e+00 -3.500000e-01 0
6.350000e+00 -3.500000e-01 0
6.400000e+00 -3.500000e-01 0
6.400000e+00 -3.000000e-01 0
6.350000e+00 -3.000000e-01 0
6.350000e+00 -3.000000e-01 0
6.400000e+00 -3.000000e-01 0
6.400000e+00 -2.500000e-01 0
6.350000e+00 -2.500000e-01 0
6.350000e+00 -2.500000e-01 0
6.400000e+00 -2.500000e-01 0
6.400000e+00 -2.000000e-01 0
6.350000e+00 -2.000000e-01 0
6.350000e+00 -2.000000e-01 0
6.400000e+00 -2.000000e-01 0
6.400000e+00 -1.500000e-01 0
6.350000e+00 -1.500000e-01 0
6.350000e+00 -1.500000e-01 0
6.400000e+00 -1.500000e-01 0
6.400000e+00 -1.000000e-01 0
6.350000e+00 -1.000000e-01 0
6.350000e+00 -1.000000e-01 0
6.400000e+00 -1.000000e-01 0
6.400000e+00 -5.000000e-02 0
6.350000e+00 -5.000000e-02 0
6.350000e+00 -5.000000e-02 0
6.400000e+00 -5.000000e-02 0
6.400000e+00 5.551115e-17 0
6.350000e+00 5.551115e-17 0
6.350000e+00 5.551115e-17 0
6.400000e+00 5.551115e-17 0
6.400000e+00 5.000000e-02 0
6.350000e+00 5.000000e-02 0
6.350000e+00 5.000000e-02 0
6.400000e+00 5.000000e-02 0
6.400000e+00 1.000000e-01 0
6.350000e+00 1.000000e-01 0
6.350000e+00 1.000000e-01 0
6.400000e+00 1.000000e-01 0
6.400000e+00 1.500000e-01 0
6.350000e+00 1.500000e-01 0
6.350000e+00 1.500000e-01 0
6.400000e+00 1.500000e-01 0
6.400000e+00 2.000000e-01 0
6.350000e+00 2.000000e-01 0
6.350000e+00 2.000000e-01 0
6.400000e+00 2.000000e-01 0
6.400000e+00 2.500000e-01 0
6.350000e+00 2.500000e-01 0
6.350000e+00 2.500000e-01 0
6.400000e+00 2.500000e-01 0
6.400000e+00 3.000000e-01 0
6.350000e+00 3.000000e-01 0
6.350000e+00 3.000000e-01 0
6.400000e+00 3.000000e-01 0
6.400000e+00 3.500000e-01 0
6.350000e+00 3.500000e-01 0
6.350000e+00 3.500000e-01 0
6.400000e+00 3.500000e-01 0
6.400000e+00 4.000000e-01 0
6.350000e+00 4.000000e-01 0
6.350000e+00 4.000000e-01 0
6.400000e+00 4.000000e-01 0
6.400000e+00 4.500000e-01 0
6.350000e+00 4.500000e-01 0
6.350000e+00 4.500000e-01 0
6.400000e+00 4.500000e-01 0
6.400000e+00 5.000000e-01 0
6.350000e+00 5.000000e-01 0
6.350000e+00 5.000000e-01 0
6.400000e+00 5.000000e-01 0
6.400000e+00 5.500000e-01 0
6.350000e+00 5.500000e-01 0
6.350000e+00 5.500000e-01 0
6.400000e+00 5.500000e-01 0
6.400000e+00 6.000000e-01 0
6.350000e+00 6.000000e-01 0
6.350000e+00 6.000000e-01 0
6.400000e+00 6.000000e-01 0
6.400000e+00 6.500000e-01 0
6.350000e+00 6.500000e-01 0
6.350000e+00 6.500000e-01 0
6.400000e+00 6.500000e-01 0
6.400000e+00 7.000000e-01 0
6.350000e+00 7.000000e-01 0
6.350000e+00 7.000000e-01 0
6.400000e+00 7.000000e-01 0
6.400000e+00 7.500000e-01 0
6.350000e+00 7.500000e-01 0
6.350000e+00 7.500000e-01 0
6.400000e+00 7.500000e-01 0
6.400000e+00 8.000000e-01 0
6.350000e+00 8.000000e-01 0
6.350000e+00 8.000000e-01 0
6.400000e+00 8.000000e-01 0
6.400000e+00 8.500000e-01 0
6.350000e+00 8.500000e-01 0
6.350000e+00 8.500000e-01 0
6.400000e+00 8.500000e-01 0
6.400000e+00 9.000000e-01 0
6.350000e+00 9.000000e-01 0
6.350000e+00 9.000000e-01 0
6.400000e+00 9.000000e-01 0
6.400000e+00 9.500000e-01 0
6.350000e+00 9.500000e-01 0
6.350000e+00 9.500000e-01 0
6.400000e+00 9.500000e-01 0
6.400000e+00 1.000000e+00 0
6.350000e+00 1.000000e+00 0
6.400000e+00 -1.000000e+00 0
6.450000e+00 -1.000000e+00 0
6.450000e+00 -9.500000e-01 0
6.400000e+00 -9.500000e-01 0
6.400000e+00 -9.500000e-01 0
6.450000e+00 -9.500000e-01 0
6.450000e+00 -9.000000e-01 0
6.400000e+00 -9.000000e-01 0
6.400000e+00 -9.000000e-01 0
6.450000e+00 -9.000000e-01 0
6.450000e+00 -8.500000e-01 0
6.400000e+00 -8.500000e-01 0
6.400000e+00 -8.500000e-01 0
6.450000e+00 -8.500000e-01 0
6.450000e+00 -8.000000e-01 0
6.400000e+00 -8.000000e-01 0
6.400000e+00 -8.000000e-01 0
6.450000e+00 -8.000000e-01 0
6.450000e+00 -7.500000e-01 0
6.400000e+00 -7.500000e-01 0
6.400000e+00 -7.500000e-01 0
6.450000e+00 -7.500000e-01 0
6.450000e+00 -7.000000e-01 0
6.400000e+00 -7.000000e-01 0
6.400000e+00 -7.000000e-01 0
6.450000e+00 -7.000000e-01 0
6.450000e+00 -6.500000e-01 0
6.400000e+00 -6.500000e-01 0
6.400000e+00 -6.500000e-01 0
6.450000e+00 -6.500000e-01 0
6.450000e+00 -6.000000e-01 0
6.400000e+00 -6.000000e-01 0
6.400000e+00 -6.000000e-01 0
6.450000e+00 -6.000000e-01 0
6.450000e+00 -5.500000e-01 0
6.400000e+00 -5.500000e-01 0
6.400000e+00 -5.500000e-01 0
6.450000e+00 -5.500000e-01 0
6.450000e+00 -5.000000e-01 0
6.400000e+00 -5.000000e-01 0
6.400000e+00 -5.000000e-01 0
6.450000e+00 -5.000000e-01 0
6.450000e+00 -4.500000e-01 0
6.400000e+00 -4.500000e-01 0
6.400000e+00 -4.500000e-01 0
6.450000e+00 -4.500000e-01 0
6.450000e+00 -4.000000e-01 0
6.400000e+00 -4.000000e-01 0
6.400000e+00 -4.000000e-01 0
6.450000e+00 -4.000000e-01 0
6.450000e+00 -3.500000e-01 0
6.400000e+00 -3.500000e-01 0
6.400000e+00 -3.500000e-01 0
6.450000e+00 -3.500000e-01 0
6.450000e+00 -3.000000e-01 0
6.400000e+00 -3.000000e-01 0
6.400000e+00 -3.000000e-01 0
6.450000e+00 -3.000000e-01 0
6.450000e+00 -2.500000e-01 0
6.400000e+00 -2.500000e-01 0
6.400000e+00 -2.500000e-01 0
6.450000e+00 -2.500000e-01 0
6.450000e+00 -2.000000e-01 0
6.400000e+00 -2.000000e-01 0
6.400000e+00 -2.000000e-01 0
6.450000e+00 -2.000000e-01 0
6.450000e+00 -1.500000e-01 0
6.400000e+00 -1.500000e-01 0
6.400000e+00 -1.500000e-01 0
6.450000e+00 -1.500000e-01 0
6.450000e+00 -1.000000e-01 0
6.400000e+00 -1.000000e-01 0
6.400000e+00 -1.000000e-01 0
6.450000e+00 -1.000000e-01 0
6.450000e+00 -5.000000e-02 0
6.400000e+00 -5.000000e-02 0
6.400000e+00 -5.000000e-02 0
6.450000e+00 -5.000000e-02 0
6.450000e+00 5.551115e-17 0
6.400000e+00 5.551115e-17 0
6.400000e+00 5.551115e-17 0
6.450000e+00 5.551115e-17 0
6.450000e+00 5.000000e-02 0
6.400000e+00 5.000000e-02 0
6.400000e+00 5.000000e-02 0
6.450000e+00 5.000000e-02 0
6.450000e+00 1.000000e-01 0
6.400000e+00 1.000000e-01 0
6.400000e+00 1.000000e-01 0
6.450000e+00 1.000000e-01 0
6.450000e+00 1.500000e-01 0
6.400000e+00 1.500000e-01 0
6.400000e+00 1.500000e-01 0
6.450000e+00 1.500000e-01 0
6.450000e+00 2.000000e-01 0
6.400000e+00 2.000000e-01 0
6.400000e+00 2.000000e-01 0
6.450000e+00 2.000000e-01 0
6.450000e+00 2.500000e-01 0
6.400000e+00 2.500000e-01 0
6.400000e+00 2.500000e-01 0
6.450000e+00 2.500000e-01 0
6.450000e+00 3.000000e-01 0
6.400000e+00 3.000000e-01 0
6.400000e+00 3.000000e-01 0
6.450000e+00 3.000000e-01 0
6.450000e+00 3.500000e-01 0
6.400000e+00 3.500000e-01 0
6.400000e+00 3.500000e-01 0
6.450000e+00 3.500000e-01 0
6.450000e+00 4.000000e-01 0
6.400000e+00 4.000000e-01 0
6.400000e+00 4.000000e-01 0
6.450000e+00 4.000000e-01 0
6.450000e+00 4.500000e-01 0
6.400000e+00 4.500000e-01 0
6.400000e+00 4.500000e-01 0
6.450000e+00 4.500000e-01 0
6.450000e+00 5.000000e-01 0
6.400000e+00 5.000000e-01 0
6.400000e+00 5.000000e-01 0
6.450000e+00 5.000000e-01 0
6.450000e+00 5.500000e-01 0
6.400000e+00 5.500000e-01 0
6.400000e+00 5.500000e-01 0
6.450000e+00 5.500000e-01 0
6.450000e+00 6.000000e-01 0
6.400000e+00 6.000000e-01 0
6.400000e+00 6.000000e-01 0
6.450000e+00 6.000000e-01 0
6.450000e+00 6.500000e-01 0
6.400000e+00 6.500000e-01 0
6.400000e+00 6.500000e-01 0
6.450000e+00 6.500000e-01 0
6.450000e+00 7.000000e-01 0
6.400000e+00 7.000000e-01 0
6.400000e+00 7.000000e-01 0
6.450000e+00 7.000000e-01 0
6.450000e+00 7.500000e-01 0
6.400000e+00 7.500000e-01 0
6.400000e+00 7.500000e-01 0
6.450000e+00 7.500000e-01 0
6.450000e+00 8.000000e-01 0
6.400000e+00 8.000000e-01 0
6.400000e+00 8.000000e-01 0
6.450000e+00 8.000000e-01 0
6.450000e+00 8.500000e-01 0
6.400000e+00 8.500000e-01 0
6.400000e+00 8.500000e-01 0
6.450000e+00 8.500000e-01 0
6.450000e+00 9.000000e-01 0
6.400000e+00 9.000000e-01 0
6.400000e+00 9.000000e-01 0
6.450000e+00 9.000000e-01 0
6.450000e+00 9.500000e-01 0
6.400000e+00 9.500000e-01 0
6.400000e+00 9.500000e-01 0
6.450000e+00 9.500000e-01 0
6.450000e+00 1.000000e+00 0
6.400000e+00 1.000000e+00 0
6.450000e+00 -1.000000e+00 0
6.500000e+00 -1.000000e+00 0
6.500000e+00 -9.500000e-01 0
6.450000e+00 -9.500000e-01 0
6.450000e+00 -9.500000e-01 0
6.500000e+00 -9.500000e-01 0
6.500000e+00 -9.000000e-01 0
6.450000e+00 -9.000000e-01 0
6.450000e+00 -9.000000e-01 0
6.500000e+00 -9.000000e-01 0
6.500000e+00 -8.500000e-01 0
6.450000e+00 -8.500000e-01 0
6.450000e+00 -8.500000e-01 0
6.500000e+00 -8.500000e-01 0
6.500000e+00 -8.000000e-01 0
6.450000e+00 -8.000000e-01 0
6.450000e+00 -8.000000e-01 0
6.500000e+00 -8.000000e-01 0
6.500000e+00 -7.500000e-01 0
6.450000e+00 -7.500000e-01 0
6.450000e+00 -7.500000e-01 0
6.500000e+00 -7.500000e-01 0
6.500000e+00 -7.000000e-01 0
6.450000e+00 -7.000000e-01 0
6.450000e+00 -7.000000e-01 0
6.500000e+00 -7.000000e-01 0
6.500000e+00 -6.500000e-01 0
6.450000e+00 -6.500000e-01 0
6.450000e+00 -6.500000e-01 0
6.500000e+00 -6.500000e-01 0
6.500000e+00 -6.000000e-01 0
6.450000e+00 -6.000000e-01 0
6.450000e+00 -6.000000e-01 0
6.500000e+00 -6.000000e-01 0
6.500000e+00 -5.500000e-01 0
6.450000e+00 -5.500000e-01 0
6.450000e+00 -5.500000e-01 0
6.500000e+00 -5.500000e-01 0
6.500000e+00 -5.000000e-01 0
6.450000e+00 -5.000000e-01 0
6.450000e+00 -5.000000e-01 0
6.500000e+00 -5.000000e-01 0
6.500000e+00 -4.500000e-01 0
6.450000e+00 -4.500000e-01 0
6.450000e+00 -4.500000e-01 0
6.500000e+00 -4.500000e-01 0
6.500000e+00 -4.000000e-01 0
6.450000e+00 -4.000000e-01 0
6.450000e+00 -4.000000e-01 0
6.500000e+00 -4.000000e-01 0
6.500000e+00 -3.500000e-01 0
6.450000e+00 -3.500000e-01 0
6.450000e+00 -3.500000e-01 0
6.500000e+00 -3.500000e-01 0
6.500000e+00 -3.000000e-01 0
6.450000e+00 -3.000000e-01 0
6.450000e+00 -3.000000e-01 0
6.500000e+00 -3.000000e-01 0
6.500000e+00 -2.500000e-01 0
6.450000e+00 -2.500000e-01 0
6.450000e+00 -2.500000e-01 0
6.500000e+00 -2.500000e-01 0
6.500000e+00 -2.000000e-01 0
6.450000e+00 -2.000000e-01 0
6.450000e+00 -2.000000e-01 0
6.500000e+00 -2.000000e-01 0
6.500000e+00 -1.500000e-01 0
6.450000e+00 -1.500000e-01 0
6.450000e+00 -1.500000e-01 0
6.500000e+00 -1.500000e-01 0
6.500000e+00 -1.000000e-01 0
6.450000e+00 -1.000000e-01 0
6.450000e+00 -1.000000e-01 0
6.500000e+00 -1.000000e-01 0
6.500000e+00 -5.000000e-02 0
6.450000e+00 -5.000000e-02 0
6.450000e+00 -5.000000e-02 0
6.500000e+00 -5.000000e-02 0
6.500000e+00 5.551115e-17 0
6.450000e+00 5.551115e-17 0
6.450000e+00 5.551115e-17 0
6.500000e+00 5.551115e-17 0
6.500000e+00 5.000000e-02 0
6.450000e+00 5.000000e-02 0
6.450000e+00 5.000000e-02 0
6.500000e+00 5.000000e-02 0
6.500000e+00 1.000000e-01 0
6.450000e+00 1.000000e-01 0
6.450000e+00 1.000000e-01 0
6.500000e+00 1.000000e-01 0
6.500000e+00 1.500000e-01 0
6.450000e+00 1.500000e-01 0
6.450000e+00 1.500000e-01 0
6.500000e+00 1.500000e-01 0
6.500000e+00 2.000000e-01 0
6.450000e+00 2.000000e-01 0
6.450000e+00 2.000000e-01 0
6.500000e+00 2.000000e-01 0
6.500000e+00 2.500000e-01 0
6.450000e+00 2.500000e-01 0
6.450000e+00 2.500000e-01 0
6.500000e+00 2.500000e-01 0
6.500000e+00 3.000000e-01 0
6.450000e+00 3.000000e-01 0
6.450000e+00 3.000000e-01 0
6.500000e+00 3.000000e-01 0
6.500000e+00 3.500000e-01 0
6.450000e+00 3.500000e-01 0
6.450000e+00 3.500000e-01 0
6.500000e+00 3.500000e-01 0
6.500000e+00 4.000000e-01 0
6.450000e+00 4.000000e-01 0
6.450000e+00 4.000000e-01 0
6.500000e+00 4.000000e-01 0
6.500000e+00 4.500000e-01 0
6.450000e+00 4.500000e-01 0
6.450000e+00 4.500000e-01 0
6.500000e+00 4.500000e-01 0
6.500000e+00 5.000000e-01 0
6.450000e+00 5.000000e-01 0
6.450000e+00 5.000000e-01 0
6.500000e+00 5.000000e-01 0
6.500000e+00 5.500000e-01 0
6.450000e+00 5.500000e-01 0
6.450000e+00 5.500000e-01 0
6.500000e+00 5.500000e-01 0
6.500000e+00 6.000000e-01 0
6.450000e+00 6.000000e-01 0
6.450000e+00 6.000000e-01 0
6.500000e+00 6.000000e-01 0
6.500000e+00 6.500000e-01 0
6.450000e+00 6.500000e-01 0
6.450000e+00 6.500000e-01 0
6.500000e+00 6.500000e-01 0
6.500000e+00 7.000000e-01 0
6.450000e+00 7.000000e-01 0
6.450000e+00 7.000000e-01 0
6.500000e+00 7.000000e-01 0
6.500000e+00 7.500000e-01 0
6.450000e+00 7.500000e-01 0
6.450000e+00 7.500000e-01 0
6.500000e+00 7.500000e-01 0
6.500000e+00 8.000000e-01 0
6.450000e+00 8.000000e-01 0
6.450000e+00 8.000000e-01 0
6.500000e+00 8.000000e-01 0
6.500000e+00 8.500000e-01 0
6.450000e+00 8.500000e-01 0
6.450000e+00 8.500000e-01 0
6.500000e+00 8.500000e-01 0
6.500000e+00 9.000000e-01 0
6.450000e+00 9.000000e-01 0
6.450000e+00 9.000000e-01 0
6.500000e+00 9.000000e-01 0
6.500000e+00 9.500000e-01 0
6.450000e+00 9.500000e-01 0
6.450000e+00 9.500000e-01 0
6.500000e+00 9.500000e-01 0
6.500000e+00 1.000000e+00 0
6.450000e+00 1.000000e+00 0
6.500000e+00 -1.000000e+00 0
6.550000e+00 -1.000000e+00 0
6.550000e+00 -9.500000e-01 0
6.500000e+00 -9.500000e-01 0
6.500000e+00 -9.500000e-01 0
6.550000e+00 -9.500000e-01 0
6.550000e+00 -9.000000e-01 0
6.500000e+00 -9.000000e-01 0
6.500000e+00 -9.000000e-01 0
6.550000e+00 -9.000000e-01 0
6.550000e+00 -8.500000e-01 0
6.500000e+00 -8.500000e-01 0
6.500000e+00 -8.500000e-01 0
6.550000e+00 -8.500000e-01 0
6.550000e+00 -8.000000e-01 0
6.500000e+00 -8.000000e-01 0
6.500000e+00 -8.000000e-01 0
6.550000e+00 -8.000000e-01 0
6.550000e+00 -7.500000e-01 0
6.500000e+00 -7.500000e-01 0
6.500000e+00 -7.500000e-01 0
6.550000e+00 -7.500000e-01 0
6.550000e+00 -7.000000e-01 0
6.500000e+00 -7.000000e-01 0
6.500000e+00 -7.000000e-01 0
6.550000e+00 -7.000000e-01 0
6.550000e+00 -6.500000e-01 0
6.500000e+00 -6.500000e-01 0
6.500000e+00 -6.500000e-01 0
6.550000e+00 -6.500000e-01 0
6.550000e+00 -6.000000e-01 0
6.500000e+00 -6.000000e-01 0
6.500000e+00 -6.000000e-01 0
6.550000e+00 -6.000000e-01 0
6.550000e+00 -5.500000e-01 0
6.500000e+00 -5.500000e-01 0
6.500000e+00 -5.500000e-01 0
6.550000e+00 -5.500000e-01 0
6.550000e+00 -5.000000e-01 0
6.500000e+00 -5.000000e-01 0
6.500000e+00 -5.000000e-01 0
6.550000e+00 -5.000000e-01 0
6.550000e+00 -4.500000e-01 0
6.500000e+00 -4.500000e-01 0
6.500000e+00 -4.500000e-01 0
6.550000e+00 -4.500000e-01 0
6.550000e+00 -4.000000e-01 0
6.500000e+00 -4.000000e-01 0
6.500000e+00 -4.000000e-01 0
6.550000e+00 -4.000000e-01 0
6.550000e+00 -3.500000e-01 0
6.500000e+00 -3.500000e-01 0
6.500000e+00 -3.500000e-01 0
6.550000e+00 -3.500000e-01 0
6.550000e+00 -3.000000e-01 0
6.500000e+00 -3.000000e-01 0
6.500000e+00 -3.000000e-01 0
6.550000e+00 -3.000000e-01 0
6.550000e+00 -2.500000e-01 0
6.500000e+00 -2.500000e-01 0
6.500000e+00 -2.500000e-01 0
6.550000e+00 -2.500000e-01 0
6.550000e+00 -2.000000e-01 0
6.500000e+00 -2.000000e-01 0
6.500000e+00 -2.000000e-01 0
6.550000e+00 -2.000000e-01 0
6.550000e+00 -1.500000e-01 0
6.500000e+00 -1.500000e-01 0
6.500000e+00 -1.500000e-01 0
6.550000e+00 -1.500000e-01 0
6.550000e+00 -1.000000e-01 0
6.500000e+00 -1.000000e-01 0
6.500000e+00 -1.000000e-01 0
6.550000e+00 -1.000000e-01 0
6.550000e+00 -5.000000e-02 0
6.500000e+00 -5.000000e-02 0
6.500000e+00 -5.000000e-02 0
6.550000e+00 -5.000000e-02 0
6.550000e+00 5.551115e-17 0
6.500000e+00 5.551115e-17 0
6.500000e+00 5.551115e-17 0
6.550000e+00 5.551115e-17 0
6.550000e+00 5.000000e-02 0
6.500000e+00 5.000000e-02 0
6.500000e+00 5.000000e-02 0
6.550000e+00 5.000000e-02 0
6.550000e+00 1.000000e-01 0
6.500000e+00 1.000000e-01 0
6.500000e+00 1.000000e-01 0
6.550000e+00 1.000000e-01 0
6.550000e+00 1.500000e-01 0
6.500000e+00 1.500000e-01 0
6.500000e+00 1.500000e-01 0
6.550000e+00 1.500000e-01 0
6.550000e+00 2.000000e-01 0
6.500000e+00 2.000000e-01 0
6.500000e+00 2.000000e-01 0
6.550000e+00 2.000000e-01 0
6.550000e+00 2.500000e-01 0
6.500000e+00 2.500000e-01 0
6.500000e+00 2.500000e-01 0
6.550000e+00 2.500000e-01 0
6.550000e+00 3.000000e-01 0
6.500000e+00 3.000000e-01 0
6.500000e+00 3.000000e-01 0
6.550000e+00 3.000000e-01 0
6.550000e+00 3.500000e-01 0
6.500000e+00 3.500000e-01 0
6.500000e+00 3.500000e-01 0
6.550000e+00 3.500000e-01 0
6.550000e+00 4.000000e-01 0
6.500000e+00 4.000000e-01 0
6.500000e+00 4.000000e-01 0
6.550000e+00 4.000000e-01 0
6.550000e+00 4.500000e-01 0
6.500000e+00 4.500000e-01 0
6.500000e+00 4.500000e-01 0
6.550000e+00 4.500000e-01 0
6.550000e+00 5.000000e-01 0
6.500000e+00 5.000000e-01 0
6.500000e+00 5.000000e-01 0
6.550000e+00 5.000000e-01 0
6.550000e+00 5.500000e-01 0
6.500000e+00 5.500000e-01 0
6.500000e+00 5.500000e-01 0
6.550000e+00 5.500000e-01 0
6.550000e+00 6.000000e-01 0
6.500000e+00 6.000000e-01 0
6.500000e+00 6.000000e-01 0
6.550000e+00 6.000000e-01 0
6.550000e+00 6.500000e-01 0
6.500000e+00 6.500000e-01 0
6.500000e+00 6.500000e-01 0
6.550000e+00 6.500000e-01 0
6.550000e+00 7.000000e-01 0
6.500000e+00 7.000000e-01 0
6.500000e+00 7.000000e-01 0
6.550000e+00 7.000000e-01 0
6.550000e+00 7.500000e-01 0
6.500000e+00 7.500000e-01 0
6.500000e+00 7.500000e-01 0
6.550000e+00 7.500000e-01 0
6.550000e+00 8.000000e-01 0
6.500000e+00 8.000000e-01 0
6.500000e+00 8.000000e-01 0
6.550000e+00 8.000000e-01 0
6.550000e+00 8.500000e-01 0
6.500000e+00 8.500000e-01 0
6.500000e+00 8.500000e-01 0
6.550000e+00 8.500000e-01 0
6.550000e+00 9.000000e-01 0
6.500000e+00 9.000000e-01 0
6.500000e+00 9.000000e-01 0
6.550000e+00 9.000000e-01 0
6.550000e+00 9.500000e-01 0
6.500000e+00 9.500000e-01 0
6.500000e+00 9.500000e-01 0
6.550000e+00 9.500000e-01 0
6.550000e+00 1.000000e+00 0
6.500000e+00 1.000000e+00 0
6.550000e+00 -1.000000e+00 0
6.600000e+00 -1.000000e+00 0
6.600000e+00 -9.500000e-01 0
6.550000e+00 -9.500000e-01 0
6.550000e+00 -9.500000e-01 0
6.600000e+00 -9.500000e-01 0
6.600000e+00 -9.000000e-01 0
6.550000e+00 -9.000000e-01 0
6.550000e+00 -9.000000e-01 0
6.600000e+00 -9.000000e-01 0
6.600000e+00 -8.500000e-01 0
6.550000e+00 -8.500000e-01 0
6.550000e+00 -8.500000e-01 0
6.600000e+00 -8.500000e-01 0
6.600000e+00 -8.000000e-01 0
6.550000e+00 -8.000000e-01 0
6.550000e+00 -8.000000e-01 0
6.600000e+00 -8.000000e-01 0
6.600000e+00 -7.500000e-01 0
6.550000e+00 -7.500000e-01 0
6.550000e+00 -7.500000e-01 0
6.600000e+00 -7.500000e-01 0
6.600000e+00 -7.000000e-01 0
6.550000e+00 -7.000000e-01 0
6.550000e+00 -7.000000e-01 0
6.600000e+00 -7.000000e-01 0
6.600000e+00 -6.500000e-01 0
6.550000e+00 -6.500000e-01 0
6.550000e+00 -6.500000e-01 0
6.600000e+00 -6.500000e-01 0
6.600000e+00 -6.000000e-01 0
6.550000e+00 -6.000000e-01 0
6.550000e+00 -6.000000e-01 0
6.600000e+00 -6.000000e-01 0
6.600000e+00 -5.500000e-01 0
6.550000e+00 -5.500000e-01 0
6.550000e+00 -5.500000e-01 0
6.600000e+00 -5.500000e-01 0
6.600000e+00 -5.000000e-01 0
6.550000e+00 -5.000000e-01 0
6.550000e+00 -5.000000e-01 0
6.600000e+00 -5.000000e-01 0
6.600000e+00 -4.500000e-01 0
6.550000e+00 -4.500000e-01 0
6.550000e+00 -4.500000e-01 0
6.600000e+00 -4.500000e-01 0
6.600000e+00 -4.000000e-01 0
6.550000e+00 -4.000000e-01 0
6.550000e+00 -4.000000e-01 0
6.600000e+00 -4.000000e-01 0
6.600000e+00 -3.500000e-01 0
6.550000e+00 -3.500000e-01 0
6.550000e+00 -3.500000e-01 0
6.600000e+00 -3.500000e-01 0
6.600000e+00 -3.000000e-01 0
6.550000e+00 -3.000000e-01 0
6.550000e+00 -3.000000e-01 0
6.600000e+00 -3.000000e-01 0
6.600000e+00 -2.500000e-01 0
6.550000e+00 -2.500000e-01 0
6.550000e+00 -2.500000e-01 0
6.600000e+00 -2.500000e-01 0
6.600000e+00 -2.000000e-01 0
6.550000e+00 -2.000000e-01 0
6.550000e+00 -2.000000e-01 0
6.600000e+00 -2.000000e-01 0
6.600000e+00 -1.500000e-01 0
6.550000e+00 -1.500000e-01 0
6.550000e+00 -1.500000e-01 0
6.600000e+00 -1.500000e-01 0
6.600000e+00 -1.000000e-01 0
6.550000e+00 -1.000000e-01 0
6.550000e+00 -1.000000e-01 0
6.600000e+00 -1.000000e-01 0
6.600000e+00 -5.000000e-02 0
6.550000e+00 -5.000000e-02 0
6.550000e+00 -5.000000e-02 0
6.600000e+00 -5.000000e-02 0
6.600000e+00 5.551115e-17 0
6.550000e+00 5.551115e-17 0
6.550000e+00 5.551115e-17 0
6.600000e+00 5.551115e-17 0
6.600000e+00 5.000000e-02 0
6.550000e+00 5.000000e-02 0
6.550000e+00 5.000000e-02 0
6.600000e+00 5.000000e-02 0
6.600000e+00 1.000000e-01 0
6.550000e+00 1.000000e-01 0
6.550000e+00 1.000000e-01 0
6.600000e+00 1.000000e-01 0
6.600000e+00 1.500000e-01 0
6.550000e+00 1.500000e-01 0
6.550000e+00 1.500000e-01 0
6.600000e+00 1.500000e-01 0
6.600000e+00 2.000000e-01 0
6.550000e+00 2.000000e-01 0
6.550000e+00 2.000000e-01 0
6.600000e+00 2.000000e-01 0
6.600000e+00 2.500000e-01 0
6.550000e+00 2.500000e-01 0
6.550000e+00 2.500000e-01 0
6.600000e+00 2.500000e-01 0
6.600000e+00 3.000000e-01 0
6.550000e+00 3.000000e-01 0
6.550000e+00 3.000000e-01 0
6.600000e+00 3.000000e-01 0
6.600000e+00 3.500000e-01 0
6.550000e+00 3.500000e-01 0
6.550000e+00 3.500000e-01 0
6.600000e+00 3.500000e-01 0
6.600000e+00 4.000000e-01 0
6.550000e+00 4.000000e-01 0
6.550000e+00 4.000000e-01 0
6.600000e+00 4.000000e-01 0
6.600000e+00 4.500000e-01 0
6.550000e+00 4.500000e-01 0
6.550000e+00 4.500000e-01 0
6.600000e+00 4.500000e-01 0
6.600000e+00 5.000000e-01 0
6.550000e+00 5.000000e-01 0
6.550000e+00 5.000000e-01 0
6.600000e+00 5.000000e-01 0
6.600000e+00 5.500000e-01 0
6.550000e+00 5.500000e-01 0
6.550000e+00 5.500000e-01 0
6.600000e+00 5.500000e-01 0
6.600000e+00 6.000000e-01 0
6.550000e+00 6.000000e-01 0
6.550000e+00 6.000000e-01 0
6.600000e+00 6.000000e-01 0
6.600000e+00 6.500000e-01 0
6.550000e+00 6.500000e-01 0
6.550000e+00 6.500000e-01 0
6.600000e+00 6.500000e-01 0
6.600000e+00 7.000000e-01 0
6.550000e+00 7.000000e-01 0
6.550000e+00 7.000000e-01 0
6.600000e+00 7.000000e-01 0
6.600000e+00 7.500000e-01 0
6.550000e+00 7.500000e-01 0
6.550000e+00 7.500000e-01 0
6.600000e+00 7.500000e-01 0
6.600000e+00 8.000000e-01 0
6.550000e+00 8.000000e-01 0
6.550000e+00 8.000000e-01 0
6.600000e+00 8.000000e-01 0
6.600000e+00 8.500000e-01 0
6.550000e+00 8.500000e-01 0
6.550000e+00 8.500000e-01 0
6.600000e+00 8.500000e-01 0
6.600000e+00 9.000000e-01 0
6.550000e+00 9.000000e-01 0
6.550000e+00 9.000000e-01 0
6.600000e+00 9.000000e-01 0
6.600000e+00 9.500000e-01 0
6.550000e+00 9.500000e-01 0
6.550000e+00 9.500000e-01 0
6.600000e+00 9.500000e-01 0
6.600000e+00 1.000000e+00 0
6.550000e+00 1.000000e+00 0
6.600000e+00 -1.000000e+00 0
6.650000e+00 -1.000000e+00 0
6.650000e+00 -9.500000e-01 0
6.600000e+00 -9.500000e-01 0
6.600000e+00 -9.500000e-01 0
6.650000e+00 -9.500000e-01 0
6.650000e+00 -9.000000e-01 0
6.600000e+00 -9.000000e-01 0
6.600000e+00 -9.000000e-01 0
6.650000e+00 -9.000000e-01 0
6.650000e+00 -8.500000e-01 0
6.600000e+00 -8.500000e-01 0
6.600000e+00 -8.500000e-01 0
6.650000e+00 -8.500000e-01 0
6.650000e+00 -8.000000e-01 0
6.600000e+00 -8.000000e-01 0
6.600000e+00 -8.000000e-01 0
6.650000e+00 -8.000000e-01 0
6.650000e+00 -7.500000e-01 0
6.600000e+00 -7.500000e-01 0
6.600000e+00 -7.500000e-01 0
6.650000e+00 -7.500000e-01 0
6.650000e+00 -7.000000e-01 0
6.600000e+00 -7.000000e-01 0
6.600000e+00 -7.000000e-01 0
6.650000e+00 -7.000000e-01 0
6.650000e+00 -6.500000e-01 0
6.600000e+00 -6.500000e-01 0
6.600000e+00 -6.500000e-01 0
6.650000e+00 -6.500000e-01 0
6.650000e+00 -6.000000e-01 0
6.600000e+00 -6.000000e-01 0
6.600000e+00 -6.000000e-01 0
6.650000e+00 -6.000000e-01 0
6.650000e+00 -5.500000e-01 0
6.600000e+00 -5.500000e-01 0
6.600000e+00 -5.500000e-01 0
6.650000e+00 -5.500000e-01 0
6.650000e+00 -5.000000e-01 0
6.600000e+00 -5.000000e-01 0
6.600000e+00 -5.000000e-01 0
6.650000e+00 -5.000000e-01 0
6.650000e+00 -4.500000e-01 0
6.600000e+00 -4.500000e-01 0
6.600000e+00 -4.500000e-01 0
6.650000e+00 -4.500000e-01 0
6.650000e+00 -4.000000e-01 0
6.600000e+00 -4.000000e-01 0
6.600000e+00 -4.000000e-01 0
6.650000e+00 -4.000000e-01 0
6.650000e+00 -3.500000e-01 0
6.600000e+00 -3.500000e-01 0
6.600000e+00 -3.500000e-01 0
6.650000e+00 -3.500000e-01 0
6.650000e+00 -3.000000e-01 0
6.600000e+00 -3.000000e-01 0
6.600000e+00 -3.000000e-01 0
6.650000e+00 -3.000000e-01 0
6.650000e+00 -2.500000e-01 0
6.600000e+00 -2.500000e-01 0
6.600000e+00 -2.500000e-01 0
6.650000e+00 -2.500000e-01 0
6.650000e+00 -2.000000e-01 0
6.600000e+00 -2.000000e-01 0
6.600000e+00 -2.000000e-01 0
6.650000e+00 -2.000000e-01 0
6.650000e+00 -1.500000e-01 0
6.600000e+00 -1.500000e-01 0
6.600000e+00 -1.500000e-01 0
6.650000e+00 -1.500000e-01 0
6.650000e+00 -1.000000e-01 0
6.600000e+00 -1.000000e-01 0
6.600000e+00 -1.000000e-01 0
6.650000e+00 -1.000000e-01 0
6.650000e+00 -5.000000e-02 0
6.600000e+00 -5.000000e-02 0
6.600000e+00 -5.000000e-02 0
6.650000e+00 -5.000000e-02 0
6.650000e+00 5.551115e-17 0
6.600000e+00 5.551115e-17 0
6.600000e+00 5.551115e-17 0
6.650000e+00 5.551115e-17 0
6.650000e+00 5.000000e-02 0
6.600000e+00 5.000000e-02 0
6.600000e+00 5.000000e-02 0
6.650000e+00 5.000000e-02 0
6.650000e+00 1.000000e-01 0
6.600000e+00 1.000000e-01 0
6.600000e+00 1.000000e-01 0
6.650000e+00 1.000000e-01 0
6.650000e+00 1.500000e-01 0
6.600000e+00 1.500000e-01 0
6.600000e+00 1.500000e-01 0
6.650000e+00 1.500000e-01 0
6.650000e+00 2.000000e-01 0
6.600000e+00 2.000000e-01 0
6.600000e+00 2.000000e-01 0
6.650000e+00 2.000000e-01 0
6.650000e+00 2.500000e-01 0
6.600000e+00 2.500000e-01 0
6.600000e+00 2.500000e-01 0
6.650000e+00 2.500000e-01 0
6.650000e+00 3.000000e-01 0
6.600000e+00 3.000000e-01 0
6.600000e+00 3.000000e-01 0
6.650000e+00 3.000000e-01 0
6.650000e+00 3.500000e-01 0
6.600000e+00 3.500000e-01 0
6.600000e+00 3.500000e-01 0
6.650000e+00 3.500000e-01 0
6.650000e+00 4.000000e-01 0
6.600000e+00 4.000000e-01 0
6.600000e+00 4.000000e-01 0
6.650000e+00 4.000000e-01 0
6.650000e+00 4.500000e-01 0
6.600000e+00 4.500000e-01 0
6.600000e+00 4.500000e-01 0
6.650000e+00 4.500000e-01 0
6.650000e+00 5.000000e-01 0
6.600000e+00 5.000000e-01 0
6.600000e+00 5.000000e-01 0
6.650000e+00 5.000000e-01 0
6.650000e+00 5.500000e-01 0
6.600000e+00 5.500000e-01 0
6.600000e+00 5.500000e-01 0
6.650000e+00 5.500000e-01 0
6.650000e+00 6.000000e-01 0
6.600000e+00 6.000000e-01 0
6.600000e+00 6.000000e-01 0
6.650000e+00 6.000000e-01 0
6.650000e+00 6.500000e-01 0
6.600000e+00 6.500000e-01 0
6.600000e+00 6.500000e-01 0
6.650000e+00 6.500000e-01 0
6.650000e+00 7.000000e-01 0
6.600000e+00 7.000000e-01 0
6.600000e+00 7.000000e-01 0
6.650000e+00 7.000000e-01 0
6.650000e+00 7.500000e-01 0
6.600000e+00 7.500000e-01 0
6.600000e+00 7.500000e-01 0
6.650000e+00 7.500000e-01 0
6.650000e+00 8.000000e-01 0
6.600000e+00 8.000000e-01 0
6.600000e+00 8.000000e-01 0
6.650000e+00 8.000000e-01 0
6.650000e+00 8.500000e-01 0
6.600000e+00 8.500000e-01 0
6.600000e+00 8.500000e-01 0
6.650000e+00 8.500000e-01 0
6.650000e+00 9.000000e-01 0
6.600000e+00 9.000000e-01 0
6.600000e+00 9.000000e-01 0
6.650000e+00 9.000000e-01 0
6.650000e+00 9.500000e-01 0
6.600000e+00 9.500000e-01 0
6.600000e+00 9.500000e-01 0
6.650000e+00 9.500000e-01 0
6.650000e+00 1.000000e+00 0
6.600000e+00 1.000000e+00 0
6.650000e+00 -1.000000e+00 0
6.700000e+00 -1.000000e+00 0
6.700000e+00 -9.500000e-01 0
6.650000e+00 -9.500000e-01 0
6.650000e+00 -9.500000e-01 0
6.700000e+00 -9.500000e-01 0
6.700000e+00 -9.000000e-01 0
6.650000e+00 -9.000000e-01 0
6.650000e+00 -9.000000e-01 0
6.700000e+00 -9.000000e-01 0
6.700000e+00 -8.500000e-01 0
6.650000e+00 -8.500000e-01 0
6.650000e+00 -8.500000e-01 0
6.700000e+00 -8.500000e-01 0
6.700000e+00 -8.000000e-01 0
6.650000e+00 -8.000000e-01 0
6.650000e+00 -8.000000e-01 0
6.700000e+00 -8.000000e-01 0
6.700000e+00 -7.500000e-01 0
6.650000e+00 -7.500000e-01 0
6.650000e+00 -7.500000e-01 0
6.700000e+00 -7.500000e-01 0
6.700000e+00 -7.000000e-01 0
6.650000e+00 -7.000000e-01 0
6.650000e+00 -7.000000e-01 0
6.700000e+00 -7.000000e-01 0
6.700000e+00 -6.500000e-01 0
6.650000e+00 -6.500000e-01 0
6.650000e+00 -6.500000e-01 0
6.700000e+00 -6.500000e-01 0
6.700000e+00 -6.000000e-01 0
6.650000e+00 -6.000000e-01 0
6.650000e+00 -6.000000e-01 0
6.700000e+00 -6.000000e-01 0
6.700000e+00 -5.500000e-01 0
6.650000e+00 -5.500000e-01 0
6.650000e+00 -5.500000e-01 0
6.700000e+00 -5.500000e-01 0
6.700000e+00 -5.000000e-01 0
6.650000e+00 -5.000000e-01 0
6.650000e+00 -5.000000e-01 0
6.700000e+00 -5.000000e-01 0
6.700000e+00 -4.500000e-01 0
6.650000e+00 -4.500000e-01 0
6.650000e+00 -4.500000e-01 0
6.700000e+00 -4.500000e-01 0
6.700000e+00 -4.000000e-01 0
6.650000e+00 -4.000000e-01 0
6.650000e+00 -4.000000e-01 0
6.700000e+00 -4.000000e-01 0
6.700000e+00 -3.500000e-01 0
6.650000e+00 -3.500000e-01 0
6.650000e+00 -3.500000e-01 0
6.700000e+00 -3.500000e-01 0
6.700000e+00 -3.000000e-01 0
6.650000e+00 -3.000000e-01 0
6.650000e+00 -3.000000e-01 0
6.700000e+00 -3.000000e-01 0
6.700000e+00 -2.500000e-01 0
6.650000e+00 -2.500000e-01 0
6.650000e+00 -2.500000e-01 0
6.700000e+00 -2.500000e-01 0
6.700000e+00 -2.000000e-01 0
6.650000e+00 -2.000000e-01 0
6.650000e+00 -2.000000e-01 0
6.700000e+00 -2.000000e-01 0
6.700000e+00 -1.500000e-01 0
6.650000e+00 -1.500000e-01 0
6.650000e+00 -1.500000e-01 0
6.700000e+00 -1.500000e-01 0
6.700000e+00 -1.000000e-01 0
6.650000e+00 -1.000000e-01 0
6.650000e+00 -1.000000e-01 0
6.700000e+00 -1.000000e-01 0
6.700000e+00 -5.000000e-02 0
6.650000e+00 -5.000000e-02 0
6.650000e+00 -5.000000e-02 0
6.700000e+00 -5.000000e-02 0
6.700000e+00 5.551115e-17 0
6.650000e+00 5.551115e-17 0
6.650000e+00 5.551115e-17 0
6.700000e+00 5.551115e-17 0
6.700000e+00 5.000000e-02 0
6.650000e+00 5.000000e-02 0
6.650000e+00 5.000000e-02 0
6.700000e+00 5.000000e-02 0
6.700000e+00 1.000000e-01 0
6.650000e+00 1.000000e-01 0
6.650000e+00 1.000000e-01 0
6.700000e+00 1.000000e-01 0
6.700000e+00 1.500000e-01 0
6.650000e+00 1.500000e-01 0
6.650000e+00 1.500000e-01 0
6.700000e+00 1.500000e-01 0
6.700000e+00 2.000000e-01 0
6.650000e+00 2.000000e-01 0
6.650000e+00 2.000000e-01 0
6.700000e+00 2.000000e-01 0
6.700000e+00 2.500000e-01 0
6.650000e+00 2.500000e-01 0
6.650000e+00 2.500000e-01 0
6.700000e+00 2.500000e-01 0
6.700000e+00 3.000000e-01 0
6.650000e+00 3.000000e-01 0
6.650000e+00 3.000000e-01 0
6.700000e+00 3.000000e-01 0
6.700000e+00 3.500000e-01 0
6.650000e+00 3.500000e-01 0
6.650000e+00 3.500000e-01 0
6.700000e+00 3.500000e-01 0
6.700000e+00 4.000000e-01 0
6.650000e+00 4.000000e-01 0
6.650000e+00 4.000000e-01 0
6.700000e+00 4.000000e-01 0
6.700000e+00 4.500000e-01 0
6.650000e+00 4.500000e-01 0
6.650000e+00 4.500000e-01 0
6.700000e+00 4.500000e-01 0
6.700000e+00 5.000000e-01 0
6.650000e+00 5.000000e-01 0
6.650000e+00 5.000000e-01 0
6.700000e+00 5.000000e-01 0
6.700000e+00 5.500000e-01 0
6.650000e+00 5.500000e-01 0
6.650000e+00 5.500000e-01 0
6.700000e+00 5.500000e-01 0
6.700000e+00 6.000000e-01 0
6.650000e+00 6.000000e-01 0
6.650000e+00 6.000000e-01 0
6.700000e+00 6.000000e-01 0
6.700000e+00 6.500000e-01 0
6.650000e+00 6.500000e-01 0
6.650000e+00 6.500000e-01 0
6.700000e+00 6.500000e-01 0
6.700000e+00 7.000000e-01 0
6.650000e+00 7.000000e-01 0
6.650000e+00 7.000000e-01 0
6.700000e+00 7.000000e-01 0
6.700000e+00 7.500000e-01 0
6.650000e+00 7.500000e-01 0
6.650000e+00 7.500000e-01 0
6.700000e+00 7.500000e-01 0
6.700000e+00 8.000000e-01 0
6.650000e+00 8.000000e-01 0
6.650000e+00 8.000000e-01 0
6.700000e+00 8.000000e-01 0
6.700000e+00 8.500000e-01 0
6.650000e+00 8.500000e-01 0
6.650000e+00 8.500000e-01 0
6.700000e+00 8.500000e-01 0
6.700000e+00 9.000000e-01 0
6.650000e+00 9.000000e-01 0
6.650000e+00 9.000000e-01 0
6.700000e+00 9.000000e-01 0
6.700000e+00 9.500000e-01 0
6.650000e+00 9.500000e-01 0
6.650000e+00 9.500000e-01 0
6.700000e+00 9.500000e-01 0
6.700000e+00 1.000000e+00 0
6.650000e+00 1.000000e+00 0
6.700000e+00 -1.000000e+00 0
6.750000e+00 -1.000000e+00 0
6.750000e+00 -9.500000e-01 0
6.700000e+00 -9.500000e-01 0
6.700000e+00 -9.500000e-01 0
6.750000e+00 -9.500000e-01 0
6.750000e+00 -9.000000e-01 0
6.700000e+00 -9.000000e-01 0
6.700000e+00 -9.000000e-01 0
6.750000e+00 -9.000000e-01 0
6.750000e+00 -8.500000e-01 0
6.700000e+00 -8.500000e-01 0
6.700000e+00 -8.500000e-01 0
6.750000e+00 -8.500000e-01 0
6.750000e+00 -8.000000e-01 0
6.700000e+00 -8.000000e-01 0
6.700000e+00 -8.000000e-01 0
6.750000e+00 -8.000000e-01 0
6.750000e+00 -7.500000e-01 0
6.700000e+00 -7.500000e-01 0
6.700000e+00 -7.500000e-01 0
6.750000e+00 -7.500000e-01 0
6.750000e+00 -7.000000e-01 0
6.700000e+00 -7.000000e-01 0
6.700000e+00 -7.000000e-01 0
6.750000e+00 -7.000000e-01 0
6.750000e+00 -6.500000e-01 0
6.700000e+00 -6.500000e-01 0
6.700000e+00 -6.500000e-01 0
6.750000e+00 -6.500000e-01 0
6.750000e+00 -6.000000e-01 0
6.700000e+00 -6.000000e-01 0
6.700000e+00 -6.000000e-01 0
6.750000e+00 -6.000000e-01 0
6.750000e+00 -5.500000e-01 0
6.700000e+00 -5.500000e-01 0
6.700000e+00 -5.500000e-01 0
6.750000e+00 -5.500000e-01 0
6.750000e+00 -5.000000e-01 0
6.700000e+00 -5.000000e-01 0
6.700000e+00 -5.000000e-01 0
6.750000e+00 -5.000000e-01 0
6.750000e+00 -4.500000e-01 0
6.700000e+00 -4.500000e-01 0
6.700000e+00 -4.500000e-01 0
6.750000e+00 -4.500000e-01 0
6.750000e+00 -4.000000e-01 0
6.700000e+00 -4.000000e-01 0
6.700000e+00 -4.000000e-01 0
6.750000e+00 -4.000000e-01 0
6.750000e+00 -3.500000e-01 0
6.700000e+00 -3.500000e-01 0
6.700000e+00 -3.500000e-01 0
6.750000e+00 -3.500000e-01 0
6.750000e+00 -3.000000e-01 0
6.700000e+00 -3.000000e-01 0
6.700000e+00 -3.000000e-01 0
6.750000e+00 -3.000000e-01 0
6.750000e+00 -2.500000e-01 0
6.700000e+00 -2.500000e-01 0
6.700000e+00 -2.500000e-01 0
6.750000e+00 -2.500000e-01 0
6.750000e+00 -2.000000e-01 0
6.700000e+00 -2.000000e-01 0
6.700000e+00 -2.000000e-01 0
6.750000e+00 -2.000000e-01 0
6.750000e+00 -1.500000e-01 0
6.700000e+00 -1.500000e-01 0
6.700000e+00 -1.500000e-01 0
6.750000e+00 -1.500000e-01 0
6.750000e+00 -1.000000e-01 0
6.700000e+00 -1.000000e-01 0
6.700000e+00 -1.000000e-01 0
6.750000e+00 -1.000000e-01 0
6.750000e+00 -5.000000e-02 0
6.700000e+00 -5.000000e-02 0
6.700000e+00 -5.000000e-02 0
6.750000e+00 -5.000000e-02 0
6.750000e+00 5.551115e-17 0
6.700000e+00 5.551115e-17 0
6.700000e+00 5.551115e-17 0
6.750000e+00 5.551115e-17 0
6.750000e+00 5.000000e-02 0
6.700000e+00 5.000000e-02 0
6.700000e+00 5.000000e-02 0
6.750000e+00 5.000000e-02 0
6.750000e+00 1.000000e-01 0
6.700000e+00 1.000000e-01 0
6.700000e+00 1.000000e-01 0
6.750000e+00 1.000000e-01 0
6.750000e+00 1.500000e-01 0
6.700000e+00 1.500000e-01 0
6.700000e+00 1.500000e-01 0
6.750000e+00 1.500000e-01 0
6.750000e+00 2.000000e-01 0
6.700000e+00 2.000000e-01 0
6.700000e+00 2.000000e-01 0
6.750000e+00 2.000000e-01 0
6.750000e+00 2.500000e-01 0
6.700000e+00 2.500000e-01 0
6.700000e+00 2.500000e-01 0
6.750000e+00 2.500000e-01 0
6.750000e+00 3.000000e-01 0
6.700000e+00 3.000000e-01 0
6.700000e+00 3.000000e-01 0
6.750000e+00 3.000000e-01 0
6.750000e+00 3.500000e-01 0
6.700000e+00 3.500000e-01 0
6.700000e+00 3.500000e-01 0
6.750000e+00 3.500000e-01 0
6.750000e+00 4.000000e-01 0
6.700000e+00 4.000000e-01 0
6.700000e+00 4.000000e-01 0
6.750000e+00 4.000000e-01 0
6.750000e+00 4.500000e-01 0
6.700000e+00 4.500000e-01 0
6.700000e+00 4.500000e-01 0
6.750000e+00 4.500000e-01 0
6.750000e+00 5.000000e-01 0
6.700000e+00 5.000000e-01 0
6.700000e+00 5.000000e-01 0
6.750000e+00 5.000000e-01 0
6.750000e+00 5.500000e-01 0
6.700000e+00 5.500000e-01 0
6.700000e+00 5.500000e-01 0
6.750000e+00 5.500000e-01 0
6.750000e+00 6.000000e-01 0
6.700000e+00 6.000000e-01 0
6.700000e+00 6.000000e-01 0
6.750000e+00 6.000000e-01 0
6.750000e+00 6.500000e-01 0
6.700000e+00 6.500000e-01 0
6.700000e+00 6.500000e-01 0
6.750000e+00 6.500000e-01 0
6.750000e+00 7.000000e-01 0
6.700000e+00 7.000000e-01 0
6.700000e+00 7.000000e-01 0
6.750000e+00 7.000000e-01 0
6.750000e+00 7.500000e-01 0
6.700000e+00 7.500000e-01 0
6.700000e+00 7.500000e-01 0
6.750000e+00 7.500000e-01 0
6.750000e+00 8.000000e-01 0
6.700000e+00 8.000000e-01 0
6.700000e+00 8.000000e-01 0
6.750000e+00 8.000000e-01 0
6.750000e+00 8.500000e-01 0
6.700000e+00 8.500000e-01 0
6.700000e+00 8.500000e-01 0
6.750000e+00 8.500000e-01 0
6.750000e+00 9.000000e-01 0
6.700000e+00 9.000000e-01 0
6.700000e+00 9.000000e-01 0
6.750000e+00 9.000000e-01 0
6.750000e+00 9.500000e-01 0
6.700000e+00 9.500000e-01 0
6.700000e+00 9.500000e-01 0
6.750000e+00 9.500000e-01 0
6.750000e+00 1.000000e+00 0
6.700000e+00 1.000000e+00 0
6.750000e+00 -1.000000e+00 0
6.800000e+00 -1.000000e+00 0
6.800000e+00 -9.500000e-01 0
6.750000e+00 -9.500000e-01 0
6.750000e+00 -9.500000e-01 0
6.800000e+00 -9.500000e-01 0
6.800000e+00 -9.000000e-01 0
6.750000e+00 -9.000000e-01 0
6.750000e+00 -9.000000e-01 0
6.800000e+00 -9.000000e-01 0
6.800000e+00 -8.500000e-01 0
6.750000e+00 -8.500000e-01 0
6.750000e+00 -8.500000e-01 0
6.800000e+00 -8.500000e-01 0
6.800000e+00 -8.000000e-01 0
6.750000e+00 -8.000000e-01 0
6.750000e+00 -8.000000e-01 0
6.800000e+00 -8.000000e-01 0
6.800000e+00 -7.500000e-01 0
6.750000e+00 -7.500000e-01 0
6.750000e+00 -7.500000e-01 0
6.800000e+00 -7.500000e-01 0
6.800000e+00 -7.000000e-01 0
6.750000e+00 -7.000000e-01 0
6.750000e+00 -7.000000e-01 0
6.800000e+00 -7.000000e-01 0
6.800000e+00 -6.500000e-01 0
6.750000e+00 -6.500000e-01 0
6.750000e+00 -6.500000e-01 0
6.800000e+00 -6.500000e-01 0
6.800000e+00 -6.000000e-01 0
6.750000e+00 -6.000000e-01 0
6.750000e+00 -6.000000e-01 0
6.800000e+00 -6.000000e-01 0
6.800000e+00 -5.500000e-01 0
6.750000e+00 -5.500000e-01 0
6.750000e+00 -5.500000e-01 0
6.800000e+00 -5.500000e-01 0
6.800000e+00 -5.000000e-01 0
6.750000e+00 -5.000000e-01 0
6.750000e+00 -5.000000e-01 0
6.800000e+00 -5.000000e-01 0
6.800000e+00 -4.500000e-01 0
6.750000e+00 -4.500000e-01 0
6.750000e+00 -4.500000e-01 0
6.800000e+00 -4.500000e-01 0
6.800000e+00 -4.000000e-01 0
6.750000e+00 -4.000000e-01 0
6.750000e+00 -4.000000e-01 0
6.800000e+00 -4.000000e-01 0
6.800000e+00 -3.500000e-01 0
6.750000e+00 -3.500000e-01 0
6.750000e+00 -3.500000e-01 0
6.800000e+00 -3.500000e-01 0
6.800000e+00 -3.000000e-01 0
6.750000e+00 -3.000000e-01 0
6.750000e+00 -3.000000e-01 0
6.800000e+00 -3.000000e-01 0
6.800000e+00 -2.500000e-01 0
6.750000e+00 -2.500000e-01 0
6.750000e+00 -2.500000e-01 0
6.800000e+00 -2.500000e-01 0
6.800000e+00 -2.000000e-01 0
6.750000e+00 -2.000000e-01 0
6.750000e+00 -2.000000e-01 0
6.800000e+00 -2.000000e-01 0
6.800000e+00 -1.500000e-01 0
6.750000e+00 -1.500000e-01 0
6.750000e+00 -1.500000e-01 0
6.800000e+00 -1.500000e-01 0
6.800000e+00 -1.000000e-01 0
6.750000e+00 -1.000000e-01 0
6.750000e+00 -1.000000e-01 0
6.800000e+00 -1.000000e-01 0
6.800000e+00 -5.000000e-02 0
6.750000e+00 -5.000000e-02 0
6.750000e+00 -5.000000e-02 0
6.800000e+00 -5.000000e-02 0
6.800000e+00 5.551115e-17 0
6.750000e+00 5.551115e-17 0
6.750000e+00 5.551115e-17 0
6.800000e+00 5.551115e-17 0
6.800000e+00 5.000000e-02 0
6.750000e+00 5.000000e-02 0
6.750000e+00 5.000000e-02 0
6.800000e+00 5.000000e-02 0
6.800000e+00 1.000000e-01 0
6.750000e+00 1.000000e-01 0
6.750000e+00 1.000000e-01 0
6.800000e+00 1.000000e-01 0
6.800000e+00 1.500000e-01 0
6.750000e+00 1.500000e-01 0
6.750000e+00 1.500000e-01 0
6.800000e+00 1.500000e-01 0
6.800000e+00 2.000000e-01 0
6.750000e+00 2.000000e-01 0
6.750000e+00 2.000000e-01 0
6.800000e+00 2.000000e-01 0
6.800000e+00 2.500000e-01 0
6.750000e+00 2.500000e-01 0
6.750000e+00 2.500000e-01 0
6.800000e+00 2.500000e-01 0
6.800000e+00 3.000000e-01 0
6.750000e+00 3.000000e-01 0
6.750000e+00 3.000000e-01 0
6.800000e+00 3.000000e-01 0
6.800000e+00 3.500000e-01 0
6.750000e+00 3.500000e-01 0
6.750000e+00 3.500000e-01 0
6.800000e+00 3.500000e-01 0
6.800000e+00 4.000000e-01 0
6.750000e+00 4.000000e-01 0
6.750000e+00 4.000000e-01 0
6.800000e+00 4.000000e-01 0
6.800000e+00 4.500000e-01 0
6.750000e+00 4.500000e-01 0
6.750000e+00 4.500000e-01 0
6.800000e+00 4.500000e-01 0
6.800000e+00 5.000000e-01 0
6.750000e+00 5.000000e-01 0
6.750000e+00 5.000000e-01 0
6.800000e+00 5.000000e-01 0
6.800000e+00 5.500000e-01 0
6.750000e+00 5.500000e-01 0
6.750000e+00 5.500000e-01 0
6.800000e+00 5.500000e-01 0
6.800000e+00 6.000000e-01 0
6.750000e+00 6.000000e-01 0
6.750000e+00 6.000000e-01 0
6.800000e+00 6.000000e-01 0
6.800000e+00 6.500000e-01 0
6.750000e+00 6.500000e-01 0
6.750000e+00 6.500000e-01 0
6.800000e+00 6.500000e-01 0
6.800000e+00 7.000000e-01 0
6.750000e+00 7.000000e-01 0
6.750000e+00 7.000000e-01 0
6.800000e+00 7.000000e-01 0
6.800000e+00 7.500000e-01 0
6.750000e+00 7.500000e-01 0
6.750000e+00 7.500000e-01 0
6.800000e+00 7.500000e-01 0
6.800000e+00 8.000000e-01 0
6.750000e+00 8.000000e-01 0
6.750000e+00 8.000000e-01 0
6.800000e+00 8.000000e-01 0
6.800000e+00 8.500000e-01 0
6.750000e+00 8.500000e-01 0
6.750000e+00 8.500000e-01 0
6.800000e+00 8.500000e-01 0
6.800000e+00 9.000000e-01 0
6.750000e+00 9.000000e-01 0
6.750000e+00 9.000000e-01 0
6.800000e+00 9.000000e-01 0
6.800000e+00 9.500000e-01 0
6.750000e+00 9.500000e-01 0
6.750000e+00 9.500000e-01 0
6.800000e+00 9.500000e-01 0
6.800000e+00 1.000000e+00 0
6.750000e+00 1.000000e+00 0
6.800000e+00 -1.000000e+00 0
6.850000e+00 -1.000000e+00 0
6.850000e+00 -9.500000e-01 0
6.800000e+00 -9.500000e-01 0
6.800000e+00 -9.500000e-01 0
6.850000e+00 -9.500000e-01 0
6.850000e+00 -9.000000e-01 0
6.800000e+00 -9.000000e-01 0
6.800000e+00 -9.000000e-01 0
6.850000e+00 -9.000000e-01 0
6.850000e+00 -8.500000e-01 0
6.800000e+00 -8.500000e-01 0
6.800000e+00 -8.500000e-01 0
6.850000e+00 -8.500000e-01 0
6.850000e+00 -8.000000e-01 0
6.800000e+00 -8.000000e-01 0
6.800000e+00 -8.000000e-01 0
6.850000e+00 -8.000000e-01 0
6.850000e+00 -7.500000e-01 0
6.800000e+00 -7.500000e-01 0
6.800000e+00 -7.500000e-01 0
6.850000e+00 -7.500000e-01 0
6.850000e+00 -7.000000e-01 0
6.800000e+00 -7.000000e-01 0
6.800000e+00 -7.000000e-01 0
6.850000e+00 -7.000000e-01 0
6.850000e+00 -6.500000e-01 0
6.800000e+00 -6.500000e-01 0
6.800000e+00 -6.500000e-01 0
6.850000e+00 -6.500000e-01 0
6.850000e+00 -6.000000e-01 0
6.800000e+00 -6.000000e-01 0
6.800000e+00 -6.000000e-01 0
6.850000e+00 -6.000000e-01 0
6.850000e+00 -5.500000e-01 0
6.800000e+00 -5.500000e-01 0
6.800000e+00 -5.500000e-01 0
6.850000e+00 -5.500000e-01 0
6.850000e+00 -5.000000e-01 0
6.800000e+00 -5.000000e-01 0
6.800000e+00 -5.000000e-01 0
6.850000e+00 -5.000000e-01 0
6.850000e+00 -4.500000e-01 0
6.800000e+00 -4.500000e-01 0
6.800000e+00 -4.500000e-01 0
6.850000e+00 -4.500000e-01 0
6.850000e+00 -4.000000e-01 0
6.800000e+00 -4.000000e-01 0
6.800000e+00 -4.000000e-01 0
6.850000e+00 -4.000000e-01 0
6.850000e+00 -3.500000e-01 0
6.800000e+00 -3.500000e-01 0
6.800000e+00 -3.500000e-01 0
6.850000e+00 -3.500000e-01 0
6.850000e+00 -3.000000e-01 0
6.800000e+00 -3.000000e-01 0
6.800000e+00 -3.000000e-01 0
6.850000e+00 -3.000000e-01 0
6.850000e+00 -2.500000e-01 0
6.800000e+00 -2.500000e-01 0
6.800000e+00 -2.500000e-01 0
6.850000e+00 -2.500000e-01 0
6.850000e+00 -2.000000e-01 0
6.800000e+00 -2.000000e-01 0
6.800000e+00 -2.000000e-01 0
6.850000e+00 -2.000000e-01 0
6.850000e+00 -1.500000e-01 0
6.800000e+00 -1.500000e-01 0
6.800000e+00 -1.500000e-01 0
6.850000e+00 -1.500000e-01 0
6.850000e+00 -1.000000e-01 0
6.800000e+00 -1.000000e-01 0
6.800000e+00 -1.000000e-01 0
6.850000e+00 -1.000000e-01 0
6.850000e+00 -5.000000e-02 0
6.800000e+00 -5.000000e-02 0
6.800000e+00 -5.000000e-02 0
6.850000e+00 -5.000000e-02 0
6.850000e+00 5.551115e-17 0
6.800000e+00 5.551115e-17 0
6.800000e+00 5.551115e-17 0
6.850000e+00 5.551115e-17 0
6.850000e+00 5.000000e-02 0
6.800000e+00 5.000000e-02 0
6.800000e+00 5.000000e-02 0
6.850000e+00 5.000000e-02 0
6.850000e+00 1.000000e-01 0
6.800000e+00 1.000000e-01 0
6.800000e+00 1.000000e-01 0
6.850000e+00 1.000000e-01 0
6.850000e+00 1.500000e-01 0
6.800000e+00 1.500000e-01 0
6.800000e+00 1.500000e-01 0
6.850000e+00 1.500000e-01 0
6.850000e+00 2.000000e-01 0
6.800000e+00 2.000000e-01 0
6.800000e+00 2.000000e-01 0
6.850000e+00 2.000000e-01 0
6.850000e+00 2.500000e-01 0
6.800000e+00 2.500000e-01 0
6.800000e+00 2.500000e-01 0
6.850000e+00 2.500000e-01 0
6.850000e+00 3.000000e-01 0
6.800000e+00 3.000000e-01 0
6.800000e+00 3.000000e-01 0
6.850000e+00 3.000000e-01 0
6.850000e+00 3.500000e-01 0
6.800000e+00 3.500000e-01 0
6.800000e+00 3.500000e-01 0
6.850000e+00 3.500000e-01 0
6.850000e+00 4.000000e-01 0
6.800000e+00 4.000000e-01 0
6.800000e+00 4.000000e-01 0
6.850000e+00 4.000000e-01 0
6.850000e+00 4.500000e-01 0
6.800000e+00 4.500000e-01 0
6.800000e+00 4.500000e-01 0
6.850000e+00 4.500000e-01 0
6.850000e+00 5.000000e-01 0
6.800000e+00 5.000000e-01 0
6.800000e+00 5.000000e-01 0
6.850000e+00 5.000000e-01 0
6.850000e+00 5.500000e-01 0
6.800000e+00 5.500000e-01 0
6.800000e+00 5.500000e-01 0
6.850000e+00 5.500000e-01 0
6.850000e+00 6.000000e-01 0
6.800000e+00 6.000000e-01 0
6.800000e+00 6.000000e-01 0
6.850000e+00 6.000000e-01 0
6.850000e+00 6.500000e-01 0
6.800000e+00 6.500000e-01 0
6.800000e+00 6.500000e-01 0
6.850000e+00 6.500000e-01 0
6.850000e+00 7.000000e-01 0
6.800000e+00 7.000000e-01 0
6.800000e+00 7.000000e-01 0
6.850000e+00 7.000000e-01 0
6.850000e+00 7.500000e-01 0
6.800000e+00 7.500000e-01 0
6.800000e+00 7.500000e-01 0
6.850000e+00 7.500000e-01 0
6.850000e+00 8.000000e-01 0
6.800000e+00 8.000000e-01 0
6.800000e+00 8.000000e-01 0
6.850000e+00 8.000000e-01 0
6.850000e+00 8.500000e-01 0
6.800000e+00 8.500000e-01 0
6.800000e+00 8.500000e-01 0
6.850000e+00 8.500000e-01 0
6.850000e+00 9.000000e-01 0
6.800000e+00 9.000000e-01 0
6.800000e+00 9.000000e-01 0
6.850000e+00 9.000000e-01 0
6.850000e+00 9.500000e-01 0
6.800000e+00 9.500000e-01 0
6.800000e+00 9.500000e-01 0
6.850000e+00 9.500000e-01 0
6.850000e+00 1.000000e+00 0
6.800000e+00 1.000000e+00 0
6.850000e+00 -1.000000e+00 0
6.900000e+00 -1.000000e+00 0
6.900000e+00 -9.500000e-01 0
6.850000e+00 -9.500000e-01 0
6.850000e+00 -9.500000e-01 0
6.900000e+00 -9.500000e-01 0
6.900000e+00 -9.000000e-01 0
6.850000e+00 -9.000000e-01 0
6.850000e+00 -9.000000e-01 0
6.900000e+00 -9.000000e-01 0
6.900000e+00 -8.500000e-01 0
6.850000e+00 -8.500000e-01 0
6.850000e+00 -8.500000e-01 0
6.900000e+00 -8.500000e-01 0
6.900000e+00 -8.000000e-01 0
6.850000e+00 -8.000000e-01 0
6.850000e+00 -8.000000e-01 0
6.900000e+00 -8.000000e-01 0
6.900000e+00 -7.500000e-01 0
6.850000e+00 -7.500000e-01 0
6.850000e+00 -7.500000e-01 0
6.900000e+00 -7.500000e-01 0
6.900000e+00 -7.000000e-01 0
6.850000e+00 -7.000000e-01 0
6.850000e+00 -7.000000e-01 0
6.900000e+00 -7.000000e-01 0
6.900000e+00 -6.500000e-01 0
6.850000e+00 -6.500000e-01 0
6.850000e+00 -6.500000e-01 0
6.900000e+00 -6.500000e-01 0
6.900000e+00 -6.000000e-01 0
6.850000e+00 -6.000000e-01 0
6.850000e+00 -6.000000e-01 0
6.900000e+00 -6.000000e-01 0
6.900000e+00 -5.500000e-01 0
6.850000e+00 -5.500000e-01 0
6.850000e+00 -5.500000e-01 0
6.900000e+00 -5.500000e-01 0
6.900000e+00 -5.000000e-01 0
6.850000e+00 -5.000000e-01 0
6.850000e+00 -5.000000e-01 0
6.900000e+00 -5.000000e-01 0
6.900000e+00 -4.500000e-01 0
6.850000e+00 -4.500000e-01 0
6.850000e+00 -4.500000e-01 0
6.900000e+00 -4.500000e-01 0
6.900000e+00 -4.000000e-01 0
6.850000e+00 -4.000000e-01 0
6.850000e+00 -4.000000e-01 0
6.900000e+00 -4.000000e-01 0
6.900000e+00 -3.500000e-01 0
6.850000e+00 -3.500000e-01 0
6.850000e+00 -3.500000e-01 0
6.900000e+00 -3.500000e-01 0
6.900000e+00 -3.000000e-01 0
6.850000e+00 -3.000000e-01 0
6.850000e+00 -3.000000e-01 0
6.900000e+00 -3.000000e-01 0
6.900000e+00 -2.500000e-01 0
6.850000e+00 -2.500000e-01 0
6.850000e+00 -2.500000e-01 0
6.900000e+00 -2.500000e-01 0
6.900000e+00 -2.000000e-01 0
6.850000e+00 -2.000000e-01 0
6.850000e+00 -2.000000e-01 0
6.900000e+00 -2.000000e-01 0
6.900000e+00 -1.500000e-01 0
6.850000e+00 -1.500000e-01 0
6.850000e+00 -1.500000e-01 0
6.900000e+00 -1.500000e-01 0
6.900000e+00 -1.000000e-01 0
6.850000e+00 -1.000000e-01 0
6.850000e+00 -1.000000e-01 0
6.900000e+00 -1.000000e-01 0
6.900000e+00 -5.000000e-02 0
6.850000e+00 -5.000000e-02 0
6.850000e+00 -5.000000e-02 0
6.900000e+00 -5.000000e-02 0
6.900000e+00 5.551115e-17 0
6.850000e+00 5.551115e-17 0
6.850000e+00 5.551115e-17 0
6.900000e+00 5.551115e-17 0
6.900000e+00 5.000000e-02 0
6.850000e+00 5.000000e-02 0
6.850000e+00 5.000000e-02 0
6.900000e+00 5.000000e-02 0
6.900000e+00 1.000000e-01 0
6.850000e+00 1.000000e-01 0
6.850000e+00 1.000000e-01 0
6.900000e+00 1.000000e-01 0
6.900000e+00 1.500000e-01 0
6.850000e+00 1.500000e-01 0
6.850000e+00 1.500000e-01 0
6.900000e+00 1.500000e-01 0
6.900000e+00 2.000000e-01 0
6.850000e+00 2.000000e-01 0
6.850000e+00 2.000000e-01 0
6.900000e+00 2.000000e-01 0
6.900000e+00 2.500000e-01 0
6.850000e+00 2.500000e-01 0
6.850000e+00 2.500000e-01 0
6.900000e+00 2.500000e-01 0
6.900000e+00 3.000000e-01 0
6.850000e+00 3.000000e-01 0
6.850000e+00 3.000000e-01 0
6.900000e+00 3.000000e-01 0
6.900000e+00 3.500000e-01 0
6.850000e+00 3.500000e-01 0
6.850000e+00 3.500000e-01 0
6.900000e+00 3.500000e-01 0
6.900000e+00 4.000000e-01 0
6.850000e+00 4.000000e-01 0
6.850000e+00 4.000000e-01 0
6.900000e+00 4.000000e-01 0
6.900000e+00 4.500000e-01 0
6.850000e+00 4.500000e-01 0
6.850000e+00 4.500000e-01 0
6.900000e+00 4.500000e-01 0
6.900000e+00 5.000000e-01 0
6.850000e+00 5.000000e-01 0
6.850000e+00 5.000000e-01 0
6.900000e+00 5.000000e-01 0
6.900000e+00 5.500000e-01 0
6.850000e+00 5.500000e-01 0
6.850000e+00 5.500000e-01 0
6.900000e+00 5.500000e-01 0
6.900000e+00 6.000000e-01 0
6.850000e+00 6.000000e-01 0
6.850000e+00 6.000000e-01 0
6.900000e+00 6.000000e-01 0
6.900000e+00 6.500000e-01 0
6.850000e+00 6.500000e-01 0
6.850000e+00 6.500000e-01 0
6.900000e+00 6.500000e-01 0
6.900000e+00 7.000000e-01 0
6.850000e+00 7.000000e-01 0
6.850000e+00 7.000000e-01 0
6.900000e+00 7.000000e-01 0
6.900000e+00 7.500000e-01 0
6.850000e+00 7.500000e-01 0
6.850000e+00 7.500000e-01 0
6.900000e+00 7.500000e-01 0
6.900000e+00 8.000000e-01 0
6.850000e+00 8.000000e-01 0
6.850000e+00 8.000000e-01 0
6.900000e+00 8.000000e-01 0
6.900000e+00 8.500000e-01 0
6.850000e+00 8.500000e-01 0
6.850000e+00 8.500000e-01 0
6.900000e+00 8.500000e-01 0
6.900000e+00 9.000000e-01 0
6.850000e+00 9.000000e-01 0
6.850000e+00 9.000000e-01 0
6.900000e+00 9.000000e-01 0
6.900000e+00 9.500000e-01 0
6.850000e+00 9.500000e-01 0
6.850000e+00 9.500000e-01 0
6.900000e+00 9.500000e-01 0
6.900000e+00 1.000000e+00 0
6.850000e+00 1.000000e+00 0
6.900000e+00 -1.000000e+00 0
6.950000e+00 -1.000000e+00 0
6.950000e+00 -9.500000e-01 0
6.900000e+00 -9.500000e-01 0
6.900000e+00 -9.500000e-01 0
6.950000e+00 -9.500000e-01 0
6.950000e+00 -9.000000e-01 0
6.900000e+00 -9.000000e-01 0
6.900000e+00 -9.000000e-01 0
6.950000e+00 -9.000000e-01 0
6.950000e+00 -8.500000e-01 0
6.900000e+00 -8.500000e-01 0
6.900000e+00 -8.500000e-01 0
6.950000e+00 -8.500000e-01 0
6.950000e+00 -8.000000e-01 0
6.900000e+00 -8.000000e-01 0
6.900000e+00 -8.000000e-01 0
6.950000e+00 -8.000000e-01 0
6.950000e+00 -7.500000e-01 0
6.900000e+00 -7.500000e-01 0
6.900000e+00 -7.500000e-01 0
6.950000e+00 -7.500000e-01 0
6.950000e+00 -7.000000e-01 0
6.900000e+00 -7.000000e-01 0
6.900000e+00 -7.000000e-01 0
6.950000e+00 -7.000000e-01 0
6.950000e+00 -6.500000e-01 0
6.900000e+00 -6.500000e-01 0
6.900000e+00 -6.500000e-01 0
6.950000e+00 -6.500000e-01 0
6.950000e+00 -6.000000e-01 0
6.900000e+00 -6.000000e-01 0
6.900000e+00 -6.000000e-01 0
6.950000e+00 -6.000000e-01 0
6.950000e+00 -5.500000e-01 0
6.900000e+00 -5.500000e-01 0
6.900000e+00 -5.500000e-01 0
6.950000e+00 -5.500000e-01 0
6.950000e+00 -5.000000e-01 0
6.900000e+00 -5.000000e-01 0
6.900000e+00 -5.000000e-01 0
6.950000e+00 -5.000000e-01 0
6.950000e+00 -4.500000e-01 0
6.900000e+00 -4.500000e-01 0
6.900000e+00 -4.500000e-01 0
6.950000e+00 -4.500000e-01 0
6.950000e+00 -4.000000e-01 0
6.900000e+00 -4.000000e-01 0
6.900000e+00 -4.000000e-01 0
6.950000e+00 -4.000000e-01 0
6.950000e+00 -3.500000e-01 0
6.900000e+00 -3.500000e-01 0
6.900000e+00 -3.500000e-01 0
6.950000e+00 -3.500000e-01 0
6.950000e+00 -3.000000e-01 0
6.900000e+00 -3.000000e-01 0
6.900000e+00 -3.000000e-01 0
6.950000e+00 -3.000000e-01 0
6.950000e+00 -2.500000e-01 0
6.900000e+00 -2.500000e-01 0
6.900000e+00 -2.500000e-01 0
6.950000e+00 -2.500000e-01 0
6.950000e+00 -2.000000e-01 0
6.900000e+00 -2.000000e-01 0
6.900000e+00 -2.000000e-01 0
6.950000e+00 -2.000000e-01 0
6.950000e+00 -1.500000e-01 0
6.900000e+00 -1.500000e-01 0
6.900000e+00 -1.500000e-01 0
6.950000e+00 -1.500000e-01 0
6.950000e+00 -1.000000e-01 0
6.900000e+00 -1.000000e-01 0
6.900000e+00 -1.000000e-01 0
6.950000e+00 -1.000000e-01 0
6.950000e+00 -5.000000e-02 0
6.900000e+00 -5.000000e-02 0
6.900000e+00 -5.000000e-02 0
6.950000e+00 -5.000000e-02 0
6.950000e+00 5.551115e-17 0
6.900000e+00 5.551115e-17 0
6.900000e+00 5.551115e-17 0
6.950000e+00 5.551115e-17 0
6.950000e+00 5.000000e-02 0
6.900000e+00 5.000000e-02 0
6.900000e+00 5.000000e-02 0
6.950000e+00 5.000000e-02 0
6.950000e+00 1.000000e-01 0
6.900000e+00 1.000000e-01 0
6.900000e+00 1.000000e-01 0
6.950000e+00 1.000000e-01 0
6.950000e+00 1.500000e-01 0
6.900000e+00 1.500000e-01 0
6.900000e+00 1.500000e-01 0
6.950000e+00 1.500000e-01 0
6.950000e+00 2.000000e-01 0
6.900000e+00 2.000000e-01 0
6.900000e+00 2.000000e-01 0
6.950000e+00 2.000000e-01 0
6.950000e+00 2.500000e-01 0
6.900000e+00 2.500000e-01 0
6.900000e+00 2.500000e-01 0
6.950000e+00 2.500000e-01 0
6.950000e+00 3.000000e-01 0
6.900000e+00 3.000000e-01 0
6.900000e+00 3.000000e-01 0
6.950000e+00 3.000000e-01 0
6.950000e+00 3.500000e-01 0
6.900000e+00 3.500000e-01 0
6.900000e+00 3.500000e-01 0
6.950000e+00 3.500000e-01 0
6.950000e+00 4.000000e-01 0
6.900000e+00 4.000000e-01 0
6.900000e+00 4.000000e-01 0
6.950000e+00 4.000000e-01 0
6.950000e+00 4.500000e-01 0
6.900000e+00 4.500000e-01 0
6.900000e+00 4.500000e-01 0
6.950000e+00 4.500000e-01 0
6.950000e+00 5.000000e-01 0
6.900000e+00 5.000000e-01 0
6.900000e+00 5.000000e-01 0
6.950000e+00 5.000000e-01 0
6.950000e+00 5.500000e-01 0
6.900000e+00 5.500000e-01 0
6.900000e+00 5.500000e-01 0
6.950000e+00 5.500000e-01 0
6.950000e+00 6.000000e-01 0
6.900000e+00 6.000000e-01 0
6.900000e+00 6.000000e-01 0
6.950000e+00 6.000000e-01 0
6.950000e+00 6.500000e-01 0
6.900000e+00 6.500000e-01 0
6.900000e+00 6.500000e-01 0
6.950000e+00 6.500000e-01 0
6.950000e+00 7.000000e-01 0
6.900000e+00 7.000000e-01 0
6.900000e+00 7.000000e-01 0
6.950000e+00 7.000000e-01 0
6.950000e+00 7.500000e-01 0
6.900000e+00 7.500000e-01 0
6.900000e+00 7.500000e-01 0
6.950000e+00 7.500000e-01 0
6.950000e+00 8.000000e-01 0
6.900000e+00 8.000000e-01 0
6.900000e+00 8.000000e-01 0
6.950000e+00 8.000000e-01 0
6.950000e+00 8.500000e-01 0
6.900000e+00 8.500000e-01 0
6.900000e+00 8.500000e-01 0
6.950000e+00 8.500000e-01 0
6.950000e+00 9.000000e-01 0
6.900000e+00 9.000000e-01 0
6.900000e+00 9.000000e-01 0
6.950000e+00 9.000000e-01 0
6.950000e+00 9.500000e-01 0
6.900000e+00 9.500000e-01 0
6.900000e+00 9.500000e-01 0
6.950000e+00 9.500000e-01 0
6.950000e+00 1.000000e+00 0
6.900000e+00 1.000000e+00 0
6.950000e+00 -1.000000e+00 0
7.000000e+00 -1.000000e+00 0
7.000000e+00 -9.500000e-01 0
6.950000e+00 -9.500000e-01 0
6.950000e+00 -9.500000e-01 0
7.000000e+00 -9.500000e-01 0
7.000000e+00 -9.000000e-01 0
6.950000e+00 -9.000000e-01 0
6.950000e+00 -9.000000e-01 0
7.000000e+00 -9.000000e-01 0
7.000000e+00 -8.500000e-01 0
6.950000e+00 -8.500000e-01 0
6.950000e+00 -8.500000e-01 0
7.000000e+00 -8.500000e-01 0
7.000000e+00 -8.000000e-01 0
6.950000e+00 -8.000000e-01 0
6.950000e+00 -8.000000e-01 0
7.000000e+00 -8.000000e-01 0
7.000000e+00 -7.500000e-01 0
6.950000e+00 -7.500000e-01 0
6.950000e+00 -7.500000e-01 0
7.000000e+00 -7.500000e-01 0
7.000000e+00 -7.000000e-01 0
6.950000e+00 -7.000000e-01 0
6.950000e+00 -7.000000e-01 0
7.000000e+00 -7.000000e-01 0
7.000000e+00 -6.500000e-01 0
6.950000e+00 -6.500000e-01 0
6.950000e+00 -6.500000e-01 0
7.000000e+00 -6.500000e-01 0
7.000000e+00 -6.000000e-01 0
6.950000e+00 -6.000000e-01 0
6.950000e+00 -6.000000e-01 0
7.000000e+00 -6.000000e-01 0
7.000000e+00 -5.500000e-01 0
6.950000e+00 -5.500000e-01 0
6.950000e+00 -5.500000e-01 0
7.000000e+00 -5.500000e-01 0
7.000000e+00 -5.000000e-01 0
6.950000e+00 -5.000000e-01 0
6.950000e+00 -5.000000e-01 0
7.000000e+00 -5.000000e-01 0
7.000000e+00 -4.500000e-01 0
6.950000e+00 -4.500000e-01 0
6.950000e+00 -4.500000e-01 0
7.000000e+00 -4.500000e-01 0
7.000000e+00 -4.000000e-01 0
6.950000e+00 -4.000000e-01 0
6.950000e+00 -4.000000e-01 0
7.000000e+00 -4.000000e-01 0
7.000000e+00 -3.500000e-01 0
6.950000e+00 -3.500000e-01 0
6.950000e+00 -3.500000e-01 0
7.000000e+00 -3.500000e-01 0
7.000000e+00 -3.000000e-01 0
6.950000e+00 -3.000000e-01 0
6.950000e+00 -3.000000e-01 0
7.000000e+00 -3.000000e-01 0
7.000000e+00 -2.500000e-01 0
6.950000e+00 -2.500000e-01 0
6.950000e+00 -2.500000e-01 0
7.000000e+00 -2.500000e-01 0
7.000000e+00 -2.000000e-01 0
6.950000e+00 -2.000000e-01 0
6.950000e+00 -2.000000e-01 0
7.000000e+00 -2.000000e-01 0
7.000000e+00 -1.500000e-01 0
6.950000e+00 -1.500000e-01 0
6.950000e+00 -1.500000e-01 0
7.000000e+00 -1.500000e-01 0
7.000000e+00 -1.000000e-01 0
6.950000e+00 -1.000000e-01 0
6.950000e+00 -1.000000e-01 0
7.000000e+00 -1.000000e-01 0
7.000000e+00 -5.000000e-02 0
6.950000e+00 -5.000000e-02 0
6.950000e+00 -5.000000e-02 0
7.000000e+00 -5.000000e-02 0
7.000000e+00 5.551115e-17 0
6.950000e+00 5.551115e-17 0
6.950000e+00 5.551115e-17 0
7.000000e+00 5.551115e-17 0
7.000000e+00 5.000000e-02 0
6.950000e+00 5.000000e-02 0
6.950000e+00 5.000000e-02 0
7.000000e+00 5.000000e-02 0
7.000000e+00 1.000000e-01 0
6.950000e+00 1.000000e-01 0
6.950000e+00 1.000000e-01 0
7.000000e+00 1.000000e-01 0
7.000000e+00 1.500000e-01 0
6.950000e+00 1.500000e-01 0
6.950000e+00 1.500000e-01 0
7.000000e+00 1.500000e-01 0
7.000000e+00 2.000000e-01 0
6.950000e+00 2.000000e-01 0
6.950000e+00 2.000000e-01 0
7.000000e+00 2.000000e-01 0
7.000000e+00 2.500000e-01 0
6.950000e+00 2.500000e-01 0
6.950000e+00 2.500000e-01 0
7.000000e+00 2.500000e-01 0
7.000000e+00 3.000000e-01 0
6.950000e+00 3.000000e-01 0
6.950000e+00 3.000000e-01 0
7.000000e+00 3.000000e-01 0
7.000000e+00 3.500000e-01 0
6.950000e+00 3.500000e-01 0
6.950000e+00 3.500000e-01 0
7.000000e+00 3.500000e-01 0
7.000000e+00 4.000000e-01 0
6.950000e+00 4.000000e-01 0
6.950000e+00 4.000000e-01 0
7.000000e+00 4.000000e-01 0
7.000000e+00 4.500000e-01 0
6.950000e+00 4.500000e-01 0
6.950000e+00 4.500000e-01 0
7.000000e+00 4.500000e-01 0
7.000000e+00 5.000000e-01 0
6.950000e+00 5.000000e-01 0
6.950000e+00 5.000000e-01 0
7.000000e+00 5.000000e-01 0
7.000000e+00 5.500000e-01 0
6.950000e+00 5.500000e-01 0
6.950000e+00 5.500000e-01 0
7.000000e+00 5.500000e-01 0
7.000000e+00 6.000000e-01 0
6.950000e+00 6.000000e-01 0
6.950000e+00 6.000000e-01 0
7.000000e+00 6.000000e-01 0
7.000000e+00 6.500000e-01 0
6.950000e+00 6.500000e-01 0
6.950000e+00 6.500000e-01 0
7.000000e+00 6.500000e-01 0
7.000000e+00 7.000000e-01 0
6.950000e+00 7.000000e-01 0
6.950000e+00 7.000000e-01 0
7.000000e+00 7.000000e-01 0
7.000000e+00 7.500000e-01 0
6.950000e+00 7.500000e-01 0
6.950000e+00 7.500000e-01 0
7.000000e+00 7.500000e-01 0
7.000000e+00 8.000000e-01 0
6.950000e+00 8.000000e-01 0
6.950000e+00 8.000000e-01 0
7.000000e+00 8.000000e-01 0
7.000000e+00 8.500000e-01 0
6.950000e+00 8.500000e-01 0
6.950000e+00 8.500000e-01 0
7.000000e+00 8.500000e-01 0
7.000000e+00 9.000000e-01 0
6.950000e+00 9.000000e-01 0
6.950000e+00 9.000000e-01 0
7.000000e+00 9.000000e-01 0
7.000000e+00 9.500000e-01 0
6.950000e+00 9.500000e-01 0
6.950000e+00 9.500000e-01 0
7.000000e+00 9.500000e-01 0
7.000000e+00 1.000000e+00 0
6.950000e+00 1.000000e+00 0
7.000000e+00 -1.000000e+00 0
7.050000e+00 -1.000000e+00 0
7.050000e+00 -9.500000e-01 0
7.000000e+00 -9.500000e-01 0
7.000000e+00 -9.500000e-01 0
7.050000e+00 -9.500000e-01 0
7.050000e+00 -9.000000e-01 0
7.000000e+00 -9.000000e-01 0
7.000000e+00 -9.000000e-01 0
7.050000e+00 -9.000000e-01 0
7.050000e+00 -8.500000e-01 0
7.000000e+00 -8.500000e-01 0
7.000000e+00 -8.500000e-01 0
7.050000e+00 -8.500000e-01 0
7.050000e+00 -8.000000e-01 0
7.000000e+00 -8.000000e-01 0
7.000000e+00 -8.000000e-01 0
7.050000e+00 -8.000000e-01 0
7.050000e+00 -7.500000e-01 0
7.000000e+00 -7.500000e-01 0
7.000000e+00 -7.500000e-01 0
7.050000e+00 -7.500000e-01 0
7.050000e+00 -7.000000e-01 0
7.000000e+00 -7.000000e-01 0
7.000000e+00 -7.000000e-01 0
7.050000e+00 -7.000000e-01 0
7.050000e+00 -6.500000e-01 0
7.000000e+00 -6.500000e-01 0
7.000000e+00 -6.500000e-01 0
7.050000e+00 -6.500000e-01 0
7.050000e+00 -6.000000e-01 0
7.000000e+00 -6.000000e-01 0
7.000000e+00 -6.000000e-01 0
7.050000e+00 -6.000000e-01 0
7.050000e+00 -5.500000e-01 0
7.000000e+00 -5.500000e-01 0
7.000000e+00 -5.500000e-01 0
7.050000e+00 -5.500000e-01 0
7.050000e+00 -5.000000e-01 0
7.000000e+00 -5.000000e-01 0
7.000000e+00 -5.000000e-01 0
7.050000e+00 -5.000000e-01 0
7.050000e+00 -4.500000e-01 0
7.000000e+00 -4.500000e-01 0
7.000000e+00 -4.500000e-01 0
7.050000e+00 -4.500000e-01 0
7.050000e+00 -4.000000e-01 0
7.000000e+00 -4.000000e-01 0
7.000000e+00 -4.000000e-01 0
7.050000e+00 -4.000000e-01 0
7.050000e+00 -3.500000e-01 0
7.000000e+00 -3.500000e-01 0
7.000000e+00 -3.500000e-01 0
7.050000e+00 -3.500000e-01 0
7.050000e+00 -3.000000e-01 0
7.000000e+00 -3.000000e-01 0
7.000000e+00 -3.000000e-01 0
7.050000e+00 -3.000000e-01 0
7.050000e+00 -2.500000e-01 0
7.000000e+00 -2.500000e-01 0
7.000000e+00 -2.500000e-01 0
7.050000e+00 -2.500000e-01 0
7.050000e+00 -2.000000e-01 0
7.000000e+00 -2.000000e-01 0
7.000000e+00 -2.000000e-01 0
7.050000e+00 -2.000000e-01 0
7.050000e+00 -1.500000e-01 0
7.000000e+00 -1.500000e-01 0
7.000000e+00 -1.500000e-01 0
7.050000e+00 -1.500000e-01 0
7.050000e+00 -1.000000e-01 0
7.000000e+00 -1.000000e-01 0
7.000000e+00 -1.000000e-01 0
7.050000e+00 -1.000000e-01 0
7.050000e+00 -5.000000e-02 0
7.000000e+00 -5.000000e-02 0
7.000000e+00 -5.000000e-02 0
7.050000e+00 -5.000000e-02 0
7.050000e+00 5.551115e-17 0
7.000000e+00 5.551115e-17 0
7.000000e+00 5.551115e-17 0
7.050000e+00 5.551115e-17 0
7.050000e+00 5.000000e-02 0
7.000000e+00 5.000000e-02 0
7.000000e+00 5.000000e-02 0
7.050000e+00 5.000000e-02 0
7.050000e+00 1.000000e-01 0
7.000000e+00 1.000000e-01 0
7.000000e+00 1.000000e-01 0
7.050000e+00 1.000000e-01 0
7.050000e+00 1.500000e-01 0
7.000000e+00 1.500000e-01 0
7.000000e+00 1.500000e-01 0
7.050000e+00 1.500000e-01 0
7.050000e+00 2.000000e-01 0
7.000000e+00 2.000000e-01 0
7.000000e+00 2.000000e-01 0
7.050000e+00 2.000000e-01 0
7.050000e+00 2.500000e-01 0
7.000000e+00 2.500000e-01 0
7.000000e+00 2.500000e-01 0
7.050000e+00 2.500000e-01 0
7.050000e+00 3.000000e-01 0
7.000000e+00 3.000000e-01 0
7.000000e+00 3.000000e-01 0
7.050000e+00 3.000000e-01 0
7.050000e+00 3.500000e-01 0
7.000000e+00 3.500000e-01 0
7.000000e+00 3.500000e-01 0
7.050000e+00 3.500000e-01 0
7.050000e+00 4.000000e-01 0
7.000000e+00 4.000000e-01 0
7.000000e+00 4.000000e-01 0
7.050000e+00 4.000000e-01 0
7.050000e+00 4.500000e-01 0
7.000000e+00 4.500000e-01 0
7.000000e+00 4.500000e-01 0
7.050000e+00 4.500000e-01 0
7.050000e+00 5.000000e-01 0
7.000000e+00 5.000000e-01 0
7.000000e+00 5.000000e-01 0
7.050000e+00 5.000000e-01 0
7.050000e+00 5.500000e-01 0
7.000000e+00 5.500000e-01 0
7.000000e+00 5.500000e-01 0
7.050000e+00 5.500000e-01 0
7.050000e+00 6.000000e-01 0
7.000000e+00 6.000000e-01 0
7.000000e+00 6.000000e-01 0
7.050000e+00 6.000000e-01 0
7.050000e+00 6.500000e-01 0
7.000000e+00 6.500000e-01 0
7.000000e+00 6.500000e-01 0
7.050000e+00 6.500000e-01 0
7.050000e+00 7.000000e-01 0
7.000000e+00 7.000000e-01 0
7.000000e+00 7.000000e-01 0
7.050000e+00 7.000000e-01 0
7.050000e+00 7.500000e-01 0
7.000000e+00 7.500000e-01 0
7.000000e+00 7.500000e-01 0
7.050000e+00 7.500000e-01 0
7.050000e+00 8.000000e-01 0
7.000000e+00 8.000000e-01 0
7.000000e+00 8.000000e-01 0
7.050000e+00 8.000000e-01 0
7.050000e+00 8.500000e-01 0
7.000000e+00 8.500000e-01 0
7.000000e+00 8.500000e-01 0
7.050000e+00 8.500000e-01 0
7.050000e+00 9.000000e-01 0
7.000000e+00 9.000000e-01 0
7.000000e+00 9.000000e-01 0
7.050000e+00 9.000000e-01 0
7.050000e+00 9.500000e-01 0
7.000000e+00 9.500000e-01 0
7.000000e+00 9.500000e-01 0
7.050000e+00 9.500000e-01 0
7.050000e+00 1.000000e+00 0
7.000000e+00 1.000000e+00 0
7.050000e+00 -1.000000e+00 0
7.100000e+00 -1.000000e+00 0
7.100000e+00 -9.500000e-01 0
7.050000e+00 -9.500000e-01 0
7.050000e+00 -9.500000e-01 0
7.100000e+00 -9.500000e-01 0
7.100000e+00 -9.000000e-01 0
7.050000e+00 -9.000000e-01 0
7.050000e+00 -9.000000e-01 0
7.100000e+00 -9.000000e-01 0
7.100000e+00 -8.500000e-01 0
7.050000e+00 -8.500000e-01 0
7.050000e+00 -8.500000e-01 0
7.100000e+00 -8.500000e-01 0
7.100000e+00 -8.000000e-01 0
7.050000e+00 -8.000000e-01 0
7.050000e+00 -8.000000e-01 0
7.100000e+00 -8.000000e-01 0
7.100000e+00 -7.500000e-01 0
7.050000e+00 -7.500000e-01 0
7.050000e+00 -7.500000e-01 0
7.100000e+00 -7.500000e-01 0
7.100000e+00 -7.000000e-01 0
7.050000e+00 -7.000000e-01 0
7.050000e+00 -7.000000e-01 0
7.100000e+00 -7.000000e-01 0
7.100000e+00 -6.500000e-01 0
7.050000e+00 -6.500000e-01 0
7.050000e+00 -6.500000e-01 0
7.100000e+00 -6.500000e-01 0
7.100000e+00 -6.000000e-01 0
7.050000e+00 -6.000000e-01 0
7.050000e+00 -6.000000e-01 0
7.100000e+00 -6.000000e-01 0
7.100000e+00 -5.500000e-01 0
7.050000e+00 -5.500000e-01 0
7.050000e+00 -5.500000e-01 0
7.100000e+00 -5.500000e-01 0
7.100000e+00 -5.000000e-01 0
7.050000e+00 -5.000000e-01 0
7.050000e+00 -5.000000e-01 0
7.100000e+00 -5.000000e-01 0
7.100000e+00 -4.500000e-01 0
7.050000e+00 -4.500000e-01 0
7.050000e+00 -4.500000e-01 0
7.100000e+00 -4.500000e-01 0
7.100000e+00 -4.000000e-01 0
7.050000e+00 -4.000000e-01 0
7.050000e+00 -4.000000e-01 0
7.100000e+00 -4.000000e-01 0
7.100000e+00 -3.500000e-01 0
7.050000e+00 -3.500000e-01 0
7.050000e+00 -3.500000e-01 0
7.100000e+00 -3.500000e-01 0
7.100000e+00 -3.000000e-01 0
7.050000e+00 -3.000000e-01 0
7.050000e+00 -3.000000e-01 0
7.100000e+00 -3.000000e-01 0
7.100000e+00 -2.500000e-01 0
7.050000e+00 -2.500000e-01 0
7.050000e+00 -2.500000e-01 0
7.100000e+00 -2.500000e-01 0
7.100000e+00 -2.000000e-01 0
7.050000e+00 -2.000000e-01 0
7.050000e+00 -2.000000e-01 0
7.100000e+00 -2.000000e-01 0
7.100000e+00 -1.500000e-01 0
7.050000e+00 -1.500000e-01 0
7.050000e+00 -1.500000e-01 0
7.100000e+00 -1.500000e-01 0
7.100000e+00 -1.000000e-01 0
7.050000e+00 -1.000000e-01 0
7.050000e+00 -1.000000e-01 0
7.100000e+00 -1.000000e-01 0
7.100000e+00 -5.000000e-02 0
7.050000e+00 -5.000000e-02 0
7.050000e+00 -5.000000e-02 0
7.100000e+00 -5.000000e-02 0
7.100000e+00 5.551115e-17 0
7.050000e+00 5.551115e-17 0
7.050000e+00 5.551115e-17 0
7.100000e+00 5.551115e-17 0
7.100000e+00 5.000000e-02 0
7.050000e+00 5.000000e-02 0
7.050000e+00 5.000000e-02 0
7.100000e+00 5.000000e-02 0
7.100000e+00 1.000000e-01 0
7.050000e+00 1.000000e-01 0
7.050000e+00 1.000000e-01 0
7.100000e+00 1.000000e-01 0
7.100000e+00 1.500000e-01 0
7.050000e+00 1.500000e-01 0
7.050000e+00 1.500000e-01 0
7.100000e+00 1.500000e-01 0
7.100000e+00 2.000000e-01 0
7.050000e+00 2.000000e-01 0
7.050000e+00 2.000000e-01 0
7.100000e+00 2.000000e-01 0
7.100000e+00 2.500000e-01 0
7.050000e+00 2.500000e-01 0
7.050000e+00 2.500000e-01 0
7.100000e+00 2.500000e-01 0
7.100000e+00 3.000000e-01 0
7.050000e+00 3.000000e-01 0
7.050000e+00 3.000000e-01 0
7.100000e+00 3.000000e-01 0
7.100000e+00 3.500000e-01 0
7.050000e+00 3.500000e-01 0
7.050000e+00 3.500000e-01 0
7.100000e+00 3.500000e-01 0
7.100000e+00 4.000000e-01 0
7.050000e+00 4.000000e-01 0
7.050000e+00 4.000000e-01 0
7.100000e+00 4.000000e-01 0
7.100000e+00 4.500000e-01 0
7.050000e+00 4.500000e-01 0
7.050000e+00 4.500000e-01 0
7.100000e+00 4.500000e-01 0
7.100000e+00 5.000000e-01 0
7.050000e+00 5.000000e-01 0
7.050000e+00 5.000000e-01 0
7.100000e+00 5.000000e-01 0
7.100000e+00 5.500000e-01 0
7.050000e+00 5.500000e-01 0
7.050000e+00 5.500000e-01 0
7.100000e+00 5.500000e-01 0
7.100000e+00 6.000000e-01 0
7.050000e+00 6.000000e-01 0
7.050000e+00 6.000000e-01 0
7.100000e+00 6.000000e-01 0
7.100000e+00 6.500000e-01 0
7.050000e+00 6.500000e-01 0
7.050000e+00 6.500000e-01 0
7.100000e+00 6.500000e-01 0
7.100000e+00 7.000000e-01 0
7.050000e+00 7.000000e-01 0
7.050000e+00 7.000000e-01 0
7.100000e+00 7.000000e-01 0
7.100000e+00 7.500000e-01 0
7.050000e+00 7.500000e-01 0
7.050000e+00 7.500000e-01 0
7.100000e+00 7.500000e-01 0
7.100000e+00 8.000000e-01 0
7.050000e+00 8.000000e-01 0
7.050000e+00 8.000000e-01 0
7.100000e+00 8.000000e-01 0
7.100000e+00 8.500000e-01 0
7.050000e+00 8.500000e-01 0
7.050000e+00 8.500000e-01 0
7.100000e+00 8.500000e-01 0
7.100000e+00 9.000000e-01 0
7.050000e+00 9.000000e-01 0
7.050000e+00 9.000000e-01 0
7.100000e+00 9.000000e-01 0
7.100000e+00 9.500000e-01 0
7.050000e+00 9.500000e-01 0
7.050000e+00 9.500000e-01 0
7.100000e+00 9.500000e-01 0
7.100000e+00 1.000000e+00 0
7.050000e+00 1.000000e+00 0
7.100000e+00 -1.000000e+00 0
7.150000e+00 -1.000000e+00 0
7.150000e+00 -9.500000e-01 0
7.100000e+00 -9.500000e-01 0
7.100000e+00 -9.500000e-01 0
7.150000e+00 -9.500000e-01 0
7.150000e+00 -9.000000e-01 0
7.100000e+00 -9.000000e-01 0
7.100000e+00 -9.000000e-01 0
7.150000e+00 -9.000000e-01 0
7.150000e+00 -8.500000e-01 0
7.100000e+00 -8.500000e-01 0
7.100000e+00 -8.500000e-01 0
7.150000e+00 -8.500000e-01 0
7.150000e+00 -8.000000e-01 0
7.100000e+00 -8.000000e-01 0
7.100000e+00 -8.000000e-01 0
7.150000e+00 -8.000000e-01 0
7.150000e+00 -7.500000e-01 0
7.100000e+00 -7.500000e-01 0
7.100000e+00 -7.500000e-01 0
7.150000e+00 -7.500000e-01 0
7.150000e+00 -7.000000e-01 0
7.100000e+00 -7.000000e-01 0
7.100000e+00 -7.000000e-01 0
7.150000e+00 -7.000000e-01 0
7.150000e+00 -6.500000e-01 0
7.100000e+00 -6.500000e-01 0
7.100000e+00 -6.500000e-01 0
7.150000e+00 -6.500000e-01 0
7.150000e+00 -6.000000e-01 0
7.100000e+00 -6.000000e-01 0
7.100000e+00 -6.000000e-01 0
7.150000e+00 -6.000000e-01 0
7.150000e+00 -5.500000e-01 0
7.100000e+00 -5.500000e-01 0
7.100000e+00 -5.500000e-01 0
7.150000e+00 -5.500000e-01 0
7.150000e+00 -5.000000e-01 0
7.100000e+00 -5.000000e-01 0
7.100000e+00 -5.000000e-01 0
7.150000e+00 -5.000000e-01 0
7.150000e+00 -4.500000e-01 0
7.100000e+00 -4.500000e-01 0
7.100000e+00 -4.500000e-01 0
7.150000e+00 -4.500000e-01 0
7.150000e+00 -4.000000e-01 0
7.100000e+00 -4.000000e-01 0
7.100000e+00 -4.000000e-01 0
7.150000e+00 -4.000000e-01 0
7.150000e+00 -3.500000e-01 0
7.100000e+00 -3.500000e-01 0
7.100000e+00 -3.500000e-01 0
7.150000e+00 -3.500000e-01 0
7.150000e+00 -3.000000e-01 0
7.100000e+00 -3.000000e-01 0
7.100000e+00 -3.000000e-01 0
7.150000e+00 -3.000000e-01 0
7.150000e+00 -2.500000e-01 0
7.100000e+00 -2.500000e-01 0
7.100000e+00 -2.500000e-01 0
7.150000e+00 -2.500000e-01 0
7.150000e+00 -2.000000e-01 0
7.100000e+00 -2.000000e-01 0
7.100000e+00 -2.000000e-01 0
7.150000e+00 -2.000000e-01 0
7.150000e+00 -1.500000e-01 0
7.100000e+00 -1.500000e-01 0
7.100000e+00 -1.500000e-01 0
7.150000e+00 -1.500000e-01 0
7.150000e+00 -1.000000e-01 0
7.100000e+00 -1.000000e-01 0
7.100000e+00 -1.000000e-01 0
7.150000e+00 -1.000000e-01 0
7.150000e+00 -5.000000e-02 0
7.100000e+00 -5.000000e-02 0
7.100000e+00 -5.000000e-02 0
7.150000e+00 -5.000000e-02 0
7.150000e+00 5.551115e-17 0
7.100000e+00 5.551115e-17 0
7.100000e+00 5.551115e-17 0
7.150000e+00 5.551115e-17 0
7.150000e+00 5.000000e-02 0
7.100000e+00 5.000000e-02 0
7.100000e+00 5.000000e-02 0
7.150000e+00 5.000000e-02 0
7.150000e+00 1.000000e-01 0
7.100000e+00 1.000000e-01 0
7.100000e+00 1.000000e-01 0
7.150000e+00 1.000000e-01 0
7.150000e+00 1.500000e-01 0
7.100000e+00 1.500000e-01 0
7.100000e+00 1.500000e-01 0
7.150000e+00 1.500000e-01 0
7.150000e+00 2.000000e-01 0
7.100000e+00 2.000000e-01 0
7.100000e+00 2.000000e-01 0
7.150000e+00 2.000000e-01 0
7.150000e+00 2.500000e-01 0
7.100000e+00 2.500000e-01 0
7.100000e+00 2.500000e-01 0
7.150000e+00 2.500000e-01 0
7.150000e+00 3.000000e-01 0
7.100000e+00 3.000000e-01 0
7.100000e+00 3.000000e-01 0
7.150000e+00 3.000000e-01 0
7.150000e+00 3.500000e-01 0
7.100000e+00 3.500000e-01 0
7.100000e+00 3.500000e-01 0
7.150000e+00 3.500000e-01 0
7.150000e+00 4.000000e-01 0
7.100000e+00 4.000000e-01 0
7.100000e+00 4.000000e-01 0
7.150000e+00 4.000000e-01 0
7.150000e+00 4.500000e-01 0
7.100000e+00 4.500000e-01 0
7.100000e+00 4.500000e-01 0
7.150000e+00 4.500000e-01 0
7.150000e+00 5.000000e-01 0
7.100000e+00 5.000000e-01 0
7.100000e+00 5.000000e-01 0
7.150000e+00 5.000000e-01 0
7.150000e+00 5.500000e-01 0
7.100000e+00 5.500000e-01 0
7.100000e+00 5.500000e-01 0
7.150000e+00 5.500000e-01 0
7.150000e+00 6.000000e-01 0
7.100000e+00 6.000000e-01 0
7.100000e+00 6.000000e-01 0
7.150000e+00 6.000000e-01 0
7.150000e+00 6.500000e-01 0
7.100000e+00 6.500000e-01 0
7.100000e+00 6.500000e-01 0
7.150000e+00 6.500000e-01 0
7.150000e+00 7.000000e-01 0
7.100000e+00 7.000000e-01 0
7.100000e+00 7.000000e-01 0
7.150000e+00 7.000000e-01 0
7.150000e+00 7.500000e-01 0
7.100000e+00 7.500000e-01 0
7.100000e+00 7.500000e-01 0
7.150000e+00 7.500000e-01 0
7.150000e+00 8.000000e-01 0
7.100000e+00 8.000000e-01 0
7.100000e+00 8.000000e-01 0
7.150000e+00 8.000000e-01 0
7.150000e+00 8.500000e-01 0
7.100000e+00 8.500000e-01 0
7.100000e+00 8.500000e-01 0
7.150000e+00 8.500000e-01 0
7.150000e+00 9.000000e-01 0
7.100000e+00 9.000000e-01 0
7.100000e+00 9.000000e-01 0
7.150000e+00 9.000000e-01 0
7.150000e+00 9.500000e-01 0
7.100000e+00 9.500000e-01 0
7.100000e+00 9.500000e-01 0
7.150000e+00 9.500000e-01 0
7.150000e+00 1.000000e+00 0
7.100000e+00 1.000000e+00 0
7.150000e+00 -1.000000e+00 0
7.200000e+00 -1.000000e+00 0
7.200000e+00 -9.500000e-01 0
7.150000e+00 -9.500000e-01 0
7.150000e+00 -9.500000e-01 0
7.200000e+00 -9.500000e-01 0
7.200000e+00 -9.000000e-01 0
7.150000e+00 -9.000000e-01 0
7.150000e+00 -9.000000e-01 0
7.200000e+00 -9.000000e-01 0
7.200000e+00 -8.500000e-01 0
7.150000e+00 -8.500000e-01 0
7.150000e+00 -8.500000e-01 0
7.200000e+00 -8.500000e-01 0
7.200000e+00 -8.000000e-01 0
7.150000e+00 -8.000000e-01 0
7.150000e+00 -8.000000e-01 0
7.200000e+00 -8.000000e-01 0
7.200000e+00 -7.500000e-01 0
7.150000e+00 -7.500000e-01 0
7.150000e+00 -7.500000e-01 0
7.200000e+00 -7.500000e-01 0
7.200000e+00 -7.000000e-01 0
7.150000e+00 -7.000000e-01 0
7.150000e+00 -7.000000e-01 0
7.200000e+00 -7.000000e-01 0
7.200000e+00 -6.500000e-01 0
7.150000e+00 -6.500000e-01 0
7.150000e+00 -6.500000e-01 0
7.200000e+00 -6.500000e-01 0
7.200000e+00 -6.000000e-01 0
7.150000e+00 -6.000000e-01 0
7.150000e+00 -6.000000e-01 0
7.200000e+00 -6.000000e-01 0
7.200000e+00 -5.500000e-01 0
7.150000e+00 -5.500000e-01 0
7.150000e+00 -5.500000e-01 0
7.200000e+00 -5.500000e-01 0
7.200000e+00 -5.000000e-01 0
7.150000e+00 -5.000000e-01 0
7.150000e+00 -5.000000e-01 0
7.200000e+00 -5.000000e-01 0
7.200000e+00 -4.500000e-01 0
7.150000e+00 -4.500000e-01 0
7.150000e+00 -4.500000e-01 0
7.200000e+00 -4.500000e-01 0
7.200000e+00 -4.000000e-01 0
7.150000e+00 -4.000000e-01 0
7.150000e+00 -4.000000e-01 0
7.200000e+00 -4.000000e-01 0
7.200000e+00 -3.500000e-01 0
7.150000e+00 -3.500000e-01 0
7.150000e+00 -3.500000e-01 0
7.200000e+00 -3.500000e-01 0
7.200000e+00 -3.000000e-01 0
7.150000e+00 -3.000000e-01 0
7.150000e+00 -3.000000e-01 0
7.200000e+00 -3.000000e-01 0
7.200000e+00 -2.500000e-01 0
7.150000e+00 -2.500000e-01 0
7.150000e+00 -2.500000e-01 0
7.200000e+00 -2.500000e-01 0
7.200000e+00 -2.000000e-01 0
7.150000e+00 -2.000000e-01 0
7.150000e+00 -2.000000e-01 0
7.200000e+00 -2.000000e-01 0
7.200000e+00 -1.500000e-01 0
7.150000e+00 -1.500000e-01 0
7.150000e+00 -1.500000e-01 0
7.200000e+00 -1.500000e-01 0
7.200000e+00 -1.000000e-01 0
7.150000e+00 -1.000000e-01 0
7.150000e+00 -1.000000e-01 0
7.200000e+00 -1.000000e-01 0
7.200000e+00 -5.000000e-02 0
7.150000e+00 -5.000000e-02 0
7.150000e+00 -5.000000e-02 0
7.200000e+00 -5.000000e-02 0
7.200000e+00 5.551115e-17 0
7.150000e+00 5.551115e-17 0
7.150000e+00 5.551115e-17 0
7.200000e+00 5.551115e-17 0
7.200000e+00 5.000000e-02 0
7.150000e+00 5.000000e-02 0
7.150000e+00 5.000000e-02 0
7.200000e+00 5.000000e-02 0
7.200000e+00 1.000000e-01 0
7.150000e+00 1.000000e-01 0
7.150000e+00 1.000000e-01 0
7.200000e+00 1.000000e-01 0
7.200000e+00 1.500000e-01 0
7.150000e+00 1.500000e-01 0
7.150000e+00 1.500000e-01 0
7.200000e+00 1.500000e-01 0
7.200000e+00 2.000000e-01 0
7.150000e+00 2.000000e-01 0
7.150000e+00 2.000000e-01 0
7.200000e+00 2.000000e-01 0
7.200000e+00 2.500000e-01 0
7.150000e+00 2.500000e-01 0
7.150000e+00 2.500000e-01 0
7.200000e+00 2.500000e-01 0
7.200000e+00 3.000000e-01 0
7.150000e+00 3.000000e-01 0
7.150000e+00 3.000000e-01 0
7.200000e+00 3.000000e-01 0
7.200000e+00 3.500000e-01 0
7.150000e+00 3.500000e-01 0
7.150000e+00 3.500000e-01 0
7.200000e+00 3.500000e-01 0
7.200000e+00 4.000000e-01 0
7.150000e+00 4.000000e-01 0
7.150000e+00 4.000000e-01 0
7.200000e+00 4.000000e-01 0
7.200000e+00 4.500000e-01 0
7.150000e+00 4.500000e-01 0
7.150000e+00 4.500000e-01 0
7.200000e+00 4.500000e-01 0
7.200000e+00 5.000000e-01 0
7.150000e+00 5.000000e-01 0
7.150000e+00 5.000000e-01 0
7.200000e+00 5.000000e-01 0
7.200000e+00 5.500000e-01 0
7.150000e+00 5.500000e-01 0
7.150000e+00 5.500000e-01 0
7.200000e+00 5.500000e-01 0
7.200000e+00 6.000000e-01 0
7.150000e+00 6.000000e-01 0
7.150000e+00 6.000000e-01 0
7.200000e+00 6.000000e-01 0
7.200000e+00 6.500000e-01 0
7.150000e+00 6.500000e-01 0
7.150000e+00 6.500000e-01 0
7.200000e+00 6.500000e-01 0
7.200000e+00 7.000000e-01 0
7.150000e+00 7.000000e-01 0
7.150000e+00 7.000000e-01 0
7.200000e+00 7.000000e-01 0
7.200000e+00 7.500000e-01 0
7.150000e+00 7.500000e-01 0
7.150000e+00 7.500000e-01 0
7.200000e+00 7.500000e-01 0
7.200000e+00 8.000000e-01 0
7.150000e+00 8.000000e-01 0
7.150000e+00 8.000000e-01 0
7.200000e+00 8.000000e-01 0
7.200000e+00 8.500000e-01 0
7.150000e+00 8.500000e-01 0
7.150000e+00 8.500000e-01 0
7.200000e+00 8.500000e-01 0
7.200000e+00 9.000000e-01 0
7.150000e+00 9.000000e-01 0
7.150000e+00 9.000000e-01 0
7.200000e+00 9.000000e-01 0
7.200000e+00 9.500000e-01 0
7.150000e+00 9.500000e-01 0
7.150000e+00 9.500000e-01 0
7.200000e+00 9.500000e-01 0
7.200000e+00 1.000000e+00 0
7.150000e+00 1.000000e+00 0
7.200000e+00 -1.000000e+00 0
7.250000e+00 -1.000000e+00 0
7.250000e+00 -9.500000e-01 0
7.200000e+00 -9.500000e-01 0
7.200000e+00 -9.500000e-01 0
7.250000e+00 -9.500000e-01 0
7.250000e+00 -9.000000e-01 0
7.200000e+00 -9.000000e-01 0
7.200000e+00 -9.000000e-01 0
7.250000e+00 -9.000000e-01 0
7.250000e+00 -8.500000e-01 0
7.200000e+00 -8.500000e-01 0
7.200000e+00 -8.500000e-01 0
7.250000e+00 -8.500000e-01 0
7.250000e+00 -8.000000e-01 0
7.200000e+00 -8.000000e-01 0
7.200000e+00 -8.000000e-01 0
7.250000e+00 -8.000000e-01 0
7.250000e+00 -7.500000e-01 0
7.200000e+00 -7.500000e-01 0
7.200000e+00 -7.500000e-01 0
7.250000e+00 -7.500000e-01 0
7.250000e+00 -7.000000e-01 0
7.200000e+00 -7.000000e-01 0
7.200000e+00 -7.000000e-01 0
7.250000e+00 -7.000000e-01 0
7.250000e+00 -6.500000e-01 0
7.200000e+00 -6.500000e-01 0
7.200000e+00 -6.500000e-01 0
7.250000e+00 -6.500000e-01 0
7.250000e+00 -6.000000e-01 0
7.200000e+00 -6.000000e-01 0
7.200000e+00 -6.000000e-01 0
7.250000e+00 -6.000000e-01 0
7.250000e+00 -5.500000e-01 0
7.200000e+00 -5.500000e-01 0
7.200000e+00 -5.500000e-01 0
7.250000e+00 -5.500000e-01 0
7.250000e+00 -5.000000e-01 0
7.200000e+00 -5.000000e-01 0
7.200000e+00 -5.000000e-01 0
7.250000e+00 -5.000000e-01 0
7.250000e+00 -4.500000e-01 0
7.200000e+00 -4.500000e-01 0
7.200000e+00 -4.500000e-01 0
7.250000e+00 -4.500000e-01 0
7.250000e+00 -4.000000e-01 0
7.200000e+00 -4.000000e-01 0
7.200000e+00 -4.000000e-01 0
7.250000e+00 -4.000000e-01 0
7.250000e+00 -3.500000e-01 0
7.200000e+00 -3.500000e-01 0
7.200000e+00 -3.500000e-01 0
7.250000e+00 -3.500000e-01 0
7.250000e+00 -3.000000e-01 0
7.200000e+00 -3.000000e-01 0
7.200000e+00 -3.000000e-01 0
7.250000e+00 -3.000000e-01 0
7.250000e+00 -2.500000e-01 0
7.200000e+00 -2.500000e-01 0
7.200000e+00 -2.500000e-01 0
7.250000e+00 -2.500000e-01 0
7.250000e+00 -2.000000e-01 0
7.200000e+00 -2.000000e-01 0
7.200000e+00 -2.000000e-01 0
7.250000e+00 -2.000000e-01 0
7.250000e+00 -1.500000e-01 0
7.200000e+00 -1.500000e-01 0
7.200000e+00 -1.500000e-01 0
7.250000e+00 -1.500000e-01 0
7.250000e+00 -1.000000e-01 0
7.200000e+00 -1.000000e-01 0
7.200000e+00 -1.000000e-01 0
7.250000e+00 -1.000000e-01 0
7.250000e+00 -5.000000e-02 0
7.200000e+00 -5.000000e-02 0
7.200000e+00 -5.000000e-02 0
7.250000e+00 -5.000000e-02 0
7.250000e+00 5.551115e-17 0
7.200000e+00 5.551115e-17 0
7.200000e+00 5.551115e-17 0
7.250000e+00 5.551115e-17 0
7.250000e+00 5.000000e-02 0
7.200000e+00 5.000000e-02 0
7.200000e+00 5.000000e-02 0
7.250000e+00 5.000000e-02 0
7.250000e+00 1.000000e-01 0
7.200000e+00 1.000000e-01 0
7.200000e+00 1.000000e-01 0
7.250000e+00 1.000000e-01 0
7.250000e+00 1.500000e-01 0
7.200000e+00 1.500000e-01 0
7.200000e+00 1.500000e-01 0
7.250000e+00 1.500000e-01 0
7.250000e+00 2.000000e-01 0
7.200000e+00 2.000000e-01 0
7.200000e+00 2.000000e-01 0
7.250000e+00 2.000000e-01 0
7.250000e+00 2.500000e-01 0
7.200000e+00 2.500000e-01 0
7.200000e+00 2.500000e-01 0
7.250000e+00 2.500000e-01 0
7.250000e+00 3.000000e-01 0
7.200000e+00 3.000000e-01 0
7.200000e+00 3.000000e-01 0
7.250000e+00 3.000000e-01 0
7.250000e+00 3.500000e-01 0
7.200000e+00 3.500000e-01 0
7.200000e+00 3.500000e-01 0
7.250000e+00 3.500000e-01 0
7.250000e+00 4.000000e-01 0
7.200000e+00 4.000000e-01 0
7.200000e+00 4.000000e-01 0
7.250000e+00 4.000000e-01 0
7.250000e+00 4.500000e-01 0
7.200000e+00 4.500000e-01 0
7.200000e+00 4.500000e-01 0
7.250000e+00 4.500000e-01 0
7.250000e+00 5.000000e-01 0
7.200000e+00 5.000000e-01 0
7.200000e+00 5.000000e-01 0
7.250000e+00 5.000000e-01 0
7.250000e+00 5.500000e-01 0
7.200000e+00 5.500000e-01 0
7.200000e+00 5.500000e-01 0
7.250000e+00 5.500000e-01 0
7.250000e+00 6.000000e-01 0
7.200000e+00 6.000000e-01 0
7.200000e+00 6.000000e-01 0
7.250000e+00 6.000000e-01 0
7.250000e+00 6.500000e-01 0
7.200000e+00 6.500000e-01 0
7.200000e+00 6.500000e-01 0
7.250000e+00 6.500000e-01 0
7.250000e+00 7.000000e-01 0
7.200000e+00 7.000000e-01 0
7.200000e+00 7.000000e-01 0
7.250000e+00 7.000000e-01 0
7.250000e+00 7.500000e-01 0
7.200000e+00 7.500000e-01 0
7.200000e+00 7.500000e-01 0
7.250000e+00 7.500000e-01 0
7.250000e+00 8.000000e-01 0
7.200000e+00 8.000000e-01 0
7.200000e+00 8.000000e-01 0
7.250000e+00 8.000000e-01 0
7.250000e+00 8.500000e-01 0
7.200000e+00 8.500000e-01 0
7.200000e+00 8.500000e-01 0
7.250000e+00 8.500000e-01 0
7.250000e+00 9.000000e-01 0
7.200000e+00 9.000000e-01 0
7.200000e+00 9.000000e-01 0
7.250000e+00 9.000000e-01 0
7.250000e+00 9.500000e-01 0
7.200000e+00 9.500000e-01 0
7.200000e+00 9.500000e-01 0
7.250000e+00 9.500000e-01 0
7.250000e+00 1.000000e+00 0
7.200000e+00 1.000000e+00 0
7.250000e+00 -1.000000e+00 0
7.300000e+00 -1.000000e+00 0
7.300000e+00 -9.500000e-01 0
7.250000e+00 -9.500000e-01 0
7.250000e+00 -9.500000e-01 0
7.300000e+00 -9.500000e-01 0
7.300000e+00 -9.000000e-01 0
7.250000e+00 -9.000000e-01 0
7.250000e+00 -9.000000e-01 0
7.300000e+00 -9.000000e-01 0
7.300000e+00 -8.500000e-01 0
7.250000e+00 -8.500000e-01 0
7.250000e+00 -8.500000e-01 0
7.300000e+00 -8.500000e-01 0
7.300000e+00 -8.000000e-01 0
7.250000e+00 -8.000000e-01 0
7.250000e+00 -8.000000e-01 0
7.300000e+00 -8.000000e-01 0
7.300000e+00 -7.500000e-01 0
7.250000e+00 -7.500000e-01 0
7.250000e+00 -7.500000e-01 0
7.300000e+00 -7.500000e-01 0
7.300000e+00 -7.000000e-01 0
7.250000e+00 -7.000000e-01 0
7.250000e+00 -7.000000e-01 0
7.300000e+00 -7.000000e-01 0
7.300000e+00 -6.500000e-01 0
7.250000e+00 -6.500000e-01 0
7.250000e+00 -6.500000e-01 0
7.300000e+00 -6.500000e-01 0
7.300000e+00 -6.000000e-01 0
7.250000e+00 -6.000000e-01 0
7.250000e+00 -6.000000e-01 0
7.300000e+00 -6.000000e-01 0
7.300000e+00 -5.500000e-01 0
7.250000e+00 -5.500000e-01 0
7.250000e+00 -5.500000e-01 0
7.300000e+00 -5.500000e-01 0
7.300000e+00 -5.000000e-01 0
7.250000e+00 -5.000000e-01 0
7.250000e+00 -5.000000e-01 0
7.300000e+00 -5.000000e-01 0
7.300000e+00 -4.500000e-01 0
7.250000e+00 -4.500000e-01 0
7.250000e+00 -4.500000e-01 0
7.300000e+00 -4.500000e-01 0
7.300000e+00 -4.000000e-01 0
7.250000e+00 -4.000000e-01 0
7.250000e+00 -4.000000e-01 0
7.300000e+00 -4.000000e-01 0
7.300000e+00 -3.500000e-01 0
7.250000e+00 -3.500000e-01 0
7.250000e+00 -3.500000e-01 0
7.300000e+00 -3.500000e-01 0
7.300000e+00 -3.000000e-01 0
7.250000e+00 -3.000000e-01 0
7.250000e+00 -3.000000e-01 0
7.300000e+00 -3.000000e-01 0
7.300000e+00 -2.500000e-01 0
7.250000e+00 -2.500000e-01 0
7.250000e+00 -2.500000e-01 0
7.300000e+00 -2.500000e-01 0
7.300000e+00 -2.000000e-01 0
7.250000e+00 -2.000000e-01 0
7.250000e+00 -2.000000e-01 0
7.300000e+00 -2.000000e-01 0
7.300000e+00 -1.500000e-01 0
7.250000e+00 -1.500000e-01 0
7.250000e+00 -1.500000e-01 0
7.300000e+00 -1.500000e-01 0
7.300000e+00 -1.000000e-01 0
7.250000e+00 -1.000000e-01 0
7.250000e+00 -1.000000e-01 0
7.300000e+00 -1.000000e-01 0
7.300000e+00 -5.000000e-02 0
7.250000e+00 -5.000000e-02 0
7.250000e+00 -5.000000e-02 0
7.300000e+00 -5.000000e-02 0
7.300000e+00 5.551115e-17 0
7.250000e+00 5.551115e-17 0
7.250000e+00 5.551115e-17 0
7.300000e+00 5.551115e-17 0
7.300000e+00 5.000000e-02 0
7.250000e+00 5.000000e-02 0
7.250000e+00 5.000000e-02 0
7.300000e+00 5.000000e-02 0
7.300000e+00 1.000000e-01 0
7.250000e+00 1.000000e-01 0
7.250000e+00 1.000000e-01 0
7.300000e+00 1.000000e-01 0
7.300000e+00 1.500000e-01 0
7.250000e+00 1.500000e-01 0
7.250000e+00 1.500000e-01 0
7.300000e+00 1.500000e-01 0
7.300000e+00 2.000000e-01 0
7.250000e+00 2.000000e-01 0
7.250000e+00 2.000000e-01 0
7.300000e+00 2.000000e-01 0
7.300000e+00 2.500000e-01 0
7.250000e+00 2.500000e-01 0
7.250000e+00 2.500000e-01 0
7.300000e+00 2.500000e-01 0
7.300000e+00 3.000000e-01 0
7.250000e+00 3.000000e-01 0
7.250000e+00 3.000000e-01 0
7.300000e+00 3.000000e-01 0
7.300000e+00 3.500000e-01 0
7.250000e+00 3.500000e-01 0
7.250000e+00 3.500000e-01 0
7.300000e+00 3.500000e-01 0
7.300000e+00 4.000000e-01 0
7.250000e+00 4.000000e-01 0
7.250000e+00 4.000000e-01 0
7.300000e+00 4.000000e-01 0
7.300000e+00 4.500000e-01 0
7.250000e+00 4.500000e-01 0
7.250000e+00 4.500000e-01 0
7.300000e+00 4.500000e-01 0
7.300000e+00 5.000000e-01 0
7.250000e+00 5.000000e-01 0
7.250000e+00 5.000000e-01 0
7.300000e+00 5.000000e-01 0
7.300000e+00 5.500000e-01 0
7.250000e+00 5.500000e-01 0
7.250000e+00 5.500000e-01 0
7.300000e+00 5.500000e-01 0
7.300000e+00 6.000000e-01 0
7.250000e+00 6.000000e-01 0
7.250000e+00 6.000000e-01 0
7.300000e+00 6.000000e-01 0
7.300000e+00 6.500000e-01 0
7.250000e+00 6.500000e-01 0
7.250000e+00 6.500000e-01 0
7.300000e+00 6.500000e-01 0
7.300000e+00 7.000000e-01 0
7.250000e+00 7.000000e-01 0
7.250000e+00 7.000000e-01 0
7.300000e+00 7.000000e-01 0
7.300000e+00 7.500000e-01 0
7.250000e+00 7.500000e-01 0
7.250000e+00 7.500000e-01 0
7.300000e+00 7.500000e-01 0
7.300000e+00 8.000000e-01 0
7.250000e+00 8.000000e-01 0
7.250000e+00 8.000000e-01 0
7.300000e+00 8.000000e-01 0
7.300000e+00 8.500000e-01 0
7.250000e+00 8.500000e-01 0
7.250000e+00 8.500000e-01 0
7.300000e+00 8.500000e-01 0
7.300000e+00 9.000000e-01 0
7.250000e+00 9.000000e-01 0
7.250000e+00 9.000000e-01 0
7.300000e+00 9.000000e-01 0
7.300000e+00 9.500000e-01 0
7.250000e+00 9.500000e-01 0
7.250000e+00 9.500000e-01 0
7.300000e+00 9.500000e-01 0
7.300000e+00 1.000000e+00 0
7.250000e+00 1.000000e+00 0
7.300000e+00 -1.000000e+00 0
7.350000e+00 -1.000000e+00 0
7.350000e+00 -9.500000e-01 0
7.300000e+00 -9.500000e-01 0
7.300000e+00 -9.500000e-01 0
7.350000e+00 -9.500000e-01 0
7.350000e+00 -9.000000e-01 0
7.300000e+00 -9.000000e-01 0
7.300000e+00 -9.000000e-01 0
7.350000e+00 -9.000000e-01 0
7.350000e+00 -8.500000e-01 0
7.300000e+00 -8.500000e-01 0
7.300000e+00 -8.500000e-01 0
7.350000e+00 -8.500000e-01 0
7.350000e+00 -8.000000e-01 0
7.300000e+00 -8.000000e-01 0
7.300000e+00 -8.000000e-01 0
7.350000e+00 -8.000000e-01 0
7.350000e+00 -7.500000e-01 0
7.300000e+00 -7.500000e-01 0
7.300000e+00 -7.500000e-01 0
7.350000e+00 -7.500000e-01 0
7.350000e+00 -7.000000e-01 0
7.300000e+00 -7.000000e-01 0
7.300000e+00 -7.000000e-01 0
7.350000e+00 -7.000000e-01 0
7.350000e+00 -6.500000e-01 0
7.300000e+00 -6.500000e-01 0
7.300000e+00 -6.500000e-01 0
7.350000e+00 -6.500000e-01 0
7.350000e+00 -6.000000e-01 0
7.300000e+00 -6.000000e-01 0
7.300000e+00 -6.000000e-01 0
7.350000e+00 -6.000000e-01 0
7.350000e+00 -5.500000e-01 0
7.300000e+00 -5.500000e-01 0
7.300000e+00 -5.500000e-01 0
7.350000e+00 -5.500000e-01 0
7.350000e+00 -5.000000e-01 0
7.300000e+00 -5.000000e-01 0
7.300000e+00 -5.000000e-01 0
7.350000e+00 -5.000000e-01 0
7.350000e+00 -4.500000e-01 0
7.300000e+00 -4.500000e-01 0
7.300000e+00 -4.500000e-01 0
7.350000e+00 -4.500000e-01 0
7.350000e+00 -4.000000e-01 0
7.300000e+00 -4.000000e-01 0
7.300000e+00 -4.000000e-01 0
7.350000e+00 -4.000000e-01 0
7.350000e+00 -3.500000e-01 0
7.300000e+00 -3.500000e-01 0
7.300000e+00 -3.500000e-01 0
7.350000e+00 -3.500000e-01 0
7.350000e+00 -3.000000e-01 0
7.300000e+00 -3.000000e-01 0
7.300000e+00 -3.000000e-01 0
7.350000e+00 -3.000000e-01 0
7.350000e+00 -2.500000e-01 0
7.300000e+00 -2.500000e-01 0
7.300000e+00 -2.500000e-01 0
7.350000e+00 -2.500000e-01 0
7.350000e+00 -2.000000e-01 0
7.300000e+00 -2.000000e-01 0
7.300000e+00 -2.000000e-01 0
7.350000e+00 -2.000000e-01 0
7.350000e+00 -1.500000e-01 0
7.300000e+00 -1.500000e-01 0
7.300000e+00 -1.500000e-01 0
7.350000e+00 -1.500000e-01 0
7.350000e+00 -1.000000e-01 0
7.300000e+00 -1.000000e-01 0
7.300000e+00 -1.000000e-01 0
7.350000e+00 -1.000000e-01 0
7.350000e+00 -5.000000e-02 0
7.300000e+00 -5.000000e-02 0
7.300000e+00 -5.000000e-02 0
7.350000e+00 -5.000000e-02 0
7.350000e+00 5.551115e-17 0
7.300000e+00 5.551115e-17 0
7.300000e+00 5.551115e-17 0
7.350000e+00 5.551115e-17 0
7.350000e+00 5.000000e-02 0
7.300000e+00 5.000000e-02 0
7.300000e+00 5.000000e-02 0
7.350000e+00 5.000000e-02 0
7.350000e+00 1.000000e-01 0
7.300000e+00 1.000000e-01 0
7.300000e+00 1.000000e-01 0
7.350000e+00 1.000000e-01 0
7.350000e+00 1.500000e-01 0
7.300000e+00 1.500000e-01 0
7.300000e+00 1.500000e-01 0
7.350000e+00 1.500000e-01 0
7.350000e+00 2.000000e-01 0
7.300000e+00 2.000000e-01 0
7.300000e+00 2.000000e-01 0
7.350000e+00 2.000000e-01 0
7.350000e+00 2.500000e-01 0
7.300000e+00 2.500000e-01 0
7.300000e+00 2.500000e-01 0
7.350000e+00 2.500000e-01 0
7.350000e+00 3.000000e-01 0
7.300000e+00 3.000000e-01 0
7.300000e+00 3.000000e-01 0
7.350000e+00 3.000000e-01 0
7.350000e+00 3.500000e-01 0
7.300000e+00 3.500000e-01 0
7.300000e+00 3.500000e-01 0
7.350000e+00 3.500000e-01 0
7.350000e+00 4.000000e-01 0
7.300000e+00 4.000000e-01 0
7.300000e+00 4.000000e-01 0
7.350000e+00 4.000000e-01 0
7.350000e+00 4.500000e-01 0
7.300000e+00 4.500000e-01 0
7.300000e+00 4.500000e-01 0
7.350000e+00 4.500000e-01 0
7.350000e+00 5.000000e-01 0
7.300000e+00 5.000000e-01 0
7.300000e+00 5.000000e-01 0
7.350000e+00 5.000000e-01 0
7.350000e+00 5.500000e-01 0
7.300000e+00 5.500000e-01 0
7.300000e+00 5.500000e-01 0
7.350000e+00 5.500000e-01 0
7.350000e+00 6.000000e-01 0
7.300000e+00 6.000000e-01 0
7.300000e+00 6.000000e-01 0
7.350000e+00 6.000000e-01 0
7.350000e+00 6.500000e-01 0
7.300000e+00 6.500000e-01 0
7.300000e+00 6.500000e-01 0
7.350000e+00 6.500000e-01 0
7.350000e+00 7.000000e-01 0
7.300000e+00 7.000000e-01 0
7.300000e+00 7.000000e-01 0
7.350000e+00 7.000000e-01 0
7.350000e+00 7.500000e-01 0
7.300000e+00 7.500000e-01 0
7.300000e+00 7.500000e-01 0
7.350000e+00 7.500000e-01 0
7.350000e+00 8.000000e-01 0
7.300000e+00 8.000000e-01 0
7.300000e+00 8.000000e-01 0
7.350000e+00 8.000000e-01 0
7.350000e+00 8.500000e-01 0
7.300000e+00 8.500000e-01 0
7.300000e+00 8.500000e-01 0
7.350000e+00 8.500000e-01 0
7.350000e+00 9.000000e-01 0
7.300000e+00 9.000000e-01 0
7.300000e+00 9.000000e-01 0
7.350000e+00 9.000000e-01 0
7.350000e+00 9.500000e-01 0
7.300000e+00 9.500000e-01 0
7.300000e+00 9.500000e-01 0
7.350000e+00 9.500000e-01 0
7.350000e+00 1.000000e+00 0
7.300000e+00 1.000000e+00 0
7.350000e+00 -1.000000e+00 0
7.400000e+00 -1.000000e+00 0
7.400000e+00 -9.500000e-01 0
7.350000e+00 -9.500000e-01 0
7.350000e+00 -9.500000e-01 0
7.400000e+00 -9.500000e-01 0
7.400000e+00 -9.000000e-01 0
7.350000e+00 -9.000000e-01 0
7.350000e+00 -9.000000e-01 0
7.400000e+00 -9.000000e-01 0
7.400000e+00 -8.500000e-01 0
7.350000e+00 -8.500000e-01 0
7.350000e+00 -8.500000e-01 0
7.400000e+00 -8.500000e-01 0
7.400000e+00 -8.000000e-01 0
7.350000e+00 -8.000000e-01 0
7.350000e+00 -8.000000e-01 0
7.400000e+00 -8.000000e-01 0
7.400000e+00 -7.500000e-01 0
7.350000e+00 -7.500000e-01 0
7.350000e+00 -7.500000e-01 0
7.400000e+00 -7.500000e-01 0
7.400000e+00 -7.000000e-01 0
7.350000e+00 -7.000000e-01 0
7.350000e+00 -7.000000e-01 0
7.400000e+00 -7.000000e-01 0
7.400000e+00 -6.500000e-01 0
7.350000e+00 -6.500000e-01 0
7.350000e+00 -6.500000e-01 0
7.400000e+00 -6.500000e-01 0
7.400000e+00 -6.000000e-01 0
7.350000e+00 -6.000000e-01 0
7.350000e+00 -6.000000e-01 0
7.400000e+00 -6.000000e-01 0
7.400000e+00 -5.500000e-01 0
7.350000e+00 -5.500000e-01 0
7.350000e+00 -5.500000e-01 0
7.400000e+00 -5.500000e-01 0
7.400000e+00 -5.000000e-01 0
7.350000e+00 -5.000000e-01 0
7.350000e+00 -5.000000e-01 0
7.400000e+00 -5.000000e-01 0
7.400000e+00 -4.500000e-01 0
7.350000e+00 -4.500000e-01 0
7.350000e+00 -4.500000e-01 0
7.400000e+00 -4.500000e-01 0
7.400000e+00 -4.000000e-01 0
7.350000e+00 -4.000000e-01 0
7.350000e+00 -4.000000e-01 0
7.400000e+00 -4.000000e-01 0
7.400000e+00 -3.500000e-01 0
7.350000e+00 -3.500000e-01 0
7.350000e+00 -3.500000e-01 0
7.400000e+00 -3.500000e-01 0
7.400000e+00 -3.000000e-01 0
7.350000e+00 -3.000000e-01 0
7.350000e+00 -3.000000e-01 0
7.400000e+00 -3.000000e-01 0
7.400000e+00 -2.500000e-01 0
7.350000e+00 -2.500000e-01 0
7.350000e+00 -2.500000e-01 0
7.400000e+00 -2.500000e-01 0
7.400000e+00 -2.000000e-01 0
7.350000e+00 -2.000000e-01 0
7.350000e+00 -2.000000e-01 0
7.400000e+00 -2.000000e-01 0
7.400000e+00 -1.500000e-01 0
7.350000e+00 -1.500000e-01 0
7.350000e+00 -1.500000e-01 0
7.400000e+00 -1.500000e-01 0
7.400000e+00 -1.000000e-01 0
7.350000e+00 -1.000000e-01 0
7.350000e+00 -1.000000e-01 0
7.400000e+00 -1.000000e-01 0
7.400000e+00 -5.000000e-02 0
7.350000e+00 -5.000000e-02 0
7.350000e+00 -5.000000e-02 0
7.400000e+00 -5.000000e-02 0
7.400000e+00 5.551115e-17 0
7.350000e+00 5.551115e-17 0
7.350000e+00 5.551115e-17 0
7.400000e+00 5.551115e-17 0
7.400000e+00 5.000000e-02 0
7.350000e+00 5.000000e-02 0
7.350000e+00 5.000000e-02 0
7.400000e+00 5.000000e-02 0
7.400000e+00 1.000000e-01 0
7.350000e+00 1.000000e-01 0
7.350000e+00 1.000000e-01 0
7.400000e+00 1.000000e-01 0
7.400000e+00 1.500000e-01 0
7.350000e+00 1.500000e-01 0
7.350000e+00 1.500000e-01 0
7.400000e+00 1.500000e-01 0
7.400000e+00 2.000000e-01 0
7.350000e+00 2.000000e-01 0
7.350000e+00 2.000000e-01 0
7.400000e+00 2.000000e-01 0
7.400000e+00 2.500000e-01 0
7.350000e+00 2.500000e-01 0
7.350000e+00 2.500000e-01 0
7.400000e+00 2.500000e-01 0
7.400000e+00 3.000000e-01 0
7.350000e+00 3.000000e-01 0
7.350000e+00 3.000000e-01 0
7.400000e+00 3.000000e-01 0
7.400000e+00 3.500000e-01 0
7.350000e+00 3.500000e-01 0
7.350000e+00 3.500000e-01 0
7.400000e+00 3.500000e-01 0
7.400000e+00 4.000000e-01 0
7.350000e+00 4.000000e-01 0
7.350000e+00 4.000000e-01 0
7.400000e+00 4.000000e-01 0
7.400000e+00 4.500000e-01 0
7.350000e+00 4.500000e-01 0
7.350000e+00 4.500000e-01 0
7.400000e+00 4.500000e-01 0
7.400000e+00 5.000000e-01 0
7.350000e+00 5.000000e-01 0
7.350000e+00 5.000000e-01 0
7.400000e+00 5.000000e-01 0
7.400000e+00 5.500000e-01 0
7.350000e+00 5.500000e-01 0
7.350000e+00 5.500000e-01 0
7.400000e+00 5.500000e-01 0
7.400000e+00 6.000000e-01 0
7.350000e+00 6.000000e-01 0
7.350000e+00 6.000000e-01 0
7.400000e+00 6.000000e-01 0
7.400000e+00 6.500000e-01 0
7.350000e+00 6.500000e-01 0
7.350000e+00 6.500000e-01 0
7.400000e+00 6.500000e-01 0
7.400000e+00 7.000000e-01 0
7.350000e+00 7.000000e-01 0
7.350000e+00 7.000000e-01 0
7.400000e+00 7.000000e-01 0
7.400000e+00 7.500000e-01 0
7.350000e+00 7.500000e-01 0
7.350000e+00 7.500000e-01 0
7.400000e+00 7.500000e-01 0
7.400000e+00 8.000000e-01 0
7.350000e+00 8.000000e-01 0
7.350000e+00 8.000000e-01 0
7.400000e+00 8.000000e-01 0
7.400000e+00 8.500000e-01 0
7.350000e+00 8.500000e-01 0
7.350000e+00 8.500000e-01 0
7.400000e+00 8.500000e-01 0
7.400000e+00 9.000000e-01 0
7.350000e+00 9.000000e-01 0
7.350000e+00 9.000000e-01 0
7.400000e+00 9.000000e-01 0
7.400000e+00 9.500000e-01 0
7.350000e+00 9.500000e-01 0
7.350000e+00 9.500000e-01 0
7.400000e+00 9.500000e-01 0
7.400000e+00 1.000000e+00 0
7.350000e+00 1.000000e+00 0
7.400000e+00 -1.000000e+00 0
7.450000e+00 -1.000000e+00 0
7.450000e+00 -9.500000e-01 0
7.400000e+00 -9.500000e-01 0
7.400000e+00 -9.500000e-01 0
7.450000e+00 -9.500000e-01 0
7.450000e+00 -9.000000e-01 0
7.400000e+00 -9.000000e-01 0
7.400000e+00 -9.000000e-01 0
7.450000e+00 -9.000000e-01 0
7.450000e+00 -8.500000e-01 0
7.400000e+00 -8.500000e-01 0
7.400000e+00 -8.500000e-01 0
7.450000e+00 -8.500000e-01 0
7.450000e+00 -8.000000e-01 0
7.400000e+00 -8.000000e-01 0
7.400000e+00 -8.000000e-01 0
7.450000e+00 -8.000000e-01 0
7.450000e+00 -7.500000e-01 0
7.400000e+00 -7.500000e-01 0
7.400000e+00 -7.500000e-01 0
7.450000e+00 -7.500000e-01 0
7.450000e+00 -7.000000e-01 0
7.400000e+00 -7.000000e-01 0
7.400000e+00 -7.000000e-01 0
7.450000e+00 -7.000000e-01 0
7.450000e+00 -6.500000e-01 0
7.400000e+00 -6.500000e-01 0
7.400000e+00 -6.500000e-01 0
7.450000e+00 -6.500000e-01 0
7.450000e+00 -6.000000e-01 0
7.400000e+00 -6.000000e-01 0
7.400000e+00 -6.000000e-01 0
7.450000e+00 -6.000000e-01 0
7.450000e+00 -5.500000e-01 0
7.400000e+00 -5.500000e-01 0
7.400000e+00 -5.500000e-01 0
7.450000e+00 -5.500000e-01 0
7.450000e+00 -5.000000e-01 0
7.400000e+00 -5.000000e-01 0
7.400000e+00 -5.000000e-01 0
7.450000e+00 -5.000000e-01 0
7.450000e+00 -4.500000e-01 0
7.400000e+00 -4.500000e-01 0
7.400000e+00 -4.500000e-01 0
7.450000e+00 -4.500000e-01 0
7.450000e+00 -4.000000e-01 0
7.400000e+00 -4.000000e-01 0
7.400000e+00 -4.000000e-01 0
7.450000e+00 -4.000000e-01 0
7.450000e+00 -3.500000e-01 0
7.400000e+00 -3.500000e-01 0
7.400000e+00 -3.500000e-01 0
7.450000e+00 -3.500000e-01 0
7.450000e+00 -3.000000e-01 0
7.400000e+00 -3.000000e-01 0
7.400000e+00 -3.000000e-01 0
7.450000e+00 -3.000000e-01 0
7.450000e+00 -2.500000e-01 0
7.400000e+00 -2.500000e-01 0
7.400000e+00 -2.500000e-01 0
7.450000e+00 -2.500000e-01 0
7.450000e+00 -2.000000e-01 0
7.400000e+00 -2.000000e-01 0
7.400000e+00 -2.000000e-01 0
7.450000e+00 -2.000000e-01 0
7.450000e+00 -1.500000e-01 0
7.400000e+00 -1.500000e-01 0
7.400000e+00 -1.500000e-01 0
7.450000e+00 -1.500000e-01 0
7.450000e+00 -1.000000e-01 0
7.400000e+00 -1.000000e-01 0
7.400000e+00 -1.000000e-01 0
7.450000e+00 -1.000000e-01 0
7.450000e+00 -5.000000e-02 0
7.400000e+00 -5.000000e-02 0
7.400000e+00 -5.000000e-02 0
7.450000e+00 -5.000000e-02 0
7.450000e+00 5.551115e-17 0
7.400000e+00 5.551115e-17 0
7.400000e+00 5.551115e-17 0
7.450000e+00 5.551115e-17 0
7.450000e+00 5.000000e-02 0
7.400000e+00 5.000000e-02 0
7.400000e+00 5.000000e-02 0
7.450000e+00 5.000000e-02 0
7.450000e+00 1.000000e-01 0
7.400000e+00 1.000000e-01 0
7.400000e+00 1.000000e-01 0
7.450000e+00 1.000000e-01 0
7.450000e+00 1.500000e-01 0
7.400000e+00 1.500000e-01 0
7.400000e+00 1.500000e-01 0
7.450000e+00 1.500000e-01 0
7.450000e+00 2.000000e-01 0
7.400000e+00 2.000000e-01 0
7.400000e+00 2.000000e-01 0
7.450000e+00 2.000000e-01 0
7.450000e+00 2.500000e-01 0
7.400000e+00 2.500000e-01 0
7.400000e+00 2.500000e-01 0
7.450000e+00 2.500000e-01 0
7.450000e+00 3.000000e-01 0
7.400000e+00 3.000000e-01 0
7.400000e+00 3.000000e-01 0
7.450000e+00 3.000000e-01 0
7.450000e+00 3.500000e-01 0
7.400000e+00 3.500000e-01 0
7.400000e+00 3.500000e-01 0
7.450000e+00 3.500000e-01 0
7.450000e+00 4.000000e-01 0
7.400000e+00 4.000000e-01 0
7.400000e+00 4.000000e-01 0
7.450000e+00 4.000000e-01 0
7.450000e+00 4.500000e-01 0
7.400000e+00 4.500000e-01 0
7.400000e+00 4.500000e-01 0
7.450000e+00 4.500000e-01 0
7.450000e+00 5.000000e-01 0
7.400000e+00 5.000000e-01 0
7.400000e+00 5.000000e-01 0
7.450000e+00 5.000000e-01 0
7.450000e+00 5.500000e-01 0
7.400000e+00 5.500000e-01 0
7.400000e+00 5.500000e-01 0
7.450000e+00 5.500000e-01 0
7.450000e+00 6.000000e-01 0
7.400000e+00 6.000000e-01 0
7.400000e+00 6.000000e-01 0
7.450000e+00 6.000000e-01 0
7.450000e+00 6.500000e-01 0
7.400000e+00 6.500000e-01 0
7.400000e+00 6.500000e-01 0
7.450000e+00 6.500000e-01 0
7.450000e+00 7.000000e-01 0
7.400000e+00 7.000000e-01 0
7.400000e+00 7.000000e-01 0
7.450000e+00 7.000000e-01 0
7.450000e+00 7.500000e-01 0
7.400000e+00 7.500000e-01 0
7.400000e+00 7.500000e-01 0
7.450000e+00 7.500000e-01 0
7.450000e+00 8.000000e-01 0
7.400000e+00 8.000000e-01 0
7.400000e+00 8.000000e-01 0
7.450000e+00 8.000000e-01 0
7.450000e+00 8.500000e-01 0
7.400000e+00 8.500000e-01 0
7.400000e+00 8.500000e-01 0
7.450000e+00 8.500000e-01 0
7.450000e+00 9.000000e-01 0
7.400000e+00 9.000000e-01 0
7.400000e+00 9.000000e-01 0
7.450000e+00 9.000000e-01 0
7.450000e+00 9.500000e-01 0
7.400000e+00 9.500000e-01 0
7.400000e+00 9.500000e-01 0
7.450000e+00 9.500000e-01 0
7.450000e+00 1.000000e+00 0
7.400000e+00 1.000000e+00 0
7.450000e+00 -1.000000e+00 0
7.500000e+00 -1.000000e+00 0
7.500000e+00 -9.500000e-01 0
7.450000e+00 -9.500000e-01 0
7.450000e+00 -9.500000e-01 0
7.500000e+00 -9.500000e-01 0
7.500000e+00 -9.000000e-01 0
7.450000e+00 -9.000000e-01 0
7.450000e+00 -9.000000e-01 0
7.500000e+00 -9.000000e-01 0
7.500000e+00 -8.500000e-01 0
7.450000e+00 -8.500000e-01 0
7.450000e+00 -8.500000e-01 0
7.500000e+00 -8.500000e-01 0
7.500000e+00 -8.000000e-01 0
7.450000e+00 -8.000000e-01 0
7.450000e+00 -8.000000e-01 0
7.500000e+00 -8.000000e-01 0
7.500000e+00 -7.500000e-01 0
7.450000e+00 -7.500000e-01 0
7.450000e+00 -7.500000e-01 0
7.500000e+00 -7.500000e-01 0
7.500000e+00 -7.000000e-01 0
7.450000e+00 -7.000000e-01 0
7.450000e+00 -7.000000e-01 0
7.500000e+00 -7.000000e-01 0
7.500000e+00 -6.500000e-01 0
7.450000e+00 -6.500000e-01 0
7.450000e+00 -6.500000e-01 0
7.500000e+00 -6.500000e-01 0
7.500000e+00 -6.000000e-01 0
7.450000e+00 -6.000000e-01 0
7.450000e+00 -6.000000e-01 0
7.500000e+00 -6.000000e-01 0
7.500000e+00 -5.500000e-01 0
7.450000e+00 -5.500000e-01 0
7.450000e+00 -5.500000e-01 0
7.500000e+00 -5.500000e-01 0
7.500000e+00 -5.000000e-01 0
7.450000e+00 -5.000000e-01 0
7.450000e+00 -5.000000e-01 0
7.500000e+00 -5.000000e-01 0
7.500000e+00 -4.500000e-01 0
7.450000e+00 -4.500000e-01 0
7.450000e+00 -4.500000e-01 0
7.500000e+00 -4.500000e-01 0
7.500000e+00 -4.000000e-01 0
7.450000e+00 -4.000000e-01 0
7.450000e+00 -4.000000e-01 0
7.500000e+00 -4.000000e-01 0
7.500000e+00 -3.500000e-01 0
7.450000e+00 -3.500000e-01 0
7.450000e+00 -3.500000e-01 0
7.500000e+00 -3.500000e-01 0
7.500000e+00 -3.000000e-01 0
7.450000e+00 -3.000000e-01 0
7.450000e+00 -3.000000e-01 0
7.500000e+00 -3.000000e-01 0
7.500000e+00 -2.500000e-01 0
7.450000e+00 -2.500000e-01 0
7.450000e+00 -2.500000e-01 0
7.500000e+00 -2.500000e-01 0
7.500000e+00 -2.000000e-01 0
7.450000e+00 -2.000000e-01 0
7.450000e+00 -2.000000e-01 0
7.500000e+00 -2.000000e-01 0
7.500000e+00 -1.500000e-01 0
7.450000e+00 -1.500000e-01 0
7.450000e+00 -1.500000e-01 0
7.500000e+00 -1.500000e-01 0
7.500000e+00 -1.000000e-01 0
7.450000e+00 -1.000000e-01 0
7.450000e+00 -1.000000e-01 0
7.500000e+00 -1.000000e-01 0
7.500000e+00 -5.000000e-02 0
7.450000e+00 -5.000000e-02 0
7.450000e+00 -5.000000e-02 0
7.500000e+00 -5.000000e-02 0
7.500000e+00 5.551115e-17 0
7.450000e+00 5.551115e-17 0
7.450000e+00 5.551115e-17 0
7.500000e+00 5.551115e-17 0
7.500000e+00 5.000000e-02 0
7.450000e+00 5.000000e-02 0
7.450000e+00 5.000000e-02 0
7.500000e+00 5.000000e-02 0
7.500000e+00 1.000000e-01 0
7.450000e+00 1.000000e-01 0
7.450000e+00 1.000000e-01 0
7.500000e+00 1.000000e-01 0
7.500000e+00 1.500000e-01 0
7.450000e+00 1.500000e-01 0
7.450000e+00 1.500000e-01 0
7.500000e+00 1.500000e-01 0
7.500000e+00 2.000000e-01 0
7.450000e+00 2.000000e-01 0
7.450000e+00 2.000000e-01 0
7.500000e+00 2.000000e-01 0
7.500000e+00 2.500000e-01 0
7.450000e+00 2.500000e-01 0
7.450000e+00 2.500000e-01 0
7.500000e+00 2.500000e-01 0
7.500000e+00 3.000000e-01 0
7.450000e+00 3.000000e-01 0
7.450000e+00 3.000000e-01 0
7.500000e+00 3.000000e-01 0
7.500000e+00 3.500000e-01 0
7.450000e+00 3.500000e-01 0
7.450000e+00 3.500000e-01 0
7.500000e+00 3.500000e-01 0
7.500000e+00 4.000000e-01 0
7.450000e+00 4.000000e-01 0
7.450000e+00 4.000000e-01 0
7.500000e+00 4.000000e-01 0
7.500000e+00 4.500000e-01 0
7.450000e+00 4.500000e-01 0
7.450000e+00 4.500000e-01 0
7.500000e+00 4.500000e-01 0
7.500000e+00 5.000000e-01 0
7.450000e+00 5.000000e-01 0
7.450000e+00 5.000000e-01 0
7.500000e+00 5.000000e-01 0
7.500000e+00 5.500000e-01 0
7.450000e+00 5.500000e-01 0
7.450000e+00 5.500000e-01 0
7.500000e+00 5.500000e-01 0
7.500000e+00 6.000000e-01 0
7.450000e+00 6.000000e-01 0
7.450000e+00 6.000000e-01 0
7.500000e+00 6.000000e-01 0
7.500000e+00 6.500000e-01 0
7.450000e+00 6.500000e-01 0
7.450000e+00 6.500000e-01 0
7.500000e+00 6.500000e-01 0
7.500000e+00 7.000000e-01 0
7.450000e+00 7.000000e-01 0
7.450000e+00 7.000000e-01 0
7.500000e+00 7.000000e-01 0
7.500000e+00 7.500000e-01 0
7.450000e+00 7.500000e-01 0
7.450000e+00 7.500000e-01 0
7.500000e+00 7.500000e-01 0
7.500000e+00 8.000000e-01 0
7.450000e+00 8.000000e-01 0
7.450000e+00 8.000000e-01 0
7.500000e+00 8.000000e-01 0
7.500000e+00 8.500000e-01 0
7.450000e+00 8.500000e-01 0
7.450000e+00 8.500000e-01 0
7.500000e+00 8.500000e-01 0
7.500000e+00 9.000000e-01 0
7.450000e+00 9.000000e-01 0
7.450000e+00 9.000000e-01 0
7.500000e+00 9.000000e-01 0
7.500000e+00 9.500000e-01 0
7.450000e+00 9.500000e-01 0
7.450000e+00 9.500000e-01 0
7.500000e+00 9.500000e-01 0
7.500000e+00 1.000000e+00 0
7.450000e+00 1.000000e+00 0
7.500000e+00 -1.000000e+00 0
7.550000e+00 -1.000000e+00 0
7.550000e+00 -9.500000e-01 0
7.500000e+00 -9.500000e-01 0
7.500000e+00 -9.500000e-01 0
7.550000e+00 -9.500000e-01 0
7.550000e+00 -9.000000e-01 0
7.500000e+00 -9.000000e-01 0
7.500000e+00 -9.000000e-01 0
7.550000e+00 -9.000000e-01 0
7.550000e+00 -8.500000e-01 0
7.500000e+00 -8.500000e-01 0
7.500000e+00 -8.500000e-01 0
7.550000e+00 -8.500000e-01 0
7.550000e+00 -8.000000e-01 0
7.500000e+00 -8.000000e-01 0
7.500000e+00 -8.000000e-01 0
7.550000e+00 -8.000000e-01 0
7.550000e+00 -7.500000e-01 0
7.500000e+00 -7.500000e-01 0
7.500000e+00 -7.500000e-01 0
7.550000e+00 -7.500000e-01 0
7.550000e+00 -7.000000e-01 0
7.500000e+00 -7.000000e-01 0
7.500000e+00 -7.000000e-01 0
7.550000e+00 -7.000000e-01 0
7.550000e+00 -6.500000e-01 0
7.500000e+00 -6.500000e-01 0
7.500000e+00 -6.500000e-01 0
7.550000e+00 -6.500000e-01 0
7.550000e+00 -6.000000e-01 0
7.500000e+00 -6.000000e-01 0
7.500000e+00 -6.000000e-01 0
7.550000e+00 -6.000000e-01 0
7.550000e+00 -5.500000e-01 0
7.500000e+00 -5.500000e-01 0
7.500000e+00 -5.500000e-01 0
7.550000e+00 -5.500000e-01 0
7.550000e+00 -5.000000e-01 0
7.500000e+00 -5.000000e-01 0
7.500000e+00 -5.000000e-01 0
7.550000e+00 -5.000000e-01 0
7.550000e+00 -4.500000e-01 0
7.500000e+00 -4.500000e-01 0
7.500000e+00 -4.500000e-01 0
7.550000e+00 -4.500000e-01 0
7.550000e+00 -4.000000e-01 0
7.500000e+00 -4.000000e-01 0
7.500000e+00 -4.000000e-01 0
7.550000e+00 -4.000000e-01 0
7.550000e+00 -3.500000e-01 0
7.500000e+00 -3.500000e-01 0
7.500000e+00 -3.500000e-01 0
7.550000e+00 -3.500000e-01 0
7.550000e+00 -3.000000e-01 0
7.500000e+00 -3.000000e-01 0
7.500000e+00 -3.000000e-01 0
7.550000e+00 -3.000000e-01 0
7.550000e+00 -2.500000e-01 0
7.500000e+00 -2.500000e-01 0
7.500000e+00 -2.500000e-01 0
7.550000e+00 -2.500000e-01 0
7.550000e+00 -2.000000e-01 0
7.500000e+00 -2.000000e-01 0
7.500000e+00 -2.000000e-01 0
7.550000e+00 -2.000000e-01 0
7.550000e+00 -1.500000e-01 0
7.500000e+00 -1.500000e-01 0
7.500000e+00 -1.500000e-01 0
7.550000e+00 -1.500000e-01 0
7.550000e+00 -1.000000e-01 0
7.500000e+00 -1.000000e-01 0
7.500000e+00 -1.000000e-01 0
7.550000e+00 -1.000000e-01 0
7.550000e+00 -5.000000e-02 0
7.500000e+00 -5.000000e-02 0
7.500000e+00 -5.000000e-02 0
7.550000e+00 -5.000000e-02 0
7.550000e+00 5.551115e-17 0
7.500000e+00 5.551115e-17 0
7.500000e+00 5.551115e-17 0
7.550000e+00 5.551115e-17 0
7.550000e+00 5.000000e-02 0
7.500000e+00 5.000000e-02 0
7.500000e+00 5.000000e-02 0
7.550000e+00 5.000000e-02 0
7.550000e+00 1.000000e-01 0
7.500000e+00 1.000000e-01 0
7.500000e+00 1.000000e-01 0
7.550000e+00 1.000000e-01 0
7.550000e+00 1.500000e-01 0
7.500000e+00 1.500000e-01 0
7.500000e+00 1.500000e-01 0
7.550000e+00 1.500000e-01 0
7.550000e+00 2.000000e-01 0
7.500000e+00 2.000000e-01 0
7.500000e+00 2.000000e-01 0
7.550000e+00 2.000000e-01 0
7.550000e+00 2.500000e-01 0
7.500000e+00 2.500000e-01 0
7.500000e+00 2.500000e-01 0
7.550000e+00 2.500000e-01 0
7.550000e+00 3.000000e-01 0
7.500000e+00 3.000000e-01 0
7.500000e+00 3.000000e-01 0
7.550000e+00 3.000000e-01 0
7.550000e+00 3.500000e-01 0
7.500000e+00 3.500000e-01 0
7.500000e+00 3.500000e-01 0
7.550000e+00 3.500000e-01 0
7.550000e+00 4.000000e-01 0
7.500000e+00 4.000000e-01 0
7.500000e+00 4.000000e-01 0
7.550000e+00 4.000000e-01 0
7.550000e+00 4.500000e-01 0
7.500000e+00 4.500000e-01 0
7.500000e+00 4.500000e-01 0
7.550000e+00 4.500000e-01 0
7.550000e+00 5.000000e-01 0
7.500000e+00 5.000000e-01 0
7.500000e+00 5.000000e-01 0
7.550000e+00 5.000000e-01 0
7.550000e+00 5.500000e-01 0
7.500000e+00 5.500000e-01 0
7.500000e+00 5.500000e-01 0
7.550000e+00 5.500000e-01 0
7.550000e+00 6.000000e-01 0
7.500000e+00 6.000000e-01 0
7.500000e+00 6.000000e-01 0
7.550000e+00 6.000000e-01 0
7.550000e+00 6.500000e-01 0
7.500000e+00 6.500000e-01 0
7.500000e+00 6.500000e-01 0
7.550000e+00 6.500000e-01 0
7.550000e+00 7.000000e-01 0
7.500000e+00 7.000000e-01 0
7.500000e+00 7.000000e-01 0
7.550000e+00 7.000000e-01 0
7.550000e+00 7.500000e-01 0
7.500000e+00 7.500000e-01 0
7.500000e+00 7.500000e-01 0
7.550000e+00 7.500000e-01 0
7.550000e+00 8.000000e-01 0
7.500000e+00 8.000000e-01 0
7.500000e+00 8.000000e-01 0
7.550000e+00 8.000000e-01 0
7.550000e+00 8.500000e-01 0
7.500000e+00 8.500000e-01 0
7.500000e+00 8.500000e-01 0
7.550000e+00 8.500000e-01 0
7.550000e+00 9.000000e-01 0
7.500000e+00 9.000000e-01 0
7.500000e+00 9.000000e-01 0
7.550000e+00 9.000000e-01 0
7.550000e+00 9.500000e-01 0
7.500000e+00 9.500000e-01 0
7.500000e+00 9.500000e-01 0
7.550000e+00 9.500000e-01 0
7.550000e+00 1.000000e+00 0
7.500000e+00 1.000000e+00 0
7.550000e+00 -1.000000e+00 0
7.600000e+00 -1.000000e+00 0
7.600000e+00 -9.500000e-01 0
7.550000e+00 -9.500000e-01 0
7.550000e+00 -9.500000e-01 0
7.600000e+00 -9.500000e-01 0
7.600000e+00 -9.000000e-01 0
7.550000e+00 -9.000000e-01 0
7.550000e+00 -9.000000e-01 0
7.600000e+00 -9.000000e-01 0
7.600000e+00 -8.500000e-01 0
7.550000e+00 -8.500000e-01 0
7.550000e+00 -8.500000e-01 0
7.600000e+00 -8.500000e-01 0
7.600000e+00 -8.000000e-01 0
7.550000e+00 -8.000000e-01 0
7.550000e+00 -8.000000e-01 0
7.600000e+00 -8.000000e-01 0
7.600000e+00 -7.500000e-01 0
7.550000e+00 -7.500000e-01 0
7.550000e+00 -7.500000e-01 0
7.600000e+00 -7.500000e-01 0
7.600000e+00 -7.000000e-01 0
7.550000e+00 -7.000000e-01 0
7.550000e+00 -7.000000e-01 0
7.600000e+00 -7.000000e-01 0
7.600000e+00 -6.500000e-01 0
7.550000e+00 -6.500000e-01 0
7.550000e+00 -6.500000e-01 0
7.600000e+00 -6.500000e-01 0
7.600000e+00 -6.000000e-01 0
7.550000e+00 -6.000000e-01 0
7.550000e+00 -6.000000e-01 0
7.600000e+00 -6.000000e-01 0
7.600000e+00 -5.500000e-01 0
7.550000e+00 -5.500000e-01 0
7.550000e+00 -5.500000e-01 0
7.600000e+00 -5.500000e-01 0
7.600000e+00 -5.000000e-01 0
7.550000e+00 -5.000000e-01 0
7.550000e+00 -5.000000e-01 0
7.600000e+00 -5.000000e-01 0
7.600000e+00 -4.500000e-01 0
7.550000e+00 -4.500000e-01 0
7.550000e+00 -4.500000e-01 0
7.600000e+00 -4.500000e-01 0
7.600000e+00 -4.000000e-01 0
7.550000e+00 -4.000000e-01 0
7.550000e+00 -4.000000e-01 0
7.600000e+00 -4.000000e-01 0
7.600000e+00 -3.500000e-01 0
7.550000e+00 -3.500000e-01 0
7.550000e+00 -3.500000e-01 0
7.600000e+00 -3.500000e-01 0
7.600000e+00 -3.000000e-01 0
7.550000e+00 -3.000000e-01 0
7.550000e+00 -3.000000e-01 0
7.600000e+00 -3.000000e-01 0
7.600000e+00 -2.500000e-01 0
7.550000e+00 -2.500000e-01 0
7.550000e+00 -2.500000e-01 0
7.600000e+00 -2.500000e-01 0
7.600000e+00 -2.000000e-01 0
7.550000e+00 -2.000000e-01 0
7.550000e+00 -2.000000e-01 0
7.600000e+00 -2.000000e-01 0
7.600000e+00 -1.500000e-01 0
7.550000e+00 -1.500000e-01 0
7.550000e+00 -1.500000e-01 0
7.600000e+00 -1.500000e-01 0
7.600000e+00 -1.000000e-01 0
7.550000e+00 -1.000000e-01 0
7.550000e+00 -1.000000e-01 0
7.600000e+00 -1.000000e-01 0
7.600000e+00 -5.000000e-02 0
7.550000e+00 -5.000000e-02 0
7.550000e+00 -5.000000e-02 0
7.600000e+00 -5.000000e-02 0
7.600000e+00 5.551115e-17 0
7.550000e+00 5.551115e-17 0
7.550000e+00 5.551115e-17 0
7.600000e+00 5.551115e-17 0
7.600000e+00 5.000000e-02 0
7.550000e+00 5.000000e-02 0
7.550000e+00 5.000000e-02 0
7.600000e+00 5.000000e-02 0
7.600000e+00 1.000000e-01 0
7.550000e+00 1.000000e-01 0
7.550000e+00 1.000000e-01 0
7.600000e+00 1.000000e-01 0
7.600000e+00 1.500000e-01 0
7.550000e+00 1.500000e-01 0
7.550000e+00 1.500000e-01 0
7.600000e+00 1.500000e-01 0
7.600000e+00 2.000000e-01 0
7.550000e+00 2.000000e-01 0
7.550000e+00 2.000000e-01 0
7.600000e+00 2.000000e-01 0
7.600000e+00 2.500000e-01 0
7.550000e+00 2.500000e-01 0
7.550000e+00 2.500000e-01 0
7.600000e+00 2.500000e-01 0
7.600000e+00 3.000000e-01 0
7.550000e+00 3.000000e-01 0
7.550000e+00 3.000000e-01 0
7.600000e+00 3.000000e-01 0
7.600000e+00 3.500000e-01 0
7.550000e+00 3.500000e-01 0
7.550000e+00 3.500000e-01 0
7.600000e+00 3.500000e-01 0
7.600000e+00 4.000000e-01 0
7.550000e+00 4.000000e-01 0
7.550000e+00 4.000000e-01 0
7.600000e+00 4.000000e-01 0
7.600000e+00 4.500000e-01 0
7.550000e+00 4.500000e-01 0
7.550000e+00 4.500000e-01 0
7.600000e+00 4.500000e-01 0
7.600000e+00 5.000000e-01 0
7.550000e+00 5.000000e-01 0
7.550000e+00 5.000000e-01 0
7.600000e+00 5.000000e-01 0
7.600000e+00 5.500000e-01 0
7.550000e+00 5.500000e-01 0
7.550000e+00 5.500000e-01 0
7.600000e+00 5.500000e-01 0
7.600000e+00 6.000000e-01 0
7.550000e+00 6.000000e-01 0
7.550000e+00 6.000000e-01 0
7.600000e+00 6.000000e-01 0
7.600000e+00 6.500000e-01 0
7.550000e+00 6.500000e-01 0
7.550000e+00 6.500000e-01 0
7.600000e+00 6.500000e-01 0
7.600000e+00 7.000000e-01 0
7.550000e+00 7.000000e-01 0
7.550000e+00 7.000000e-01 0
7.600000e+00 7.000000e-01 0
7.600000e+00 7.500000e-01 0
7.550000e+00 7.500000e-01 0
7.550000e+00 7.500000e-01 0
7.600000e+00 7.500000e-01 0
7.600000e+00 8.000000e-01 0
7.550000e+00 8.000000e-01 0
7.550000e+00 8.000000e-01 0
7.600000e+00 8.000000e-01 0
7.600000e+00 8.500000e-01 0
7.550000e+00 8.500000e-01 0
7.550000e+00 8.500000e-01 0
7.600000e+00 8.500000e-01 0
7.600000e+00 9.000000e-01 0
7.550000e+00 9.000000e-01 0
7.550000e+00 9.000000e-01 0
7.600000e+00 9.000000e-01 0
7.600000e+00 9.500000e-01 0
7.550000e+00 9.500000e-01 0
7.550000e+00 9.500000e-01 0
7.600000e+00 9.500000e-01 0
7.600000e+00 1.000000e+00 0
7.550000e+00 1.000000e+00 0
7.600000e+00 -1.000000e+00 0
7.650000e+00 -1.000000e+00 0
7.650000e+00 -9.500000e-01 0
7.600000e+00 -9.500000e-01 0
7.600000e+00 -9.500000e-01 0
7.650000e+00 -9.500000e-01 0
7.650000e+00 -9.000000e-01 0
7.600000e+00 -9.000000e-01 0
7.600000e+00 -9.000000e-01 0
7.650000e+00 -9.000000e-01 0
7.650000e+00 -8.500000e-01 0
7.600000e+00 -8.500000e-01 0
7.600000e+00 -8.500000e-01 0
7.650000e+00 -8.500000e-01 0
7.650000e+00 -8.000000e-01 0
7.600000e+00 -8.000000e-01 0
7.600000e+00 -8.000000e-01 0
7.650000e+00 -8.000000e-01 0
7.650000e+00 -7.500000e-01 0
7.600000e+00 -7.500000e-01 0
7.600000e+00 -7.500000e-01 0
7.650000e+00 -7.500000e-01 0
7.650000e+00 -7.000000e-01 0
7.600000e+00 -7.000000e-01 0
7.600000e+00 -7.000000e-01 0
7.650000e+00 -7.000000e-01 0
7.650000e+00 -6.500000e-01 0
7.600000e+00 -6.500000e-01 0
7.600000e+00 -6.500000e-01 0
7.650000e+00 -6.500000e-01 0
7.650000e+00 -6.000000e-01 0
7.600000e+00 -6.000000e-01 0
7.600000e+00 -6.000000e-01 0
7.650000e+00 -6.000000e-01 0
7.650000e+00 -5.500000e-01 0
7.600000e+00 -5.500000e-01 0
7.600000e+00 -5.500000e-01 0
7.650000e+00 -5.500000e-01 0
7.650000e+00 -5.000000e-01 0
7.600000e+00 -5.000000e-01 0
7.600000e+00 -5.000000e-01 0
7.650000e+00 -5.000000e-01 0
7.650000e+00 -4.500000e-01 0
7.600000e+00 -4.500000e-01 0
7.600000e+00 -4.500000e-01 0
7.650000e+00 -4.500000e-01 0
7.650000e+00 -4.000000e-01 0
7.600000e+00 -4.000000e-01 0
7.600000e+00 -4.000000e-01 0
7.650000e+00 -4.000000e-01 0
7.650000e+00 -3.500000e-01 0
7.600000e+00 -3.500000e-01 0
7.600000e+00 -3.500000e-01 0
7.650000e+00 -3.500000e-01 0
7.650000e+00 -3.000000e-01 0
7.600000e+00 -3.000000e-01 0
7.600000e+00 -3.000000e-01 0
7.650000e+00 -3.000000e-01 0
7.650000e+00 -2.500000e-01 0
7.600000e+00 -2.500000e-01 0
7.600000e+00 -2.500000e-01 0
7.650000e+00 -2.500000e-01 0
7.650000e+00 -2.000000e-01 0
7.600000e+00 -2.000000e-01 0
7.600000e+00 -2.000000e-01 0
7.650000e+00 -2.000000e-01 0
7.650000e+00 -1.500000e-01 0
7.600000e+00 -1.500000e-01 0
7.600000e+00 -1.500000e-01 0
7.650000e+00 -1.500000e-01 0
7.650000e+00 -1.000000e-01 0
7.600000e+00 -1.000000e-01 0
7.600000e+00 -1.000000e-01 0
7.650000e+00 -1.000000e-01 0
7.650000e+00 -5.000000e-02 0
7.600000e+00 -5.000000e-02 0
7.600000e+00 -5.000000e-02 0
7.650000e+00 -5.000000e-02 0
7.650000e+00 5.551115e-17 0
7.600000e+00 5.551115e-17 0
7.600000e+00 5.551115e-17 0
7.650000e+00 5.551115e-17 0
7.650000e+00 5.000000e-02 0
7.600000e+00 5.000000e-02 0
7.600000e+00 5.000000e-02 0
7.650000e+00 5.000000e-02 0
7.650000e+00 1.000000e-01 0
7.600000e+00 1.000000e-01 0
7.600000e+00 1.000000e-01 0
7.650000e+00 1.000000e-01 0
7.650000e+00 1.500000e-01 0
7.600000e+00 1.500000e-01 0
7.600000e+00 1.500000e-01 0
7.650000e+00 1.500000e-01 0
7.650000e+00 2.000000e-01 0
7.600000e+00 2.000000e-01 0
7.600000e+00 2.000000e-01 0
7.650000e+00 2.000000e-01 0
7.650000e+00 2.500000e-01 0
7.600000e+00 2.500000e-01 0
7.600000e+00 2.500000e-01 0
7.650000e+00 2.500000e-01 0
7.650000e+00 3.000000e-01 0
7.600000e+00 3.000000e-01 0
7.600000e+00 3.000000e-01 0
7.650000e+00 3.000000e-01 0
7.650000e+00 3.500000e-01 0
7.600000e+00 3.500000e-01 0
7.600000e+00 3.500000e-01 0
7.650000e+00 3.500000e-01 0
7.650000e+00 4.000000e-01 0
7.600000e+00 4.000000e-01 0
7.600000e+00 4.000000e-01 0
7.650000e+00 4.000000e-01 0
7.650000e+00 4.500000e-01 0
7.600000e+00 4.500000e-01 0
7.600000e+00 4.500000e-01 0
7.650000e+00 4.500000e-01 0
7.650000e+00 5.000000e-01 0
7.600000e+00 5.000000e-01 0
7.600000e+00 5.000000e-01 0
7.650000e+00 5.000000e-01 0
7.650000e+00 5.500000e-01 0
7.600000e+00 5.500000e-01 0
7.600000e+00 5.500000e-01 0
7.650000e+00 5.500000e-01 0
7.650000e+00 6.000000e-01 0
7.600000e+00 6.000000e-01 0
7.600000e+00 6.000000e-01 0
7.650000e+00 6.000000e-01 0
7.650000e+00 6.500000e-01 0
7.600000e+00 6.500000e-01 0
7.600000e+00 6.500000e-01 0
7.650000e+00 6.500000e-01 0
7.650000e+00 7.000000e-01 0
7.600000e+00 7.000000e-01 0
7.600000e+00 7.000000e-01 0
7.650000e+00 7.000000e-01 0
7.650000e+00 7.500000e-01 0
7.600000e+00 7.500000e-01 0
7.600000e+00 7.500000e-01 0
7.650000e+00 7.500000e-01 0
7.650000e+00 8.000000e-01 0
7.600000e+00 8.000000e-01 0
7.600000e+00 8.000000e-01 0
7.650000e+00 8.000000e-01 0
7.650000e+00 8.500000e-01 0
7.600000e+00 8.500000e-01 0
7.600000e+00 8.500000e-01 0
7.650000e+00 8.500000e-01 0
7.650000e+00 9.000000e-01 0
7.600000e+00 9.000000e-01 0
7.600000e+00 9.000000e-01 0
7.650000e+00 9.000000e-01 0
7.650000e+00 9.500000e-01 0
7.600000e+00 9.500000e-01 0
7.600000e+00 9.500000e-01 0
7.650000e+00 9.500000e-01 0
7.650000e+00 1.000000e+00 0
7.600000e+00 1.000000e+00 0
7.650000e+00 -1.000000e+00 0
7.700000e+00 -1.000000e+00 0
7.700000e+00 -9.500000e-01 0
7.650000e+00 -9.500000e-01 0
7.650000e+00 -9.500000e-01 0
7.700000e+00 -9.500000e-01 0
7.700000e+00 -9.000000e-01 0
7.650000e+00 -9.000000e-01 0
7.650000e+00 -9.000000e-01 0
7.700000e+00 -9.000000e-01 0
7.700000e+00 -8.500000e-01 0
7.650000e+00 -8.500000e-01 0
7.650000e+00 -8.500000e-01 0
7.700000e+00 -8.500000e-01 0
7.700000e+00 -8.000000e-01 0
7.650000e+00 -8.000000e-01 0
7.650000e+00 -8.000000e-01 0
7.700000e+00 -8.000000e-01 0
7.700000e+00 -7.500000e-01 0
7.650000e+00 -7.500000e-01 0
7.650000e+00 -7.500000e-01 0
7.700000e+00 -7.500000e-01 0
7.700000e+00 -7.000000e-01 0
7.650000e+00 -7.000000e-01 0
7.650000e+00 -7.000000e-01 0
7.700000e+00 -7.000000e-01 0
7.700000e+00 -6.500000e-01 0
7.650000e+00 -6.500000e-01 0
7.650000e+00 -6.500000e-01 0
7.700000e+00 -6.500000e-01 0
7.700000e+00 -6.000000e-01 0
7.650000e+00 -6.000000e-01 0
7.650000e+00 -6.000000e-01 0
7.700000e+00 -6.000000e-01 0
7.700000e+00 -5.500000e-01 0
7.650000e+00 -5.500000e-01 0
7.650000e+00 -5.500000e-01 0
7.700000e+00 -5.500000e-01 0
7.700000e+00 -5.000000e-01 0
7.650000e+00 -5.000000e-01 0
7.650000e+00 -5.000000e-01 0
7.700000e+00 -5.000000e-01 0
7.700000e+00 -4.500000e-01 0
7.650000e+00 -4.500000e-01 0
7.650000e+00 -4.500000e-01 0
7.700000e+00 -4.500000e-01 0
7.700000e+00 -4.000000e-01 0
7.650000e+00 -4.000000e-01 0
7.650000e+00 -4.000000e-01 0
7.700000e+00 -4.000000e-01 0
7.700000e+00 -3.500000e-01 0
7.650000e+00 -3.500000e-01 0
7.650000e+00 -3.500000e-01 0
7.700000e+00 -3.500000e-01 0
7.700000e+00 -3.000000e-01 0
7.650000e+00 -3.000000e-01 0
7.650000e+00 -3.000000e-01 0
7.700000e+00 -3.000000e-01 0
7.700000e+00 -2.500000e-01 0
7.650000e+00 -2.500000e-01 0
7.650000e+00 -2.500000e-01 0
7.700000e+00 -2.500000e-01 0
7.700000e+00 -2.000000e-01 0
7.650000e+00 -2.000000e-01 0
7.650000e+00 -2.000000e-01 0
7.700000e+00 -2.000000e-01 0
7.700000e+00 -1.500000e-01 0
7.650000e+00 -1.500000e-01 0
7.650000e+00 -1.500000e-01 0
7.700000e+00 -1.500000e-01 0
7.700000e+00 -1.000000e-01 0
7.650000e+00 -1.000000e-01 0
7.650000e+00 -1.000000e-01 0
7.700000e+00 -1.000000e-01 0
7.700000e+00 -5.000000e-02 0
7.650000e+00 -5.000000e-02 0
7.650000e+00 -5.000000e-02 0
7.700000e+00 -5.000000e-02 0
7.700000e+00 5.551115e-17 0
7.650000e+00 5.551115e-17 0
7.650000e+00 5.551115e-17 0
7.700000e+00 5.551115e-17 0
7.700000e+00 5.000000e-02 0
7.650000e+00 5.000000e-02 0
7.650000e+00 5.000000e-02 0
7.700000e+00 5.000000e-02 0
7.700000e+00 1.000000e-01 0
7.650000e+00 1.000000e-01 0
7.650000e+00 1.000000e-01 0
7.700000e+00 1.000000e-01 0
7.700000e+00 1.500000e-01 0
7.650000e+00 1.500000e-01 0
7.650000e+00 1.500000e-01 0
7.700000e+00 1.500000e-01 0
7.700000e+00 2.000000e-01 0
7.650000e+00 2.000000e-01 0
7.650000e+00 2.000000e-01 0
7.700000e+00 2.000000e-01 0
7.700000e+00 2.500000e-01 0
7.650000e+00 2.500000e-01 0
7.650000e+00 2.500000e-01 0
7.700000e+00 2.500000e-01 0
7.700000e+00 3.000000e-01 0
7.650000e+00 3.000000e-01 0
7.650000e+00 3.000000e-01 0
7.700000e+00 3.000000e-01 0
7.700000e+00 3.500000e-01 0
7.650000e+00 3.500000e-01 0
7.650000e+00 3.500000e-01 0
7.700000e+00 3.500000e-01 0
7.700000e+00 4.000000e-01 0
7.650000e+00 4.000000e-01 0
7.650000e+00 4.000000e-01 0
7.700000e+00 4.000000e-01 0
7.700000e+00 4.500000e-01 0
7.650000e+00 4.500000e-01 0
7.650000e+00 4.500000e-01 0
7.700000e+00 4.500000e-01 0
7.700000e+00 5.000000e-01 0
7.650000e+00 5.000000e-01 0
7.650000e+00 5.000000e-01 0
7.700000e+00 5.000000e-01 0
7.700000e+00 5.500000e-01 0
7.650000e+00 5.500000e-01 0
7.650000e+00 5.500000e-01 0
7.700000e+00 5.500000e-01 0
7.700000e+00 6.000000e-01 0
7.650000e+00 6.000000e-01 0
7.650000e+00 6.000000e-01 0
7.700000e+00 6.000000e-01 0
7.700000e+00 6.500000e-01 0
7.650000e+00 6.500000e-01 0
7.650000e+00 6.500000e-01 0
7.700000e+00 6.500000e-01 0
7.700000e+00 7.000000e-01 0
7.650000e+00 7.000000e-01 0
7.650000e+00 7.000000e-01 0
7.700000e+00 7.000000e-01 0
7.700000e+00 7.500000e-01 0
7.650000e+00 7.500000e-01 0
7.650000e+00 7.500000e-01 0
7.700000e+00 7.500000e-01 0
7.700000e+00 8.000000e-01 0
7.650000e+00 8.000000e-01 0
7.650000e+00 8.000000e-01 0
7.700000e+00 8.000000e-01 0
7.700000e+00 8.500000e-01 0
7.650000e+00 8.500000e-01 0
7.650000e+00 8.500000e-01 0
7.700000e+00 8.500000e-01 0
7.700000e+00 9.000000e-01 0
7.650000e+00 9.000000e-01 0
7.650000e+00 9.000000e-01 0
7.700000e+00 9.000000e-01 0
7.700000e+00 9.500000e-01 0
7.650000e+00 9.500000e-01 0
7.650000e+00 9.500000e-01 0
7.700000e+00 9.500000e-01 0
7.700000e+00 1.000000e+00 0
7.650000e+00 1.000000e+00 0
7.700000e+00 -1.000000e+00 0
7.750000e+00 -1.000000e+00 0
7.750000e+00 -9.500000e-01 0
7.700000e+00 -9.500000e-01 0
7.700000e+00 -9.500000e-01 0
7.750000e+00 -9.500000e-01 0
7.750000e+00 -9.000000e-01 0
7.700000e+00 -9.000000e-01 0
7.700000e+00 -9.000000e-01 0
7.750000e+00 -9.000000e-01 0
7.750000e+00 -8.500000e-01 0
7.700000e+00 -8.500000e-01 0
7.700000e+00 -8.500000e-01 0
7.750000e+00 -8.500000e-01 0
7.750000e+00 -8.000000e-01 0
7.700000e+00 -8.000000e-01 0
7.700000e+00 -8.000000e-01 0
7.750000e+00 -8.000000e-01 0
7.750000e+00 -7.500000e-01 0
7.700000e+00 -7.500000e-01 0
7.700000e+00 -7.500000e-01 0
7.750000e+00 -7.500000e-01 0
7.750000e+00 -7.000000e-01 0
7.700000e+00 -7.000000e-01 0
7.700000e+00 -7.000000e-01 0
7.750000e+00 -7.000000e-01 0
7.750000e+00 -6.500000e-01 0
7.700000e+00 -6.500000e-01 0
7.700000e+00 -6.500000e-01 0
7.750000e+00 -6.500000e-01 0
7.750000e+00 -6.000000e-01 0
7.700000e+00 -6.000000e-01 0
7.700000e+00 -6.000000e-01 0
7.750000e+00 -6.000000e-01 0
7.750000e+00 -5.500000e-01 0
7.700000e+00 -5.500000e-01 0
7.700000e+00 -5.500000e-01 0
7.750000e+00 -5.500000e-01 0
7.750000e+00 -5.000000e-01 0
7.700000e+00 -5.000000e-01 0
7.700000e+00 -5.000000e-01 0
7.750000e+00 -5.000000e-01 0
7.750000e+00 -4.500000e-01 0
7.700000e+00 -4.500000e-01 0
7.700000e+00 -4.500000e-01 0
7.750000e+00 -4.500000e-01 0
7.750000e+00 -4.000000e-01 0
7.700000e+00 -4.000000e-01 0
7.700000e+00 -4.000000e-01 0
7.750000e+00 -4.000000e-01 0
7.750000e+00 -3.500000e-01 0
7.700000e+00 -3.500000e-01 0
7.700000e+00 -3.500000e-01 0
7.750000e+00 -3.500000e-01 0
7.750000e+00 -3.000000e-01 0
7.700000e+00 -3.000000e-01 0
7.700000e+00 -3.000000e-01 0
7.750000e+00 -3.000000e-01 0
7.750000e+00 -2.500000e-01 0
7.700000e+00 -2.500000e-01 0
7.700000e+00 -2.500000e-01 0
7.750000e+00 -2.500000e-01 0
7.750000e+00 -2.000000e-01 0
7.700000e+00 -2.000000e-01 0
7.700000e+00 -2.000000e-01 0
7.750000e+00 -2.000000e-01 0
7.750000e+00 -1.500000e-01 0
7.700000e+00 -1.500000e-01 0
7.700000e+00 -1.500000e-01 0
7.750000e+00 -1.500000e-01 0
7.750000e+00 -1.000000e-01 0
7.700000e+00 -1.000000e-01 0
7.700000e+00 -1.000000e-01 0
7.750000e+00 -1.000000e-01 0
7.750000e+00 -5.000000e-02 0
7.700000e+00 -5.000000e-02 0
7.700000e+00 -5.000000e-02 0
7.750000e+00 -5.000000e-02 0
7.750000e+00 5.551115e-17 0
7.700000e+00 5.551115e-17 0
7.700000e+00 5.551115e-17 0
7.750000e+00 5.551115e-17 0
7.750000e+00 5.000000e-02 0
7.700000e+00 5.000000e-02 0
7.700000e+00 5.000000e-02 0
7.750000e+00 5.000000e-02 0
7.750000e+00 1.000000e-01 0
7.700000e+00 1.000000e-01 0
7.700000e+00 1.000000e-01 0
7.750000e+00 1.000000e-01 0
7.750000e+00 1.500000e-01 0
7.700000e+00 1.500000e-01 0
7.700000e+00 1.500000e-01 0
7.750000e+00 1.500000e-01 0
7.750000e+00 2.000000e-01 0
7.700000e+00 2.000000e-01 0
7.700000e+00 2.000000e-01 0
7.750000e+00 2.000000e-01 0
7.750000e+00 2.500000e-01 0
7.700000e+00 2.500000e-01 0
7.700000e+00 2.500000e-01 0
7.750000e+00 2.500000e-01 0
7.750000e+00 3.000000e-01 0
7.700000e+00 3.000000e-01 0
7.700000e+00 3.000000e-01 0
7.750000e+00 3.000000e-01 0
7.750000e+00 3.500000e-01 0
7.700000e+00 3.500000e-01 0
7.700000e+00 3.500000e-01 0
7.750000e+00 3.500000e-01 0
7.750000e+00 4.000000e-01 0
7.700000e+00 4.000000e-01 0
7.700000e+00 4.000000e-01 0
7.750000e+00 4.000000e-01 0
7.750000e+00 4.500000e-01 0
7.700000e+00 4.500000e-01 0
7.700000e+00 4.500000e-01 0
7.750000e+00 4.500000e-01 0
7.750000e+00 5.000000e-01 0
7.700000e+00 5.000000e-01 0
7.700000e+00 5.000000e-01 0
7.750000e+00 5.000000e-01 0
7.750000e+00 5.500000e-01 0
7.700000e+00 5.500000e-01 0
7.700000e+00 5.500000e-01 0
7.750000e+00 5.500000e-01 0
7.750000e+00 6.000000e-01 0
7.700000e+00 6.000000e-01 0
7.700000e+00 6.000000e-01 0
7.750000e+00 6.000000e-01 0
7.750000e+00 6.500000e-01 0
7.700000e+00 6.500000e-01 0
7.700000e+00 6.500000e-01 0
7.750000e+00 6.500000e-01 0
7.750000e+00 7.000000e-01 0
7.700000e+00 7.000000e-01 0
7.700000e+00 7.000000e-01 0
7.750000e+00 7.000000e-01 0
7.750000e+00 7.500000e-01 0
7.700000e+00 7.500000e-01 0
7.700000e+00 7.500000e-01 0
7.750000e+00 7.500000e-01 0
7.750000e+00 8.000000e-01 0
7.700000e+00 8.000000e-01 0
7.700000e+00 8.000000e-01 0
7.750000e+00 8.000000e-01 0
7.750000e+00 8.500000e-01 0
7.700000e+00 8.500000e-01 0
7.700000e+00 8.500000e-01 0
7.750000e+00 8.500000e-01 0
7.750000e+00 9.000000e-01 0
7.700000e+00 9.000000e-01 0
7.700000e+00 9.000000e-01 0
7.750000e+00 9.000000e-01 0
7.750000e+00 9.500000e-01 0
7.700000e+00 9.500000e-01 0
7.700000e+00 9.500000e-01 0
7.750000e+00 9.500000e-01 0
7.750000e+00 1.000000e+00 0
7.700000e+00 1.000000e+00 0
7.750000e+00 -1.000000e+00 0
7.800000e+00 -1.000000e+00 0
7.800000e+00 -9.500000e-01 0
7.750000e+00 -9.500000e-01 0
7.750000e+00 -9.500000e-01 0
7.800000e+00 -9.500000e-01 0
7.800000e+00 -9.000000e-01 0
7.750000e+00 -9.000000e-01 0
7.750000e+00 -9.000000e-01 0
7.800000e+00 -9.000000e-01 0
7.800000e+00 -8.500000e-01 0
7.750000e+00 -8.500000e-01 0
7.750000e+00 -8.500000e-01 0
7.800000e+00 -8.500000e-01 0
7.800000e+00 -8.000000e-01 0
7.750000e+00 -8.000000e-01 0
7.750000e+00 -8.000000e-01 0
7.800000e+00 -8.000000e-01 0
7.800000e+00 -7.500000e-01 0
7.750000e+00 -7.500000e-01 0
7.750000e+00 -7.500000e-01 0
7.800000e+00 -7.500000e-01 0
7.800000e+00 -7.000000e-01 0
7.750000e+00 -7.000000e-01 0
7.750000e+00 -7.000000e-01 0
7.800000e+00 -7.000000e-01 0
7.800000e+00 -6.500000e-01 0
7.750000e+00 -6.500000e-01 0
7.750000e+00 -6.500000e-01 0
7.800000e+00 -6.500000e-01 0
7.800000e+00 -6.000000e-01 0
7.750000e+00 -6.000000e-01 0
7.750000e+00 -6.000000e-01 0
7.800000e+00 -6.000000e-01 0
7.800000e+00 -5.500000e-01 0
7.750000e+00 -5.500000e-01 0
7.750000e+00 -5.500000e-01 0
7.800000e+00 -5.500000e-01 0
7.800000e+00 -5.000000e-01 0
7.750000e+00 -5.000000e-01 0
7.750000e+00 -5.000000e-01 0
7.800000e+00 -5.000000e-01 0
7.800000e+00 -4.500000e-01 0
7.750000e+00 -4.500000e-01 0
7.750000e+00 -4.500000e-01 0
7.800000e+00 -4.500000e-01 0
7.800000e+00 -4.000000e-01 0
7.750000e+00 -4.000000e-01 0
7.750000e+00 -4.000000e-01 0
7.800000e+00 -4.000000e-01 0
7.800000e+00 -3.500000e-01 0
7.750000e+00 -3.500000e-01 0
7.750000e+00 -3.500000e-01 0
7.800000e+00 -3.500000e-01 0
7.800000e+00 -3.000000e-01 0
7.750000e+00 -3.000000e-01 0
7.750000e+00 -3.000000e-01 0
7.800000e+00 -3.000000e-01 0
7.800000e+00 -2.500000e-01 0
7.750000e+00 -2.500000e-01 0
7.750000e+00 -2.500000e-01 0
7.800000e+00 -2.500000e-01 0
7.800000e+00 -2.000000e-01 0
7.750000e+00 -2.000000e-01 0
7.750000e+00 -2.000000e-01 0
7.800000e+00 -2.000000e-01 0
7.800000e+00 -1.500000e-01 0
7.750000e+00 -1.500000e-01 0
7.750000e+00 -1.500000e-01 0
7.800000e+00 -1.500000e-01 0
7.800000e+00 -1.000000e-01 0
7.750000e+00 -1.000000e-01 0
7.750000e+00 -1.000000e-01 0
7.800000e+00 -1.000000e-01 0
7.800000e+00 -5.000000e-02 0
7.750000e+00 -5.000000e-02 0
7.750000e+00 -5.000000e-02 0
7.800000e+00 -5.000000e-02 0
7.800000e+00 5.551115e-17 0
7.750000e+00 5.551115e-17 0
7.750000e+00 5.551115e-17 0
7.800000e+00 5.551115e-17 0
7.800000e+00 5.000000e-02 0
7.750000e+00 5.000000e-02 0
7.750000e+00 5.000000e-02 0
7.800000e+00 5.000000e-02 0
7.800000e+00 1.000000e-01 0
7.750000e+00 1.000000e-01 0
7.750000e+00 1.000000e-01 0
7.800000e+00 1.000000e-01 0
7.800000e+00 1.500000e-01 0
7.750000e+00 1.500000e-01 0
7.750000e+00 1.500000e-01 0
7.800000e+00 1.500000e-01 0
7.800000e+00 2.000000e-01 0
7.750000e+00 2.000000e-01 0
7.750000e+00 2.000000e-01 0
7.800000e+00 2.000000e-01 0
7.800000e+00 2.500000e-01 0
7.750000e+00 2.500000e-01 0
7.750000e+00 2.500000e-01 0
7.800000e+00 2.500000e-01 0
7.800000e+00 3.000000e-01 0
7.750000e+00 3.000000e-01 0
7.750000e+00 3.000000e-01 0
7.800000e+00 3.000000e-01 0
7.800000e+00 3.500000e-01 0
7.750000e+00 3.500000e-01 0
7.750000e+00 3.500000e-01 0
7.800000e+00 3.500000e-01 0
7.800000e+00 4.000000e-01 0
7.750000e+00 4.000000e-01 0
7.750000e+00 4.000000e-01 0
7.800000e+00 4.000000e-01 0
7.800000e+00 4.500000e-01 0
7.750000e+00 4.500000e-01 0
7.750000e+00 4.500000e-01 0
7.800000e+00 4.500000e-01 0
7.800000e+00 5.000000e-01 0
7.750000e+00 5.000000e-01 0
7.750000e+00 5.000000e-01 0
7.800000e+00 5.000000e-01 0
7.800000e+00 5.500000e-01 0
7.750000e+00 5.500000e-01 0
7.750000e+00 5.500000e-01 0
7.800000e+00 5.500000e-01 0
7.800000e+00 6.000000e-01 0
7.750000e+00 6.000000e-01 0
7.750000e+00 6.000000e-01 0
7.800000e+00 6.000000e-01 0
7.800000e+00 6.500000e-01 0
7.750000e+00 6.500000e-01 0
7.750000e+00 6.500000e-01 0
7.800000e+00 6.500000e-01 0
7.800000e+00 7.000000e-01 0
7.750000e+00 7.000000e-01 0
7.750000e+00 7.000000e-01 0
7.800000e+00 7.000000e-01 0
7.800000e+00 7.500000e-01 0
7.750000e+00 7.500000e-01 0
7.750000e+00 7.500000e-01 0
7.800000e+00 7.500000e-01 0
7.800000e+00 8.000000e-01 0
7.750000e+00 8.000000e-01 0
7.750000e+00 8.000000e-01 0
7.800000e+00 8.000000e-01 0
7.800000e+00 8.500000e-01 0
7.750000e+00 8.500000e-01 0
7.750000e+00 8.500000e-01 0
7.800000e+00 8.500000e-01 0
7.800000e+00 9.000000e-01 0
7.750000e+00 9.000000e-01 0
7.750000e+00 9.000000e-01 0
7.800000e+00 9.000000e-01 0
7.800000e+00 9.500000e-01 0
7.750000e+00 9.500000e-01 0
7.750000e+00 9.500000e-01 0
7.800000e+00 9.500000e-01 0
7.800000e+00 1.000000e+00 0
7.750000e+00 1.000000e+00 0
7.800000e+00 -1.000000e+00 0
7.850000e+00 -1.000000e+00 0
7.850000e+00 -9.500000e-01 0
7.800000e+00 -9.500000e-01 0
7.800000e+00 -9.500000e-01 0
7.850000e+00 -9.500000e-01 0
7.850000e+00 -9.000000e-01 0
7.800000e+00 -9.000000e-01 0
7.800000e+00 -9.000000e-01 0
7.850000e+00 -9.000000e-01 0
7.850000e+00 -8.500000e-01 0
7.800000e+00 -8.500000e-01 0
7.800000e+00 -8.500000e-01 0
7.850000e+00 -8.500000e-01 0
7.850000e+00 -8.000000e-01 0
7.800000e+00 -8.000000e-01 0
7.800000e+00 -8.000000e-01 0
7.850000e+00 -8.000000e-01 0
7.850000e+00 -7.500000e-01 0
7.800000e+00 -7.500000e-01 0
7.800000e+00 -7.500000e-01 0
7.850000e+00 -7.500000e-01 0
7.850000e+00 -7.000000e-01 0
7.800000e+00 -7.000000e-01 0
7.800000e+00 -7.000000e-01 0
7.850000e+00 -7.000000e-01 0
7.850000e+00 -6.500000e-01 0
7.800000e+00 -6.500000e-01 0
7.800000e+00 -6.500000e-01 0
7.850000e+00 -6.500000e-01 0
7.850000e+00 -6.000000e-01 0
7.800000e+00 -6.000000e-01 0
7.800000e+00 -6.000000e-01 0
7.850000e+00 -6.000000e-01 0
7.850000e+00 -5.500000e-01 0
7.800000e+00 -5.500000e-01 0
7.800000e+00 -5.500000e-01 0
7.850000e+00 -5.500000e-01 0
7.850000e+00 -5.000000e-01 0
7.800000e+00 -5.000000e-01 0
7.800000e+00 -5.000000e-01 0
7.850000e+00 -5.000000e-01 0
7.850000e+00 -4.500000e-01 0
7.800000e+00 -4.500000e-01 0
7.800000e+00 -4.500000e-01 0
7.850000e+00 -4.500000e-01 0
7.850000e+00 -4.000000e-01 0
7.800000e+00 -4.000000e-01 0
7.800000e+00 -4.000000e-01 0
7.850000e+00 -4.000000e-01 0
7.850000e+00 -3.500000e-01 0
7.800000e+00 -3.500000e-01 0
7.800000e+00 -3.500000e-01 0
7.850000e+00 -3.500000e-01 0
7.850000e+00 -3.000000e-01 0
7.800000e+00 -3.000000e-01 0
7.800000e+00 -3.000000e-01 0
7.850000e+00 -3.000000e-01 0
7.850000e+00 -2.500000e-01 0
7.800000e+00 -2.500000e-01 0
7.800000e+00 -2.500000e-01 0
7.850000e+00 -2.500000e-01 0
7.850000e+00 -2.000000e-01 0
7.800000e+00 -2.000000e-01 0
7.800000e+00 -2.000000e-01 0
7.850000e+00 -2.000000e-01 0
7.850000e+00 -1.500000e-01 0
7.800000e+00 -1.500000e-01 0
7.800000e+00 -1.500000e-01 0
7.850000e+00 -1.500000e-01 0
7.850000e+00 -1.000000e-01 0
7.800000e+00 -1.000000e-01 0
7.800000e+00 -1.000000e-01 0
7.850000e+00 -1.000000e-01 0
7.850000e+00 -5.000000e-02 0
7.800000e+00 -5.000000e-02 0
7.800000e+00 -5.000000e-02 0
7.850000e+00 -5.000000e-02 0
7.850000e+00 5.551115e-17 0
7.800000e+00 5.551115e-17 0
7.800000e+00 5.551115e-17 0
7.850000e+00 5.551115e-17 0
7.850000e+00 5.000000e-02 0
7.800000e+00 5.000000e-02 0
7.800000e+00 5.000000e-02 0
7.850000e+00 5.000000e-02 0
7.850000e+00 1.000000e-01 0
7.800000e+00 1.000000e-01 0
7.800000e+00 1.000000e-01 0
7.850000e+00 1.000000e-01 0
7.850000e+00 1.500000e-01 0
7.800000e+00 1.500000e-01 0
7.800000e+00 1.500000e-01 0
7.850000e+00 1.500000e-01 0
7.850000e+00 2.000000e-01 0
7.800000e+00 2.000000e-01 0
7.800000e+00 2.000000e-01 0
7.850000e+00 2.000000e-01 0
7.850000e+00 2.500000e-01 0
7.800000e+00 2.500000e-01 0
7.800000e+00 2.500000e-01 0
7.850000e+00 2.500000e-01 0
7.850000e+00 3.000000e-01 0
7.800000e+00 3.000000e-01 0
7.800000e+00 3.000000e-01 0
7.850000e+00 3.000000e-01 0
7.850000e+00 3.500000e-01 0
7.800000e+00 3.500000e-01 0
7.800000e+00 3.500000e-01 0
7.850000e+00 3.500000e-01 0
7.850000e+00 4.000000e-01 0
7.800000e+00 4.000000e-01 0
7.800000e+00 4.000000e-01 0
7.850000e+00 4.000000e-01 0
7.850000e+00 4.500000e-01 0
7.800000e+00 4.500000e-01 0
7.800000e+00 4.500000e-01 0
7.850000e+00 4.500000e-01 0
7.850000e+00 5.000000e-01 0
7.800000e+00 5.000000e-01 0
7.800000e+00 5.000000e-01 0
7.850000e+00 5.000000e-01 0
7.850000e+00 5.500000e-01 0
7.800000e+00 5.500000e-01 0
7.800000e+00 5.500000e-01 0
7.850000e+00 5.500000e-01 0
7.850000e+00 6.000000e-01 0
7.800000e+00 6.000000e-01 0
7.800000e+00 6.000000e-01 0
7.850000e+00 6.000000e-01 0
7.850000e+00 6.500000e-01 0
7.800000e+00 6.500000e-01 0
7.800000e+00 6.500000e-01 0
7.850000e+00 6.500000e-01 0
7.850000e+00 7.000000e-01 0
7.800000e+00 7.000000e-01 0
7.800000e+00 7.000000e-01 0
7.850000e+00 7.000000e-01 0
7.850000e+00 7.500000e-01 0
7.800000e+00 7.500000e-01 0
7.800000e+00 7.500000e-01 0
7.850000e+00 7.500000e-01 0
7.850000e+00 8.000000e-01 0
7.800000e+00 8.000000e-01 0
7.800000e+00 8.000000e-01 0
7.850000e+00 8.000000e-01 0
7.850000e+00 8.500000e-01 0
7.800000e+00 8.500000e-01 0
7.800000e+00 8.500000e-01 0
7.850000e+00 8.500000e-01 0
7.850000e+00 9.000000e-01 0
7.800000e+00 9.000000e-01 0
7.800000e+00 9.000000e-01 0
7.850000e+00 9.000000e-01 0
7.850000e+00 9.500000e-01 0
7.800000e+00 9.500000e-01 0
7.800000e+00 9.500000e-01 0
7.850000e+00 9.500000e-01 0
7.850000e+00 1.000000e+00 0
7.800000e+00 1.000000e+00 0
7.850000e+00 -1.000000e+00 0
7.900000e+00 -1.000000e+00 0
7.900000e+00 -9.500000e-01 0
7.850000e+00 -9.500000e-01 0
7.850000e+00 -9.500000e-01 0
7.900000e+00 -9.500000e-01 0
7.900000e+00 -9.000000e-01 0
7.850000e+00 -9.000000e-01 0
7.850000e+00 -9.000000e-01 0
7.900000e+00 -9.000000e-01 0
7.900000e+00 -8.500000e-01 0
7.850000e+00 -8.500000e-01 0
7.850000e+00 -8.500000e-01 0
7.900000e+00 -8.500000e-01 0
7.900000e+00 -8.000000e-01 0
7.850000e+00 -8.000000e-01 0
7.850000e+00 -8.000000e-01 0
7.900000e+00 -8.000000e-01 0
7.900000e+00 -7.500000e-01 0
7.850000e+00 -7.500000e-01 0
7.850000e+00 -7.500000e-01 0
7.900000e+00 -7.500000e-01 0
7.900000e+00 -7.000000e-01 0
7.850000e+00 -7.000000e-01 0
7.850000e+00 -7.000000e-01 0
7.900000e+00 -7.000000e-01 0
7.900000e+00 -6.500000e-01 0
7.850000e+00 -6.500000e-01 0
7.850000e+00 -6.500000e-01 0
7.900000e+00 -6.500000e-01 0
7.900000e+00 -6.000000e-01 0
7.850000e+00 -6.000000e-01 0
7.850000e+00 -6.000000e-01 0
7.900000e+00 -6.000000e-01 0
7.900000e+00 -5.500000e-01 0
7.850000e+00 -5.500000e-01 0
7.850000e+00 -5.500000e-01 0
7.900000e+00 -5.500000e-01 0
7.900000e+00 -5.000000e-01 0
7.850000e+00 -5.000000e-01 0
7.850000e+00 -5.000000e-01 0
7.900000e+00 -5.000000e-01 0
7.900000e+00 -4.500000e-01 0
7.850000e+00 -4.500000e-01 0
7.850000e+00 -4.500000e-01 0
7.900000e+00 -4.500000e-01 0
7.900000e+00 -4.000000e-01 0
7.850000e+00 -4.000000e-01 0
7.850000e+00 -4.000000e-01 0
7.900000e+00 -4.000000e-01 0
7.900000e+00 -3.500000e-01 0
7.850000e+00 -3.500000e-01 0
7.850000e+00 -3.500000e-01 0
7.900000e+00 -3.500000e-01 0
7.900000e+00 -3.000000e-01 0
7.850000e+00 -3.000000e-01 0
7.850000e+00 -3.000000e-01 0
7.900000e+00 -3.000000e-01 0
7.900000e+00 -2.500000e-01 0
7.850000e+00 -2.500000e-01 0
7.850000e+00 -2.500000e-01 0
7.900000e+00 -2.500000e-01 0
7.900000e+00 -2.000000e-01 0
7.850000e+00 -2.000000e-01 0
7.850000e+00 -2.000000e-01 0
7.900000e+00 -2.000000e-01 0
7.900000e+00 -1.500000e-01 0
7.850000e+00 -1.500000e-01 0
7.850000e+00 -1.500000e-01 0
7.900000e+00 -1.500000e-01 0
7.900000e+00 -1.000000e-01 0
7.850000e+00 -1.000000e-01 0
7.850000e+00 -1.000000e-01 0
7.900000e+00 -1.000000e-01 0
7.900000e+00 -5.000000e-02 0
7.850000e+00 -5.000000e-02 0
7.850000e+00 -5.000000e-02 0
7.900000e+00 -5.000000e-02 0
7.900000e+00 5.551115e-17 0
7.850000e+00 5.551115e-17 0
7.850000e+00 5.551115e-17 0
7.900000e+00 5.551115e-17 0
7.900000e+00 5.000000e-02 0
7.850000e+00 5.000000e-02 0
7.850000e+00 5.000000e-02 0
7.900000e+00 5.000000e-02 0
7.900000e+00 1.000000e-01 0
7.850000e+00 1.000000e-01 0
7.850000e+00 1.000000e-01 0
7.900000e+00 1.000000e-01 0
7.900000e+00 1.500000e-01 0
7.850000e+00 1.500000e-01 0
7.850000e+00 1.500000e-01 0
7.900000e+00 1.500000e-01 0
7.900000e+00 2.000000e-01 0
7.850000e+00 2.000000e-01 0
7.850000e+00 2.000000e-01 0
7.900000e+00 2.000000e-01 0
7.900000e+00 2.500000e-01 0
7.850000e+00 2.500000e-01 0
7.850000e+00 2.500000e-01 0
7.900000e+00 2.500000e-01 0
7.900000e+00 3.000000e-01 0
7.850000e+00 3.000000e-01 0
7.850000e+00 3.000000e-01 0
7.900000e+00 3.000000e-01 0
7.900000e+00 3.500000e-01 0
7.850000e+00 3.500000e-01 0
7.850000e+00 3.500000e-01 0
7.900000e+00 3.500000e-01 0
7.900000e+00 4.000000e-01 0
7.850000e+00 4.000000e-01 0
7.850000e+00 4.000000e-01 0
7.900000e+00 4.000000e-01 0
7.900000e+00 4.500000e-01 0
7.850000e+00 4.500000e-01 0
7.850000e+00 4.500000e-01 0
7.900000e+00 4.500000e-01 0
7.900000e+00 5.000000e-01 0
7.850000e+00 5.000000e-01 0
7.850000e+00 5.000000e-01 0
7.900000e+00 5.000000e-01 0
7.900000e+00 5.500000e-01 0
7.850000e+00 5.500000e-01 0
7.850000e+00 5.500000e-01 0
7.900000e+00 5.500000e-01 0
7.900000e+00 6.000000e-01 0
7.850000e+00 6.000000e-01 0
7.850000e+00 6.000000e-01 0
7.900000e+00 6.000000e-01 0
7.900000e+00 6.500000e-01 0
7.850000e+00 6.500000e-01 0
7.850000e+00 6.500000e-01 0
7.900000e+00 6.500000e-01 0
7.900000e+00 7.000000e-01 0
7.850000e+00 7.000000e-01 0
7.850000e+00 7.000000e-01 0
7.900000e+00 7.000000e-01 0
7.900000e+00 7.500000e-01 0
7.850000e+00 7.500000e-01 0
7.850000e+00 7.500000e-01 0
7.900000e+00 7.500000e-01 0
7.900000e+00 8.000000e-01 0
7.850000e+00 8.000000e-01 0
7.850000e+00 8.000000e-01 0
7.900000e+00 8.000000e-01 0
7.900000e+00 8.500000e-01 0
7.850000e+00 8.500000e-01 0
7.850000e+00 8.500000e-01 0
7.900000e+00 8.500000e-01 0
7.900000e+00 9.000000e-01 0
7.850000e+00 9.000000e-01 0
7.850000e+00 9.000000e-01 0
7.900000e+00 9.000000e-01 0
7.900000e+00 9.500000e-01 0
7.850000e+00 9.500000e-01 0
7.850000e+00 9.500000e-01 0
7.900000e+00 9.500000e-01 0
7.900000e+00 1.000000e+00 0
7.850000e+00 1.000000e+00 0
7.900000e+00 -1.000000e+00 0
7.950000e+00 -1.000000e+00 0
7.950000e+00 -9.500000e-01 0
7.900000e+00 -9.500000e-01 0
7.900000e+00 -9.500000e-01 0
7.950000e+00 -9.500000e-01 0
7.950000e+00 -9.000000e-01 0
7.900000e+00 -9.000000e-01 0
7.900000e+00 -9.000000e-01 0
7.950000e+00 -9.000000e-01 0
7.950000e+00 -8.500000e-01 0
7.900000e+00 -8.500000e-01 0
7.900000e+00 -8.500000e-01 0
7.950000e+00 -8.500000e-01 0
7.950000e+00 -8.000000e-01 0
7.900000e+00 -8.000000e-01 0
7.900000e+00 -8.000000e-01 0
7.950000e+00 -8.000000e-01 0
7.950000e+00 -7.500000e-01 0
7.900000e+00 -7.500000e-01 0
7.900000e+00 -7.500000e-01 0
7.950000e+00 -7.500000e-01 0
7.950000e+00 -7.000000e-01 0
7.900000e+00 -7.000000e-01 0
7.900000e+00 -7.000000e-01 0
7.950000e+00 -7.000000e-01 0
7.950000e+00 -6.500000e-01 0
7.900000e+00 -6.500000e-01 0
7.900000e+00 -6.500000e-01 0
7.950000e+00 -6.500000e-01 0
7.950000e+00 -6.000000e-01 0
7.900000e+00 -6.000000e-01 0
7.900000e+00 -6.000000e-01 0
7.950000e+00 -6.000000e-01 0
7.950000e+00 -5.500000e-01 0
7.900000e+00 -5.500000e-01 0
7.900000e+00 -5.500000e-01 0
7.950000e+00 -5.500000e-01 0
7.950000e+00 -5.000000e-01 0
7.900000e+00 -5.000000e-01 0
7.900000e+00 -5.000000e-01 0
7.950000e+00 -5.000000e-01 0
7.950000e+00 -4.500000e-01 0
7.900000e+00 -4.500000e-01 0
7.900000e+00 -4.500000e-01 0
7.950000e+00 -4.500000e-01 0
7.950000e+00 -4.000000e-01 0
7.900000e+00 -4.000000e-01 0
7.900000e+00 -4.000000e-01 0
7.950000e+00 -4.000000e-01 0
7.950000e+00 -3.500000e-01 0
7.900000e+00 -3.500000e-01 0
7.900000e+00 -3.500000e-01 0
7.950000e+00 -3.500000e-01 0
7.950000e+00 -3.000000e-01 0
7.900000e+00 -3.000000e-01 0
7.900000e+00 -3.000000e-01 0
7.950000e+00 -3.000000e-01 0
7.950000e+00 -2.500000e-01 0
7.900000e+00 -2.500000e-01 0
7.900000e+00 -2.500000e-01 0
7.950000e+00 -2.500000e-01 0
7.950000e+00 -2.000000e-01 0
7.900000e+00 -2.000000e-01 0
7.900000e+00 -2.000000e-01 0
7.950000e+00 -2.000000e-01 0
7.950000e+00 -1.500000e-01 0
7.900000e+00 -1.500000e-01 0
7.900000e+00 -1.500000e-01 0
7.950000e+00 -1.500000e-01 0
7.950000e+00 -1.000000e-01 0
7.900000e+00 -1.000000e-01 0
7.900000e+00 -1.000000e-01 0
7.950000e+00 -1.000000e-01 0
7.950000e+00 -5.000000e-02 0
7.900000e+00 -5.000000e-02 0
7.900000e+00 -5.000000e-02 0
7.950000e+00 -5.000000e-02 0
7.950000e+00 5.551115e-17 0
7.900000e+00 5.551115e-17 0
7.900000e+00 5.551115e-17 0
7.950000e+00 5.551115e-17 0
7.950000e+00 5.000000e-02 0
7.900000e+00 5.000000e-02 0
7.900000e+00 5.000000e-02 0
7.950000e+00 5.000000e-02 0
7.950000e+00 1.000000e-01 0
7.900000e+00 1.000000e-01 0
7.900000e+00 1.000000e-01 0
7.950000e+00 1.000000e-01 0
7.950000e+00 1.500000e-01 0
7.900000e+00 1.500000e-01 0
7.900000e+00 1.500000e-01 0
7.950000e+00 1.500000e-01 0
7.950000e+00 2.000000e-01 0
7.900000e+00 2.000000e-01 0
7.900000e+00 2.000000e-01 0
7.950000e+00 2.000000e-01 0
7.950000e+00 2.500000e-01 0
7.900000e+00 2.500000e-01 0
7.900000e+00 2.500000e-01 0
7.950000e+00 2.500000e-01 0
7.950000e+00 3.000000e-01 0
7.900000e+00 3.000000e-01 0
7.900000e+00 3.000000e-01 0
7.950000e+00 3.000000e-01 0
7.950000e+00 3.500000e-01 0
7.900000e+00 3.500000e-01 0
7.900000e+00 3.500000e-01 0
7.950000e+00 3.500000e-01 0
7.950000e+00 4.000000e-01 0
7.900000e+00 4.000000e-01 0
7.900000e+00 4.000000e-01 0
7.950000e+00 4.000000e-01 0
7.950000e+00 4.500000e-01 0
7.900000e+00 4.500000e-01 0
7.900000e+00 4.500000e-01 0
7.950000e+00 4.500000e-01 0
7.950000e+00 5.000000e-01 0
7.900000e+00 5.000000e-01 0
7.900000e+00 5.000000e-01 0
7.950000e+00 5.000000e-01 0
7.950000e+00 5.500000e-01 0
7.900000e+00 5.500000e-01 0
7.900000e+00 5.500000e-01 0
7.950000e+00 5.500000e-01 0
7.950000e+00 6.000000e-01 0
7.900000e+00 6.000000e-01 0
7.900000e+00 6.000000e-01 0
7.950000e+00 6.000000e-01 0
7.950000e+00 6.500000e-01 0
7.900000e+00 6.500000e-01 0
7.900000e+00 6.500000e-01 0
7.950000e+00 6.500000e-01 0
7.950000e+00 7.000000e-01 0
7.900000e+00 7.000000e-01 0
7.900000e+00 7.000000e-01 0
7.950000e+00 7.000000e-01 0
7.950000e+00 7.500000e-01 0
7.900000e+00 7.500000e-01 0
7.900000e+00 7.500000e-01 0
7.950000e+00 7.500000e-01 0
7.950000e+00 8.000000e-01 0
7.900000e+00 8.000000e-01 0
7.900000e+00 8.000000e-01 0
7.950000e+00 8.000000e-01 0
7.950000e+00 8.500000e-01 0
7.900000e+00 8.500000e-01 0
7.900000e+00 8.500000e-01 0
7.950000e+00 8.500000e-01 0
7.950000e+00 9.000000e-01 0
7.900000e+00 9.000000e-01 0
7.900000e+00 9.000000e-01 0
7.950000e+00 9.000000e-01 0
7.950000e+00 9.500000e-01 0
7.900000e+00 9.500000e-01 0
7.900000e+00 9.500000e-01 0
7.950000e+00 9.500000e-01 0
7.950000e+00 1.000000e+00 0
7.900000e+00 1.000000e+00 0
7.950000e+00 -1.000000e+00 0
8.000000e+00 -1.000000e+00 0
8.000000e+00 -9.500000e-01 0
7.950000e+00 -9.500000e-01 0
7.950000e+00 -9.500000e-01 0
8.000000e+00 -9.500000e-01 0
8.000000e+00 -9.000000e-01 0
7.950000e+00 -9.000000e-01 0
7.950000e+00 -9.000000e-01 0
8.000000e+00 -9.000000e-01 0
8.000000e+00 -8.500000e-01 0
7.950000e+00 -8.500000e-01 0
7.950000e+00 -8.500000e-01 0
8.000000e+00 -8.500000e-01 0
8.000000e+00 -8.000000e-01 0
7.950000e+00 -8.000000e-01 0
7.950000e+00 -8.000000e-01 0
8.000000e+00 -8.000000e-01 0
8.000000e+00 -7.500000e-01 0
7.950000e+00 -7.500000e-01 0
7.950000e+00 -7.500000e-01 0
8.000000e+00 -7.500000e-01 0
8.000000e+00 -7.000000e-01 0
7.950000e+00 -7.000000e-01 0
7.950000e+00 -7.000000e-01 0
8.000000e+00 -7.000000e-01 0
8.000000e+00 -6.500000e-01 0
7.950000e+00 -6.500000e-01 0
7.950000e+00 -6.500000e-01 0
8.000000e+00 -6.500000e-01 0
8.000000e+00 -6.000000e-01 0
7.950000e+00 -6.000000e-01 0
7.950000e+00 -6.000000e-01 0
8.000000e+00 -6.000000e-01 0
8.000000e+00 -5.500000e-01 0
7.950000e+00 -5.500000e-01 0
7.950000e+00 -5.500000e-01 0
8.000000e+00 -5.500000e-01 0
8.000000e+00 -5.000000e-01 0
7.950000e+00 -5.000000e-01 0
7.950000e+00 -5.000000e-01 0
8.000000e+00 -5.000000e-01 0
8.000000e+00 -4.500000e-01 0
7.950000e+00 -4.500000e-01 0
7.950000e+00 -4.500000e-01 0
8.000000e+00 -4.500000e-01 0
8.000000e+00 -4.000000e-01 0
7.950000e+00 -4.000000e-01 0
7.950000e+00 -4.000000e-01 0
8.000000e+00 -4.000000e-01 0
8.000000e+00 -3.500000e-01 0
7.950000e+00 -3.500000e-01 0
7.950000e+00 -3.500000e-01 0
8.000000e+00 -3.500000e-01 0
8.000000e+00 -3.000000e-01 0
7.950000e+00 -3.000000e-01 0
7.950000e+00 -3.000000e-01 0
8.000000e+00 -3.000000e-01 0
8.000000e+00 -2.500000e-01 0
7.950000e+00 -2.500000e-01 0
7.950000e+00 -2.500000e-01 0
8.000000e+00 -2.500000e-01 0
8.000000e+00 -2.000000e-01 0
7.950000e+00 -2.000000e-01 0
7.950000e+00 -2.000000e-01 0
8.000000e+00 -2.000000e-01 0
8.000000e+00 -1.500000e-01 0
7.950000e+00 -1.500000e-01 0
7.950000e+00 -1.500000e-01 0
8.000000e+00 -1.500000e-01 0
8.000000e+00 -1.000000e-01 0
7.950000e+00 -1.000000e-01 0
7.950000e+00 -1.000000e-01 0
8.000000e+00 -1.000000e-01 0
8.000000e+00 -5.000000e-02 0
7.950000e+00 -5.000000e-02 0
7.950000e+00 -5.000000e-02 0
8.000000e+00 -5.000000e-02 0
8.000000e+00 5.551115e-17 0
7.950000e+00 5.551115e-17 0
7.950000e+00 5.551115e-17 0
8.000000e+00 5.551115e-17 0
8.000000e+00 5.000000e-02 0
7.950000e+00 5.000000e-02 0
7.950000e+00 5.000000e-02 0
8.000000e+00 5.000000e-02 0
8.000000e+00 1.000000e-01 0
7.950000e+00 1.000000e-01 0
7.950000e+00 1.000000e-01 0
8.000000e+00 1.000000e-01 0
8.000000e+00 1.500000e-01 0
7.950000e+00 1.500000e-01 0
7.950000e+00 1.500000e-01 0
8.000000e+00 1.500000e-01 0
8.000000e+00 2.000000e-01 0
7.950000e+00 2.000000e-01 0
7.950000e+00 2.000000e-01 0
8.000000e+00 2.000000e-01 0
8.000000e+00 2.500000e-01 0
7.950000e+00 2.500000e-01 0
7.950000e+00 2.500000e-01 0
8.000000e+00 2.500000e-01 0
8.000000e+00 3.000000e-01 0
7.950000e+00 3.000000e-01 0
7.950000e+00 3.000000e-01 0
8.000000e+00 3.000000e-01 0
8.000000e+00 3.500000e-01 0
7.950000e+00 3.500000e-01 0
7.950000e+00 3.500000e-01 0
8.000000e+00 3.500000e-01 0
8.000000e+00 4.000000e-01 0
7.950000e+00 4.000000e-01 0
7.950000e+00 4.000000e-01 0
8.000000e+00 4.000000e-01 0
8.000000e+00 4.500000e-01 0
7.950000e+00 4.500000e-01 0
7.950000e+00 4.500000e-01 0
8.000000e+00 4.500000e-01 0
8.000000e+00 5.000000e-01 0
7.950000e+00 5.000000e-01 0
7.950000e+00 5.000000e-01 0
8.000000e+00 5.000000e-01 0
8.000000e+00 5.500000e-01 0
7.950000e+00 5.500000e-01 0
7.950000e+00 5.500000e-01 0
8.000000e+00 5.500000e-01 0
8.000000e+00 6.000000e-01 0
7.950000e+00 6.000000e-01 0
7.950000e+00 6.000000e-01 0
8.000000e+00 6.000000e-01 0
8.000000e+00 6.500000e-01 0
7.950000e+00 6.500000e-01 0
7.950000e+00 6.500000e-01 0
8.000000e+00 6.500000e-01 0
8.000000e+00 7.000000e-01 0
7.950000e+00 7.000000e-01 0
7.950000e+00 7.000000e-01 0
8.000000e+00 7.000000e-01 0
8.000000e+00 7.500000e-01 0
7.950000e+00 7.500000e-01 0
7.950000e+00 7.500000e-01 0
8.000000e+00 7.500000e-01 0
8.000000e+00 8.000000e-01 0
7.950000e+00 8.000000e-01 0
7.950000e+00 8.000000e-01 0
8.000000e+00 8.000000e-01 0
8.000000e+00 8.500000e-01 0
7.950000e+00 8.500000e-01 0
7.950000e+00 8.500000e-01 0
8.000000e+00 8.500000e-01 0
8.000000e+00 9.000000e-01 0
7.950000e+00 9.000000e-01 0
7.950000e+00 9.000000e-01 0
8.000000e+00 9.000000e-01 0
8.000000e+00 9.500000e-01 0
7.950000e+00 9.500000e-01 0
7.950000e+00 9.500000e-01 0
8.000000e+00 9.500000e-01 0
8.000000e+00 1.000000e+00 0
7.950000e+00 1.000000e+00 0

CELLS 3200 16000
4 0 1 2 3
4 4 5 6 7
4 8 9 10 11
4 12 13 14 15
4 16 17 18 19
4 20 21 22 23
4 24 25 26 27
4 28 29 30 31
4 32 33 34 35
4 36 37 38 39
4 40 41 42 43
4 44 45 46 47
4 48 49 50 51
4 52 53 54 55
4 56 57 58 59
4 60 61 62 63
4 64 65 66 67
4 68 69 70 71
4 72 73 74 75
4 76 77 78 79
4 80 81 82 83
4 84 85 86 87
4 88 89 90 91
4 92 93 94 95
4 96 97 98 99
4 100 101 102 103
4 104 105 106 107
4 108 109 110 111
4 112 113 114 115
4 116 117 118 119
4 120 121 122 123
4 124 125 126 127
4 128 129 130 131
4 132 133 134 135
4 136 137 138 139
4 140 141 142 143
4 144 145 146 147
4 148 149 150 151
4 152 153 154 155
4 156 157 158 159
4 160 161 162 163
4 164 165 166 167
4 168 169 170 171
4 172 173 174 175
4 176 177 178 179
4 180 181 182 183
4 184 185 186 187
4 188 189 190 191
4 192 193 194 195
4 196 197 198 199
4 200 201 202 203
4 204 205 206 207
4 208 209 210 211
4 212 213 214 215
4 216 217 218 219
4 220 221 222 223
4 224 225 226 227
4 228 229 230 231
4 232 233 234 235
4 236 237 238 239
4 240 241 242 243
4 244 245 246 247
4 248 249 250 251
4 252 253 254 255
4 256 257 258 259
4 260 261 262 263
4 264 265 266 267
4 268 269 270 271
4 272 273 274 275
4 276 277 278 279
4 280 281 282 283
4 284 285 286 287
4 288 289 290 291
4 292 293 294 295
4 296 297 298 299
4 300 301 302 303
4 304 305 306 307
4 308 309 310 311
4 312 313 314 315
4 316 317 318 319
4 320 321 322 323
4 324 325 326 327
4 328 329 330 331
4 332 333 334 335
4 336 337 338 339
4 340 341 342 343
4 344 345 346 347
4 348 349 350 351
4 352 353 354 355
4 356 357 358 359
4 360 361 362 363
4 364 365 366 367
4 368 369 370 371
4 372 373 374 375
4 376 377 378 379
4 380 381 382 383
4 384 385 386 387
4 388 389 390 391
4 392 393 394 395
4 396 397 398 399
4 400 401 402 403
4 404 405 406 407
4 408 409 410 411
4 412 413 414 415
4 416 417 418 419
4 420 421 422 423
4 424 425 426 427
4 428 429 430 431
4 432 433 434 435
4 436 437 438 439
4 440 441 442 443
4 444 445 446 447
4 448 449 450 451
4 452 453 454 455
4 456 457 458 459
4 460 461 462 463
4 464 465 466 467
4 468 469 470 471
4 472 473 474 475
4 476 477 478 479
4 480 481 482 483
4 484 485 486 487
4 488 489 490 491
4 492 493 494 495
4 496 497 498 499
4 500 501 502 503
4 504 505 506 507
4 508 509 510 511
4 512 513 514 515
4 516 517 518 519
4 520 521 522 523
4 524 525 526 527
4 528 529 530 531
4 532 533 534 535
4 536 537 538 539
4 540 541 542 543
4 544 545 546 547
4 548 549 550 551
4 552 553 554 555
4 556 557 558 559
4 560 561 562 563
4 564 565 566 567
4 568 569 570 571
4 572 573 574 575
4 576 577 578 579
4 580 581 582 583
4 584 585 586 587
4 588 589 590 591
4 592 593 594 595
4 596 597 598 599
4 600 601 602 603
4 604 605 606 607
4 608 609 610 611
4 612 613 614 615
4 616 617 618 619
4 620 621 622 623
4 624 625 626 627
4 628 629 630 631
4 632 633 634 635
4 636 637 638 639
4 640 641 642 643
4 644 645 646 647
4 648 649 650 651
4 652 653 654 655
4 656 657 658 659
4 660 661 662 663
4 664 665 666 667
4 668 669 670 671
4 672 673 674 675
4 676 677 678 679
4 680 681 682 683
4 684 685 686 687
4 688 689 690 691
4 692 693 694 695
4 696 697 698 699
4 700 701 702 703
4 704 705 706 707
4 708 709 710 711
4 712 713 714 715
4 716 717 718 719
4 720 721 722 723
4 724 725 726 727
4 728 729 730 731
4 732 733 734 735
4 736 737 738 739
4 740 741 742 743
4 744 745 746 747
4 748 749 750 751
4 752 753 754 755
4 756 757 758 759
4 760 761 762 763
4 764 765 766 767
4 768 769 770 771
4 772 773 774 775
4 776 777 778 779
4 780 781 782 783
4 784 785 786 787
4 788 789 790 791
4 792 793 794 795
4 796 797 798 799
4 800 801 802 803
4 804 805 806 807
4 808 809 810 811
4 812 813 814 815
4 816 817 818 819
4 820 821 822 823
4 824 825 826 827
4 828 829 830 831
4 832 833 834 835
4 836 837 838 839
4 840 841 842 843
4 844 845 846 847
4 848 849 850 851
4 852 853 854 855
4 856 857 858 859
4 860 861 862 863
4 864 865 866 867
4 868 869 870 871
4 872 873 874 875
4 876 877 878 879
4 880 881 882 883
4 884 885 886 887
4 888 889 890 891
4 892 893 894 895
4 896 897 898 899
4 900 901 902 903
4 904 905 906 907
4 908 909 910 911
4 912 913 914 915
4 916 917 918 919
4 920 921 922 923
4 924 925 926 927
4 928 929 930 931
4 932 933 934 935
4 936 937 938 939
4 940 941 942 943
4 944 945 946 947
4 948 949 950 951
4 952 953 954 955
4 956 957 958 959
4 960 961 962 963
4 964 965 966 967
4 968 969 970 971
4 972 973 974 975
4 976 977 978 979
4 980 981 982 983
4 984 985 986 987
4 988 989 990 991
4 992 993 994 995
4 996 997 998 999
4 1000 1001 1002 1003
4 1004 1005 1006 1007
4 1008 1009 1010 1011
4 1012 1013 1014 1015
4 1016 1017 1018 1019
4 1020 1021 1022 1023
4 1024 1025 1026 1027
4 1028 1029 1030 1031
4 1032 1033 1034 1035
4 1036 1037 1038 1039
4 1040 1041 1042 1043
4 1044 1045 1046 1047
4 1048 1049 1050 1051
4 1052 1053 1054 1055
4 1056 1057 1058 1059
4 1060 1061 1062 1063
4 1064 1065 1066 1067
4 1068 1069 1070 1071
4 1072 1073 1074 1075
4 1076 1077 1078 1079
4 1080 1081 1082 1083
4 1084 1085 1086 1087
4 1088 1089 1090 1091
4 1092 1093 1094 1095
4 1096 1097 1098 1099
4 1100 1101 1102 1103
4 1104 1105 1106 1107
4 1108 1109 1110 1111
4 1112 1113 1114 1115
4 1116 1117 1118 1119
4 1120 1121 1122 1123
4 1124 1125 1126 1127
4 1128 1129 1130 1131
4 1132 1133 1134 1135
4 1136 1137 1138 1139
4 1140 1141 1142 1143
4 1144 1145 1146 1147
4 1148 1149 1150 1151
4 1152 1153 1154 1155
4 1156 1157 1158 1159
4 1160 1161 1162 1163
4 1164 1165 1166 1167
4 1168 1169 1170 1171
4 1172 1173 1174 1175
4 1176 1177 1178 1179
4 1180 1181 1182 1183
4 1184 1185 1186 1187
4 1188 1189 1190 1191
4 1192 1193 1194 1195
4 1196 1197 1198 1199
4 1200 1201 1202 1203
4 1204 1205 1206 1207
4 1208 1209 1210 1211
4 1212 1213 1214 1215
4 1216 1217 1218 1219
4 1220 1221 1222 1223
4 1224 1225 1226 1227
4 1228 1229 1230 1231
4 1232 1233 1234 1235
4 1236 1237 1238 1239
4 1240 1241 1242 1243
4 1244 1245 1246 1247
4 1248 1249 1250 1251
4 1252 1253 1254 1255
4 1256 1257 1258 1259
4 1260 1261 1262 1263
4 1264 1265 1266 1267
4 1268 1269 1270 1271
4 1272 1273 1274 1275
4 1276 1277 1278 1279
4 1280 1281 1282 1283
4 1284 1285 1286 1287
4 1288 1289 1290 1291
4 1292 1293 1294 1295
4 1296 1297 1298 1299
4 1300 1301 1302 1303
4 1304 1305 1306 1307
4 1308 1309 1310 1311
4 1312 1313 1314 1315
4 1316 1317 1318 1319
4 1320 1321 1322 1323
4 1324 1325 1326 1327
4 1328 1329 1330 1331
4 1332 1333 1334 1335
4 1336 1337 1338 1339
4 1340 1341 1342 1343
4 1344 1345 1346 1347
4 1348 1349 1350 1351
4 1352 1353 1354 1355
4 1356 1357 1358 1359
4 1360 1361 1362 1363
4 1364 1365 1366 1367
4 1368 1369 1370 1371
4 1372 1373 1374 1375
4 1376 1377 1378 1379
4 1380 1381 1382 1383
4 1384 1385 1386 1387
4 1388 1389 1390 1391
4 1392 1393 1394 1395
4 1396 1397 1398 1399
4 1400 1401 1402 1403
4 1404 1405 1406 1407
4 1408 1409 1410 1411
4 1412 1413 1414 1415
4 1416 1417 1418 1419
4 1420 1421 1422 1423
4 1424 1425 1426 1427
4 1428 1429 1430 1431
4 1432 1433 1434 1435
4 1436 1437 1438 1439
4 1440 1441 1442 1443
4 1444 1445 1446 1447
4 1448 1449 1450 1451
4 1452 1453 1454 1455
4 1456 1457 1458 1459
4 1460 1461 1462 1463
4 1464 1465 1466 1467
4 1468 1469 1470 1471
4 1472 1473 1474 1475
4 1476 1477 1478 1479
4 1480 1481 1482 1483
4 1484 1485 1486 1487
4 1488 1489 1490 1491
4 1492 1493 1494 1495
4 1496 1497 1498 1499
4 1500 1501 1502 1503
4 1504 1505 1506 1507
4 1508 1509 1510 1511
4 1512 1513 1514 1515
4 1516 1517 1518 1519
4 1520 1521 1522 1523
4 1524 1525 1526 1527
4 1528 1529 1530 1531
4 1532 1533 1534 1535
4 1536 1537 1538 1539
4 1540 1541 1542 1543
4 1544 1545 1546 1547
4 1548 1549 1550 1551
4 1552 1553 1554 1555
4 1556 1557 1558 1559
4 1560 1561 1562 1563
4 1564 1565 1566 1567
4 1568 1569 1570 1571
4 1572 1573 1574 1575
4 1576 1577 1578 1579
4 1580 1581 1582 1583
4 1584 1585 1586 1587
4 1588 1589 1590 1591
4 1592 1593 1594 1595
4 1596 1597 1598 1599
4 1600 1601 1602 1603
4 1604 1605 1606 1607
4 1608 1609 1610 1611
4 1612 1613 1614 1615
4 1616 1617 1618 1619
4 1620 1621 1622 1623
4 1624 1625 1626 1627
4 1628 1629 1630 1631
4 1632 1633 1634 1635
4 1636 1637 1638 1639
4 1640 1641 1642 1643
4 1644 1645 1646 1647
4 1648 1649 1650 1651
4 1652 1653 1654 1655
4 1656 1657 1658 1659
4 1660 1661 1662 1663
4 1664 1665 1666 1667
4 1668 1669 1670 1671
4 1672 1673 1674 1675
4 1676 1677 1678 1679
4 1680 1681 1682 1683
4 1684 1685 1686 1687
4 1688 1689 1690 1691
4 1692 1693 1694 1695
4 1696 1697 1698 1699
4 1700 1701 1702 1703
4 1704 1705 1706 1707
4 1708 1709 1710 1711
4 1712 1713 1714 1715
4 1716 1717 1718 1719
4 1720 1721 1722 1723
4 1724 1725 1726 1727
4 1728 1729 1730 1731
4 1732 1733 1734 1735
4 1736 1737 1738 1739
4 1740 1741 1742 1743
4 1744 1745 1746 1747
4 1748 1749 1750 1751
4 1752 1753 1754 1755
4 1756 1757 1758 1759
4 1760 1761 1762 1763
4 1764 1765 1766 1767
4 1768 1769 1770 1771
4 1772 1773 1774 1775
4 1776 1777 1778 1779
4 1780 1781 1782 1783
4 1784 1785 1786 1787
4 1788 1789 1790 1791
4 1792 1793 1794 1795
4 1796 1797 1798 1799
4 1800 1801 1802 1803
4 1804 1805 1806 1807
4 1808 1809 1810 1811
4 1812 1813 1814 1815
4 1816 1817 1818 1819
4 1820 1821 1822 1823
4 1824 1825 1826 1827
4 1828 1829 1830 1831
4 1832 1833 1834 1835
4 1836 1837 1838 1839
4 1840 1841 1842 1843
4 1844 1845 1846 1847
4 1848 1849 1850 1851
4 1852 1853 1854 1855
4 1856 1857 1858 1859
4 1860 1861 1862 1863
4 1864 1865 1866 1867
4 1868 1869 1870 1871
4 1872 1873 1874 1875
4 1876 1877 1878 1879
4 1880 1881 1882 1883
4 1884 1885 1886 1887
4 1888 1889 1890 1891
4 1892 1893 1894 1895
4 1896 1897 1898 1899
4 1900 1901 1902 1903
4 1904 1905 1906 1907
4 1908 1909 1910 1911
4 1912 1913 1914 1915
4 1916 1917 1918 1919
4 1920 1921 1922 1923
4 1924 1925 1926 1927
4 1928 1929 1930 1931
4 1932 1933 1934 1935
4 1936 1937 1938 1939
4 1940 1941 1942 1943
4 1944 1945 1946 1947
4 1948 1949 1950 1951
4 1952 1953 1954 1955
4 1956 1957 1958 1959
4 1960 1961 1962 1963
4 1964 1965 1966 1967
4 1968 1969 1970 1971
4 1972 1973 1974 1975
4 1976 1977 1978 1979
4 1980 1981 1982 1983
4 1984 1985 1986 1987
4 1988 1989 1990 1991
4 1992 1993 1994 1995
4 1996 1997 1998 1999
4 2000 2001 2002 2003
4 2004 2005 2006 2007
4 2008 2009 2010 2011
4 2012 2013 2014 2015
4 2016 2017 2018 2019
4 2020 2021 2022 2023
4 2024 2025 2026 2027
4 2028 2029 2030 2031
4 2032 2033 2034 2035
4 2036 2037 2038 2039
4 2040 2041 2042 2043
4 2044 2045 2046 2047
4 2048 2049 2050 2051
4 2052 2053 2054 2055
4 2056 2057 2058 2059
4 2060 2061 2062 2063
4 2064 2065 2066 2067
4 2068 2069 2070 2071
4 2072 2073 2074 2075
4 2076 2077 2078 2079
4 2080 2081 2082 2083
4 2084 2085 2086 2087
4 2088 2089 2090 2091
4 2092 2093 2094 2095
4 2096 2097 2098 2099
4 2100 2101 2102 2103
4 2104 2105 2106 2107
4 2108 2109 2110 2111
4 2112 2113 2114 2115
4 2116 2117 2118 2119
4 2120 2121 2122 2123
4 2124 2125 2126 2127
4 2128 2129 2130 2131
4 2132 2133 2134 2135
4 2136 2137 2138 2139
4 2140 2141 2142 2143
4 2144 2145 2146 2147
4 2148 2149 2150 2151
4 2152 2153 2154 2155
4 2156 2157 2158 2159
4 2160 2161 2162 2163
4 2164 2165 2166 2167
4 2168 2169 2170 2171
4 2172 2173 2174 2175
4 2176 2177 2178 2179
4 2180 2181 2182 2183
4 2184 2185 2186 2187
4 2188 2189 2190 2191
4 2192 2193 2194 2195
4 2196 2197 2198 2199
4 2200 2201 2202 2203
4 2204 2205 2206 2207
4 2208 2209 2210 2211
4 2212 2213 2214 2215
4 2216 2217 2218 2219
4 2220 2221 2222 2223
4 2224 2225 2226 2227
4 2228 2229 2230 2231
4 2232 2233 2234 2235
4 2236 2237 2238 2239
4 2240 2241 2242 2243
4 2244 2245 2246 2247
4 2248 2249 2250 2251
4 2252 2253 2254 2255
4 2256 2257 2258 2259
4 2260 2261 2262 2263
4 2264 2265 2266 2267
4 2268 2269 2270 2271
4 2272 2273 2274 2275
4 2276 2277 2278 2279
4 2280 2281 2282 2283
4 2284 2285 2286 2287
4 2288 2289 2290 2291
4 2292 2293 2294 2295
4 2296 2297 2298 2299
4 2300 2301 2302 2303
4 2304 2305 2306 2307
4 2308 2309 2310 2311
4 2312 2313 2314 2315
4 2316 2317 2318 2319
4 2320 2321 2322 2323
4 2324 2325 2326 2327
4 2328 2329 2330 2331
4 2332 2333 2334 2335
4 2336 2337 2338 2339
4 2340 2341 2342 2343
4 2344 2345 2346 2347
4 2348 2349 2350 2351
4 2352 2353 2354 2355
4 2356 2357 2358 2359
4 2360 2361 2362 2363
4 2364 2365 2366 2367
4 2368 2369 2370 2371
4 2372 2373 2374 2375
4 2376 2377 2378 2379
4 2380 2381 2382 2383
4 2384 2385 2386 2387
4 2388 2389 2390 2391
4 2392 2393 2394 2395
4 2396 2397 2398 2399
4 2400 2401 2402 2403
4 2404 2405 2406 2407
4 2408 2409 2410 2411
4 2412 2413 2414 2415
4 2416 2417 2418 2419
4 2420 2421 2422 2423
4 2424 2425 2426 2427
4 2428 2429 2430 2431
4 2432 2433 2434 2435
4 2436 2437 2438 2439
4 2440 2441 2442 2443
4 2444 2445 2446 2447
4 2448 2449 2450 2451
4 2452 2453 2454 2455
4 2456 2457 2458 2459
4 2460 2461 2462 2463
4 2464 2465 2466 2467
4 2468 2469 2470 2471
4 2472 2473 2474 2475
4 2476 2477 2478 2479
4 2480 2481 2482 2483
4 2484 2485 2486 2487
4 2488 2489 2490 2491
4 2492 2493 2494 2495
4 2496 2497 2498 2499
4 2500 2501 2502 2503
4 2504 2505 2506 2507
4 2508 2509 2510 2511
4 2512 2513 2514 2515
4 2516 2517 2518 2519
4 2520 2521 2522 2523
4 2524 2525 2526 2527
4 2528 2529 2530 2531
4 2532 2533 2534 2535
4 2536 2537 2538 2539
4 2540 2541 2542 2543
4 2544 2545 2546 2547
4 2548 2549 2550 2551
4 2552 2553 2554 2555
4 2556 2557 2558 2559
4 2560 2561 2562 2563
4 2564 2565 2566 2567
4 2568 2569 2570 2571
4 2572 2573 2574 2575
4 2576 2577 2578 2579
4 2580 2581 2582 2583
4 2584 2585 2586 2587
4 2588 2589 2590 2591
4 2592 2593 2594 2595
4 2596 2597 2598 2599
4 2600 2601 2602 2603
4 2604 2605 2606 2607
4 2608 2609 2610 2611
4 2612 2613 2614 2615
4 2616 2617 2618 2619
4 2620 2621 2622 2623
4 2624 2625 2626 2627
4 2628 2629 2630 2631
4 2632 2633 2634 2635
4 2636 2637 2638 2639
4 2640 2641 2642 2643
4 2644 2645 2646 2647
4 2648 2649 2650 2651
4 2652 2653 2654 2655
4 2656 2657 2658 2659
4 2660 2661 2662 2663
4 2664 2665 2666 2667
4 2668 2669 2670 2671
4 2672 2673 2674 2675
4 2676 2677 2678 2679
4 2680 2681 2682 2683
4 2684 2685 2686 2687
4 2688 2689 2690 2691
4 2692 2693 2694 2695
4 2696 2697 2698 2699
4 2700 2701 2702 2703
4 2704 2705 2706 2707
4 2708 2709 2710 2711
4 2712 2713 2714 2715
4 2716 2717 2718 2719
4 2720 2721 2722 2723
4 2724 2725 2726 2727
4 2728 2729 2730 2731
4 2732 2733 2734 2735
4 2736 2737 2738 2739
4 2740 2741 2742 2743
4 2744 2745 2746 2747
4 2748 2749 2750 2751
4 2752 2753 2754 2755
4 2756 2757 2758 2759
4 2760 2761 2762 2763
4 2764 2765 2766 2767
4 2768 2769 2770 2771
4 2772 2773 2774 2775
4 2776 2777 2778 2779
4 2780 2781 2782 2783
4 2784 2785 2786 2787
4 2788 2789 2790 2791
4 2792 2793 2794 2795
4 2796 2797 2798 2799
4 2800 2801 2802 2803
4 2804 2805 2806 2807
4 2808 2809 2810 2811
4 2812 2813 2814 2815
4 2816 2817 2818 2819
4 2820 2821 2822 2823
4 2824 2825 2826 2827
4 2828 2829 2830 2831
4 2832 2833 2834 2835
4 2836 2837 2838 2839
4 2840 2841 2842 2843
4 2844 2845 2846 2847
4 2848 2849 2850 2851
4 2852 2853 2854 2855
4 2856 2857 2858 2859
4 2860 2861 2862 2863
4 2864 2865 2866 2867
4 2868 2869 2870 2871
4 2872 2873 2874 2875
4 2876 2877 2878 2879
4 2880 2881 2882 2883
4 2884 2885 2886 2887
4 2888 2889 2890 2891
4 2892 2893 2894 2895
4 2896 2897 2898 2899
4 2900 2901 2902 2903
4 2904 2905 2906 2907
4 2908 2909 2910 2911
4 2912 2913 2914 2915
4 2916 2917 2918 2919
4 2920 2921 2922 2923
4 2924 2925 2926 2927
4 2928 2929 2930 2931
4 2932 2933 2934 2935
4 2936 2937 2938 2939
4 2940 2941 2942 2943
4 2944 2945 2946 2947
4 2948 2949 2950 2951
4 2952 2953 2954 2955
4 2956 2957 2958 2959
4 2960 2961 2962 2963
4 2964 2965 2966 2967
4 2968 2969 2970 2971
4 2972 2973 2974 2975
4 2976 2977 2978 2979
4 2980 2981 2982 2983
4 2984 2985 2986 2987
4 2988 2989 2990 2991
4 2992 2993 2994 2995
4 2996 2997 2998 2999
4 3000 3001 3002 3003
4 3004 3005 3006 3007
4 3008 3009 3010 3011
4 3012 3013 3014 3015
4 3016 3017 3018 3019
4 3020 3021 3022 3023
4 3024 3025 3026 3027
4 3028 3029 3030 3031
4 3032 3033 3034 3035
4 3036 3037 3038 3039
4 3040 3041 3042 3043
4 3044 3045 3046 3047
4 3048 3049 3050 3051
4 3052 3053 3054 3055
4 3056 3057 3058 3059
4 3060 3061 3062 3063
4 3064 3065 3066 3067
4 3068 3069 3070 3071
4 3072 3073 3074 3075
4 3076 3077 3078 3079
4 3080 3081 3082 3083
4 3084 3085 3086 3087
4 3088 3089 3090 3091
4 3092 3093 3094 3095
4 3096 3097 3098 3099
4 3100 3101 3102 3103
4 3104 3105 3106 3107
4 3108 3109 3110 3111
4 3112 3113 3114 3115
4 3116 3117 3118 3119
4 3120 3121 3122 3123
4 3124 3125 3126 3127
4 3128 3129 3130 3131
4 3132 3133 3134 3135
4 3136 3137 3138 3139
4 3140 3141 3142 3143
4 3144 3145 3146 3147
4 3148 3149 3150 3151
4 3152 3153 3154 3155
4 3156 3157 3158 3159
4 3160 3161 3162 3163
4 3164 3165 3166 3167
4 3168 3169 3170 3171
4 3172 3173 3174 3175
4 3176 3177 3178 3179
4 3180 3181 3182 3183
4 3184 3185 3186 3187
4 3188 3189 3190 3191
4 3192 3193 3194 3195
4 3196 3197 3198 3199
4 3200 3201 3202 3203
4 3204 3205 3206 3207
4 3208 3209 3210 3211
4 3212 3213 3214 3215
4 3216 3217 3218 3219
4 3220 3221 3222 3223
4 3224 3225 3226 3227
4 3228 3229 3230 3231
4 3232 3233 3234 3235
4 3236 3237 3238 3239
4 3240 3241 3242 3243
4 3244 3245 3246 3247
4 3248 3249 3250 3251
4 3252 3253 3254 3255
4 3256 3257 3258 3259
4 3260 3261 3262 3263
4 3264 3265 3266 3267
4 3268 3269 3270 3271
4 3272 3273 3274 3275
4 3276 3277 3278 3279
4 3280 3281 3282 3283
4 3284 3285 3286 3287
4 3288 3289 3290 3291
4 3292 3293 3294 3295
4 3296 3297 3298 3299
4 3300 3301 3302 3303
4 3304 3305 3306 3307
4 3308 3309 3310 3311
4 3312 3313 3314 3315
4 3316 3317 3318 3319
4 3320 3321 3322 3323
4 3324 3325 3326 3327
4 3328 3329 3330 3331
4 3332 3333 3334 3335
4 3336 3337 3338 3339
4 3340 3341 3342 3343
4 3344 3345 3346 3347
4 3348 3349 3350 3351
4 3352 3353 3354 3355
4 3356 3357 3358 3359
4 3360 3361 3362 3363
4 3364 3365 3366 3367
4 3368 3369 3370 3371
4 3372 3373 3374 3375
4 3376 3377 3378 3379
4 3380 3381 3382 3383
4 3384 3385 3386 3387
4 3388 3389 3390 3391
4 3392 3393 3394 3395
4 3396 3397 3398 3399
4 3400 3401 3402 3403
4 3404 3405 3406 3407
4 3408 3409 3410 3411
4 3412 3413 3414 3415
4 3416 3417 3418 3419
4 3420 3421 3422 3423
4 3424 3425 3426 3427
4 3428 3429 3430 3431
4 3432 3433 3434 3435
4 3436 3437 3438 3439
4 3440 3441 3442 3443
4 3444 3445 3446 3447
4 3448 3449 3450 3451
4 3452 3453 3454 3455
4 3456 3457 3458 3459
4 3460 3461 3462 3463
4 3464 3465 3466 3467
4 3468 3469 3470 3471
4 3472 3473 3474 3475
4 3476 3477 3478 3479
4 3480 3481 3482 3483
4 3484 3485 3486 3487
4 3488 3489 3490 3491
4 3492 3493 3494 3495
4 3496 3497 3498 3499
4 3500 3501 3502 3503
4 3504 3505 3506 3507
4 3508 3509 3510 3511
4 3512 3513 3514 3515
4 3516 3517 3518 3519
4 3520 3521 3522 3523
4 3524 3525 3526 3527
4 3528 3529 3530 3531
4 3532 3533 3534 3535
4 3536 3537 3538 3539
4 3540 3541 3542 3543
4 3544 3545 3546 3547
4 3548 3549 3550 3551
4 3552 3553 3554 3555
4 3556 3557 3558 3559
4 3560 3561 3562 3563
4 3564 3565 3566 3567
4 3568 3569 3570 3571
4 3572 3573 3574 3575
4 3576 3577 3578 3579
4 3580 3581 3582 3583
4 3584 3585 3586 3587
4 3588 3589 3590 3591
4 3592 3593 3594 3595
4 3596 3597 3598 3599
4 3600 3601 3602 3603
4 3604 3605 3606 3607
4 3608 3609 3610 3611
4 3612 3613 3614 3615
4 3616 3617 3618 3619
4 3620 3621 3622 3623
4 3624 3625 3626 3627
4 3628 3629 3630 3631
4 3632 3633 3634 3635
4 3636 3637 3638 3639
4 3640 3641 3642 3643
4 3644 3645 3646 3647
4 3648 3649 3650 3651
4 3652 3653 3654 3655
4 3656 3657 3658 3659
4 3660 3661 3662 3663
4 3664 3665 3666 3667
4 3668 3669 3670 3671
4 3672 3673 3674 3675
4 3676 3677 3678 3679
4 3680 3681 3682 3683
4 3684 3685 3686 3687
4 3688 3689 3690 3691
4 3692 3693 3694 3695
4 3696 3697 3698 3699
4 3700 3701 3702 3703
4 3704 3705 3706 3707
4 3708 3709 3710 3711
4 3712 3713 3714 3715
4 3716 3717 3718 3719
4 3720 3721 3722 3723
4 3724 3725 3726 3727
4 3728 3729 3730 3731
4 3732 3733 3734 3735
4 3736 3737 3738 3739
4 3740 3741 3742 3743
4 3744 3745 3746 3747
4 3748 3749 3750 3751
4 3752 3753 3754 3755
4 3756 3757 3758 3759
4 3760 3761 3762 3763
4 3764 3765 3766 3767
4 3768 3769 3770 3771
4 3772 3773 3774 3775
4 3776 3777 3778 3779
4 3780 3781 3782 3783
4 3784 3785 3786 3787
4 3788 3789 3790 3791
4 3792 3793 3794 3795
4 3796 3797 3798 3799
4 3800 3801 3802 3803
4 3804 3805 3806 3807
4 3808 3809 3810 3811
4 3812 3813 3814 3815
4 3816 3817 3818 3819
4 3820 3821 3822 3823
4 3824 3825 3826 3827
4 3828 3829 3830 3831
4 3832 3833 3834 3835
4 3836 3837 3838 3839
4 3840 3841 3842 3843
4 3844 3845 3846 3847
4 3848 3849 3850 3851
4 3852 3853 3854 3855
4 3856 3857 3858 3859
4 3860 3861 3862 3863
4 3864 3865 3866 3867
4 3868 3869 3870 3871
4 3872 3873 3874 3875
4 3876 3877 3878 3879
4 3880 3881 3882 3883
4 3884 3885 3886 3887
4 3888 3889 3890 3891
4 3892 3893 3894 3895
4 3896 3897 3898 3899
4 3900 3901 3902 3903
4 3904 3905 3906 3907
4 3908 3909 3910 3911
4 3912 3913 3914 3915
4 3916 3917 3918 3919
4 3920 3921 3922 3923
4 3924 3925 3926 3927
4 3928 3929 3930 3931
4 3932 3933 3934 3935
4 3936 3937 3938 3939
4 3940 3941 3942 3943
4 3944 3945 3946 3947
4 3948 3949 3950 3951
4 3952 3953 3954 3955
4 3956 3957 3958 3959
4 3960 3961 3962 3963
4 3964 3965 3966 3967
4 3968 3969 3970 3971
4 3972 3973 3974 3975
4 3976 3977 3978 3979
4 3980 3981 3982 3983
4 3984 3985 3986 3987
4 3988 3989 3990 3991
4 3992 3993 3994 3995
4 3996 3997 3998 3999
4 4000 4001 4002 4003
4 4004 4005 4006 4007
4 4008 4009 4010 4011
4 4012 4013 4014 4015
4 4016 4017 4018 4019
4 4020 4021 4022 4023
4 4024 4025 4026 4027
4 4028 4029 4030 4031
4 4032 4033 4034 4035
4 4036 4037 4038 4039
4 4040 4041 4042 4043
4 4044 4045 4046 4047
4 4048 4049 4050 4051
4 4052 4053 4054 4055
4 4056 4057 4058 4059
4 4060 4061 4062 4063
4 4064 4065 4066 4067
4 4068 4069 4070 4071
4 4072 4073 4074 4075
4 4076 4077 4078 4079
4 4080 4081 4082 4083
4 4084 4085 4086 4087
4 4088 4089 4090 4091
4 4092 4093 4094 4095
4 4096 4097 4098 4099
4 4100 4101 4102 4103
4 4104 4105 4106 4107
4 4108 4109 4110 4111
4 4112 4113 4114 4115
4 4116 4117 4118 4119
4 4120 4121 4122 4123
4 4124 4125 4126 4127
4 4128 4129 4130 4131
4 4132 4133 4134 4135
4 4136 4137 4138 4139
4 4140 4141 4142 4143
4 4144 4145 4146 4147
4 4148 4149 4150 4151
4 4152 4153 4154 4155
4 4156 4157 4158 4159
4 4160 4161 4162 4163
4 4164 4165 4166 4167
4 4168 4169 4170 4171
4 4172 4173 4174 4175
4 4176 4177 4178 4179
4 4180 4181 4182 4183
4 4184 4185 4186 4187
4 4188 4189 4190 4191
4 4192 4193 4194 4195
4 4196 4197 4198 4199
4 4200 4201 4202 4203
4 4204 4205 4206 4207
4 4208 4209 4210 4211
4 4212 4213 4214 4215
4 4216 4217 4218 4219
4 4220 4221 4222 4223
4 4224 4225 4226 4227
4 4228 4229 4230 4231
4 4232 4233 4234 4235
4 4236 4237 4238 4239
4 4240 4241 4242 4243
4 4244 4245 4246 4247
4 4248 4249 4250 4251
4 4252 4253 4254 4255
4 4256 4257 4258 4259
4 4260 4261 4262 4263
4 4264 4265 4266 4267
4 4268 4269 4270 4271
4 4272 4273 4274 4275
4 4276 4277 4278 4279
4 4280 4281 4282 4283
4 4284 4285 4286 4287
4 4288 4289 4290 4291
4 4292 4293 4294 4295
4 4296 4297 4298 4299
4 4300 4301 4302 4303
4 4304 4305 4306 4307
4 4308 4309 4310 4311
4 4312 4313 4314 4315
4 4316 4317 4318 4319
4 4320 4321 4322 4323
4 4324 4325 4326 4327
4 4328 4329 4330 4331
4 4332 4333 4334 4335
4 4336 4337 4338 4339
4 4340 4341 4342 4343
4 4344 4345 4346 4347
4 4348 4349 4350 4351
4 4352 4353 4354 4355
4 4356 4357 4358 4359
4 4360 4361 4362 4363
4 4364 4365 4366 4367
4 4368 4369 4370 4371
4 4372 4373 4374 4375
4 4376 4377 4378 4379
4 4380 4381 4382 4383
4 4384 4385 4386 4387
4 4388 4389 4390 4391
4 4392 4393 4394 4395
4 4396 4397 4398 4399
4 4400 4401 4402 4403
4 4404 4405 4406 4407
4 4408 4409 4410 4411
4 4412 4413 4414 4415
4 4416 4417 4418 4419
4 4420 4421 4422 4423
4 4424 4425 4426 4427
4 4428 4429 4430 4431
4 4432 4433 4434 4435
4 4436 4437 4438 4439
4 4440 4441 4442 4443
4 4444 4445 4446 4447
4 4448 4449 4450 4451
4 4452 4453 4454 4455
4 4456 4457 4458 4459
4 4460 4461 4462 4463
4 4464 4465 4466 4467
4 4468 4469 4470 4471
4 4472 4473 4474 4475
4 4476 4477 4478 4479
4 4480 4481 4482 4483
4 4484 4485 4486 4487
4 4488 4489 4490 4491
4 4492 4493 4494 4495
4 4496 4497 4498 4499
4 4500 4501 4502 4503
4 4504 4505 4506 4507
4 4508 4509 4510 4511
4 4512 4513 4514 4515
4 4516 4517 4518 4519
4 4520 4521 4522 4523
4 4524 4525 4526 4527
4 4528 4529 4530 4531
4 4532 4533 4534 4535
4 4536 4537 4538 4539
4 4540 4541 4542 4543
4 4544 4545 4546 4547
4 4548 4549 4550 4551
4 4552 4553 4554 4555
4 4556 4557 4558 4559
4 4560 4561 4562 4563
4 4564 4565 4566 4567
4 4568 4569 4570 4571
4 4572 4573 4574 4575
4 4576 4577 4578 4579
4 4580 4581 4582 4583
4 4584 4585 4586 4587
4 4588 4589 4590 4591
4 4592 4593 4594 4595
4 4596 4597 4598 4599
4 4600 4601 4602 4603
4 4604 4605 4606 4607
4 4608 4609 4610 4611
4 4612 4613 4614 4615
4 4616 4617 4618 4619
4 4620 4621 4622 4623
4 4624 4625 4626 4627
4 4628 4629 4630 4631
4 4632 4633 4634 4635
4 4636 4637 4638 4639
4 4640 4641 4642 4643
4 4644 4645 4646 4647
4 4648 4649 4650 4651
4 4652 4653 4654 4655
4 4656 4657 4658 4659
4 4660 4661 4662 4663
4 4664 4665 4666 4667
4 4668 4669 4670 4671
4 4672 4673 4674 4675
4 4676 4677 4678 4679
4 4680 4681 4682 4683
4 4684 4685 4686 4687
4 4688 4689 4690 4691
4 4692 4693 4694 4695
4 4696 4697 4698 4699
4 4700 4701 4702 4703
4 4704 4705 4706 4707
4 4708 4709 4710 4711
4 4712 4713 4714 4715
4 4716 4717 4718 4719
4 4720 4721 4722 4723
4 4724 4725 4726 4727
4 4728 4729 4730 4731
4 4732 4733 4734 4735
4 4736 4737 4738 4739
4 4740 4741 4742 4743
4 4744 4745 4746 4747
4 4748 4749 4750 4751
4 4752 4753 4754 4755
4 4756 4757 4758 4759
4 4760 4761 4762 4763
4 4764 4765 4766 4767
4 4768 4769 4770 4771
4 4772 4773 4774 4775
4 4776 4777 4778 4779
4 4780 4781 4782 4783
4 4784 4785 4786 4787
4 4788 4789 4790 4791
4 4792 4793 4794 4795
4 4796 4797 4798 4799
4 4800 4801 4802 4803
4 4804 4805 4806 4807
4 4808 4809 4810 4811
4 4812 4813 4814 4815
4 4816 4817 4818 4819
4 4820 4821 4822 4823
4 4824 4825 4826 4827
4 4828 4829 4830 4831
4 4832 4833 4834 4835
4 4836 4837 4838 4839
4 4840 4841 4842 4843
4 4844 4845 4846 4847
4 4848 4849 4850 4851
4 4852 4853 4854 4855
4 4856 4857 4858 4859
4 4860 4861 4862 4863
4 4864 4865 4866 4867
4 4868 4869 4870 4871
4 4872 4873 4874 4875
4 4876 4877 4878 4879
4 4880 4881 4882 4883
4 4884 4885 4886 4887
4 4888 4889 4890 4891
4 4892 4893 4894 4895
4 4896 4897 4898 4899
4 4900 4901 4902 4903
4 4904 4905 4906 4907
4 4908 4909 4910 4911
4 4912 4913 4914 4915
4 4916 4917 4918 4919
4 4920 4921 4922 4923
4 4924 4925 4926 4927
4 4928 4929 4930 4931
4 4932 4933 4934 4935
4 4936 4937 4938 4939
4 4940 4941 4942 4943
4 4944 4945 4946 4947
4 4948 4949 4950 4951
4 4952 4953 4954 4955
4 4956 4957 4958 4959
4 4960 4961 4962 4963
4 4964 4965 4966 4967
4 4968 4969 4970 4971
4 4972 4973 4974 4975
4 4976 4977 4978 4979
4 4980 4981 4982 4983
4 4984 4985 4986 4987
4 4988 4989 4990 4991
4 4992 4993 4994 4995
4 4996 4997 4998 4999
4 5000 5001 5002 5003
4 5004 5005 5006 5007
4 5008 5009 5010 5011
4 5012 5013 5014 5015
4 5016 5017 5018 5019
4 5020 5021 5022 5023
4 5024 5025 5026 5027
4 5028 5029 5030 5031
4 5032 5033 5034 5035
4 5036 5037 5038 5039
4 5040 5041 5042 5043
4 5044 5045 5046 5047
4 5048 5049 5050 5051
4 5052 5053 5054 5055
4 5056 5057 5058 5059
4 5060 5061 5062 5063
4 5064 5065 5066 5067
4 5068 5069 5070 5071
4 5072 5073 5074 5075
4 5076 5077 5078 5079
4 5080 5081 5082 5083
4 5084 5085 5086 5087
4 5088 5089 5090 5091
4 5092 5093 5094 5095
4 5096 5097 5098 5099
4 5100 5101 5102 5103
4 5104 5105 5106 5107
4 5108 5109 5110 5111
4 5112 5113 5114 5115
4 5116 5117 5118 5119
4 5120 5121 5122 5123
4 5124 5125 5126 5127
4 5128 5129 5130 5131
4 5132 5133 5134 5135
4 5136 5137 5138 5139
4 5140 5141 5142 5143
4 5144 5145 5146 5147
4 5148 5149 5150 5151
4 5152 5153 5154 5155
4 5156 5157 5158 5159
4 5160 5161 5162 5163
4 5164 5165 5166 5167
4 5168 5169 5170 5171
4 5172 5173 5174 5175
4 5176 5177 5178 5179
4 5180 5181 5182 5183
4 5184 5185 5186 5187
4 5188 5189 5190 5191
4 5192 5193 5194 5195
4 5196 5197 5198 5199
4 5200 5201 5202 5203
4 5204 5205 5206 5207
4 5208 5209 5210 5211
4 5212 5213 5214 5215
4 5216 5217 5218 5219
4 5220 5221 5222 5223
4 5224 5225 5226 5227
4 5228 5229 5230 5231
4 5232 5233 5234 5235
4 5236 5237 5238 5239
4 5240 5241 5242 5243
4 5244 5245 5246 5247
4 5248 5249 5250 5251
4 5252 5253 5254 5255
4 5256 5257 5258 5259
4 5260 5261 5262 5263
4 5264 5265 5266 5267
4 5268 5269 5270 5271
4 5272 5273 5274 5275
4 5276 5277 5278 5279
4 5280 5281 5282 5283
4 5284 5285 5286 5287
4 5288 5289 5290 5291
4 5292 5293 5294 5295
4 5296 5297 5298 5299
4 5300 5301 5302 5303
4 5304 5305 5306 5307
4 5308 5309 5310 5311
4 5312 5313 5314 5315
4 5316 5317 5318 5319
4 5320 5321 5322 5323
4 5324 5325 5326 5327
4 5328 5329 5330 5331
4 5332 5333 5334 5335
4 5336 5337 5338 5339
4 5340 5341 5342 5343
4 5344 5345 5346 5347
4 5348 5349 5350 5351
4 5352 5353 5354 5355
4 5356 5357 5358 5359
4 5360 5361 5362 5363
4 5364 5365 5366 5367
4 5368 5369 5370 5371
4 5372 5373 5374 5375
4 5376 5377 5378 5379
4 5380 5381 5382 5383
4 5384 5385 5386 5387
4 5388 5389 5390 5391
4 5392 5393 5394 5395
4 5396 5397 5398 5399
4 5400 5401 5402 5403
4 5404 5405 5406 5407
4 5408 5409 5410 5411
4 5412 5413 5414 5415
4 5416 5417 5418 5419
4 5420 5421 5422 5423
4 5424 5425 5426 5427
4 5428 5429 5430 5431
4 5432 5433 5434 5435
4 5436 5437 5438 5439
4 5440 5441 5442 5443
4 5444 5445 5446 5447
4 5448 5449 5450 5451
4 5452 5453 5454 5455
4 5456 5457 5458 5459
4 5460 5461 5462 5463
4 5464 5465 5466 5467
4 5468 5469 5470 5471
4 5472 5473 5474 5475
4 5476 5477 5478 5479
4 5480 5481 5482 5483
4 5484 5485 5486 5487
4 5488 5489 5490 5491
4 5492 5493 5494 5495
4 5496 5497 5498 5499
4 5500 5501 5502 5503
4 5504 5505 5506 5507
4 5508 5509 5510 5511
4 5512 5513 5514 5515
4 5516 5517 5518 5519
4 5520 5521 5522 5523
4 5524 5525 5526 5527
4 5528 5529 5530 5531
4 5532 5533 5534 5535
4 5536 5537 5538 5539
4 5540 5541 5542 5543
4 5544 5545 5546 5547
4 5548 5549 5550 5551
4 5552 5553 5554 5555
4 5556 5557 5558 5559
4 5560 5561 5562 5563
4 5564 5565 5566 5567
4 5568 5569 5570 5571
4 5572 5573 5574 5575
4 5576 5577 5578 5579
4 5580 5581 5582 5583
4 5584 5585 5586 5587
4 5588 5589 5590 5591
4 5592 5593 5594 5595
4 5596 5597 5598 5599
4 5600 5601 5602 5603
4 5604 5605 5606 5607
4 5608 5609 5610 5611
4 5612 5613 5614 5615
4 5616 5617 5618 5619
4 5620 5621 5622 5623
4 5624 5625 5626 5627
4 5628 5629 5630 5631
4 5632 5633 5634 5635
4 5636 5637 5638 5639
4 5640 5641 5642 5643
4 5644 5645 5646 5647
4 5648 5649 5650 5651
4 5652 5653 5654 5655
4 5656 5657 5658 5659
4 5660 5661 5662 5663
4 5664 5665 5666 5667
4 5668 5669 5670 5671
4 5672 5673 5674 5675
4 5676 5677 5678 5679
4 5680 5681 5682 5683
4 5684 5685 5686 5687
4 5688 5689 5690 5691
4 5692 5693 5694 5695
4 5696 5697 5698 5699
4 5700 5701 5702 5703
4 5704 5705 5706 5707
4 5708 5709 5710 5711
4 5712 5713 5714 5715
4 5716 5717 5718 5719
4 5720 5721 5722 5723
4 5724 5725 5726 5727
4 5728 5729 5730 5731
4 5732 5733 5734 5735
4 5736 5737 5738 5739
4 5740 5741 5742 5743
4 5744 5745 5746 5747
4 5748 5749 5750 5751
4 5752 5753 5754 5755
4 5756 5757 5758 5759
4 5760 5761 5762 5763
4 5764 5765 5766 5767
4 5768 5769 5770 5771
4 5772 5773 5774 5775
4 5776 5777 5778 5779
4 5780 5781 5782 5783
4 5784 5785 5786 5787
4 5788 5789 5790 5791
4 5792 5793 5794 5795
4 5796 5797 5798 5799
4 5800 5801 5802 5803
4 5804 5805 5806 5807
4 5808 5809 5810 5811
4 5812 5813 5814 5815
4 5816 5817 5818 5819
4 5820 5821 5822 5823
4 5824 5825 5826 5827
4 5828 5829 5830 5831
4 5832 5833 5834 5835
4 5836 5837 5838 5839
4 5840 5841 5842 5843
4 5844 5845 5846 5847
4 5848 5849 5850 5851
4 5852 5853 5854 5855
4 5856 5857 5858 5859
4 5860 5861 5862 5863
4 5864 5865 5866 5867
4 5868 5869 5870 5871
4 5872 5873 5874 5875
4 5876 5877 5878 5879
4 5880 5881 5882 5883
4 5884 5885 5886 5887
4 5888 5889 5890 5891
4 5892 5893 5894 5895
4 5896 5897 5898 5899
4 5900 5901 5902 5903
4 5904 5905 5906 5907
4 5908 5909 5910 5911
4 5912 5913 5914 5915
4 5916 5917 5918 5919
4 5920 5921 5922 5923
4 5924 5925 5926 5927
4 5928 5929 5930 5931
4 5932 5933 5934 5935
4 5936 5937 5938 5939
4 5940 5941 5942 5943
4 5944 5945 5946 5947
4 5948 5949 5950 5951
4 5952 5953 5954 5955
4 5956 5957 5958 5959
4 5960 5961 5962 5963
4 5964 5965 5966 5967
4 5968 5969 5970 5971
4 5972 5973 5974 5975
4 5976 5977 5978 5979
4 5980 5981 5982 5983
4 5984 5985 5986 5987
4 5988 5989 5990 5991
4 5992 5993 5994 5995
4 5996 5997 5998 5999
4 6000 6001 6002 6003
4 6004 6005 6006 6007
4 6008 6009 6010 6011
4 6012 6013 6014 6015
4 6016 6017 6018 6019
4 6020 6021 6022 6023
4 6024 6025 6026 6027
4 6028 6029 6030 6031
4 6032 6033 6034 6035
4 6036 6037 6038 6039
4 6040 6041 6042 6043
4 6044 6045 6046 6047
4 6048 6049 6050 6051
4 6052 6053 6054 6055
4 6056 6057 6058 6059
4 6060 6061 6062 6063
4 6064 6065 6066 6067
4 6068 6069 6070 6071
4 6072 6073 6074 6075
4 6076 6077 6078 6079
4 6080 6081 6082 6083
4 6084 6085 6086 6087
4 6088 6089 6090 6091
4 6092 6093 6094 6095
4 6096 6097 6098 6099
4 6100 6101 6102 6103
4 6104 6105 6106 6107
4 6108 6109 6110 6111
4 6112 6113 6114 6115
4 6116 6117 6118 6119
4 6120 6121 6122 6123
4 6124 6125 6126 6127
4 6128 6129 6130 6131
4 6132 6133 6134 6135
4 6136 6137 6138 6139
4 6140 6141 6142 6143
4 6144 6145 6146 6147
4 6148 6149 6150 6151
4 6152 6153 6154 6155
4 6156 6157 6158 6159
4 6160 6161 6162 6163
4 6164 6165 6166 6167
4 6168 6169 6170 6171
4 6172 6173 6174 6175
4 6176 6177 6178 6179
4 6180 6181 6182 6183
4 6184 6185 6186 6187
4 6188 6189 6190 6191
4 6192 6193 6194 6195
4 6196 6197 6198 6199
4 6200 6201 6202 6203
4 6204 6205 6206 6207
4 6208 6209 6210 6211
4 6212 6213 6214 6215
4 6216 6217 6218 6219
4 6220 6221 6222 6223
4 6224 6225 6226 6227
4 6228 6229 6230 6231
4 6232 6233 6234 6235
4 6236 6237 6238 6239
4 6240 6241 6242 6243
4 6244 6245 6246 6247
4 6248 6249 6250 6251
4 6252 6253 6254 6255
4 6256 6257 6258 6259
4 6260 6261 6262 6263
4 6264 6265 6266 6267
4 6268 6269 6270 6271
4 6272 6273 6274 6275
4 6276 6277 6278 6279
4 6280 6281 6282 6283
4 6284 6285 6286 6287
4 6288 6289 6290 6291
4 6292 6293 6294 6295
4 6296 6297 6298 6299
4 6300 6301 6302 6303
4 6304 6305 6306 6307
4 6308 6309 6310 6311
4 6312 6313 6314 6315
4 6316 6317 6318 6319
4 6320 6321 6322 6323
4 6324 6325 6326 6327
4 6328 6329 6330 6331
4 6332 6333 6334 6335
4 6336 6337 6338 6339
4 6340 6341 6342 6343
4 6344 6345 6346 6347
4 6348 6349 6350 6351
4 6352 6353 6354 6355
4 6356 6357 6358 6359
4 6360 6361 6362 6363
4 6364 6365 6366 6367
4 6368 6369 6370 6371
4 6372 6373 6374 6375
4 6376 6377 6378 6379
4 6380 6381 6382 6383
4 6384 6385 6386 6387
4 6388 6389 6390 6391
4 6392 6393 6394 6395
4 6396 6397 6398 6399
4 6400 6401 6402 6403
4 6404 6405 6406 6407
4 6408 6409 6410 6411
4 6412 6413 6414 6415
4 6416 6417 6418 6419
4 6420 6421 6422 6423
4 6424 6425 6426 6427
4 6428 6429 6430 6431
4 6432 6433 6434 6435
4 6436 6437 6438 6439
4 6440 6441 6442 6443
4 6444 6445 6446 6447
4 6448 6449 6450 6451
4 6452 6453 6454 6455
4 6456 6457 6458 6459
4 6460 6461 6462 6463
4 6464 6465 6466 6467
4 6468 6469 6470 6471
4 6472 6473 6474 6475
4 6476 6477 6478 6479
4 6480 6481 6482 6483
4 6484 6485 6486 6487
4 6488 6489 6490 6491
4 6492 6493 6494 6495
4 6496 6497 6498 6499
4 6500 6501 6502 6503
4 6504 6505 6506 6507
4 6508 6509 6510 6511
4 6512 6513 6514 6515
4 6516 6517 6518 6519
4 6520 6521 6522 6523
4 6524 6525 6526 6527
4 6528 6529 6530 6531
4 6532 6533 6534 6535
4 6536 6537 6538 6539
4 6540 6541 6542 6543
4 6544 6545 6546 6547
4 6548 6549 6550 6551
4 6552 6553 6554 6555
4 6556 6557 6558 6559
4 6560 6561 6562 6563
4 6564 6565 6566 6567
4 6568 6569 6570 6571
4 6572 6573 6574 6575
4 6576 6577 6578 6579
4 6580 6581 6582 6583
4 6584 6585 6586 6587
4 6588 6589 6590 6591
4 6592 6593 6594 6595
4 6596 6597 6598 6599
4 6600 6601 6602 6603
4 6604 6605 6606 6607
4 6608 6609 6610 6611
4 6612 6613 6614 6615
4 6616 6617 6618 6619
4 6620 6621 6622 6623
4 6624 6625 6626 6627
4 6628 6629 6630 6631
4 6632 6633 6634 6635
4 6636 6637 6638 6639
4 6640 6641 6642 6643
4 6644 6645 6646 6647
4 6648 6649 6650 6651
4 6652 6653 6654 6655
4 6656 6657 6658 6659
4 6660 6661 6662 6663
4 6664 6665 6666 6667
4 6668 6669 6670 6671
4 6672 6673 6674 6675
4 6676 6677 6678 6679
4 6680 6681 6682 6683
4 6684 6685 6686 6687
4 6688 6689 6690 6691
4 6692 6693 6694 6695
4 6696 6697 6698 6699
4 6700 6701 6702 6703
4 6704 6705 6706 6707
4 6708 6709 6710 6711
4 6712 6713 6714 6715
4 6716 6717 6718 6719
4 6720 6721 6722 6723
4 6724 6725 6726 6727
4 6728 6729 6730 6731
4 6732 6733 6734 6735
4 6736 6737 6738 6739
4 6740 6741 6742 6743
4 6744 6745 6746 6747
4 6748 6749 6750 6751
4 6752 6753 6754 6755
4 6756 6757 6758 6759
4 6760 6761 6762 6763
4 6764 6765 6766 6767
4 6768 6769 6770 6771
4 6772 6773 6774 6775
4 6776 6777 6778 6779
4 6780 6781 6782 6783
4 6784 6785 6786 6787
4 6788 6789 6790 6791
4 6792 6793 6794 6795
4 6796 6797 6798 6799
4 6800 6801 6802 6803
4 6804 6805 6806 6807
4 6808 6809 6810 6811
4 6812 6813 6814 6815
4 6816 6817 6818 6819
4 6820 6821 6822 6823
4 6824 6825 6826 6827
4 6828 6829 6830 6831
4 6832 6833 6834 6835
4 6836 6837 6838 6839
4 6840 6841 6842 6843
4 6844 6845 6846 6847
4 6848 6849 6850 6851
4 6852 6853 6854 6855
4 6856 6857 6858 6859
4 6860 6861 6862 6863
4 6864 6865 6866 6867
4 6868 6869 6870 6871
4 6872 6873 6874 6875
4 6876 6877 6878 6879
4 6880 6881 6882 6883
4 6884 6885 6886 6887
4 6888 6889 6890 6891
4 6892 6893 6894 6895
4 6896 6897 6898 6899
4 6900 6901 6902 6903
4 6904 6905 6906 6907
4 6908 6909 6910 6911
4 6912 6913 6914 6915
4 6916 6917 6918 6919
4 6920 6921 6922 6923
4 6924 6925 6926 6927
4 6928 6929 6930 6931
4 6932 6933 6934 6935
4 6936 6937 6938 6939
4 6940 6941 6942 6943
4 6944 6945 6946 6947
4 6948 6949 6950 6951
4 6952 6953 6954 6955
4 6956 6957 6958 6959
4 6960 6961 6962 6963
4 6964 6965 6966 6967
4 6968 6969 6970 6971
4 6972 6973 6974 6975
4 6976 6977 6978 6979
4 6980 6981 6982 6983
4 6984 6985 6986 6987
4 6988 6989 6990 6991
4 6992 6993 6994 6995
4 6996 6997 6998 6999
4 7000 7001 7002 7003
4 7004 7005 7006 7007
4 7008 7009 7010 7011
4 7012 7013 7014 7015
4 7016 7017 7018 7019
4 7020 7021 7022 7023
4 7024 7025 7026 7027
4 7028 7029 7030 7031
4 7032 7033 7034 7035
4 7036 7037 7038 7039
4 7040 7041 7042 7043
4 7044 7045 7046 7047
4 7048 7049 7050 7051
4 7052 7053 7054 7055
4 7056 7057 7058 7059
4 7060 7061 7062 7063
4 7064 7065 7066 7067
4 7068 7069 7070 7071
4 7072 7073 7074 7075
4 7076 7077 7078 7079
4 7080 7081 7082 7083
4 7084 7085 7086 7087
4 7088 7089 7090 7091
4 7092 7093 7094 7095
4 7096 7097 7098 7099
4 7100 7101 7102 7103
4 7104 7105 7106 7107
4 7108 7109 7110 7111
4 7112 7113 7114 7115
4 7116 7117 7118 7119
4 7120 7121 7122 7123
4 7124 7125 7126 7127
4 7128 7129 7130 7131
4 7132 7133 7134 7135
4 7136 7137 7138 7139
4 7140 7141 7142 7143
4 7144 7145 7146 7147
4 7148 7149 7150 7151
4 7152 7153 7154 7155
4 7156 7157 7158 7159
4 7160 7161 7162 7163
4 7164 7165 7166 7167
4 7168 7169 7170 7171
4 7172 7173 7174 7175
4 7176 7177 7178 7179
4 7180 7181 7182 7183
4 7184 7185 7186 7187
4 7188 7189 7190 7191
4 7192 7193 7194 7195
4 7196 7197 7198 7199
4 7200 7201 7202 7203
4 7204 7205 7206 7207
4 7208 7209 7210 7211
4 7212 7213 7214 7215
4 7216 7217 7218 7219
4 7220 7221 7222 7223
4 7224 7225 7226 7227
4 7228 7229 7230 7231
4 7232 7233 7234 7235
4 7236 7237 7238 7239
4 7240 7241 7242 7243
4 7244 7245 7246 7247
4 7248 7249 7250 7251
4 7252 7253 7254 7255
4 7256 7257 7258 7259
4 7260 7261 7262 7263
4 7264 7265 7266 7267
4 7268 7269 7270 7271
4 7272 7273 7274 7275
4 7276 7277 7278 7279
4 7280 7281 7282 7283
4 7284 7285 7286 7287
4 7288 7289 7290 7291
4 7292 7293 7294 7295
4 7296 7297 7298 7299
4 7300 7301 7302 7303
4 7304 7305 7306 7307
4 7308 7309 7310 7311
4 7312 7313 7314 7315
4 7316 7317 7318 7319
4 7320 7321 7322 7323
4 7324 7325 7326 7327
4 7328 7329 7330 7331
4 7332 7333 7334 7335
4 7336 7337 7338 7339
4 7340 7341 7342 7343
4 7344 7345 7346 7347
4 7348 7349 7350 7351
4 7352 7353 7354 7355
4 7356 7357 7358 7359
4 7360 7361 7362 7363
4 7364 7365 7366 7367
4 7368 7369 7370 7371
4 7372 7373 7374 7375
4 7376 7377 7378 7379
4 7380 7381 7382 7383
4 7384 7385 7386 7387
4 7388 7389 7390 7391
4 7392 7393 7394 7395
4 7396 7397 7398 7399
4 7400 7401 7402 7403
4 7404 7405 7406 7407
4 7408 7409 7410 7411
4 7412 7413 7414 7415
4 7416 7417 7418 7419
4 7420 7421 7422 7423
4 7424 7425 7426 7427
4 7428 7429 7430 7431
4 7432 7433 7434 7435
4 7436 7437 7438 7439
4 7440 7441 7442 7443
4 7444 7445 7446 7447
4 7448 7449 7450 7451
4 7452 7453 7454 7455
4 7456 7457 7458 7459
4 7460 7461 7462 7463
4 7464 7465 7466 7467
4 7468 7469 7470 7471
4 7472 7473 7474 7475
4 7476 7477 7478 7479
4 7480 7481 7482 7483
4 7484 7485 7486 7487
4 7488 7489 7490 7491
4 7492 7493 7494 7495
4 7496 7497 7498 7499
4 7500 7501 7502 7503
4 7504 7505 7506 7507
4 7508 7509 7510 7511
4 7512 7513 7514 7515
4 7516 7517 7518 7519
4 7520 7521 7522 7523
4 7524 7525 7526 7527
4 7528 7529 7530 7531
4 7532 7533 7534 7535
4 7536 7537 7538 7539
4 7540 7541 7542 7543
4 7544 7545 7546 7547
4 7548 7549 7550 7551
4 7552 7553 7554 7555
4 7556 7557 7558 7559
4 7560 7561 7562 7563
4 7564 7565 7566 7567
4 7568 7569 7570 7571
4 7572 7573 7574 7575
4 7576 7577 7578 7579
4 7580 7581 7582 7583
4 7584 7585 7586 7587
4 7588 7589 7590 7591
4 7592 7593 7594 7595
4 7596 7597 7598 7599
4 7600 7601 7602 7603
4 7604 7605 7606 7607
4 7608 7609 7610 7611
4 7612 7613 7614 7615
4 7616 7617 7618 7619
4 7620 7621 7622 7623
4 7624 7625 7626 7627
4 7628 7629 7630 7631
4 7632 7633 7634 7635
4 7636 7637 7638 7639
4 7640 7641 7642 7643
4 7644 7645 7646 7647
4 7648 7649 7650 7651
4 7652 7653 7654 7655
4 7656 7657 7658 7659
4 7660 7661 7662 7663
4 7664 7665 7666 7667
4 7668 7669 7670 7671
4 7672 7673 7674 7675
4 7676 7677 7678 7679
4 7680 7681 7682 7683
4 7684 7685 7686 7687
4 7688 7689 7690 7691
4 7692 7693 7694 7695
4 7696 7697 7698 7699
4 7700 7701 7702 7703
4 7704 7705 7706 7707
4 7708 7709 7710 7711
4 7712 7713 7714 7715
4 7716 7717 7718 7719
4 7720 7721 7722 7723
4 7724 7725 7726 7727
4 7728 7729 7730 7731
4 7732 7733 7734 7735
4 7736 7737 7738 7739
4 7740 7741 7742 7743
4 7744 7745 7746 7747
4 7748 7749 7750 7751
4 7752 7753 7754 7755
4 7756 7757 7758 7759
4 7760 7761 7762 7763
4 7764 7765 7766 7767
4 7768 7769 7770 7771
4 7772 7773 7774 7775
4 7776 7777 7778 7779
4 7780 7781 7782 7783
4 7784 7785 7786 7787
4 7788 7789 7790 7791
4 7792 7793 7794 7795
4 7796 7797 7798 7799
4 7800 7801 7802 7803
4 7804 7805 7806 7807
4 7808 7809 7810 7811
4 7812 7813 7814 7815
4 7816 7817 7818 7819
4 7820 7821 7822 7823
4 7824 7825 7826 7827
4 7828 7829 7830 7831
4 7832 7833 7834 7835
4 7836 7837 7838 7839
4 7840 7841 7842 7843
4 7844 7845 7846 7847
4 7848 7849 7850 7851
4 7852 7853 7854 7855
4 7856 7857 7858 7859
4 7860 7861 7862 7863
4 7864 7865 7866 7867
4 7868 7869 7870 7871
4 7872 7873 7874 7875
4 7876 7877 7878 7879
4 7880 7881 7882 7883
4 7884 7885 7886 7887
4 7888 7889 7890 7891
4 7892 7893 7894 7895
4 7896 7897 7898 7899
4 7900 7901 7902 7903
4 7904 7905 7906 7907
4 7908 7909 7910 7911
4 7912 7913 7914 7915
4 7916 7917 7918 7919
4 7920 7921 7922 7923
4 7924 7925 7926 7927
4 7928 7929 7930 7931
4 7932 7933 7934 7935
4 7936 7937 7938 7939
4 7940 7941 7942 7943
4 7944 7945 7946 7947
4 7948 7949 7950 7951
4 7952 7953 7954 7955
4 7956 7957 7958 7959
4 7960 7961 7962 7963
4 7964 7965 7966 7967
4 7968 7969 7970 7971
4 7972 7973 7974 7975
4 7976 7977 7978 7979
4 7980 7981 7982 7983
4 7984 7985 7986 7987
4 7988 7989 7990 7991
4 7992 7993 7994 7995
4 7996 7997 7998 7999
4 8000 8001 8002 8003
4 8004 8005 8006 8007
4 8008 8009 8010 8011
4 8012 8013 8014 8015
4 8016 8017 8018 8019
4 8020 8021 8022 8023
4 8024 8025 8026 8027
4 8028 8029 8030 8031
4 8032 8033 8034 8035
4 8036 8037 8038 8039
4 8040 8041 8042 8043
4 8044 8045 8046 8047
4 8048 8049 8050 8051
4 8052 8053 8054 8055
4 8056 8057 8058 8059
4 8060 8061 8062 8063
4 8064 8065 8066 8067
4 8068 8069 8070 8071
4 8072 8073 8074 8075
4 8076 8077 8078 8079
4 8080 8081 8082 8083
4 8084 8085 8086 8087
4 8088 8089 8090 8091
4 8092 8093 8094 8095
4 8096 8097 8098 8099
4 8100 8101 8102 8103
4 8104 8105 8106 8107
4 8108 8109 8110 8111
4 8112 8113 8114 8115
4 8116 8117 8118 8119
4 8120 8121 8122 8123
4 8124 8125 8126 8127
4 8128 8129 8130 8131
4 8132 8133 8134 8135
4 8136 8137 8138 8139
4 8140 8141 8142 8143
4 8144 8145 8146 8147
4 8148 8149 8150 8151
4 8152 8153 8154 8155
4 8156 8157 8158 8159
4 8160 8161 8162 8163
4 8164 8165 8166 8167
4 8168 8169 8170 8171
4 8172 8173 8174 8175
4 8176 8177 8178 8179
4 8180 8181 8182 8183
4 8184 8185 8186 8187
4 8188 8189 8190 8191
4 8192 8193 8194 8195
4 8196 8197 8198 8199
4 8200 8201 8202 8203
4 8204 8205 8206 8207
4 8208 8209 8210 8211
4 8212 8213 8214 8215
4 8216 8217 8218 8219
4 8220 8221 8222 8223
4 8224 8225 8226 8227
4 8228 8229 8230 8231
4 8232 8233 8234 8235
4 8236 8237 8238 8239
4 8240 8241 8242 8243
4 8244 8245 8246 8247
4 8248 8249 8250 8251
4 8252 8253 8254 8255
4 8256 8257 8258 8259
4 8260 8261 8262 8263
4 8264 8265 8266 8267
4 8268 8269 8270 8271
4 8272 8273 8274 8275
4 8276 8277 8278 8279
4 8280 8281 8282 8283
4 8284 8285 8286 8287
4 8288 8289 8290 8291
4 8292 8293 8294 8295
4 8296 8297 8298 8299
4 8300 8301 8302 8303
4 8304 8305 8306 8307
4 8308 8309 8310 8311
4 8312 8313 8314 8315
4 8316 8317 8318 8319
4 8320 8321 8322 8323
4 8324 8325 8326 8327
4 8328 8329 8330 8331
4 8332 8333 8334 8335
4 8336 8337 8338 8339
4 8340 8341 8342 8343
4 8344 8345 8346 8347
4 8348 8349 8350 8351
4 8352 8353 8354 8355
4 8356 8357 8358 8359
4 8360 8361 8362 8363
4 8364 8365 8366 8367
4 8368 8369 8370 8371
4 8372 8373 8374 8375
4 8376 8377 8378 8379
4 8380 8381 8382 8383
4 8384 8385 8386 8387
4 8388 8389 8390 8391
4 8392 8393 8394 8395
4 8396 8397 8398 8399
4 8400 8401 8402 8403
4 8404 8405 8406 8407
4 8408 8409 8410 8411
4 8412 8413 8414 8415
4 8416 8417 8418 8419
4 8420 8421 8422 8423
4 8424 8425 8426 8427
4 8428 8429 8430 8431
4 8432 8433 8434 8435
4 8436 8437 8438 8439
4 8440 8441 8442 8443
4 8444 8445 8446 8447
4 8448 8449 8450 8451
4 8452 8453 8454 8455
4 8456 8457 8458 8459
4 8460 8461 8462 8463
4 8464 8465 8466 8467
4 8468 8469 8470 8471
4 8472 8473 8474 8475
4 8476 8477 8478 8479
4 8480 8481 8482 8483
4 8484 8485 8486 8487
4 8488 8489 8490 8491
4 8492 8493 8494 8495
4 8496 8497 8498 8499
4 8500 8501 8502 8503
4 8504 8505 8506 8507
4 8508 8509 8510 8511
4 8512 8513 8514 8515
4 8516 8517 8518 8519
4 8520 8521 8522 8523
4 8524 8525 8526 8527
4 8528 8529 8530 8531
4 8532 8533 8534 8535
4 8536 8537 8538 8539
4 8540 8541 8542 8543
4 8544 8545 8546 8547
4 8548 8549 8550 8551
4 8552 8553 8554 8555
4 8556 8557 8558 8559
4 8560 8561 8562 8563
4 8564 8565 8566 8567
4 8568 8569 8570 8571
4 8572 8573 8574 8575
4 8576 8577 8578 8579
4 8580 8581 8582 8583
4 8584 8585 8586 8587
4 8588 8589 8590 8591
4 8592 8593 8594 8595
4 8596 8597 8598 8599
4 8600 8601 8602 8603
4 8604 8605 8606 8607
4 8608 8609 8610 8611
4 8612 8613 8614 8615
4 8616 8617 8618 8619
4 8620 8621 8622 8623
4 8624 8625 8626 8627
4 8628 8629 8630 8631
4 8632 8633 8634 8635
4 8636 8637 8638 8639
4 8640 8641 8642 8643
4 8644 8645 8646 8647
4 8648 8649 8650 8651
4 8652 8653 8654 8655
4 8656 8657 8658 8659
4 8660 8661 8662 8663
4 8664 8665 8666 8667
4 8668 8669 8670 8671
4 8672 8673 8674 8675
4 8676 8677 8678 8679
4 8680 8681 8682 8683
4 8684 8685 8686 8687
4 8688 8689 8690 8691
4 8692 8693 8694 8695
4 8696 8697 8698 8699
4 8700 8701 8702 8703
4 8704 8705 8706 8707
4 8708 8709 8710 8711
4 8712 8713 8714 8715
4 8716 8717 8718 8719
4 8720 8721 8722 8723
4 8724 8725 8726 8727
4 8728 8729 8730 8731
4 8732 8733 8734 8735
4 8736 8737 8738 8739
4 8740 8741 8742 8743
4 8744 8745 8746 8747
4 8748 8749 8750 8751
4 8752 8753 8754 8755
4 8756 8757 8758 8759
4 8760 8761 8762 8763
4 8764 8765 8766 8767
4 8768 8769 8770 8771
4 8772 8773 8774 8775
4 8776 8777 8778 8779
4 8780 8781 8782 8783
4 8784 8785 8786 8787
4 8788 8789 8790 8791
4 8792 8793 8794 8795
4 8796 8797 8798 8799
4 8800 8801 8802 8803
4 8804 8805 8806 8807
4 8808 8809 8810 8811
4 8812 8813 8814 8815
4 8816 8817 8818 8819
4 8820 8821 8822 8823
4 8824 8825 8826 8827
4 8828 8829 8830 8831
4 8832 8833 8834 8835
4 8836 8837 8838 8839
4 8840 8841 8842 8843
4 8844 8845 8846 8847
4 8848 8849 8850 8851
4 8852 8853 8854 8855
4 8856 8857 8858 8859
4 8860 8861 8862 8863
4 8864 8865 8866 8867
4 8868 8869 8870 8871
4 8872 8873 8874 8875
4 8876 8877 8878 8879
4 8880 8881 8882 8883
4 8884 8885 8886 8887
4 8888 8889 8890 8891
4 8892 8893 8894 8895
4 8896 8897 8898 8899
4 8900 8901 8902 8903
4 8904 8905 8906 8907
4 8908 8909 8910 8911
4 8912 8913 8914 8915
4 8916 8917 8918 8919
4 8920 8921 8922 8923
4 8924 8925 8926 8927
4 8928 8929 8930 8931
4 8932 8933 8934 8935
4 8936 8937 8938 8939
4 8940 8941 8942 8943
4 8944 8945 8946 8947
4 8948 8949 8950 8951
4 8952 8953 8954 8955
4 8956 8957 8958 8959
4 8960 8961 8962 8963
4 8964 8965 8966 8967
4 8968 8969 8970 8971
4 8972 8973 8974 8975
4 8976 8977 8978 8979
4 8980 8981 8982 8983
4 8984 8985 8986 8987
4 8988 8989 8990 8991
4 8992 8993 8994 8995
4 8996 8997 8998 8999
4 9000 9001 9002 9003
4 9004 9005 9006 9007
4 9008 9009 9010 9011
4 9012 9013 9014 9015
4 9016 9017 9018 9019
4 9020 9021 9022 9023
4 9024 9025 9026 9027
4 9028 9029 9030 9031
4 9032 9033 9034 9035
4 9036 9037 9038 9039
4 9040 9041 9042 9043
4 9044 9045 9046 9047
4 9048 9049 9050 9051
4 9052 9053 9054 9055
4 9056 9057 9058 9059
4 9060 9061 9062 9063
4 9064 9065 9066 9067
4 9068 9069 9070 9071
4 9072 9073 9074 9075
4 9076 9077 9078 9079
4 9080 9081 9082 9083
4 9084 9085 9086 9087
4 9088 9089 9090 9091
4 9092 9093 9094 9095
4 9096 9097 9098 9099
4 9100 9101 9102 9103
4 9104 9105 9106 9107
4 9108 9109 9110 9111
4 9112 9113 9114 9115
4 9116 9117 9118 9119
4 9120 9121 9122 9123
4 9124 9125 9126 9127
4 9128 9129 9130 9131
4 9132 9133 9134 9135
4 9136 9137 9138 9139
4 9140 9141 9142 9143
4 9144 9145 9146 9147
4 9148 9149 9150 9151
4 9152 9153 9154 9155
4 9156 9157 9158 9159
4 9160 9161 9162 9163
4 9164 9165 9166 9167
4 9168 9169 9170 9171
4 9172 9173 9174 9175
4 9176 9177 9178 9179
4 9180 9181 9182 9183
4 9184 9185 9186 9187
4 9188 9189 9190 9191
4 9192 9193 9194 9195
4 9196 9197 9198 9199
4 9200 9201 9202 9203
4 9204 9205 9206 9207
4 9208 9209 9210 9211
4 9212 9213 9214 9215
4 9216 9217 9218 9219
4 9220 9221 9222 9223
4 9224 9225 9226 9227
4 9228 9229 9230 9231
4 9232 9233 9234 9235
4 9236 9237 9238 9239
4 9240 9241 9242 9243
4 9244 9245 9246 9247
4 9248 9249 9250 9251
4 9252 9253 9254 9255
4 9256 9257 9258 9259
4 9260 9261 9262 9263
4 9264 9265 9266 9267
4 9268 9269 9270 9271
4 9272 9273 9274 9275
4 9276 9277 9278 9279
4 9280 9281 9282 9283
4 9284 9285 9286 9287
4 9288 9289 9290 9291
4 9292 9293 9294 9295
4 9296 9297 9298 9299
4 9300 9301 9302 9303
4 9304 9305 9306 9307
4 9308 9309 9310 9311
4 9312 9313 9314 9315
4 9316 9317 9318 9319
4 9320 9321 9322 9323
4 9324 9325 9326 9327
4 9328 9329 9330 9331
4 9332 9333 9334 9335
4 9336 9337 9338 9339
4 9340 9341 9342 9343
4 9344 9345 9346 9347
4 9348 9349 9350 9351
4 9352 9353 9354 9355
4 9356 9357 9358 9359
4 9360 9361 9362 9363
4 9364 9365 9366 9367
4 9368 9369 9370 9371
4 9372 9373 9374 9375
4 9376 9377 9378 9379
4 9380 9381 9382 9383
4 9384 9385 9386 9387
4 9388 9389 9390 9391
4 9392 9393 9394 9395
4 9396 9397 9398 9399
4 9400 9401 9402 9403
4 9404 9405 9406 9407
4 9408 9409 9410 9411
4 9412 9413 9414 9415
4 9416 9417 9418 9419
4 9420 9421 9422 9423
4 9424 9425 9426 9427
4 9428 9429 9430 9431
4 9432 9433 9434 9435
4 9436 9437 9438 9439
4 9440 9441 9442 9443
4 9444 9445 9446 9447
4 9448 9449 9450 9451
4 9452 9453 9454 9455
4 9456 9457 9458 9459
4 9460 9461 9462 9463
4 9464 9465 9466 9467
4 9468 9469 9470 9471
4 9472 9473 9474 9475
4 9476 9477 9478 9479
4 9480 9481 9482 9483
4 9484 9485 9486 9487
4 9488 9489 9490 9491
4 9492 9493 9494 9495
4 9496 9497 9498 9499
4 9500 9501 9502 9503
4 9504 9505 9506 9507
4 9508 9509 9510 9511
4 9512 9513 9514 9515
4 9516 9517 9518 9519
4 9520 9521 9522 9523
4 9524 9525 9526 9527
4 9528 9529 9530 9531
4 9532 9533 9534 9535
4 9536 9537 9538 9539
4 9540 9541 9542 9543
4 9544 9545 9546 9547
4 9548 9549 9550 9551
4 9552 9553 9554 9555
4 9556 9557 9558 9559
4 9560 9561 9562 9563
4 9564 9565 9566 9567
4 9568 9569 9570 9571
4 9572 9573 9574 9575
4 9576 9577 9578 9579
4 9580 9581 9582 9583
4 9584 9585 9586 9587
4 9588 9589 9590 9591
4 9592 9593 9594 9595
4 9596 9597 9598 9599
4 9600 9601 9602 9603
4 9604 9605 9606 9607
4 9608 9609 9610 9611
4 9612 9613 9614 9615
4 9616 9617 9618 9619
4 9620 9621 9622 9623
4 9624 9625 9626 9627
4 9628 9629 9630 9631
4 9632 9633 9634 9635
4 9636 9637 9638 9639
4 9640 9641 9642 9643
4 9644 9645 9646 9647
4 9648 9649 9650 9651
4 9652 9653 9654 9655
4 9656 9657 9658 9659
4 9660 9661 9662 9663
4 9664 9665 9666 9667
4 9668 9669 9670 9671
4 9672 9673 9674 9675
4 9676 9677 9678 9679
4 9680 9681 9682 9683
4 9684 9685 9686 9687
4 9688 9689 9690 9691
4 9692 9693 9694 9695
4 9696 9697 9698 9699
4 9700 9701 9702 9703
4 9704 9705 9706 9707
4 9708 9709 9710 9711
4 9712 9713 9714 9715
4 9716 9717 9718 9719
4 9720 9721 9722 9723
4 9724 9725 9726 9727
4 9728 9729 9730 9731
4 9732 9733 9734 9735
4 9736 9737 9738 9739
4 9740 9741 9742 9743
4 9744 9745 9746 9747
4 9748 9749 9750 9751
4 9752 9753 9754 9755
4 9756 9757 9758 9759
4 9760 9761 9762 9763
4 9764 9765 9766 9767
4 9768 9769 9770 9771
4 9772 9773 9774 9775
4 9776 9777 9778 9779
4 9780 9781 9782 9783
4 9784 9785 9786 9787
4 9788 9789 9790 9791
4 9792 9793 9794 9795
4 9796 9797 9798 9799
4 9800 9801 9802 9803
4 9804 9805 9806 9807
4 9808 9809 9810 9811
4 9812 9813 9814 9815
4 9816 9817 9818 9819
4 9820 9821 9822 9823
4 9824 9825 9826 9827
4 9828 9829 9830 9831
4 9832 9833 9834 9835
4 9836 9837 9838 9839
4 9840 9841 9842 9843
4 9844 9845 9846 9847
4 9848 9849 9850 9851
4 9852 9853 9854 9855
4 9856 9857 9858 9859
4 9860 9861 9862 9863
4 9864 9865 9866 9867
4 9868 9869 9870 9871
4 9872 9873 9874 9875
4 9876 9877 9878 9879
4 9880 9881 9882 9883
4 9884 9885 9886 9887
4 9888 9889 9890 9891
4 9892 9893 9894 9895
4 9896 9897 9898 9899
4 9900 9901 9902 9903
4 9904 9905 9906 9907
4 9908 9909 9910 9911
4 9912 9913 9914 9915
4 9916 9917 9918 9919
4 9920 9921 9922 9923
4 9924 9925 9926 9927
4 9928 9929 9930 9931
4 9932 9933 9934 9935
4 9936 9937 9938 9939
4 9940 9941 9942 9943
4 9944 9945 9946 9947
4 9948 9949 9950 9951
4 9952 9953 9954 9955
4 9956 9957 9958 9959
4 9960 9961 9962 9963
4 9964 9965 9966 9967
4 9968 9969 9970 9971
4 9972 9973 9974 9975
4 9976 9977 9978 9979
4 9980 9981 9982 9983
4 9984 9985 9986 9987
4 9988 9989 9990 9991
4 9992 9993 9994 9995
4 9996 9997 9998 9999
4 10000 10001 10002 10003
4 10004 10005 10006 10007
4 10008 10009 10010 10011
4 10012 10013 10014 10015
4 10016 10017 10018 10019
4 10020 10021 10022 10023
4 10024 10025 10026 10027
4 10028 10029 10030 10031
4 10032 10033 10034 10035
4 10036 10037 10038 10039
4 10040 10041 10042 10043
4 10044 10045 10046 10047
4 10048 10049 10050 10051
4 10052 10053 10054 10055
4 10056 10057 10058 10059
4 10060 10061 10062 10063
4 10064 10065 10066 10067
4 10068 10069 10070 10071
4 10072 10073 10074 10075
4 10076 10077 10078 10079
4 10080 10081 10082 10083
4 10084 10085 10086 10087
4 10088 10089 10090 10091
4 10092 10093 10094 10095
4 10096 10097 10098 10099
4 10100 10101 10102 10103
4 10104 10105 10106 10107
4 10108 10109 10110 10111
4 10112 10113 10114 10115
4 10116 10117 10118 10119
4 10120 10121 10122 10123
4 10124 10125 10126 10127
4 10128 10129 10130 10131
4 10132 10133 10134 10135
4 10136 10137 10138 10139
4 10140 10141 10142 10143
4 10144 10145 10146 10147
4 10148 10149 10150 10151
4 10152 10153 10154 10155
4 10156 10157 10158 10159
4 10160 10161 10162 10163
4 10164 10165 10166 10167
4 10168 10169 10170 10171
4 10172 10173 10174 10175
4 10176 10177 10178 10179
4 10180 10181 10182 10183
4 10184 10185 10186 10187
4 10188 10189 10190 10191
4 10192 10193 10194 10195
4 10196 10197 10198 10199
4 10200 10201 10202 10203
4 10204 10205 10206 10207
4 10208 10209 10210 10211
4 10212 10213 10214 10215
4 10216 10217 10218 10219
4 10220 10221 10222 10223
4 10224 10225 10226 10227
4 10228 10229 10230 10231
4 10232 10233 10234 10235
4 10236 10237 10238 10239
4 10240 10241 10242 10243
4 10244 10245 10246 10247
4 10248 10249 10250 10251
4 10252 10253 10254 10255
4 10256 10257 10258 10259
4 10260 10261 10262 10263
4 10264 10265 10266 10267
4 10268 10269 10270 10271
4 10272 10273 10274 10275
4 10276 10277 10278 10279
4 10280 10281 10282 10283
4 10284 10285 10286 10287
4 10288 10289 10290 10291
4 10292 10293 10294 10295
4 10296 10297 10298 10299
4 10300 10301 10302 10303
4 10304 10305 10306 10307
4 10308 10309 10310 10311
4 10312 10313 10314 10315
4 10316 10317 10318 10319
4 10320 10321 10322 10323
4 10324 10325 10326 10327
4 10328 10329 10330 10331
4 10332 10333 10334 10335
4 10336 10337 10338 10339
4 10340 10341 10342 10343
4 10344 10345 10346 10347
4 10348 10349 10350 10351
4 10352 10353 10354 10355
4 10356 10357 10358 10359
4 10360 10361 10362 10363
4 10364 10365 10366 10367
4 10368 10369 10370 10371
4 10372 10373 10374 10375
4 10376 10377 10378 10379
4 10380 10381 10382 10383
4 10384 10385 10386 10387
4 10388 10389 10390 10391
4 10392 10393 10394 10395
4 10396 10397 10398 10399
4 10400 10401 10402 10403
4 10404 10405 10406 10407
4 10408 10409 10410 10411
4 10412 10413 10414 10415
4 10416 10417 10418 10419
4 10420 10421 10422 10423
4 10424 10425 10426 10427
4 10428 10429 10430 10431
4 10432 10433 10434 10435
4 10436 10437 10438 10439
4 10440 10441 10442 10443
4 10444 10445 10446 10447
4 10448 10449 10450 10451
4 10452 10453 10454 10455
4 10456 10457 10458 10459
4 10460 10461 10462 10463
4 10464 10465 10466 10467
4 10468 10469 10470 10471
4 10472 10473 10474 10475
4 10476 10477 10478 10479
4 10480 10481 10482 10483
4 10484 10485 10486 10487
4 10488 10489 10490 10491
4 10492 10493 10494 10495
4 10496 10497 10498 10499
4 10500 10501 10502 10503
4 10504 10505 10506 10507
4 10508 10509 10510 10511
4 10512 10513 10514 10515
4 10516 10517 10518 10519
4 10520 10521 10522 10523
4 10524 10525 10526 10527
4 10528 10529 10530 10531
4 10532 10533 10534 10535
4 10536 10537 10538 10539
4 10540 10541 10542 10543
4 10544 10545 10546 10547
4 10548 10549 10550 10551
4 10552 10553 10554 10555
4 10556 10557 10558 10559
4 10560 10561 10562 10563
4 10564 10565 10566 10567
4 10568 10569 10570 10571
4 10572 10573 10574 10575
4 10576 10577 10578 10579
4 10580 10581 10582 10583
4 10584 10585 10586 10587
4 10588 10589 10590 10591
4 10592 10593 10594 10595
4 10596 10597 10598 10599
4 10600 10601 10602 10603
4 10604 10605 10606 10607
4 10608 10609 10610 10611
4 10612 10613 10614 10615
4 10616 10617 10618 10619
4 10620 10621 10622 10623
4 10624 10625 10626 10627
4 10628 10629 10630 10631
4 10632 10633 10634 10635
4 10636 10637 10638 10639
4 10640 10641 10642 10643
4 10644 10645 10646 10647
4 10648 10649 10650 10651
4 10652 10653 10654 10655
4 10656 10657 10658 10659
4 10660 10661 10662 10663
4 10664 10665 10666 10667
4 10668 10669 10670 10671
4 10672 10673 10674 10675
4 10676 10677 10678 10679
4 10680 10681 10682 10683
4 10684 10685 10686 10687
4 10688 10689 10690 10691
4 10692 10693 10694 10695
4 10696 10697 10698 10699
4 10700 10701 10702 10703
4 10704 10705 10706 10707
4 10708 10709 10710 10711
4 10712 10713 10714 10715
4 10716 10717 10718 10719
4 10720 10721 10722 10723
4 10724 10725 10726 10727
4 10728 10729 10730 10731
4 10732 10733 10734 10735
4 10736 10737 10738 10739
4 10740 10741 10742 10743
4 10744 10745 10746 10747
4 10748 10749 10750 10751
4 10752 10753 10754 10755
4 10756 10757 10758 10759
4 10760 10761 10762 10763
4 10764 10765 10766 10767
4 10768 10769 10770 10771
4 10772 10773 10774 10775
4 10776 10777 10778 10779
4 10780 10781 10782 10783
4 10784 10785 10786 10787
4 10788 10789 10790 10791
4 10792 10793 10794 10795
4 10796 10797 10798 10799
4 10800 10801 10802 10803
4 10804 10805 10806 10807
4 10808 10809 10810 10811
4 10812 10813 10814 10815
4 10816 10817 10818 10819
4 10820 10821 10822 10823
4 10824 10825 10826 10827
4 10828 10829 10830 10831
4 10832 10833 10834 10835
4 10836 10837 10838 10839
4 10840 10841 10842 10843
4 10844 10845 10846 10847
4 10848 10849 10850 10851
4 10852 10853 10854 10855
4 10856 10857 10858 10859
4 10860 10861 10862 10863
4 10864 10865 10866 10867
4 10868 10869 10870 10871
4 10872 10873 10874 10875
4 10876 10877 10878 10879
4 10880 10881 10882 10883
4 10884 10885 10886 10887
4 10888 10889 10890 10891
4 10892 10893 10894 10895
4 10896 10897 10898 10899
4 10900 10901 10902 10903
4 10904 10905 10906 10907
4 10908 10909 10910 10911
4 10912 10913 10914 10915
4 10916 10917 10918 10919
4 10920 10921 10922 10923
4 10924 10925 10926 10927
4 10928 10929 10930 10931
4 10932 10933 10934 10935
4 10936 10937 10938 10939
4 10940 10941 10942 10943
4 10944 10945 10946 10947
4 10948 10949 10950 10951
4 10952 10953 10954 10955
4 10956 10957 10958 10959
4 10960 10961 10962 10963
4 10964 10965 10966 10967
4 10968 10969 10970 10971
4 10972 10973 10974 10975
4 10976 10977 10978 10979
4 10980 10981 10982 10983
4 10984 10985 10986 10987
4 10988 10989 10990 10991
4 10992 10993 10994 10995
4 10996 10997 10998 10999
4 11000 11001 11002 11003
4 11004 11005 11006 11007
4 11008 11009 11010 11011
4 11012 11013 11014 11015
4 11016 11017 11018 11019
4 11020 11021 11022 11023
4 11024 11025 11026 11027
4 11028 11029 11030 11031
4 11032 11033 11034 11035
4 11036 11037 11038 11039
4 11040 11041 11042 11043
4 11044 11045 11046 11047
4 11048 11049 11050 11051
4 11052 11053 11054 11055
4 11056 11057 11058 11059
4 11060 11061 11062 11063
4 11064 11065 11066 11067
4 11068 11069 11070 11071
4 11072 11073 11074 11075
4 11076 11077 11078 11079
4 11080 11081 11082 11083
4 11084 11085 11086 11087
4 11088 11089 11090 11091
4 11092 11093 11094 11095
4 11096 11097 11098 11099
4 11100 11101 11102 11103
4 11104 11105 11106 11107
4 11108 11109 11110 11111
4 11112 11113 11114 11115
4 11116 11117 11118 11119
4 11120 11121 11122 11123
4 11124 11125 11126 11127
4 11128 11129 11130 11131
4 11132 11133 11134 11135
4 11136 11137 11138 11139
4 11140 11141 11142 11143
4 11144 11145 11146 11147
4 11148 11149 11150 11151
4 11152 11153 11154 11155
4 11156 11157 11158 11159
4 11160 11161 11162 11163
4 11164 11165 11166 11167
4 11168 11169 11170 11171
4 11172 11173 11174 11175
4 11176 11177 11178 11179
4 11180 11181 11182 11183
4 11184 11185 11186 11187
4 11188 11189 11190 11191
4 11192 11193 11194 11195
4 11196 11197 11198 11199
4 11200 11201 11202 11203
4 11204 11205 11206 11207
4 11208 11209 11210 11211
4 11212 11213 11214 11215
4 11216 11217 11218 11219
4 11220 11221 11222 11223
4 11224 11225 11226 11227
4 11228 11229 11230 11231
4 11232 11233 11234 11235
4 11236 11237 11238 11239
4 11240 11241 11242 11243
4 11244 11245 11246 11247
4 11248 11249 11250 11251
4 11252 11253 11254 11255
4 11256 11257 11258 11259
4 11260 11261 11262 11263
4 11264 11265 11266 11267
4 11268 11269 11270 11271
4 11272 11273 11274 11275
4 11276 11277 11278 11279
4 11280 11281 11282 11283
4 11284 11285 11286 11287
4 11288 11289 11290 11291
4 11292 11293 11294 11295
4 11296 11297 11298 11299
4 11300 11301 11302 11303
4 11304 11305 11306 11307
4 11308 11309 11310 11311
4 11312 11313 11314 11315
4 11316 11317 11318 11319
4 11320 11321 11322 11323
4 11324 11325 11326 11327
4 11328 11329 11330 11331
4 11332 11333 11334 11335
4 11336 11337 11338 11339
4 11340 11341 11342 11343
4 11344 11345 11346 11347
4 11348 11349 11350 11351
4 11352 11353 11354 11355
4 11356 11357 11358 11359
4 11360 11361 11362 11363
4 11364 11365 11366 11367
4 11368 11369 11370 11371
4 11372 11373 11374 11375
4 11376 11377 11378 11379
4 11380 11381 11382 11383
4 11384 11385 11386 11387
4 11388 11389 11390 11391
4 11392 11393 11394 11395
4 11396 11397 11398 11399
4 11400 11401 11402 11403
4 11404 11405 11406 11407
4 11408 11409 11410 11411
4 11412 11413 11414 11415
4 11416 11417 11418 11419
4 11420 11421 11422 11423
4 11424 11425 11426 11427
4 11428 11429 11430 11431
4 11432 11433 11434 11435
4 11436 11437 11438 11439
4 11440 11441 11442 11443
4 11444 11445 11446 11447
4 11448 11449 11450 11451
4 11452 11453 11454 11455
4 11456 11457 11458 11459
4 11460 11461 11462 11463
4 11464 11465 11466 11467
4 11468 11469 11470 11471
4 11472 11473 11474 11475
4 11476 11477 11478 11479
4 11480 11481 11482 11483
4 11484 11485 11486 11487
4 11488 11489 11490 11491
4 11492 11493 11494 11495
4 11496 11497 11498 11499
4 11500 11501 11502 11503
4 11504 11505 11506 11507
4 11508 11509 11510 11511
4 11512 11513 11514 11515
4 11516 11517 11518 11519
4 11520 11521 11522 11523
4 11524 11525 11526 11527
4 11528 11529 11530 11531
4 11532 11533 11534 11535
4 11536 11537 11538 11539
4 11540 11541 11542 11543
4 11544 11545 11546 11547
4 11548 11549 11550 11551
4 11552 11553 11554 11555
4 11556 11557 11558 11559
4 11560 11561 11562 11563
4 11564 11565 11566 11567
4 11568 11569 11570 11571
4 11572 11573 11574 11575
4 11576 11577 11578 11579
4 11580 11581 11582 11583
4 11584 11585 11586 11587
4 11588 11589 11590 11591
4 11592 11593 11594 11595
4 11596 11597 11598 11599
4 11600 11601 11602 11603
4 11604 11605 11606 11607
4 11608 11609 11610 11611
4 11612 11613 11614 11615
4 11616 11617 11618 11619
4 11620 11621 11622 11623
4 11624 11625 11626 11627
4 11628 11629 11630 11631
4 11632 11633 11634 11635
4 11636 11637 11638 11639
4 11640 11641 11642 11643
4 11644 11645 11646 11647
4 11648 11649 11650 11651
4 11652 11653 11654 11655
4 11656 11657 11658 11659
4 11660 11661 11662 11663
4 11664 11665 11666 11667
4 11668 11669 11670 11671
4 11672 11673 11674 11675
4 11676 11677 11678 11679
4 11680 11681 11682 11683
4 11684 11685 11686 11687
4 11688 11689 11690 11691
4 11692 11693 11694 11695
4 11696 11697 11698 11699
4 11700 11701 11702 11703
4 11704 11705 11706 11707
4 11708 11709 11710 11711
4 11712 11713 11714 11715
4 11716 11717 11718 11719
4 11720 11721 11722 11723
4 11724 11725 11726 11727
4 11728 11729 11730 11731
4 11732 11733 11734 11735
4 11736 11737 11738 11739
4 11740 11741 11742 11743
4 11744 11745 11746 11747
4 11748 11749 11750 11751
4 11752 11753 11754 11755
4 11756 11757 11758 11759
4 11760 11761 11762 11763
4 11764 11765 11766 11767
4 11768 11769 11770 11771
4 11772 11773 11774 11775
4 11776 11777 11778 11779
4 11780 11781 11782 11783
4 11784 11785 11786 11787
4 11788 11789 11790 11791
4 11792 11793 11794 11795
4 11796 11797 11798 11799
4 11800 11801 11802 11803
4 11804 11805 11806 11807
4 11808 11809 11810 11811
4 11812 11813 11814 11815
4 11816 11817 11818 11819
4 11820 11821 11822 11823
4 11824 11825 11826 11827
4 11828 11829 11830 11831
4 11832 11833 11834 11835
4 11836 11837 11838 11839
4 11840 11841 11842 11843
4 11844 11845 11846 11847
4 11848 11849 11850 11851
4 11852 11853 11854 11855
4 11856 11857 11858 11859
4 11860 11861 11862 11863
4 11864 11865 11866 11867
4 11868 11869 11870 11871
4 11872 11873 11874 11875
4 11876 11877 11878 11879
4 11880 11881 11882 11883
4 11884 11885 11886 11887
4 11888 11889 11890 11891
4 11892 11893 11894 11895
4 11896 11897 11898 11899
4 11900 11901 11902 11903
4 11904 11905 11906 11907
4 11908 11909 11910 11911
4 11912 11913 11914 11915
4 11916 11917 11918 11919
4 11920 11921 11922 11923
4 11924 11925 11926 11927
4 11928 11929 11930 11931
4 11932 11933 11934 11935
4 11936 11937 11938 11939
4 11940 11941 11942 11943
4 11944 11945 11946 11947
4 11948 11949 11950 11951
4 11952 11953 11954 11955
4 11956 11957 11958 11959
4 11960 11961 11962 11963
4 11964 11965 11966 11967
4 11968 11969 11970 11971
4 11972 11973 11974 11975
4 11976 11977 11978 11979
4 11980 11981 11982 11983
4 11984 11985 11986 11987
4 11988 11989 11990 11991
4 11992 11993 11994 11995
4 11996 11997 11998 11999
4 12000 12001 12002 12003
4 12004 12005 12006 12007
4 12008 12009 12010 12011
4 12012 12013 12014 12015
4 12016 12017 12018 12019
4 12020 12021 12022 12023
4 12024 12025 12026 12027
4 12028 12029 12030 12031
4 12032 12033 12034 12035
4 12036 12037 12038 12039
4 12040 12041 12042 12043
4 12044 12045 12046 12047
4 12048 12049 12050 12051
4 12052 12053 12054 12055
4 12056 12057 12058 12059
4 12060 12061 12062 12063
4 12064 12065 12066 12067
4 12068 12069 12070 12071
4 12072 12073 12074 12075
4 12076 12077 12078 12079
4 12080 12081 12082 12083
4 12084 12085 12086 12087
4 12088 12089 12090 12091
4 12092 12093 12094 12095
4 12096 12097 12098 12099
4 12100 12101 12102 12103
4 12104 12105 12106 12107
4 12108 12109 12110 12111
4 12112 12113 12114 12115
4 12116 12117 12118 12119
4 12120 12121 12122 12123
4 12124 12125 12126 12127
4 12128 12129 12130 12131
4 12132 12133 12134 12135
4 12136 12137 12138 12139
4 12140 12141 12142 12143
4 12144 12145 12146 12147
4 12148 12149 12150 12151
4 12152 12153 12154 12155
4 12156 12157 12158 12159
4 12160 12161 12162 12163
4 12164 12165 12166 12167
4 12168 12169 12170 12171
4 12172 12173 12174 12175
4 12176 12177 12178 12179
4 12180 12181 12182 12183
4 12184 12185 12186 12187
4 12188 12189 12190 12191
4 12192 12193 12194 12195
4 12196 12197 12198 12199
4 12200 12201 12202 12203
4 12204 12205 12206 12207
4 12208 12209 12210 12211
4 12212 12213 12214 12215
4 12216 12217 12218 12219
4 12220 12221 12222 12223
4 12224 12225 12226 12227
4 12228 12229 12230 12231
4 12232 12233 12234 12235
4 12236 12237 12238 12239
4 12240 12241 12242 12243
4 12244 12245 12246 12247
4 12248 12249 12250 12251
4 12252 12253 12254 12255
4 12256 12257 12258 12259
4 12260 12261 12262 12263
4 12264 12265 12266 12267
4 12268 12269 12270 12271
4 12272 12273 12274 12275
4 12276 12277 12278 12279
4 12280 12281 12282 12283
4 12284 12285 12286 12287
4 12288 12289 12290 12291
4 12292 12293 12294 12295
4 12296 12297 12298 12299
4 12300 12301 12302 12303
4 12304 12305 12306 12307
4 12308 12309 12310 12311
4 12312 12313 12314 12315
4 12316 12317 12318 12319
4 12320 12321 12322 12323
4 12324 12325 12326 12327
4 12328 12329 12330 12331
4 12332 12333 12334 12335
4 12336 12337 12338 12339
4 12340 12341 12342 12343
4 12344 12345 12346 12347
4 12348 12349 12350 12351
4 12352 12353 12354 12355
4 12356 12357 12358 12359
4 12360 12361 12362 12363
4 12364 12365 12366 12367
4 12368 12369 12370 12371
4 12372 12373 12374 12375
4 12376 12377 12378 12379
4 12380 12381 12382 12383
4 12384 12385 12386 12387
4 12388 12389 12390 12391
4 12392 12393 12394 12395
4 12396 12397 12398 12399
4 12400 12401 12402 12403
4 12404 12405 12406 12407
4 12408 12409 12410 12411
4 12412 12413 12414 12415
4 12416 12417 12418 12419
4 12420 12421 12422 12423
4 12424 12425 12426 12427
4 12428 12429 12430 12431
4 12432 12433 12434 12435
4 12436 12437 12438 12439
4 12440 12441 12442 12443
4 12444 12445 12446 12447
4 12448 12449 12450 12451
4 12452 12453 12454 12455
4 12456 12457 12458 12459
4 12460 12461 12462 12463
4 12464 12465 12466 12467
4 12468 12469 12470 12471
4 12472 12473 12474 12475
4 12476 12477 12478 12479
4 12480 12481 12482 12483
4 12484 12485 12486 12487
4 12488 12489 12490 12491
4 12492 12493 12494 12495
4 12496 12497 12498 12499
4 12500 12501 12502 12503
4 12504 12505 12506 12507
4 12508 12509 12510 12511
4 12512 12513 12514 12515
4 12516 12517 12518 12519
4 12520 12521 12522 12523
4 12524 12525 12526 12527
4 12528 12529 12530 12531
4 12532 12533 12534 12535
4 12536 12537 12538 12539
4 12540 12541 12542 12543
4 12544 12545 12546 12547
4 12548 12549 12550 12551
4 12552 12553 12554 12555
4 12556 12557 12558 12559
4 12560 12561 12562 12563
4 12564 12565 12566 12567
4 12568 12569 12570 12571
4 12572 12573 12574 12575
4 12576 12577 12578 12579
4 12580 12581 12582 12583
4 12584 12585 12586 12587
4 12588 12589 12590 12591
4 12592 12593 12594 12595
4 12596 12597 12598 12599
4 12600 12601 12602 12603
4 12604 12605 12606 12607
4 12608 12609 12610 12611
4 12612 12613 12614 12615
4 12616 12617 12618 12619
4 12620 12621 12622 12623
4 12624 12625 12626 12627
4 12628 12629 12630 12631
4 12632 12633 12634 12635
4 12636 12637 12638 12639
4 12640 12641 12642 12643
4 12644 12645 12646 12647
4 12648 12649 12650 12651
4 12652 12653 12654 12655
4 12656 12657 12658 12659
4 12660 12661 12662 12663
4 12664 12665 12666 12667
4 12668 12669 12670 12671
4 12672 12673 12674 12675
4 12676 12677 12678 12679
4 12680 12681 12682 12683
4 12684 12685 12686 12687
4 12688 12689 12690 12691
4 12692 12693 12694 12695
4 12696 12697 12698 12699
4 12700 12701 12702 12703
4 12704 12705 12706 12707
4 12708 12709 12710 12711
4 12712 12713 12714 12715
4 12716 12717 12718 12719
4 12720 12721 12722 12723
4 12724 12725 12726 12727
4 12728 12729 12730 12731
4 12732 12733 12734 12735
4 12736 12737 12738 12739
4 12740 12741 12742 12743
4 12744 12745 12746 12747
4 12748 12749 12750 12751
4 12752 12753 12754 12755
4 12756 12757 12758 12759
4 12760 12761 12762 12763
4 12764 12765 12766 12767
4 12768 12769 12770 12771
4 12772 12773 12774 12775
4 12776 12777 12778 12779
4 12780 12781 12782 12783
4 12784 12785 12786 12787
4 12788 12789 12790 12791
4 12792 12793 12794 12795
4 12796 12797 12798 12799

CELL_TYPES 3200
7 7 7 7 7 7 7 7 7 7 7 7 7 7 7 7 7 7 7 7 7 7 7 7 7 7 7 7 7 7 7 7 7 7 7 7 7 7 7 7 7 7 7 7 7 7 7 7 7 7 7 7 7 7 7 7 7 7 7 7 7 7 7 7 7 7 7 7 7 7 7 7 7 7 7 7 7 7 7 7 7 7 7 7 7 7 7 7 7 7 7 7 7 7 7 7 7 7 7 7 7 7 7 7 7 7 7 7 7 7 7 7 7 7 7 7 7 7 7 7 7 7 7 7 7 7 7 7 7 7 7 7 7 7 7 7 7 7 7 7 7 7 7 7 7 7 7 7 7 7 7 7 7 7 7 7 7 7 7 7 7 7 7 7 7 7 7 7 7 7 7 7 7 7 7 7 7 7 7 7 7 7 7 7 7 7 7 7 7 7 7 7 7 7 7 7 7 7 7 7 7 7 7 7 7 7 7 7 7 7 7 7 7 7 7 7 7 7 7 7 7 7 7 7 7 7 7 7 7 7 7 7 7 7 7 7 7 7 7 7 7 7 7 7 7 7 7 7 7 7 7 7 7 7 7 7 7 7 7 7 7 7 7 7 7 7 7 7 7 7 7 7 7 7 7 7 7 7 7 7 7 7 7 7 7 7 7 7 7 7 7 7 7 7 7 7 7 7 7 7 7 7 7 7 7 7 7 7 7 7 7 7 7 7 7 7 7 7 7 7 7 7 7 7 7 7 7 7 7 7 7 7 7 7 7 7 7 7 7 7 7 7 7 7 7 7 7 7 7 7 7 7 7 7 7 7 7 7 7 7 7 7 7 7 7 7 7 7 7 7 7 7 7 7 7 7 7 7 7 7 7 7 7 7 7 7 7 7 7 7 7 7 7 7 7 7 7 7 7 7 7 7 7 7 7 7 7 7 7 7 7 7 7 7 7 7 7 7 7 7 7 7 7 7 7 7 7 7 7 7 7 7 7 7 7 7 7 7 7 7 7 7 7 7 7 7 7 7 7 7 7 7 7 7 7 7 7 7 7 7 7 7 7 7 7 7 7 7 7 7 7 7 7 7 7 7 7 7 7 7 7 7 7 7 7 7 7 7 7 7 7 7 7 7 7 7 7 7 7 7 7 7 7 7 7 7 7 7 7 7 7 7 7 7 7 7 7 7 7 7 7 7 7 7 7 7 7 7 7 7 7 7 7 7 7 7 7 7 7 7 7 7 7 7 7 7 7 7 7 7 7 7 7 7 7 7 7 7 7 7 7 7 7 7 7 7 7 7 7 7 7 7 7 7 7 7 7 7 7 7 7 7 7 7 7 7 7 7 7 7 7 7 7 7 7 7 7 7 7 7 7 7 7 7 7 7 7 7 7 7 7 7 7 7 7 7 7 7 7 7 7 7 7 7 7 7 7 7 7 7 7 7 7 7 7 7 7 7 7 7 7 7 7 7 7 7 7 7 7 7 7 7 7 7 7 7 7 7 7 7 7 7 7 7 7 7 7 7 7 7 7 7 7 7 7 7 7 7 7 7 7 7 7 7 7 7 7 7 7 7 7 7 7 7 7 7 7 7 7 7 7 7 7 7 7 7 7 7 7 7 7 7 7 7 7 7 7 7 7 7 7 7 7 7 7 7 7 7 7 7 7 7 7 7 7 7 7 7 7 7 7 7 7 7 7 7 7 7 7 7 7 7 7 7 7 7 7 7 7 7 7 7 7 7 7 7 7 7 7 7 7 7 7 7 7 7 7 7 7 7 7 7 7 7 7 7 7 7 7 7 7 7 7 7 7 7 7 7 7 7 7 7 7 7 7 7 7 7 7 7 7 7 7 7 7 7 7 7 7 7 7 7 7 7 7 7 7 7 7 7 7 7 7 7 7 7 7 7 7 7 7 7 7 7 7 7 7 7 7 7 7 7 7 7 7 7 7 7 7 7 7 7 7 7 7 7 7 7 7 7 7 7 7 7 7 7 7 7 7 7 7 7 7 7 7 7 7 7 7 7 7 7 7 7 7 7 7 7 7 7 7 7 7 7 7 7 7 7 7 7 7 7 7 7 7 7 7 7 7 7 7 7 7 7 7 7 7 7 7 7 7 7 7 7 7 7 7 7 7 7 7 7 7 7 7 7 7 7 7 7 7 7 7 7 7 7 7 7 7 7 7 7 7 7 7 7 7 7 7 7 7 7 7 7 7 7 7 7 7 7 7 7 7 7 7 7 7 7 7 7 7 7 7 7 7 7 7 7 7 7 7 7 7 7 7 7 7 7 7 7 7 7 7 7 7 7 7 7 7 7 7 7 7 7 7 7 7 7 7 7 7 7 7 7 7 7 7 7 7 7 7 7 7 7 7 7 7 7 7 7 7 7 7 7 7 7 7 7 7 7 7 7 7 7 7 7 7 7 7 7 7 7 7 7 7 7 7 7 7 7 7 7 7 7 7 7 7 7 7 7 7 7 7 7 7 7 7 7 7 7 7 7 7 7 7 7 7 7 7 7 7 7 7 7 7 7 7 7 7 7 7 7 7 7 7 7 7 7 7 7 7 7 7 7 7 7 7 7 7 7 7 7 7 7 7 7 7 7 7 7 7 7 7 7 7 7 7 7 7 7 7 7 7 7 7 7 7 7 7 7 7 7 7 7 7 7 7 7 7 7 7 7 7 7 7 7 7 7 7 7 7 7 7 7 7 7 7 7 7 7 7 7 7 7 7 7 7 7 7 7 7 7 7 7 7 7 7 7 7 7 7 7 7 7 7 7 7 7 7 7 7 7 7 7 7 7 7 7 7 7 7 7 7 7 7 7 7 7 7 7 7 7 7 7 7 7 7 7 7 7 7 7 7 7 7 7 7 7 7 7 7 7 7 7 7 7 7 7 7 7 7 7 7 7 7 7 7 7 7 7 7 7 7 7 7 7 7 7 7 7 7 7 7 7 7 7 7 7 7 7 7 7 7 7 7 7 7 7 7 7 7 7 7 7 7 7 7 7 7 7 7 7 7 7 7 7 7 7 7 7 7 7 7 7 7 7 7 7 7 7 7 7 7 7 7 7 7 7 7 7 7 7 7 7 7 7 7 7 7 7 7 7 7 7 7 7 7 7 7 7 7 7 7 7 7 7 7 7 7 7 7 7 7 7 7 7 7 7 7 7 7 7 7 7 7 7 7 7 7 7 7 7 7 7 7 7 7 7 7 7 7 7 7 7 7 7 7 7 7 7 7 7 7 7 7 7 7 7 7 7 7 7 7 7 7 7 7 7 7 7 7 7 7 7 7 7 7 7 7 7 7 7 7 7 7 7 7 7 7 7 7 7 7 7 7 7 7 7 7 7 7 7 7 7 7 7 7 7 7 7 7 7 7 7 7 7 7 7 7 7 7 7 7 7 7 7 7 7 7 7 7 7 7 7 7 7 7 7 7 7 7 7 7 7 7 7 7 7 7 7 7 7 7 7 7 7 7 7 7 7 7 7 7 7 7 7 7 7 7 7 7 7 7 7 7 7 7 7 7 7 7 7 7 7 7 7 7 7 7 7 7 7 7 7 7 7 7 7 7 7 7 7 7 7 7 7 7 7 7 7 7 7 7 7 7 7 7 7 7 7 7 7 7 7 7 7 7 7 7 7 7 7 7 7 7 7 7 7 7 7 7 7 7 7 7 7 7 7 7 7 7 7 7 7 7 7 7 7 7 7 7 7 7 7 7 7 7 7 7 7 7 7 7 7 7 7 7 7 7 7 7 7 7 7 7 7 7 7 7 7 7 7 7 7 7 7 7 7 7 7 7 7 7 7 7 7 7 7 7 7 7 7 7 7 7 7 7 7 7 7 7 7 7 7 7 7 7 7 7 7 7 7 7 7 7 7 7 7 7 7 7 7 7 7 7 7 7 7 7 7 7 7 7 7 7 7 7 7 7 7 7 7 7 7 7 7 7 7 7 7 7 7 7 7 7 7 7 7 7 7 7 7 7 7 7 7 7 7 7 7 7 7 7 7 7 7 7 7 7 7 7 7 7 7 7 7 7 7 7 7 7 7 7 7 7 7 7 7 7 7 7 7 7 7 7 7 7 7 7 7 7 7 7 7 7 7 7 7 7 7 7 7 7 7 7 7 7 7 7 7 7 7 7 7 7 7 7 7 7 7 7 7 7 7 7 7 7 7 7 7 7 7 7 7 7 7 7 7 7 7 7 7 7 7 7 7 7 7 7 7 7 7 7 7 7 7 7 7 7 7 7 7 7 7 7 7 7 7 7 7 7 7 7 7 7 7 7 7 7 7 7 7 7 7 7 7 7 7 7 7 7 7 7 7 7 7 7 7 7 7 7 7 7 7 7 7 7 7 7 7 7 7 7 7 7 7 7 7 7 7 7 7 7 7 7 7 7 7 7 7 7 7 7 7 7 7 7 7 7 7 7 7 7 7 7 7 7 7 7 7 7 7 7 7 7 7 7 7 7 7 7 7 7 7 7 7 7 7 7 7 7 7 7 7 7 7 7 7 7 7 7 7 7 7 7 7 7 7 7 7 7 7 7 7 7 7 7 7 7 7 7 7 7 7 7 7 7 7 7 7 7 7 7 7 7 7 7 7 7 7 7 7 7 7 7 7 7 7 7 7 7 7 7 7 7 7 7 7 7 7 7 7 7 7 7 7 7 7 7 7 7 7 7 7 7 7 7 7 7 7 7 7 7 7 7 7 7 7 7 7 7 7 7 7 7 7 7 7 7 7 7 7 7 7 7 7 7 7 7 7 7 7 7 7 7 7 7 7 7 7 7 7 7 7 7 7 7 7 7 7 7 7 7 7 7 7 7 7 7 7 7 7 7 7 7 7 7 7 7 7 7 7 7 7 7 7 7 7 7 7 7 7 7 7 7 7 7 7 7 7 7 7 7 7 7 7 7 7 7 7 7 7 7 7 7 7 7 7 7 7 7 7 7 7 7 7 7 7 7 7 7 7 7 7 7 7 7 7 7 7 7 7 7 7 7 7 7 7 7 7 7 7 7 7 7 7 7 7 7 7 7 7 7 7 7 7 7 7 7 7 7 7 7 7 7 7 7 7 7 7 7 7 7 7 7 7 7 7 7 7 7 7 7 7 7 7 7 7 7 7 7 7 7 7 7 7 7 7 7 7 7 7 7 7 7 7 7 7 7 7 7 7 7 7 7 7 7 7 7 7 7 7 7 7 7 7 7 7 7 7 7 7 7 7 7 7 7 7 7 7 7 7 7 7 7 7 7 7 7 7 7 7 7 7 7 7 7 7 7 7 7 7 7 7 7 7 7 7 7 7 7 7 7 7 7 7 7 7 7 7 7 7 7 7 7 7 7 7 7 7 7 7 7 7 7 7 7 7 7 7 7 7 7 7 7 7 7 7 7 7 7 7 7 7 7 7 7 7 7 7 7 7 7 7 7 7 7 7 7 7 7 7 7 7 7 7 7 7 7 7 7 7 7 7 7 7 7 7 7 7 7 7 7 7 7 7 7 7 7 7 7 7 7 7 7 7 7 7 7 7 7 7 7 7 7 7 7 7 7 7 7 7 7 7 7 7 7 7 7 7 7 7 7 7 7 7 7 7 7 7 7 7 7 7 7 7 7 7 7 7 7 7 7 7 7 7 7 7 7 7 7 7 7 7 7 7 7 7 7 7 7 7 7 7 7 7 7 7 7 7 7 7 7 7 7 7 7 7 7 7 7 7 7 7 7 7 7 7 7 7 7 7 7 7 7 7 7 7 7 7 7 7 7 7 7 7 7 7 7 7 7 7 7 7 7 7 7 7 7 7 7 7 7 7 7 7 7 7 7 7 7 7 7 7 7 7 7 7 7 7 7 7 7 7 7 7 7 7 7 7 7 7 7 7 7 7 7 7 7 7 7 7 7 7 7 7 7 7 7 7 7 7 7 7 7 7 7 7 7 7 7 7 7 7 7 7 7 7 7 7 7 7 7 7 7 7 7 7 7 7 7 7 7 7 7 7 7 7 7 7 7 7 7 7 7 7 7 7 7 7 7 7 7 7 7 7 7 7 7 7 7 7 7 7 7 7 7 7 7 7 7 7 7 7 7 7 7 7 7 7 7 7 7 7 7 7 7 7 7 7 7 7 7 7 7 7 7 7 7 7 7 7 7 7 7 7 7 7 7 7 7 7 7 7 7 7 7 7 7 7 7 7 7 7 7 7 7 7 7 7 7 7 7 7 7 7 7 7 7 7 7 7 7 7 7 7 7 7 7 7 7 7 7 7 7 7 7 7 7 7 7 7 7 7 7 7 7 7 7 7 7 7 7 7 7 7 7 7 7 7 7 7 7 7 7 7 7 7 7 7 7 7 7 7 7 7 7 7 7 7 7 7 7 7 7 7 7 7 7 7 7 7 7 7 7 7 7 7 7 7 7 7 7 7 7 7 7 7 7 7 7 7 7 7 7 7 7 7 7 7 7 7 7 7 7 7 7 7 7 7 7 7 7 7 7 7 7 7 7 7 7 7 7 7 7 7 7 7 7 7 7 7 7 7 7 7 7 7 7 7 7 7 7 7 7 7 7 7 7 7 7 7 7 7 7 7 7 7 7 7 7 7 7 7 7 7 7 7 7 7 7 7 7 7 7 7 7 7 7 7 7 7 7 7 7 7 7 7 7 7 7 7 7 7 7 7 7 7 7 7 7 7 7 7 7 7 7 7 7 7 7 7 7 7 7 7 7 7 7 7 7 7 7 7 7 7 7 7 7 7 7 7 7 7 7 7 7 7 7 7 7 7 7 7 7 7 7 7 7 7 7 7 7 7 7 7 7 7 7 7 7 7 7 7 7 7 7 7 7 7 7 7 7 7 7 7 7 7 7 7 7 7 7 7 7 7 7 7 7 7 7 7 7 7 7 7 7 7 7 7 7 7 7 7 7 7 7 7 7 7 7 7 7 7 7 7 7 7 7 7 7 7 7 7 7 7 7 7 7 7 7 7 7 7 7 7 7 7 7 7 7 7 7 7 7 7 7 7 7 7 7 7 7 7 7 7 7 7 7 7 7 7 7 7 7 7 7 7 7 7 7 7 7 7 7 7 7 7 7 7 7 7 7 7 7 7 7 7 7 7 7 7 7 7 7 7 7 7 7 7 7 7 7 7 7 7 7 7 7 7 7 7 7 7 7 7 7 7 7 7 7 7 7 7 7 7 7 7 7 7 7 7 7 7 7 7 7 7 7 7 

POINT_DATA 12800
VECTORS vel FLOAT
-3.678799e-03 2.921529e-08 0
-3.678879e-03 3.699245e-08 0
3.348407e-01 3.610185e-07 0
3.348413e-01 3.737361e-07 0
3.348413e-01 3.737361e-07 0
3.348407e-01 3.610185e-07 0
6.170206e-01 8.797350e-07 0
6.169803e-01 1.358972e-06 0
6.169803e-01 1.358972e-06 0
6.170206e-01 8.797350e-07 0
8.255606e-01 9.038015e-07 0
8.255601e-01 1.378337e-06 0
8.255601e-01 1.378337e-06 0
8.255606e-01 9.038015e-07 0
9.622710e-01 3.569062e-07 0
9.622703e-01 2.065315e-07 0
9.622703e-01 2.065315e-07 0
9.622710e-01 3.569062e-07 0
1.041843e+00 7.096383e-08 0
1.041842e+00 -6.004300e-08 0
1.041842e+00 -6.004300e-08 0
1.041843e+00 7.096383e-08 0
1.084017e+00 -4.113276e-08 0
1.084017e+00 -5.806891e-08 0
1.084017e+00 -5.806891e-08 0
1.084017e+00 -4.113276e-08 0
1.104646e+00 -5.683407e-08 0
1.104646e+00 -3.031796e-08 0
1.104646e+00 -3.031796e-08 0
1.104646e+00 -5.683407e-08 0
1.114068e+00 -8.863799e-08 0
1.114068e+00 -6.481417e-08 0
1.114068e+00 -6.481417e-08 0
1.114068e+00 -8.863799e-08 0
1.118126e+00 -1.389017e-07 0
1.118126e+00 -1.368598e-07 0
1.118126e+00 -1.368598e-07 0
1.118126e+00 -1.389017e-07 0
1.119787e+00 -1.967012e-07 0
1.119787e+00 -2.167712e-07 0
1.119787e+00 -2.167712e-07 0
1.119787e+00 -1.967012e-07 0
1.120438e+00 -2.522283e-07 0
1.120438e+00 -2.872027e-07 0
1.120438e+00 -2.872027e-07 0
1.120438e+00 -2.522283e-07 0
1.120684e+00 -2.975685e-07 0
1.120684e+00 -3.411991e-07 0
1.120684e+00 -3.411991e-07 0
1.120684e+00 -2.975685e-07 0
1.120773e+00 -3.313972e-07 0
1.120773e+00 -3.773697e-07 0
1.120773e+00 -3.773697e-07 0
1.120773e+00 -3.313972e-07 0
1.120805e+00 -3.531916e-07 0
1.120805e+00 -3.967677e-07 0
1.120805e+00 -3.967677e-07 0
1.120805e+00 -3.531916e-07 0
1.120816e+00 -3.635827e-07 0
1.120816e+00 -4.009484e-07 0
1.120816e+00 -4.009484e-07 0
1.120816e+00 -3.635827e-07 0
1.120819e+00 -3.636900e-07 0
1.120819e+00 -3.921098e-07 0
1.120819e+00 -3.921098e-07 0
1.120819e+00 -3.636900e-07 0
1.120820e+00 -3.549539e-07 0
1.120821e+00 -3.723689e-07 0
1.120821e+00 -3.723689e-07 0
1.120820e+00 -3.549539e-07 0
1.120821e+00 -3.389004e-07 0
1.120821e+00 -3.438346e-07 0
1.120821e+00 -3.438346e-07 0
1.120821e+00 -3.389004e-07 0
1.120821e+00 -3.174124e-07 0
1.120821e+00 -3.090103e-07 0
1.120821e+00 -3.090103e-07 0
1.120821e+00 -3.174124e-07 0
1.120821e+00 -2.920026e-07 0
1.120821e+00 -2.698607e-07 0
1.120821e+00 -2.698607e-07 0
1.120821e+00 -2.920026e-07 0
1.120821e+00 -2.645041e-07 0
1.120821e+00 -2.287782e-07 0
1.120821e+00 -2.287782e-07 0
1.120821e+00 -2.645041e-07 0
1.120821e+00 -2.366858e-07 0
1.120821e+00 -1.880637e-07 0
1.120821e+00 -1.880637e-07 0
1.120821e+00 -2.366858e-07 0
1.120820e+00 -2.102959e-07 0
1.120820e+00 -1.499978e-07 0
1.120820e+00 -1.499978e-07 0
1.120820e+00 -2.102959e-07 0
1.120819e+00 -1.870682e-07 0
1.120819e+00 -1.168350e-07 0
1.120819e+00 -1.168350e-07 0
1.120819e+00 -1.870682e-07 0
1.120815e+00 -1.686110e-07 0
1.120815e+00 -9.072468e-08 0
1.120815e+00 -9.072468e-08 0
1.120815e+00 -1.686110e-07 0
1.120804e+00 -1.566045e-07 0
1.120804e+00 -7.405484e-08 0
1.120804e+00 -7.405484e-08 0
1.120804e+00 -1.566045e-07 0
1.120773e+00 -1.523294e-07 0
1.120773e+00 -6.918895e-08 0
1.120773e+00 -6.918895e-08 0
1.120773e+00 -1.523294e-07 0
1.120683e+00 -1.561021e-07 0
1.120683e+00 -7.715642e-08 0
1.120683e+00 -7.715642e-08 0
1.120683e+00 -1.561021e-07 0
1.120438e+00 -1.667989e-07 0
1.120438e+00 -9.939334e-08 0
1.120438e+00 -9.939334e-08 0
1.120438e+00 -1.667989e-07 0
1.119788e+00 -1.828480e-07 0
1.119787e+00 -1.343045e-07 0
1.119787e+00 -1.343045e-07 0
1.119788e+00 -1.828480e-07 0
1.118128e+00 -1.980811e-07 0
1.118128e+00 -1.754193e-07 0
1.118128e+00 -1.754193e-07 0
1.118128e+00 -1.980811e-07 0
1.114074e+00 -2.033479e-07 0
1.114074e+00 -2.066869e-07 0
1.114074e+00 -2.066869e-07 0
1.114074e+00 -2.033479e-07 0
1.104662e+00 -1.924455e-07 0
1.104662e+00 -2.020856e-07 0
1.104662e+00 -2.020856e-07 0
1.104662e+00 -1.924455e-07 0
1.084052e+00 -1.872050e-07 0
1.084052e+00 -1.467886e-07 0
1.084052e+00 -1.467886e-07 0
1.084052e+00 -1.872050e-07 0
1.041903e+00 -2.458515e-07 0
1.041903e+00 -9.968305e-08 0
1.041903e+00 -9.968305e-08 0
1.041903e+00 -2.458515e-07 0
9.623511e-01 -5.115713e-07 0
9.623505e-01 -3.371393e-07 0
9.623505e-01 -3.371393e-07 0
9.623511e-01 -5.115713e-07 0
8.255601e-01 -1.017225e-06 0
8.255596e-01 -1.483973e-06 0
8.255596e-01 -1.483973e-06 0
8.255601e-01 -1.017225e-06 0
6.170386e-01 -9.526483e-07 0
6.169648e-01 -1.428283e-06 0
6.169648e-01 -1.428283e-06 0
6.170386e-01 -9.526483e-07 0
3.348404e-01 -3.879011e-07 0
3.348411e-01 -3.998304e-07 0
3.348411e-01 -3.998304e-07 0
3.348404e-01 -3.879011e-07 0
-3.678891e-03 -3.728095e-08 0
-3.678807e-03 -2.956423e-08 0
-3.678879e-03 3.699245e-08 0
-3.678900e-03 1.074206e-08 0
3.348405e-01 -7.211961e-09 0
3.348407e-01 3.610185e-07 0
3.348407e-01 3.610185e-07 0
3.348405e-01 -7.211961e-09 0
6.169647e-01 -3.669733e-07 0
6.170206e-01 8.797350e-07 0
6.170206e-01 8.797350e-07 0
6.169647e-01 -3.669733e-07 0
8.255606e-01 -2.982824e-07 0
8.255606e-01 9.038015e-07 0
8.255606e-01 9.038015e-07 0
8.255606e-01 -2.982824e-07 0
9.622712e-01 2.483715e-07 0
9.622710e-01 3.569062e-07 0
9.622710e-01 3.569062e-07 0
9.622712e-01 2.483715e-07 0
1.041843e+00 2.603837e-07 0
1.041843e+00 7.096383e-08 0
1.041843e+00 7.096383e-08 0
1.041843e+00 2.603837e-07 0
1.084017e+00 1.418944e-07 0
1.084017e+00 -4.113276e-08 0
1.084017e+00 -4.113276e-08 0
1.084017e+00 1.418944e-07 0
1.104646e+00 1.967970e-08 0
1.104646e+00 -5.683407e-08 0
1.104646e+00 -5.683407e-08 0
1.104646e+00 1.967970e-08 0
1.114068e+00 -6.550422e-08 0
1.114068e+00 -8.863799e-08 0
1.114068e+00 -8.863799e-08 0
1.114068e+00 -6.550422e-08 0
1.118126e+00 -1.293175e-07 0
1.118126e+00 -1.389017e-07 0
1.118126e+00 -1.389017e-07 0
1.118126e+00 -1.293175e-07 0
1.119787e+00 -1.823814e-07 0
1.119787e+00 -1.967012e-07 0
1.119787e+00 -1.967012e-07 0
1.119787e+00 -1.823814e-07 0
1.120438e+00 -2.284134e-07 0
1.120438e+00 -2.522283e-07 0
1.120438e+00 -2.522283e-07 0
1.120438e+00 -2.284134e-07 0
1.120684e+00 -2.674168e-07 0
1.120684e+00 -2.975685e-07 0
1.120684e+00 -2.975685e-07 0
1.120684e+00 -2.674168e-07 0
1.120773e+00 -2.986854e-07 0
1.120773e+00 -3.313972e-07 0
1.120773e+00 -3.313972e-07 0
1.120773e+00 -2.986854e-07 0
1.120805e+00 -3.218034e-07 0
1.120805e+00 -3.531916e-07 0
1.120805e+00 -3.531916e-07 0
1.120805e+00 -3.218034e-07 0
1.120816e+00 -3.368478e-07 0
1.120816e+00 -3.635827e-07 0
1.120816e+00 -3.635827e-07 0
1.120816e+00 -3.368478e-07 0
1.120819e+00 -3.442734e-07 0
1.120819e+00 -3.636900e-07 0
1.120819e+00 -3.636900e-07 0
1.120819e+00 -3.442734e-07 0
1.120820e+00 -3.448668e-07 0
1.120820e+00 -3.549539e-07 0
1.120820e+00 -3.549539e-07 0
1.120820e+00 -3.448668e-07 0
1.120821e+00 -3.395867e-07 0
1.120821e+00 -3.389004e-07 0
1.120821e+00 -3.389004e-07 0
1.120821e+00 -3.395867e-07 0
1.120821e+00 -3.296874e-07 0
1.120821e+00 -3.174124e-07 0
1.120821e+00 -3.174124e-07 0
1.120821e+00 -3.296874e-07 0
1.120821e+00 -3.162464e-07 0
1.120821e+00 -2.920026e-07 0
1.120821e+00 -2.920026e-07 0
1.120821e+00 -3.162464e-07 0
1.120821e+00 -3.005594e-07 0
1.120821e+00 -2.645041e-07 0
1.120821e+00 -2.645041e-07 0
1.120821e+00 -3.005594e-07 0
1.120821e+00 -2.838926e-07 0
1.120821e+00 -2.366858e-07 0
1.120821e+00 -2.366858e-07 0
1.120821e+00 -2.838926e-07 0
1.120820e+00 -2.674885e-07 0
1.120820e+00 -2.102959e-07 0
1.120820e+00 -2.102959e-07 0
1.120820e+00 -2.674885e-07 0
1.120819e+00 -2.524797e-07 0
1.120819e+00 -1.870682e-07 0
1.120819e+00 -1.870682e-07 0
1.120819e+00 -2.524797e-07 0
1.120815e+00 -2.400724e-07 0
1.120815e+00 -1.686110e-07 0
1.120815e+00 -1.686110e-07 0
1.120815e+00 -2.400724e-07 0
1.120804e+00 -2.312859e-07 0
1.120804e+00 -1.566045e-07 0
1.120804e+00 -1.566045e-07 0
1.120804e+00 -2.312859e-07 0
1.120773e+00 -2.267978e-07 0
1.120773e+00 -1.523294e-07 0
1.120773e+00 -1.523294e-07 0
1.120773e+00 -2.267978e-07 0
1.120683e+00 -2.264846e-07 0
1.120683e+00 -1.561021e-07 0
1.120683e+00 -1.561021e-07 0
1.120683e+00 -2.264846e-07 0
1.120438e+00 -2.300335e-07 0
1.120438e+00 -1.667989e-07 0
1.120438e+00 -1.667989e-07 0
1.120438e+00 -2.300335e-07 0
1.119788e+00 -2.377566e-07 0
1.119788e+00 -1.828480e-07 0
1.119788e+00 -1.828480e-07 0
1.119788e+00 -2.377566e-07 0
1.118128e+00 -2.505965e-07 0
1.118128e+00 -1.980811e-07 0
1.118128e+00 -1.980811e-07 0
1.118128e+00 -2.505965e-07 0
1.114074e+00 -2.733906e-07 0
1.114074e+00 -2.033479e-07 0
1.114074e+00 -2.033479e-07 0
1.114074e+00 -2.733906e-07 0
1.104662e+00 -3.165718e-07 0
1.104662e+00 -1.924455e-07 0
1.104662e+00 -1.924455e-07 0
1.104662e+00 -3.165718e-07 0
1.084052e+00 -3.805532e-07 0
1.084052e+00 -1.872050e-07 0
1.084052e+00 -1.872050e-07 0
1.084052e+00 -3.805532e-07 0
1.041903e+00 -4.617642e-07 0
1.041903e+00 -2.458515e-07 0
1.041903e+00 -2.458515e-07 0
1.041903e+00 -4.617642e-07 0
9.623512e-01 -4.091816e-07 0
9.623511e-01 -5.115713e-07 0
9.623511e-01 -5.115713e-07 0
9.623512e-01 -4.091816e-07 0
8.255601e-01 1.979132e-07 0
8.255601e-01 -1.017225e-06 0
8.255601e-01 -1.017225e-06 0
8.255601e-01 1.979132e-07 0
6.169642e-01 3.132254e-07 0
6.170386e-01 -9.526483e-07 0
6.170386e-01 -9.526483e-07 0
6.169642e-01 3.132254e-07 0
3.348402e-01 -1.226820e-08 0
3.348404e-01 -3.879011e-07 0
3.348404e-01 -3.879011e-07 0
3.348402e-01 -1.226820e-08 0
-3.678912e-03 -1.037579e-08 0
-3.678891e-03 -3.728095e-08 0
-3.678900e-03 1.074206e-08 0
-3.678902e-03 -1.581737e-08 0
3.348411e-01 -1.650546e-07 0
3.348405e-01 -7.211961e-09 0
3.348405e-01 -7.211961e-09 0
3.348411e-01 -1.650546e-07 0
6.169651e-01 -6.262829e-07 0
6.169647e-01 -3.669733e-07 0
6.169647e-01 -3.669733e-07 0
6.169651e-01 -6.262829e-07 0
8.255599e-01 -5.767299e-07 0
8.255606e-01 -2.982824e-07 0
8.255606e-01 -2.982824e-07 0
8.255599e-01 -5.767299e-07 0
9.622705e-01 6.877759e-08 0
9.622712e-01 2.483715e-07 0
9.622712e-01 2.483715e-07 0
9.622705e-01 6.877759e-08 0
1.041843e+00 1.903096e-07 0
1.041843e+00 2.603837e-07 0
1.041843e+00 2.603837e-07 0
1.041843e+00 1.903096e-07 0
1.084017e+00 1.004235e-07 0
1.084017e+00 1.418944e-07 0
1.084017e+00 1.418944e-07 0
1.084017e+00 1.004235e-07 0
1.104646e+00 -1.231766e-08 0
1.104646e+00 1.967970e-08 0
1.104646e+00 1.967970e-08 0
1.104646e+00 -1.231766e-08 0
1.114068e+00 -9.048077e-08 0
1.114068e+00 -6.550422e-08 0
1.114068e+00 -6.550422e-08 0
1.114068e+00 -9.048077e-08 0
1.118126e+00 -1.420901e-07 0
1.118126e+00 -1.293175e-07 0
1.118126e+00 -1.293175e-07 0
1.118126e+00 -1.420901e-07 0
1.119787e+00 -1.813487e-07 0
1.119787e+00 -1.823814e-07 0
1.119787e+00 -1.823814e-07 0
1.119787e+00 -1.813487e-07 0
1.120438e+00 -2.157055e-07 0
1.120438e+00 -2.284134e-07 0
1.120438e+00 -2.284134e-07 0
1.120438e+00 -2.157055e-07 0
1.120684e+00 -2.471460e-07 0
1.120684e+00 -2.674168e-07 0
1.120684e+00 -2.674168e-07 0
1.120684e+00 -2.471460e-07 0
1.120773e+00 -2.751860e-07 0
1.120773e+00 -2.986854e-07 0
1.120773e+00 -2.986854e-07 0
1.120773e+00 -2.751860e-07 0
1.120805e+00 -2.989524e-07 0
1.120805e+00 -3.218034e-07 0
1.120805e+00 -3.218034e-07 0
1.120805e+00 -2.989524e-07 0
1.120816e+00 -3.178700e-07 0
1.120816e+00 -3.368478e-07 0
1.120816e+00 -3.368478e-07 0
1.120816e+00 -3.178700e-07 0
1.120819e+00 -3.316919e-07 0
1.120819e+00 -3.442734e-07 0
1.120819e+00 -3.442734e-07 0
1.120819e+00 -3.316919e-07 0
1.120820e+00 -3.405706e-07 0
1.120820e+00 -3.448668e-07 0
1.120820e+00 -3.448668e-07 0
1.120820e+00 -3.405706e-07 0
1.120821e+00 -3.449109e-07 0
1.120821e+00 -3.395867e-07 0
1.120821e+00 -3.395867e-07 0
1.120821e+00 -3.449109e-07 0
1.120821e+00 -3.454602e-07 0
1.120821e+00 -3.296874e-07 0
1.120821e+00 -3.296874e-07 0
1.120821e+00 -3.454602e-07 0
1.120821e+00 -3.427697e-07 0
1.120821e+00 -3.162464e-07 0
1.120821e+00 -3.162464e-07 0
1.120821e+00 -3.427697e-07 0
1.120821e+00 -3.376622e-07 0
1.120821e+00 -3.005594e-07 0
1.120821e+00 -3.005594e-07 0
1.120821e+00 -3.376622e-07 0
1.120821e+00 -3.309259e-07 0
1.120821e+00 -2.838926e-07 0
1.120821e+00 -2.838926e-07 0
1.120821e+00 -3.309259e-07 0
1.120820e+00 -3.233178e-07 0
1.120820e+00 -2.674885e-07 0
1.120820e+00 -2.674885e-07 0
1.120820e+00 -3.233178e-07 0
1.120819e+00 -3.155243e-07 0
1.120819e+00 -2.524797e-07 0
1.120819e+00 -2.524797e-07 0
1.120819e+00 -3.155243e-07 0
1.120815e+00 -3.080963e-07 0
1.120815e+00 -2.400724e-07 0
1.120815e+00 -2.400724e-07 0
1.120815e+00 -3.080963e-07 0
1.120804e+00 -3.014454e-07 0
1.120804e+00 -2.312859e-07 0
1.120804e+00 -2.312859e-07 0
1.120804e+00 -3.014454e-07 0
1.120773e+00 -2.959167e-07 0
1.120773e+00 -2.267978e-07 0
1.120773e+00 -2.267978e-07 0
1.120773e+00 -2.959167e-07 0
1.120683e+00 -2.904028e-07 0
1.120683e+00 -2.264846e-07 0
1.120683e+00 -2.264846e-07 0
1.120683e+00 -2.904028e-07 0
1.120438e+00 -2.847934e-07 0
1.120438e+00 -2.300335e-07 0
1.120438e+00 -2.300335e-07 0
1.120438e+00 -2.847934e-07 0
1.119788e+00 -2.791316e-07 0
1.119788e+00 -2.377566e-07 0
1.119788e+00 -2.377566e-07 0
1.119788e+00 -2.791316e-07 0
1.118128e+00 -2.758590e-07 0
1.118128e+00 -2.505965e-07 0
1.118128e+00 -2.505965e-07 0
1.118128e+00 -2.758590e-07 0
1.114075e+00 -2.822922e-07 0
1.114074e+00 -2.733906e-07 0
1.114074e+00 -2.733906e-07 0
1.114075e+00 -2.822922e-07 0
1.104663e+00 -3.113801e-07 0
1.104662e+00 -3.165718e-07 0
1.104662e+00 -3.165718e-07 0
1.104663e+00 -3.113801e-07 0
1.084052e+00 -3.692876e-07 0
1.084052e+00 -3.805532e-07 0
1.084052e+00 -3.805532e-07 0
1.084052e+00 -3.692876e-07 0
1.041903e+00 -4.090345e-07 0
1.041903e+00 -4.617642e-07 0
1.041903e+00 -4.617642e-07 0
1.041903e+00 -4.090345e-07 0
9.623505e-01 -2.282276e-07 0
9.623512e-01 -4.091816e-07 0
9.623512e-01 -4.091816e-07 0
9.623505e-01 -2.282276e-07 0
8.255593e-01 4.752707e-07 0
8.255601e-01 1.979132e-07 0
8.255601e-01 1.979132e-07 0
8.255593e-01 4.752707e-07 0
6.169646e-01 5.742973e-07 0
6.169642e-01 3.132254e-07 0
6.169642e-01 3.132254e-07 0
6.169646e-01 5.742973e-07 0
3.348407e-01 1.468144e-07 0
3.348402e-01 -1.226820e-08 0
3.348402e-01 -1.226820e-08 0
3.348407e-01 1.468144e-07 0
-3.678915e-03 1.664830e-08 0
-3.678912e-03 -1.037579e-08 0
-3.678902e-03 -1.581737e-08 0
-3.678865e-03 -8.100696e-09 0
3.348411e-01 4.098138e-08 0
3.348411e-01 -1.650546e-07 0
3.348411e-01 -1.650546e-07 0
3.348411e-01 4.098138e-08 0
6.169802e-01 2.960824e-07 0
6.169651e-01 -6.262829e-07 0
6.169651e-01 -6.262829e-07 0
6.169802e-01 2.960824e-07 0
8.255599e-01 2.792371e-07 0
8.255599e-01 -5.767299e-07 0
8.255599e-01 -5.767299e-07 0
8.255599e-01 2.792371e-07 0
9.622704e-01 -7.982061e-08 0
9.622705e-01 6.877759e-08 0
9.622705e-01 6.877759e-08 0
9.622704e-01 -7.982061e-08 0
1.041843e+00 -1.595991e-07 0
1.041843e+00 1.903096e-07 0
1.041843e+00 1.903096e-07 0
1.041843e+00 -1.595991e-07 0
1.084017e+00 -1.775765e-07 0
1.084017e+00 1.004235e-07 0
1.084017e+00 1.004235e-07 0
1.084017e+00 -1.775765e-07 0
1.104646e+00 -1.791951e-07 0
1.104646e+00 -1.231766e-08 0
1.104646e+00 -1.231766e-08 0
1.104646e+00 -1.791951e-07 0
1.114068e+00 -1.758194e-07 0
1.114068e+00 -9.048077e-08 0
1.114068e+00 -9.048077e-08 0
1.114068e+00 -1.758194e-07 0
1.118126e+00 -1.784485e-07 0
1.118126e+00 -1.420901e-07 0
1.118126e+00 -1.420901e-07 0
1.118126e+00 -1.784485e-07 0
1.119787e+00 -1.896939e-07 0
1.119787e+00 -1.813487e-07 0
1.119787e+00 -1.813487e-07 0
1.119787e+00 -1.896939e-07 0
1.120438e+00 -2.091399e-07 0
1.120438e+00 -2.157055e-07 0
1.120438e+00 -2.157055e-07 0
1.120438e+00 -2.091399e-07 0
1.120684e+00 -2.321933e-07 0
1.120684e+00 -2.471460e-07 0
1.120684e+00 -2.471460e-07 0
1.120684e+00 -2.321933e-07 0
1.120773e+00 -2.571864e-07 0
1.120773e+00 -2.751860e-07 0
1.120773e+00 -2.751860e-07 0
1.120773e+00 -2.571864e-07 0
1.120805e+00 -2.816862e-07 0
1.120805e+00 -2.989524e-07 0
1.120805e+00 -2.989524e-07 0
1.120805e+00 -2.816862e-07 0
1.120816e+00 -3.044320e-07 0
1.120816e+00 -3.178700e-07 0
1.120816e+00 -3.178700e-07 0
1.120816e+00 -3.044320e-07 0
1.120819e+00 -3.243283e-07 0
1.120819e+00 -3.316919e-07 0
1.120819e+00 -3.316919e-07 0
1.120819e+00 -3.243283e-07 0
1.120820e+00 -3.409518e-07 0
1.120820e+00 -3.405706e-07 0
1.120820e+00 -3.405706e-07 0
1.120820e+00 -3.409518e-07 0
1.120821e+00 -3.542618e-07 0
1.120821e+00 -3.449109e-07 0
1.120821e+00 -3.449109e-07 0
1.120821e+00 -3.542618e-07 0
1.120821e+00 -3.644363e-07 0
1.120821e+00 -3.454602e-07 0
1.120821e+00 -3.454602e-07 0
1.120821e+00 -3.644363e-07 0
1.120821e+00 -3.716585e-07 0
1.120821e+00 -3.427697e-07 0
1.120821e+00 -3.427697e-07 0
1.120821e+00 -3.716585e-07 0
1.120821e+00 -3.762875e-07 0
1.120821e+00 -3.376622e-07 0
1.120821e+00 -3.376622e-07 0
1.120821e+00 -3.762875e-07 0
1.120821e+00 -3.786712e-07 0
1.120821e+00 -3.309259e-07 0
1.120821e+00 -3.309259e-07 0
1.120821e+00 -3.786712e-07 0
1.120820e+00 -3.791336e-07 0
1.120820e+00 -3.233178e-07 0
1.120820e+00 -3.233178e-07 0
1.120820e+00 -3.791336e-07 0
1.120819e+00 -3.778920e-07 0
1.120819e+00 -3.155243e-07 0
1.120819e+00 -3.155243e-07 0
1.120819e+00 -3.778920e-07 0
1.120815e+00 -3.749082e-07 0
1.120815e+00 -3.080963e-07 0
1.120815e+00 -3.080963e-07 0
1.120815e+00 -3.749082e-07 0
1.120804e+00 -3.701038e-07 0
1.120804e+00 -3.014454e-07 0
1.120804e+00 -3.014454e-07 0
1.120804e+00 -3.701038e-07 0
1.120773e+00 -3.633840e-07 0
1.120773e+00 -2.959167e-07 0
1.120773e+00 -2.959167e-07 0
1.120773e+00 -3.633840e-07 0
1.120683e+00 -3.524822e-07 0
1.120683e+00 -2.904028e-07 0
1.120683e+00 -2.904028e-07 0
1.120683e+00 -3.524822e-07 0
1.120438e+00 -3.354019e-07 0
1.120438e+00 -2.847934e-07 0
1.120438e+00 -2.847934e-07 0
1.120438e+00 -3.354019e-07 0
1.119788e+00 -3.105987e-07 0
1.119788e+00 -2.791316e-07 0
1.119788e+00 -2.791316e-07 0
1.119788e+00 -3.105987e-07 0
1.118128e+00 -2.750262e-07 0
1.118128e+00 -2.758590e-07 0
1.118128e+00 -2.758590e-07 0
1.118128e+00 -2.750262e-07 0
1.114075e+00 -2.280389e-07 0
1.114075e+00 -2.822922e-07 0
1.114075e+00 -2.822922e-07 0
1.114075e+00 -2.280389e-07 0
1.104663e+00 -1.731947e-07 0
1.104663e+00 -3.113801e-07 0
1.104663e+00 -3.113801e-07 0
1.104663e+00 -1.731947e-07 0
1.084052e+00 -1.201401e-07 0
1.084052e+00 -3.692876e-07 0
1.084052e+00 -3.692876e-07 0
1.084052e+00 -1.201401e-07 0
1.041903e+00 -7.619641e-08 0
1.041903e+00 -4.090345e-07 0
1.041903e+00 -4.090345e-07 0
1.041903e+00 -7.619641e-08 0
9.623504e-01 -1.025806e-07 0
9.623505e-01 -2.282276e-07 0
9.623505e-01 -2.282276e-07 0
9.623504e-01 -1.025806e-07 0
8.255593e-01 -3.893282e-07 0
8.255593e-01 4.752707e-07 0
8.255593e-01 4.752707e-07 0
8.255593e-01 -3.893282e-07 0
6.169645e-01 -3.518206e-07 0
6.169646e-01 5.742973e-07 0
6.169646e-01 5.742973e-07 0
6.169645e-01 -3.518206e-07 0
3.348407e-01 -6.019004e-08 0
3.348407e-01 1.468144e-07 0
3.348407e-01 1.468144e-07 0
3.348407e-01 -6.019004e-08 0
-3.678878e-03 9.196335e-09 0
-3.678915e-03 1.664830e-08 0
-3.678865e-03 -8.100696e-09 0
-3.678886e-03 8.254250e-09 0
3.348408e-01 2.376104e-07 0
3.348411e-01 4.098138e-08 0
3.348411e-01 4.098138e-08 0
3.348408e-01 2.376104e-07 0
6.169800e-01 6.771528e-07 0
6.169802e-01 2.960824e-07 0
6.169802e-01 2.960824e-07 0
6.169800e-01 6.771528e-07 0
8.255603e-01 6.060817e-07 0
8.255599e-01 2.792371e-07 0
8.255599e-01 2.792371e-07 0
8.255603e-01 6.060817e-07 0
9.622709e-01 2.790580e-09 0
9.622704e-01 -7.982061e-08 0
9.622704e-01 -7.982061e-08 0
9.622709e-01 2.790580e-09 0
1.041843e+00 -2.682188e-07 0
1.041843e+00 -1.595991e-07 0
1.041843e+00 -1.595991e-07 0
1.041843e+00 -2.682188e-07 0
1.084017e+00 -3.227782e-07 0
1.084017e+00 -1.775765e-07 0
1.084017e+00 -1.775765e-07 0
1.084017e+00 -3.227782e-07 0
1.104646e+00 -2.621356e-07 0
1.104646e+00 -1.791951e-07 0
1.104646e+00 -1.791951e-07 0
1.104646e+00 -2.621356e-07 0
1.114068e+00 -2.128296e-07 0
1.114068e+00 -1.758194e-07 0
1.114068e+00 -1.758194e-07 0
1.114068e+00 -2.128296e-07 0
1.118126e+00 -1.870727e-07 0
1.118126e+00 -1.784485e-07 0
1.118126e+00 -1.784485e-07 0
1.118126e+00 -1.870727e-07 0
1.119787e+00 -1.826839e-07 0
1.119787e+00 -1.896939e-07 0
1.119787e+00 -1.896939e-07 0
1.119787e+00 -1.826839e-07 0
1.120438e+00 -1.944002e-07 0
1.120438e+00 -2.091399e-07 0
1.120438e+00 -2.091399e-07 0
1.120438e+00 -1.944002e-07 0
1.120684e+00 -2.142239e-07 0
1.120684e+00 -2.321933e-07 0
1.120684e+00 -2.321933e-07 0
1.120684e+00 -2.142239e-07 0
1.120773e+00 -2.392969e-07 0
1.120773e+00 -2.571864e-07 0
1.120773e+00 -2.571864e-07 0
1.120773e+00 -2.392969e-07 0
1.120805e+00 -2.663983e-07 0
1.120805e+00 -2.816862e-07 0
1.120805e+00 -2.816862e-07 0
1.120805e+00 -2.663983e-07 0
1.120816e+00 -2.938507e-07 0
1.120816e+00 -3.044320e-07 0
1.120816e+00 -3.044320e-07 0
1.120816e+00 -2.938507e-07 0
1.120819e+00 -3.201799e-07 0
1.120819e+00 -3.243283e-07 0
1.120819e+00 -3.243283e-07 0
1.120819e+00 -3.201799e-07 0
1.120821e+00 -3.447205e-07 0
1.120820e+00 -3.409518e-07 0
1.120820e+00 -3.409518e-07 0
1.120821e+00 -3.447205e-07 0
1.120821e+00 -3.668260e-07 0
1.120821e+00 -3.542618e-07 0
1.120821e+00 -3.542618e-07 0
1.120821e+00 -3.668260e-07 0
1.120821e+00 -3.863508e-07 0
1.120821e+00 -3.644363e-07 0
1.120821e+00 -3.644363e-07 0
1.120821e+00 -3.863508e-07 0
1.120821e+00 -4.031494e-07 0
1.120821e+00 -3.716585e-07 0
1.120821e+00 -3.716585e-07 0
1.120821e+00 -4.031494e-07 0
1.120821e+00 -4.171523e-07 0
1.120821e+00 -3.762875e-07 0
1.120821e+00 -3.762875e-07 0
1.120821e+00 -4.171523e-07 0
1.120821e+00 -4.283162e-07 0
1.120821e+00 -3.786712e-07 0
1.120821e+00 -3.786712e-07 0
1.120821e+00 -4.283162e-07 0
1.120820e+00 -4.365914e-07 0
1.120820e+00 -3.791336e-07 0
1.120820e+00 -3.791336e-07 0
1.120820e+00 -4.365914e-07 0
1.120819e+00 -4.418876e-07 0
1.120819e+00 -3.778920e-07 0
1.120819e+00 -3.778920e-07 0
1.120819e+00 -4.418876e-07 0
1.120815e+00 -4.440797e-07 0
1.120815e+00 -3.749082e-07 0
1.120815e+00 -3.749082e-07 0
1.120815e+00 -4.440797e-07 0
1.120804e+00 -4.422081e-07 0
1.120804e+00 -3.701038e-07 0
1.120804e+00 -3.701038e-07 0
1.120804e+00 -4.422081e-07 0
1.120773e+00 -4.332848e-07 0
1.120773e+00 -3.633840e-07 0
1.120773e+00 -3.633840e-07 0
1.120773e+00 -4.332848e-07 0
1.120683e+00 -4.199783e-07 0
1.120683e+00 -3.524822e-07 0
1.120683e+00 -3.524822e-07 0
1.120683e+00 -4.199783e-07 0
1.120438e+00 -3.967334e-07 0
1.120438e+00 -3.354019e-07 0
1.120438e+00 -3.354019e-07 0
1.120438e+00 -3.967334e-07 0
1.119787e+00 -3.600574e-07 0
1.119788e+00 -3.105987e-07 0
1.119788e+00 -3.105987e-07 0
1.119787e+00 -3.600574e-07 0
1.118128e+00 -3.039771e-07 0
1.118128e+00 -2.750262e-07 0
1.118128e+00 -2.750262e-07 0
1.118128e+00 -3.039771e-07 0
1.114074e+00 -2.226211e-07 0
1.114075e+00 -2.280389e-07 0
1.114075e+00 -2.280389e-07 0
1.114074e+00 -2.226211e-07 0
1.104662e+00 -1.158872e-07 0
1.104663e+00 -1.731947e-07 0
1.104663e+00 -1.731947e-07 0
1.104662e+00 -1.158872e-07 0
1.084052e+00 -8.582576e-09 0
1.084052e+00 -1.201401e-07 0
1.084052e+00 -1.201401e-07 0
1.084052e+00 -8.582576e-09 0
1.041903e+00 1.358383e-08 0
1.041903e+00 -7.619641e-08 0
1.041903e+00 -7.619641e-08 0
1.041903e+00 1.358383e-08 0
9.623508e-01 -1.949428e-07 0
9.623504e-01 -1.025806e-07 0
9.623504e-01 -1.025806e-07 0
9.623508e-01 -1.949428e-07 0
8.255596e-01 -7.286005e-07 0
8.255593e-01 -3.893282e-07 0
8.255593e-01 -3.893282e-07 0
8.255596e-01 -7.286005e-07 0
6.169794e-01 -7.389081e-07 0
6.169645e-01 -3.518206e-07 0
6.169645e-01 -3.518206e-07 0
6.169794e-01 -7.389081e-07 0
3.348404e-01 -2.596697e-07 0
3.348407e-01 -6.019004e-08 0
3.348407e-01 -6.019004e-08 0
3.348404e-01 -2.596697e-07 0
-3.678900e-03 -7.267460e-09 0
-3.678878e-03 9.196335e-09 0
-3.678886e-03 8.254250e-09 0
-3.678914e-03 1.483716e-09 0
3.348405e-01 5.957912e-08 0
3.348408e-01 2.376104e-07 0
3.348408e-01 2.376104e-07 0
3.348405e-01 5.957912e-08 0
6.169798e-01 3.269899e-07 0
6.169800e-01 6.771528e-07 0
6.169800e-01 6.771528e-07 0
6.169798e-01 3.269899e-07 0
8.255606e-01 3.047658e-07 0
8.255603e-01 6.060817e-07 0
8.255603e-01 6.060817e-07 0
8.255606e-01 3.047658e-07 0
9.622713e-01 -1.067066e-07 0
9.622709e-01 2.790580e-09 0
9.622709e-01 2.790580e-09 0
9.622713e-01 -1.067066e-07 0
1.041843e+00 -1.905931e-07 0
1.041843e+00 -2.682188e-07 0
1.041843e+00 -2.682188e-07 0
1.041843e+00 -1.905931e-07 0
1.084017e+00 -1.853737e-07 0
1.084017e+00 -3.227782e-07 0
1.084017e+00 -3.227782e-07 0
1.084017e+00 -1.853737e-07 0
1.104646e+00 -1.605847e-07 0
1.104646e+00 -2.621356e-07 0
1.104646e+00 -2.621356e-07 0
1.104646e+00 -1.605847e-07 0
1.114068e+00 -1.414943e-07 0
1.114068e+00 -2.128296e-07 0
1.114068e+00 -2.128296e-07 0
1.114068e+00 -1.414943e-07 0
1.118126e+00 -1.368046e-07 0
1.118126e+00 -1.870727e-07 0
1.118126e+00 -1.870727e-07 0
1.118126e+00 -1.368046e-07 0
1.119787e+00 -1.450979e-07 0
1.119787e+00 -1.826839e-07 0
1.119787e+00 -1.826839e-07 0
1.119787e+00 -1.450979e-07 0
1.120438e+00 -1.640504e-07 0
1.120438e+00 -1.944002e-07 0
1.120438e+00 -1.944002e-07 0
1.120438e+00 -1.640504e-07 0
1.120684e+00 -1.889984e-07 0
1.120684e+00 -2.142239e-07 0
1.120684e+00 -2.142239e-07 0
1.120684e+00 -1.889984e-07 0
1.120773e+00 -2.186822e-07 0
1.120773e+00 -2.392969e-07 0
1.120773e+00 -2.392969e-07 0
1.120773e+00 -2.186822e-07 0
1.120805e+00 -2.509388e-07 0
1.120805e+00 -2.663983e-07 0
1.120805e+00 -2.663983e-07 0
1.120805e+00 -2.509388e-07 0
1.120816e+00 -2.845259e-07 0
1.120816e+00 -2.938507e-07 0
1.120816e+00 -2.938507e-07 0
1.120816e+00 -2.845259e-07 0
1.120819e+00 -3.181048e-07 0
1.120819e+00 -3.201799e-07 0
1.120819e+00 -3.201799e-07 0
1.120819e+00 -3.181048e-07 0
1.120821e+00 -3.507837e-07 0
1.120821e+00 -3.447205e-07 0
1.120821e+00 -3.447205e-07 0
1.120821e+00 -3.507837e-07 0
1.120821e+00 -3.819820e-07 0
1.120821e+00 -3.668260e-07 0
1.120821e+00 -3.668260e-07 0
1.120821e+00 -3.819820e-07 0
1.120821e+00 -4.109600e-07 0
1.120821e+00 -3.863508e-07 0
1.120821e+00 -3.863508e-07 0
1.120821e+00 -4.109600e-07 0
1.120821e+00 -4.373833e-07 0
1.120821e+00 -4.031494e-07 0
1.120821e+00 -4.031494e-07 0
1.120821e+00 -4.373833e-07 0
1.120821e+00 -4.607730e-07 0
1.120821e+00 -4.171523e-07 0
1.120821e+00 -4.171523e-07 0
1.120821e+00 -4.607730e-07 0
1.120821e+00 -4.807157e-07 0
1.120821e+00 -4.283162e-07 0
1.120821e+00 -4.283162e-07 0
1.120821e+00 -4.807157e-07 0
1.120820e+00 -4.968007e-07 0
1.120820e+00 -4.365914e-07 0
1.120820e+00 -4.365914e-07 0
1.120820e+00 -4.968007e-07 0
1.120819e+00 -5.085683e-07 0
1.120819e+00 -4.418876e-07 0
1.120819e+00 -4.418876e-07 0
1.120819e+00 -5.085683e-07 0
1.120815e+00 -5.154054e-07 0
1.120815e+00 -4.440797e-07 0
1.120815e+00 -4.440797e-07 0
1.120815e+00 -5.154054e-07 0
1.120804e+00 -5.168193e-07 0
1.120804e+00 -4.422081e-07 0
1.120804e+00 -4.422081e-07 0
1.120804e+00 -5.168193e-07 0
1.120773e+00 -5.123877e-07 0
1.120773e+00 -4.332848e-07 0
1.120773e+00 -4.332848e-07 0
1.120773e+00 -5.123877e-07 0
1.120683e+00 -4.998346e-07 0
1.120683e+00 -4.199783e-07 0
1.120683e+00 -4.199783e-07 0
1.120683e+00 -4.998346e-07 0
1.120438e+00 -4.774350e-07 0
1.120438e+00 -3.967334e-07 0
1.120438e+00 -3.967334e-07 0
1.120438e+00 -4.774350e-07 0
1.119787e+00 -4.438738e-07 0
1.119787e+00 -3.600574e-07 0
1.119787e+00 -3.600574e-07 0
1.119787e+00 -4.438738e-07 0
1.118128e+00 -3.959417e-07 0
1.118128e+00 -3.039771e-07 0
1.118128e+00 -3.039771e-07 0
1.118128e+00 -3.959417e-07 0
1.114074e+00 -3.314567e-07 0
1.114074e+00 -2.226211e-07 0
1.114074e+00 -2.226211e-07 0
1.114074e+00 -3.314567e-07 0
1.104662e+00 -2.507757e-07 0
1.104662e+00 -1.158872e-07 0
1.104662e+00 -1.158872e-07 0
1.104662e+00 -2.507757e-07 0
1.084052e+00 -1.623398e-07 0
1.084052e+00 -8.582576e-09 0
1.084052e+00 -8.582576e-09 0
1.084052e+00 -1.623398e-07 0
1.041903e+00 -8.506084e-08 0
1.041903e+00 1.358383e-08 0
1.041903e+00 1.358383e-08 0
1.041903e+00 -8.506084e-08 0
9.623512e-01 -1.095203e-07 0
9.623508e-01 -1.949428e-07 0
9.623508e-01 -1.949428e-07 0
9.623512e-01 -1.095203e-07 0
8.255599e-01 -4.401938e-07 0
8.255596e-01 -7.286005e-07 0
8.255596e-01 -7.286005e-07 0
8.255599e-01 -4.401938e-07 0
6.169640e-01 -4.036368e-07 0
6.169794e-01 -7.389081e-07 0
6.169794e-01 -7.389081e-07 0
6.169640e-01 -4.036368e-07 0
3.348400e-01 -8.513387e-08 0
3.348404e-01 -2.596697e-07 0
3.348404e-01 -2.596697e-07 0
3.348400e-01 -8.513387e-08 0
-3.678929e-03 -8.886494e-10 0
-3.678900e-03 -7.267460e-09 0
-3.678914e-03 1.483716e-09 0
-3.678889e-03 -1.664440e-08 0
3.348405e-01 -2.063537e-07 0
3.348405e-01 5.957912e-08 0
3.348405e-01 5.957912e-08 0
3.348405e-01 -2.063537e-07 0
6.169647e-01 -6.965755e-07 0
6.169798e-01 3.269899e-07 0
6.169798e-01 3.269899e-07 0
6.169647e-01 -6.965755e-07 0
8.255607e-01 -6.795034e-07 0
8.255606e-01 3.047658e-07 0
8.255606e-01 3.047658e-07 0
8.255607e-01 -6.795034e-07 0
9.622713e-01 -3.978178e-08 0
9.622713e-01 -1.067066e-07 0
9.622713e-01 -1.067066e-07 0
9.622713e-01 -3.978178e-08 0
1.041843e+00 1.268657e-07 0
1.041843e+00 -1.905931e-07 0
1.041843e+00 -1.905931e-07 0
1.041843e+00 1.268657e-07 0
1.084017e+00 1.157026e-07 0
1.084017e+00 -1.853737e-07 0
1.084017e+00 -1.853737e-07 0
1.084017e+00 1.157026e-07 0
1.104646e+00 4.675159e-08 0
1.104646e+00 -1.605847e-07 0
1.104646e+00 -1.605847e-07 0
1.104646e+00 4.675159e-08 0
1.114068e+00 -1.166240e-08 0
1.114068e+00 -1.414943e-07 0
1.114068e+00 -1.414943e-07 0
1.114068e+00 -1.166240e-08 0
1.118126e+00 -5.479849e-08 0
1.118126e+00 -1.368046e-07 0
1.118126e+00 -1.368046e-07 0
1.118126e+00 -5.479849e-08 0
1.119788e+00 -8.985253e-08 0
1.119787e+00 -1.450979e-07 0
1.119787e+00 -1.450979e-07 0
1.119788e+00 -8.985253e-08 0
1.120438e+00 -1.224630e-07 0
1.120438e+00 -1.640504e-07 0
1.120438e+00 -1.640504e-07 0
1.120438e+00 -1.224630e-07 0
1.120684e+00 -1.574312e-07 0
1.120684e+00 -1.889984e-07 0
1.120684e+00 -1.889984e-07 0
1.120684e+00 -1.574312e-07 0
1.120773e+00 -1.946199e-07 0
1.120773e+00 -2.186822e-07 0
1.120773e+00 -2.186822e-07 0
1.120773e+00 -1.946199e-07 0
1.120805e+00 -2.339745e-07 0
1.120805e+00 -2.509388e-07 0
1.120805e+00 -2.509388e-07 0
1.120805e+00 -2.339745e-07 0
1.120816e+00 -2.749035e-07 0
1.120816e+00 -2.845259e-07 0
1.120816e+00 -2.845259e-07 0
1.120816e+00 -2.749035e-07 0
1.120819e+00 -3.166367e-07 0
1.120819e+00 -3.181048e-07 0
1.120819e+00 -3.181048e-07 0
1.120819e+00 -3.166367e-07 0
1.120821e+00 -3.583019e-07 0
1.120821e+00 -3.507837e-07 0
1.120821e+00 -3.507837e-07 0
1.120821e+00 -3.583019e-07 0
1.120821e+00 -3.991258e-07 0
1.120821e+00 -3.819820e-07 0
1.120821e+00 -3.819820e-07 0
1.120821e+00 -3.991258e-07 0
1.120821e+00 -4.381751e-07 0
1.120821e+00 -4.109600e-07 0
1.120821e+00 -4.109600e-07 0
1.120821e+00 -4.381751e-07 0
1.120821e+00 -4.747400e-07 0
1.120821e+00 -4.373833e-07 0
1.120821e+00 -4.373833e-07 0
1.120821e+00 -4.747400e-07 0
1.120821e+00 -5.080029e-07 0
1.120821e+00 -4.607730e-07 0
1.120821e+00 -4.607730e-07 0
1.120821e+00 -5.080029e-07 0
1.120821e+00 -5.372046e-07 0
1.120821e+00 -4.807157e-07 0
1.120821e+00 -4.807157e-07 0
1.120821e+00 -5.372046e-07 0
1.120820e+00 -5.616042e-07 0
1.120820e+00 -4.968007e-07 0
1.120820e+00 -4.968007e-07 0
1.120820e+00 -5.616042e-07 0
1.120819e+00 -5.804935e-07 0
1.120819e+00 -5.085683e-07 0
1.120819e+00 -5.085683e-07 0
1.120819e+00 -5.804935e-07 0
1.120815e+00 -5.932412e-07 0
1.120815e+00 -5.154054e-07 0
1.120815e+00 -5.154054e-07 0
1.120815e+00 -5.932412e-07 0
1.120804e+00 -5.993035e-07 0
1.120804e+00 -5.168193e-07 0
1.120804e+00 -5.168193e-07 0
1.120804e+00 -5.993035e-07 0
1.120773e+00 -5.984933e-07 0
1.120773e+00 -5.123877e-07 0
1.120773e+00 -5.123877e-07 0
1.120773e+00 -5.984933e-07 0
1.120683e+00 -5.895010e-07 0
1.120683e+00 -4.998346e-07 0
1.120683e+00 -4.998346e-07 0
1.120683e+00 -5.895010e-07 0
1.120438e+00 -5.734769e-07 0
1.120438e+00 -4.774350e-07 0
1.120438e+00 -4.774350e-07 0
1.120438e+00 -5.734769e-07 0
1.119787e+00 -5.512829e-07 0
1.119787e+00 -4.438738e-07 0
1.119787e+00 -4.438738e-07 0
1.119787e+00 -5.512829e-07 0
1.118128e+00 -5.267516e-07 0
1.118128e+00 -3.959417e-07 0
1.118128e+00 -3.959417e-07 0
1.118128e+00 -5.267516e-07 0
1.114074e+00 -5.057411e-07 0
1.114074e+00 -3.314567e-07 0
1.114074e+00 -3.314567e-07 0
1.114074e+00 -5.057411e-07 0
1.104662e+00 -4.936710e-07 0
1.104662e+00 -2.507757e-07 0
1.104662e+00 -2.507757e-07 0
1.104662e+00 -4.936710e-07 0
1.084052e+00 -4.824988e-07 0
1.084052e+00 -1.623398e-07 0
1.084052e+00 -1.623398e-07 0
1.084052e+00 -4.824988e-07 0
1.041903e+00 -4.255290e-07 0
1.041903e+00 -8.506084e-08 0
1.041903e+00 -8.506084e-08 0
1.041903e+00 -4.255290e-07 0
9.623511e-01 -1.716910e-07 0
9.623512e-01 -1.095203e-07 0
9.623512e-01 -1.095203e-07 0
9.623511e-01 -1.716910e-07 0
8.255599e-01 5.310708e-07 0
8.255599e-01 -4.401938e-07 0
8.255599e-01 -4.401938e-07 0
8.255599e-01 5.310708e-07 0
6.169639e-01 6.148548e-07 0
6.169640e-01 -4.036368e-07 0
6.169640e-01 -4.036368e-07 0
6.169639e-01 6.148548e-07 0
3.348400e-01 1.774401e-07 0
3.348400e-01 -8.513387e-08 0
3.348400e-01 -8.513387e-08 0
3.348400e-01 1.774401e-07 0
-3.678905e-03 1.720490e-08 0
-3.678929e-03 -8.886494e-10 0
-3.678889e-03 -1.664440e-08 0
-3.678867e-03 -1.846207e-08 0
3.348411e-01 -2.222793e-07 0
3.348405e-01 -2.063537e-07 0
3.348405e-01 -2.063537e-07 0
3.348411e-01 -2.222793e-07 0
6.169651e-01 -7.277613e-07 0
6.169647e-01 -6.965755e-07 0
6.169647e-01 -6.965755e-07 0
6.169651e-01 -7.277613e-07 0
8.255600e-01 -6.868029e-07 0
8.255607e-01 -6.795034e-07 0
8.255607e-01 -6.795034e-07 0
8.255600e-01 -6.868029e-07 0
9.622705e-01 -7.567422e-09 0
9.622713e-01 -3.978178e-08 0
9.622713e-01 -3.978178e-08 0
9.622705e-01 -7.567422e-09 0
1.041843e+00 2.027932e-07 0
1.041843e+00 1.268657e-07 0
1.041843e+00 1.268657e-07 0
1.041843e+00 2.027932e-07 0
1.084017e+00 1.963132e-07 0
1.084017e+00 1.157026e-07 0
1.084017e+00 1.157026e-07 0
1.084017e+00 1.963132e-07 0
1.104646e+00 1.244351e-07 0
1.104646e+00 4.675159e-08 0
1.104646e+00 4.675159e-08 0
1.104646e+00 1.244351e-07 0
1.114068e+00 5.618515e-08 0
1.114068e+00 -1.166240e-08 0
1.114068e+00 -1.166240e-08 0
1.114068e+00 5.618515e-08 0
1.118126e+00 2.462145e-09 0
1.118126e+00 -5.479849e-08 0
1.118126e+00 -5.479849e-08 0
1.118126e+00 2.462145e-09 0
1.119788e+00 -4.191526e-08 0
1.119788e+00 -8.985253e-08 0
1.119788e+00 -8.985253e-08 0
1.119788e+00 -4.191526e-08 0
1.120438e+00 -8.278446e-08 0
1.120438e+00 -1.224630e-07 0
1.120438e+00 -1.224630e-07 0
1.120438e+00 -8.278446e-08 0
1.120684e+00 -1.246907e-07 0
1.120684e+00 -1.574312e-07 0
1.120684e+00 -1.574312e-07 0
1.120684e+00 -1.246907e-07 0
1.120773e+00 -1.687963e-07 0
1.120773e+00 -1.946199e-07 0
1.120773e+00 -1.946199e-07 0
1.120773e+00 -1.687963e-07 0
1.120805e+00 -2.155150e-07 0
1.120805e+00 -2.339745e-07 0
1.120805e+00 -2.339745e-07 0
1.120805e+00 -2.155150e-07 0
1.120816e+00 -2.645836e-07 0
1.120816e+00 -2.749035e-07 0
1.120816e+00 -2.749035e-07 0
1.120816e+00 -2.645836e-07 0
1.120819e+00 -3.153111e-07 0
1.120819e+00 -3.166367e-07 0
1.120819e+00 -3.166367e-07 0
1.120819e+00 -3.153111e-07 0
1.120821e+00 -3.667791e-07 0
1.120821e+00 -3.583019e-07 0
1.120821e+00 -3.583019e-07 0
1.120821e+00 -3.667791e-07 0
1.120821e+00 -4.180580e-07 0
1.120821e+00 -3.991258e-07 0
1.120821e+00 -3.991258e-07 0
1.120821e+00 -4.180580e-07 0
1.120821e+00 -4.679111e-07 0
1.120821e+00 -4.381751e-07 0
1.120821e+00 -4.381751e-07 0
1.120821e+00 -4.679111e-07 0
1.120821e+00 -5.153526e-07 0
1.120821e+00 -4.747400e-07 0
1.120821e+00 -4.747400e-07 0
1.120821e+00 -5.153526e-07 0
1.120821e+00 -5.592109e-07 0
1.120821e+00 -5.080029e-07 0
1.120821e+00 -5.080029e-07 0
1.120821e+00 -5.592109e-07 0
1.120821e+00 -5.983872e-07 0
1.120821e+00 -5.372046e-07 0
1.120821e+00 -5.372046e-07 0
1.120821e+00 -5.983872e-07 0
1.120820e+00 -6.318278e-07 0
1.120820e+00 -5.616042e-07 0
1.120820e+00 -5.616042e-07 0
1.120820e+00 -6.318278e-07 0
1.120819e+00 -6.585597e-07 0
1.120819e+00 -5.804935e-07 0
1.120819e+00 -5.804935e-07 0
1.120819e+00 -6.585597e-07 0
1.120815e+00 -6.778065e-07 0
1.120815e+00 -5.932412e-07 0
1.120815e+00 -5.932412e-07 0
1.120815e+00 -6.778065e-07 0
1.120804e+00 -6.889536e-07 0
1.120804e+00 -5.993035e-07 0
1.120804e+00 -5.993035e-07 0
1.120804e+00 -6.889536e-07 0
1.120773e+00 -6.919761e-07 0
1.120773e+00 -5.984933e-07 0
1.120773e+00 -5.984933e-07 0
1.120773e+00 -6.919761e-07 0
1.120683e+00 -6.858824e-07 0
1.120683e+00 -5.895010e-07 0
1.120683e+00 -5.895010e-07 0
1.120683e+00 -6.858824e-07 0
1.120438e+00 -6.720601e-07 0
1.120438e+00 -5.734769e-07 0
1.120438e+00 -5.734769e-07 0
1.120438e+00 -6.720601e-07 0
1.119787e+00 -6.523627e-07 0
1.119787e+00 -5.512829e-07 0
1.119787e+00 -5.512829e-07 0
1.119787e+00 -6.523627e-07 0
1.118128e+00 -6.310956e-07 0
1.118128e+00 -5.267516e-07 0
1.118128e+00 -5.267516e-07 0
1.118128e+00 -6.310956e-07 0
1.114074e+00 -6.142614e-07 0
1.114074e+00 -5.057411e-07 0
1.114074e+00 -5.057411e-07 0
1.114074e+00 -6.142614e-07 0
1.104662e+00 -6.063739e-07 0
1.104662e+00 -4.936710e-07 0
1.104662e+00 -4.936710e-07 0
1.104662e+00 -6.063739e-07 0
1.084052e+00 -5.961231e-07 0
1.084052e+00 -4.824988e-07 0
1.084052e+00 -4.824988e-07 0
1.084052e+00 -5.961231e-07 0
1.041903e+00 -5.265194e-07 0
1.041903e+00 -4.255290e-07 0
1.041903e+00 -4.255290e-07 0
1.041903e+00 -5.265194e-07 0
9.623502e-01 -2.350377e-07 0
9.623511e-01 -1.716910e-07 0
9.623511e-01 -1.716910e-07 0
9.623502e-01 -2.350377e-07 0
8.255591e-01 5.249637e-07 0
8.255599e-01 5.310708e-07 0
8.255599e-01 5.310708e-07 0
8.255591e-01 5.249637e-07 0
6.169644e-01 6.383973e-07 0
6.169639e-01 6.148548e-07 0
6.169639e-01 6.148548e-07 0
6.169644e-01 6.383973e-07 0
3.348406e-01 1.904122e-07 0
3.348400e-01 1.774401e-07 0
3.348400e-01 1.774401e-07 0
3.348406e-01 1.904122e-07 0
-3.678885e-03 1.909190e-08 0
-3.678905e-03 1.720490e-08 0
-3.678867e-03 -1.846207e-08 0
-3.678837e-03 4.999239e-09 0
3.348411e-01 4.753638e-08 0
3.348411e-01 -2.222793e-07 0
3.348411e-01 -2.222793e-07 0
3.348411e-01 4.753638e-08 0
6.169802e-01 3.133439e-07 0
6.169651e-01 -7.277613e-07 0
6.169651e-01 -7.277613e-07 0
6.169802e-01 3.133439e-07 0
8.255599e-01 3.248927e-07 0
8.255600e-01 -6.868029e-07 0
8.255600e-01 -6.868029e-07 0
8.255599e-01 3.248927e-07 0
9.622705e-01 1.114162e-08 0
9.622705e-01 -7.567422e-09 0
9.622705e-01 -7.567422e-09 0
9.622705e-01 1.114162e-08 0
1.041843e+00 -4.507640e-09 0
1.041843e+00 2.027932e-07 0
1.041843e+00 2.027932e-07 0
1.041843e+00 -4.507640e-09 0
1.084017e+00 2.689640e-08 0
1.084017e+00 1.963132e-07 0
1.084017e+00 1.963132e-07 0
1.084017e+00 2.689640e-08 0
1.104646e+00 4.532236e-08 0
1.104646e+00 1.244351e-07 0
1.104646e+00 1.244351e-07 0
1.104646e+00 4.532236e-08 0
1.114068e+00 4.380911e-08 0
1.114068e+00 5.618515e-08 0
1.114068e+00 5.618515e-08 0
1.114068e+00 4.380911e-08 0
1.118126e+00 2.441947e-08 0
1.118126e+00 2.462145e-09 0
1.118126e+00 2.462145e-09 0
1.118126e+00 2.441947e-08 0
1.119788e+00 -6.765293e-09 0
1.119788e+00 -4.191526e-08 0
1.119788e+00 -4.191526e-08 0
1.119788e+00 -6.765293e-09 0
1.120439e+00 -4.627150e-08 0
1.120438e+00 -8.278446e-08 0
1.120438e+00 -8.278446e-08 0
1.120439e+00 -4.627150e-08 0
1.120684e+00 -9.095607e-08 0
1.120684e+00 -1.246907e-07 0
1.120684e+00 -1.246907e-07 0
1.120684e+00 -9.095607e-08 0
1.120773e+00 -1.407167e-07 0
1.120773e+00 -1.687963e-07 0
1.120773e+00 -1.687963e-07 0
1.120773e+00 -1.407167e-07 0
1.120805e+00 -1.947853e-07 0
1.120805e+00 -2.155150e-07 0
1.120805e+00 -2.155150e-07 0
1.120805e+00 -1.947853e-07 0
1.120816e+00 -2.526210e-07 0
1.120816e+00 -2.645836e-07 0
1.120816e+00 -2.645836e-07 0
1.120816e+00 -2.526210e-07 0
1.120819e+00 -3.132313e-07 0
1.120819e+00 -3.153111e-07 0
1.120819e+00 -3.153111e-07 0
1.120819e+00 -3.132313e-07 0
1.120821e+00 -3.755172e-07 0
1.120821e+00 -3.667791e-07 0
1.120821e+00 -3.667791e-07 0
1.120821e+00 -3.755172e-07 0
1.120821e+00 -4.383410e-07 0
1.120821e+00 -4.180580e-07 0
1.120821e+00 -4.180580e-07 0
1.120821e+00 -4.383410e-07 0
1.120821e+00 -5.001149e-07 0
1.120821e+00 -4.679111e-07 0
1.120821e+00 -4.679111e-07 0
1.120821e+00 -5.001149e-07 0
1.120821e+00 -5.595496e-07 0
1.120821e+00 -5.153526e-07 0
1.120821e+00 -5.153526e-07 0
1.120821e+00 -5.595496e-07 0
1.120821e+00 -6.151034e-07 0
1.120821e+00 -5.592109e-07 0
1.120821e+00 -5.592109e-07 0
1.120821e+00 -6.151034e-07 0
1.120821e+00 -6.653136e-07 0
1.120821e+00 -5.983872e-07 0
1.120821e+00 -5.983872e-07 0
1.120821e+00 -6.653136e-07 0
1.120820e+00 -7.088009e-07 0
1.120820e+00 -6.318278e-07 0
1.120820e+00 -6.318278e-07 0
1.120820e+00 -7.088009e-07 0
1.120819e+00 -7.443003e-07 0
1.120819e+00 -6.585597e-07 0
1.120819e+00 -6.585597e-07 0
1.120819e+00 -7.443003e-07 0
1.120815e+00 -7.706535e-07 0
1.120815e+00 -6.778065e-07 0
1.120815e+00 -6.778065e-07 0
1.120815e+00 -7.706535e-07 0
1.120804e+00 -7.871431e-07 0
1.120804e+00 -6.889536e-07 0
1.120804e+00 -6.889536e-07 0
1.120804e+00 -7.871431e-07 0
1.120773e+00 -7.937114e-07 0
1.120773e+00 -6.919761e-07 0
1.120773e+00 -6.919761e-07 0
1.120773e+00 -7.937114e-07 0
1.120683e+00 -7.888700e-07 0
1.120683e+00 -6.858824e-07 0
1.120683e+00 -6.858824e-07 0
1.120683e+00 -7.888700e-07 0
1.120438e+00 -7.724965e-07 0
1.120438e+00 -6.720601e-07 0
1.120438e+00 -6.720601e-07 0
1.120438e+00 -7.724965e-07 0
1.119787e+00 -7.446665e-07 0
1.119787e+00 -6.523627e-07 0
1.119787e+00 -6.523627e-07 0
1.119787e+00 -7.446665e-07 0
1.118128e+00 -7.035253e-07 0
1.118128e+00 -6.310956e-07 0
1.118128e+00 -6.310956e-07 0
1.118128e+00 -7.035253e-07 0
1.114074e+00 -6.461183e-07 0
1.114074e+00 -6.142614e-07 0
1.114074e+00 -6.142614e-07 0
1.114074e+00 -6.461183e-07 0
1.104662e+00 -5.680891e-07 0
1.104662e+00 -6.063739e-07 0
1.104662e+00 -6.063739e-07 0
1.104662e+00 -5.680891e-07 0
1.084051e+00 -4.671935e-07 0
1.084052e+00 -5.961231e-07 0
1.084052e+00 -5.961231e-07 0
1.084051e+00 -4.671935e-07 0
1.041903e+00 -3.465591e-07 0
1.041903e+00 -5.265194e-07 0
1.041903e+00 -5.265194e-07 0
1.041903e+00 -3.465591e-07 0
9.623501e-01 -2.842343e-07 0
9.623502e-01 -2.350377e-07 0
9.623502e-01 -2.350377e-07 0
9.623501e-01 -2.842343e-07 0
8.255590e-01 -5.008118e-07 0
8.255591e-01 5.249637e-07 0
8.255591e-01 5.249637e-07 0
8.255590e-01 -5.008118e-07 0
6.169642e-01 -4.077120e-07 0
6.169644e-01 6.383973e-07 0
6.169644e-01 6.383973e-07 0
6.169642e-01 -4.077120e-07 0
3.348406e-01 -8.227779e-08 0
3.348406e-01 1.904122e-07 0
3.348406e-01 1.904122e-07 0
3.348406e-01 -8.227779e-08 0
-3.678856e-03 -4.269785e-09 0
-3.678885e-03 1.909190e-08 0
-3.678837e-03 4.999239e-09 0
-3.678866e-03 2.006311e-08 0
3.348408e-01 2.688071e-07 0
3.348411e-01 4.753638e-08 0
3.348411e-01 4.753638e-08 0
3.348408e-01 2.688071e-07 0
6.169800e-01 7.502540e-07 0
6.169802e-01 3.133439e-07 0
6.169802e-01 3.133439e-07 0
6.169800e-01 7.502540e-07 0
8.255602e-01 7.337599e-07 0
8.255599e-01 3.248927e-07 0
8.255599e-01 3.248927e-07 0
8.255602e-01 7.337599e-07 0
9.622708e-01 1.950774e-07 0
9.622705e-01 1.114162e-08 0
9.622705e-01 1.114162e-08 0
9.622708e-01 1.950774e-07 0
1.041843e+00 -1.685429e-08 0
1.041843e+00 -4.507640e-09 0
1.041843e+00 -4.507640e-09 0
1.041843e+00 -1.685429e-08 0
1.084017e+00 -3.680412e-08 0
1.084017e+00 2.689640e-08 0
1.084017e+00 2.689640e-08 0
1.084017e+00 -3.680412e-08 0
1.104646e+00 2.952845e-08 0
1.104646e+00 4.532236e-08 0
1.104646e+00 4.532236e-08 0
1.104646e+00 2.952845e-08 0
1.114068e+00 6.263107e-08 0
1.114068e+00 4.380911e-08 0
1.114068e+00 4.380911e-08 0
1.114068e+00 6.263107e-08 0
1.118126e+00 6.173823e-08 0
1.118126e+00 2.441947e-08 0
1.118126e+00 2.441947e-08 0
1.118126e+00 6.173823e-08 0
1.119788e+00 3.703699e-08 0
1.119788e+00 -6.765293e-09 0
1.119788e+00 -6.765293e-09 0
1.119788e+00 3.703699e-08 0
1.120439e+00 -3.168919e-09 0
1.120439e+00 -4.627150e-08 0
1.120439e+00 -4.627150e-08 0
1.120439e+00 -3.168919e-09 0
1.120684e+00 -5.200160e-08 0
1.120684e+00 -9.095607e-08 0
1.120684e+00 -9.095607e-08 0
1.120684e+00 -5.200160e-08 0
1.120773e+00 -1.082154e-07 0
1.120773e+00 -1.407167e-07 0
1.120773e+00 -1.407167e-07 0
1.120773e+00 -1.082154e-07 0
1.120805e+00 -1.704357e-07 0
1.120805e+00 -1.947853e-07 0
1.120805e+00 -1.947853e-07 0
1.120805e+00 -1.704357e-07 0
1.120816e+00 -2.378698e-07 0
1.120816e+00 -2.526210e-07 0
1.120816e+00 -2.526210e-07 0
1.120816e+00 -2.378698e-07 0
1.120820e+00 -3.093988e-07 0
1.120819e+00 -3.132313e-07 0
1.120819e+00 -3.132313e-07 0
1.120820e+00 -3.093988e-07 0
1.120821e+00 -3.838509e-07 0
1.120821e+00 -3.755172e-07 0
1.120821e+00 -3.755172e-07 0
1.120821e+00 -3.838509e-07 0
1.120821e+00 -4.595746e-07 0
1.120821e+00 -4.383410e-07 0
1.120821e+00 -4.383410e-07 0
1.120821e+00 -4.595746e-07 0
1.120821e+00 -5.347183e-07 0
1.120821e+00 -5.001149e-07 0
1.120821e+00 -5.001149e-07 0
1.120821e+00 -5.347183e-07 0
1.120821e+00 -6.076335e-07 0
1.120821e+00 -5.595496e-07 0
1.120821e+00 -5.595496e-07 0
1.120821e+00 -6.076335e-07 0
1.120821e+00 -6.763375e-07 0
1.120821e+00 -6.151034e-07 0
1.120821e+00 -6.151034e-07 0
1.120821e+00 -6.763375e-07 0
1.120821e+00 -7.389559e-07 0
1.120821e+00 -6.653136e-07 0
1.120821e+00 -6.653136e-07 0
1.120821e+00 -7.389559e-07 0
1.120820e+00 -7.937353e-07 0
1.120820e+00 -7.088009e-07 0
1.120820e+00 -7.088009e-07 0
1.120820e+00 -7.937353e-07 0
1.120819e+00 -8.391414e-07 0
1.120819e+00 -7.443003e-07 0
1.120819e+00 -7.443003e-07 0
1.120819e+00 -8.391414e-07 0
1.120815e+00 -8.740010e-07 0
1.120815e+00 -7.706535e-07 0
1.120815e+00 -7.706535e-07 0
1.120815e+00 -8.740010e-07 0
1.120804e+00 -8.968721e-07 0
1.120804e+00 -7.871431e-07 0
1.120804e+00 -7.871431e-07 0
1.120804e+00 -8.968721e-07 0
1.120773e+00 -9.050739e-07 0
1.120773e+00 -7.937114e-07 0
1.120773e+00 -7.937114e-07 0
1.120773e+00 -9.050739e-07 0
1.120683e+00 -9.023620e-07 0
1.120683e+00 -7.888700e-07 0
1.120683e+00 -7.888700e-07 0
1.120683e+00 -9.023620e-07 0
1.120438e+00 -8.852776e-07 0
1.120438e+00 -7.724965e-07 0
1.120438e+00 -7.724965e-07 0
1.120438e+00 -8.852776e-07 0
1.119787e+00 -8.519695e-07 0
1.119787e+00 -7.446665e-07 0
1.119787e+00 -7.446665e-07 0
1.119787e+00 -8.519695e-07 0
1.118128e+00 -7.975716e-07 0
1.118128e+00 -7.035253e-07 0
1.118128e+00 -7.035253e-07 0
1.118128e+00 -7.975716e-07 0
1.114074e+00 -7.140130e-07 0
1.114074e+00 -6.461183e-07 0
1.114074e+00 -6.461183e-07 0
1.114074e+00 -7.140130e-07 0
1.104662e+00 -5.939482e-07 0
1.104662e+00 -5.680891e-07 0
1.104662e+00 -5.680891e-07 0
1.104662e+00 -5.939482e-07 0
1.084051e+00 -4.512194e-07 0
1.084051e+00 -4.671935e-07 0
1.084051e+00 -4.671935e-07 0
1.084051e+00 -4.512194e-07 0
1.041903e+00 -3.642310e-07 0
1.041903e+00 -3.465591e-07 0
1.041903e+00 -3.465591e-07 0
1.041903e+00 -3.642310e-07 0
9.623504e-01 -4.844237e-07 0
9.623501e-01 -2.842343e-07 0
9.623501e-01 -2.842343e-07 0
9.623504e-01 -4.844237e-07 0
8.255592e-01 -9.249767e-07 0
8.255590e-01 -5.008118e-07 0
8.255590e-01 -5.008118e-07 0
8.255592e-01 -9.249767e-07 0
6.169791e-01 -8.516539e-07 0
6.169642e-01 -4.077120e-07 0
6.169642e-01 -4.077120e-07 0
6.169791e-01 -8.516539e-07 0
3.348402e-01 -3.066116e-07 0
3.348406e-01 -8.227779e-08 0
3.348406e-01 -8.227779e-08 0
3.348402e-01 -3.066116e-07 0
-3.678888e-03 -1.922736e-08 0
-3.678856e-03 -4.269785e-09 0
-3.678866e-03 2.006311e-08 0
-3.678899e-03 7.929075e-09 0
3.348405e-01 8.757170e-08 0
3.348408e-01 2.688071e-07 0
3.348408e-01 2.688071e-07 0
3.348405e-01 8.757170e-08 0
6.169798e-01 4.069452e-07 0
6.169800e-01 7.502540e-07 0
6.169800e-01 7.502540e-07 0
6.169798e-01 4.069452e-07 0
8.255605e-01 4.648037e-07 0
8.255602e-01 7.337599e-07 0
8.255602e-01 7.337599e-07 0
8.255605e-01 4.648037e-07 0
9.622712e-01 1.416165e-07 0
9.622708e-01 1.950774e-07 0
9.622708e-01 1.950774e-07 0
9.622712e-01 1.416165e-07 0
1.041843e+00 1.256080e-07 0
1.041843e+00 -1.685429e-08 0
1.041843e+00 -1.685429e-08 0
1.041843e+00 1.256080e-07 0
1.084017e+00 1.620954e-07 0
1.084017e+00 -3.680412e-08 0
1.084017e+00 -3.680412e-08 0
1.084017e+00 1.620954e-07 0
1.104646e+00 1.825473e-07 0
1.104646e+00 2.952845e-08 0
1.104646e+00 2.952845e-08 0
1.104646e+00 1.825473e-07 0
1.114068e+00 1.758235e-07 0
1.114068e+00 6.263107e-08 0
1.114068e+00 6.263107e-08 0
1.114068e+00 1.758235e-07 0
1.118126e+00 1.467009e-07 0
1.118126e+00 6.173823e-08 0
1.118126e+00 6.173823e-08 0
1.118126e+00 1.467009e-07 0
1.119788e+00 1.041684e-07 0
1.119788e+00 3.703699e-08 0
1.119788e+00 3.703699e-08 0
1.119788e+00 1.041684e-07 0
1.120439e+00 5.271861e-08 0
1.120439e+00 -3.168919e-09 0
1.120439e+00 -3.168919e-09 0
1.120439e+00 5.271861e-08 0
1.120684e+00 -5.010111e-09 0
1.120684e+00 -5.200160e-08 0
1.120684e+00 -5.200160e-08 0
1.120684e+00 -5.010111e-09 0
1.120773e+00 -6.966776e-08 0
1.120773e+00 -1.082154e-07 0
1.120773e+00 -1.082154e-07 0
1.120773e+00 -6.966776e-08 0
1.120805e+00 -1.411870e-07 0
1.120805e+00 -1.704357e-07 0
1.120805e+00 -1.704357e-07 0
1.120805e+00 -1.411870e-07 0
1.120816e+00 -2.192881e-07 0
1.120816e+00 -2.378698e-07 0
1.120816e+00 -2.378698e-07 0
1.120816e+00 -2.192881e-07 0
1.120820e+00 -3.030122e-07 0
1.120820e+00 -3.093988e-07 0
1.120820e+00 -3.093988e-07 0
1.120820e+00 -3.030122e-07 0
1.120821e+00 -3.909021e-07 0
1.120821e+00 -3.838509e-07 0
1.120821e+00 -3.838509e-07 0
1.120821e+00 -3.909021e-07 0
1.120821e+00 -4.813011e-07 0
1.120821e+00 -4.595746e-07 0
1.120821e+00 -4.595746e-07 0
1.120821e+00 -4.813011e-07 0
1.120821e+00 -5.715852e-07 0
1.120821e+00 -5.347183e-07 0
1.120821e+00 -5.347183e-07 0
1.120821e+00 -5.715852e-07 0
1.120821e+00 -6.598437e-07 0
1.120821e+00 -6.076335e-07 0
1.120821e+00 -6.076335e-07 0
1.120821e+00 -6.598437e-07 0
1.120821e+00 -7.435211e-07 0
1.120821e+00 -6.763375e-07 0
1.120821e+00 -6.763375e-07 0
1.120821e+00 -7.435211e-07 0
1.120821e+00 -8.202313e-07 0
1.120821e+00 -7.389559e-07 0
1.120821e+00 -7.389559e-07 0
1.120821e+00 -8.202313e-07 0
1.120821e+00 -8.877279e-07 0
1.120820e+00 -7.937353e-07 0
1.120820e+00 -7.937353e-07 0
1.120821e+00 -8.877279e-07 0
1.120819e+00 -9.439919e-07 0
1.120819e+00 -8.391414e-07 0
1.120819e+00 -8.391414e-07 0
1.120819e+00 -9.439919e-07 0
1.120815e+00 -9.872885e-07 0
1.120815e+00 -8.740010e-07 0
1.120815e+00 -8.740010e-07 0
1.120815e+00 -9.872885e-07 0
1.120804e+00 -1.016549e-06 0
1.120804e+00 -8.968721e-07 0
1.120804e+00 -8.968721e-07 0
1.120804e+00 -1.016549e-06 0
1.120773e+00 -1.031731e-06 0
1.120773e+00 -9.050739e-07 0
1.120773e+00 -9.050739e-07 0
1.120773e+00 -1.031731e-06 0
1.120683e+00 -1.031798e-06 0
1.120683e+00 -9.023620e-07 0
1.120683e+00 -9.023620e-07 0
1.120683e+00 -1.031798e-06 0
1.120438e+00 -1.017518e-06 0
1.120438e+00 -8.852776e-07 0
1.120438e+00 -8.852776e-07 0
1.120438e+00 -1.017518e-06 0
1.119787e+00 -9.895697e-07 0
1.119787e+00 -8.519695e-07 0
1.119787e+00 -8.519695e-07 0
1.119787e+00 -9.895697e-07 0
1.118128e+00 -9.466046e-07 0
1.118128e+00 -7.975716e-07 0
1.118128e+00 -7.975716e-07 0
1.118128e+00 -9.466046e-07 0
1.114074e+00 -8.849177e-07 0
1.114074e+00 -7.140130e-07 0
1.114074e+00 -7.140130e-07 0
1.114074e+00 -8.849177e-07 0
1.104662e+00 -7.977966e-07 0
1.104662e+00 -5.939482e-07 0
1.104662e+00 -5.939482e-07 0
1.104662e+00 -7.977966e-07 0
1.084051e+00 -6.806520e-07 0
1.084051e+00 -4.512194e-07 0
1.084051e+00 -4.512194e-07 0
1.084051e+00 -6.806520e-07 0
1.041903e+00 -5.394596e-07 0
1.041903e+00 -3.642310e-07 0
1.041903e+00 -3.642310e-07 0
1.041903e+00 -5.394596e-07 0
9.623506e-01 -4.631017e-07 0
9.623504e-01 -4.844237e-07 0
9.623504e-01 -4.844237e-07 0
9.623506e-01 -4.631017e-07 0
8.255594e-01 -6.727679e-07 0
8.255592e-01 -9.249767e-07 0
8.255592e-01 -9.249767e-07 0
8.255594e-01 -6.727679e-07 0
6.169636e-01 -5.239387e-07 0
6.169791e-01 -8.516539e-07 0
6.169791e-01 -8.516539e-07 0
6.169636e-01 -5.239387e-07 0
3.348398e-01 -1.285884e-07 0
3.348402e-01 -3.066116e-07 0
3.348402e-01 -3.066116e-07 0
3.348398e-01 -1.285884e-07 0
-3.678923e-03 -6.992803e-09 0
-3.678888e-03 -1.922736e-08 0
-3.678899e-03 7.929075e-09 0
-3.678874e-03 -1.803271e-08 0
3.348404e-01 -1.963668e-07 0
3.348405e-01 8.757170e-08 0
3.348405e-01 8.757170e-08 0
3.348404e-01 -1.963668e-07 0
6.169645e-01 -6.303462e-07 0
6.169798e-01 4.069452e-07 0
6.169798e-01 4.069452e-07 0
6.169645e-01 -6.303462e-07 0
8.255605e-01 -5.157021e-07 0
8.255605e-01 4.648037e-07 0
8.255605e-01 4.648037e-07 0
8.255605e-01 -5.157021e-07 0
9.622711e-01 2.467208e-07 0
9.622712e-01 1.416165e-07 0
9.622712e-01 1.416165e-07 0
9.622711e-01 2.467208e-07 0
1.041843e+00 4.955878e-07 0
1.041843e+00 1.256080e-07 0
1.041843e+00 1.256080e-07 0
1.041843e+00 4.955878e-07 0
1.084017e+00 5.099089e-07 0
1.084017e+00 1.620954e-07 0
1.084017e+00 1.620954e-07 0
1.084017e+00 5.099089e-07 0
1.104646e+00 4.241712e-07 0
1.104646e+00 1.825473e-07 0
1.104646e+00 1.825473e-07 0
1.104646e+00 4.241712e-07 0
1.114068e+00 3.305515e-07 0
1.114068e+00 1.758235e-07 0
1.114068e+00 1.758235e-07 0
1.114068e+00 3.305515e-07 0
1.118126e+00 2.498058e-07 0
1.118126e+00 1.467009e-07 0
1.118126e+00 1.467009e-07 0
1.118126e+00 2.498058e-07 0
1.119788e+00 1.804482e-07 0
1.119788e+00 1.041684e-07 0
1.119788e+00 1.041684e-07 0
1.119788e+00 1.804482e-07 0
1.120439e+00 1.166120e-07 0
1.120439e+00 5.271861e-08 0
1.120439e+00 5.271861e-08 0
1.120439e+00 1.166120e-07 0
1.120684e+00 4.942628e-08 0
1.120684e+00 -5.010111e-09 0
1.120684e+00 -5.010111e-09 0
1.120684e+00 4.942628e-08 0
1.120773e+00 -2.369713e-08 0
1.120773e+00 -6.966776e-08 0
1.120773e+00 -6.966776e-08 0
1.120773e+00 -2.369713e-08 0
1.120805e+00 -1.050160e-07 0
1.120805e+00 -1.411870e-07 0
1.120805e+00 -1.411870e-07 0
1.120805e+00 -1.050160e-07 0
1.120816e+00 -1.946679e-07 0
1.120816e+00 -2.192881e-07 0
1.120816e+00 -2.192881e-07 0
1.120816e+00 -1.946679e-07 0
1.120820e+00 -2.920568e-07 0
1.120820e+00 -3.030122e-07 0
1.120820e+00 -3.030122e-07 0
1.120820e+00 -2.920568e-07 0
1.120821e+00 -3.954418e-07 0
1.120821e+00 -3.909021e-07 0
1.120821e+00 -3.909021e-07 0
1.120821e+00 -3.954418e-07 0
1.120821e+00 -5.026605e-07 0
1.120821e+00 -4.813011e-07 0
1.120821e+00 -4.813011e-07 0
1.120821e+00 -5.026605e-07 0
1.120821e+00 -6.106375e-07 0
1.120821e+00 -5.715852e-07 0
1.120821e+00 -5.715852e-07 0
1.120821e+00 -6.106375e-07 0
1.120821e+00 -7.167806e-07 0
1.120821e+00 -6.598437e-07 0
1.120821e+00 -6.598437e-07 0
1.120821e+00 -7.167806e-07 0
1.120821e+00 -8.179338e-07 0
1.120821e+00 -7.435211e-07 0
1.120821e+00 -7.435211e-07 0
1.120821e+00 -8.179338e-07 0
1.120821e+00 -9.110941e-07 0
1.120821e+00 -8.202313e-07 0
1.120821e+00 -8.202313e-07 0
1.120821e+00 -9.110941e-07 0
1.120821e+00 -9.934108e-07 0
1.120821e+00 -8.877279e-07 0
1.120821e+00 -8.877279e-07 0
1.120821e+00 -9.934108e-07 0
1.120819e+00 -1.062338e-06 0
1.120819e+00 -9.439919e-07 0
1.120819e+00 -9.439919e-07 0
1.120819e+00 -1.062338e-06 0
1.120815e+00 -1.115800e-06 0
1.120815e+00 -9.872885e-07 0
1.120815e+00 -9.872885e-07 0
1.120815e+00 -1.115800e-06 0
1.120804e+00 -1.152469e-06 0
1.120804e+00 -1.016549e-06 0
1.120804e+00 -1.016549e-06 0
1.120804e+00 -1.152469e-06 0
1.120773e+00 -1.172236e-06 0
1.120773e+00 -1.031731e-06 0
1.120773e+00 -1.031731e-06 0
1.120773e+00 -1.172236e-06 0
1.120683e+00 -1.174977e-06 0
1.120683e+00 -1.031798e-06 0
1.120683e+00 -1.031798e-06 0
1.120683e+00 -1.174977e-06 0
1.120438e+00 -1.164667e-06 0
1.120438e+00 -1.017518e-06 0
1.120438e+00 -1.017518e-06 0
1.120438e+00 -1.164667e-06 0
1.119787e+00 -1.144798e-06 0
1.119787e+00 -9.895697e-07 0
1.119787e+00 -9.895697e-07 0
1.119787e+00 -1.144798e-06 0
1.118127e+00 -1.122977e-06 0
1.118128e+00 -9.466046e-07 0
1.118128e+00 -9.466046e-07 0
1.118127e+00 -1.122977e-06 0
1.114074e+00 -1.106204e-06 0
1.114074e+00 -8.849177e-07 0
1.114074e+00 -8.849177e-07 0
1.114074e+00 -1.106204e-06 0
1.104662e+00 -1.094797e-06 0
1.104662e+00 -7.977966e-07 0
1.104662e+00 -7.977966e-07 0
1.104662e+00 -1.094797e-06 0
1.084051e+00 -1.065262e-06 0
1.084051e+00 -6.806520e-07 0
1.084051e+00 -6.806520e-07 0
1.084051e+00 -1.065262e-06 0
1.041902e+00 -9.452380e-07 0
1.041903e+00 -5.394596e-07 0
1.041903e+00 -5.394596e-07 0
1.041902e+00 -9.452380e-07 0
9.623505e-01 -5.705621e-07 0
9.623506e-01 -4.631017e-07 0
9.623506e-01 -4.631017e-07 0
9.623505e-01 -5.705621e-07 0
8.255592e-01 2.898932e-07 0
8.255594e-01 -6.727679e-07 0
8.255594e-01 -6.727679e-07 0
8.255592e-01 2.898932e-07 0
6.169634e-01 5.051321e-07 0
6.169636e-01 -5.239387e-07 0
6.169636e-01 -5.239387e-07 0
6.169634e-01 5.051321e-07 0
3.348397e-01 1.517246e-07 0
3.348398e-01 -1.285884e-07 0
3.348398e-01 -1.285884e-07 0
3.348397e-01 1.517246e-07 0
-3.678900e-03 1.906243e-08 0
-3.678923e-03 -6.992803e-09 0
-3.678874e-03 -1.803271e-08 0
-3.678845e-03 -3.056230e-08 0
3.348410e-01 -2.364513e-07 0
3.348404e-01 -1.963668e-07 0
3.348404e-01 -1.963668e-07 0
3.348410e-01 -2.364513e-07 0
6.169800e-01 -7.019617e-07 0
6.169645e-01 -6.303462e-07 0
6.169645e-01 -6.303462e-07 0
6.169800e-01 -7.019617e-07 0
8.255596e-01 -5.309456e-07 0
8.255605e-01 -5.157021e-07 0
8.255605e-01 -5.157021e-07 0
8.255596e-01 -5.309456e-07 0
9.622702e-01 3.071197e-07 0
9.622711e-01 2.467208e-07 0
9.622711e-01 2.467208e-07 0
9.622702e-01 3.071197e-07 0
1.041843e+00 6.071285e-07 0
1.041843e+00 4.955878e-07 0
1.041843e+00 4.955878e-07 0
1.041843e+00 6.071285e-07 0
1.084017e+00 6.103010e-07 0
1.084017e+00 5.099089e-07 0
1.084017e+00 5.099089e-07 0
1.084017e+00 6.103010e-07 0
1.104646e+00 5.046517e-07 0
1.104646e+00 4.241712e-07 0
1.104646e+00 4.241712e-07 0
1.104646e+00 5.046517e-07 0
1.114069e+00 3.956389e-07 0
1.114068e+00 3.305515e-07 0
1.114068e+00 3.305515e-07 0
1.114069e+00 3.956389e-07 0
1.118126e+00 3.088109e-07 0
1.118126e+00 2.498058e-07 0
1.118126e+00 2.498058e-07 0
1.118126e+00 3.088109e-07 0
1.119788e+00 2.390627e-07 0
1.119788e+00 1.804482e-07 0
1.119788e+00 1.804482e-07 0
1.119788e+00 2.390627e-07 0
1.120439e+00 1.757715e-07 0
1.120439e+00 1.166120e-07 0
1.120439e+00 1.166120e-07 0
1.120439e+00 1.757715e-07 0
1.120684e+00 1.072557e-07 0
1.120684e+00 4.942628e-08 0
1.120684e+00 4.942628e-08 0
1.120684e+00 1.072557e-07 0
1.120774e+00 2.928407e-08 0
1.120773e+00 -2.369713e-08 0
1.120773e+00 -2.369713e-08 0
1.120774e+00 2.928407e-08 0
1.120805e+00 -6.067629e-08 0
1.120805e+00 -1.050160e-07 0
1.120805e+00 -1.050160e-07 0
1.120805e+00 -6.067629e-08 0
1.120816e+00 -1.625677e-07 0
1.120816e+00 -1.946679e-07 0
1.120816e+00 -1.946679e-07 0
1.120816e+00 -1.625677e-07 0
1.120820e+00 -2.752653e-07 0
1.120820e+00 -2.920568e-07 0
1.120820e+00 -2.920568e-07 0
1.120820e+00 -2.752653e-07 0
1.120821e+00 -3.963995e-07 0
1.120821e+00 -3.954418e-07 0
1.120821e+00 -3.954418e-07 0
1.120821e+00 -3.963995e-07 0
1.120821e+00 -5.231587e-07 0
1.120821e+00 -5.026605e-07 0
1.120821e+00 -5.026605e-07 0
1.120821e+00 -5.231587e-07 0
1.120822e+00 -6.516453e-07 0
1.120821e+00 -6.106375e-07 0
1.120821e+00 -6.106375e-07 0
1.120822e+00 -6.516453e-07 0
1.120821e+00 -7.786403e-07 0
1.120821e+00 -7.167806e-07 0
1.120821e+00 -7.167806e-07 0
1.120821e+00 -7.786403e-07 0
1.120821e+00 -9.002137e-07 0
1.120821e+00 -8.179338e-07 0
1.120821e+00 -8.179338e-07 0
1.120821e+00 -9.002137e-07 0
1.120821e+00 -1.012626e-06 0
1.120821e+00 -9.110941e-07 0
1.120821e+00 -9.110941e-07 0
1.120821e+00 -1.012626e-06 0
1.120821e+00 -1.112302e-06 0
1.120821e+00 -9.934108e-07 0
1.120821e+00 -9.934108e-07 0
1.120821e+00 -1.112302e-06 0
1.120819e+00 -1.195984e-06 0
1.120819e+00 -1.062338e-06 0
1.120819e+00 -1.062338e-06 0
1.120819e+00 -1.195984e-06 0
1.120816e+00 -1.260976e-06 0
1.120815e+00 -1.115800e-06 0
1.120815e+00 -1.115800e-06 0
1.120816e+00 -1.260976e-06 0
1.120804e+00 -1.305263e-06 0
1.120804e+00 -1.152469e-06 0
1.120804e+00 -1.152469e-06 0
1.120804e+00 -1.305263e-06 0
1.120773e+00 -1.328339e-06 0
1.120773e+00 -1.172236e-06 0
1.120773e+00 -1.172236e-06 0
1.120773e+00 -1.328339e-06 0
1.120683e+00 -1.329860e-06 0
1.120683e+00 -1.174977e-06 0
1.120683e+00 -1.174977e-06 0
1.120683e+00 -1.329860e-06 0
1.120438e+00 -1.314110e-06 0
1.120438e+00 -1.164667e-06 0
1.120438e+00 -1.164667e-06 0
1.120438e+00 -1.314110e-06 0
1.119787e+00 -1.286052e-06 0
1.119787e+00 -1.144798e-06 0
1.119787e+00 -1.144798e-06 0
1.119787e+00 -1.286052e-06 0
1.118127e+00 -1.256146e-06 0
1.118127e+00 -1.122977e-06 0
1.118127e+00 -1.122977e-06 0
1.118127e+00 -1.256146e-06 0
1.114074e+00 -1.235946e-06 0
1.114074e+00 -1.106204e-06 0
1.114074e+00 -1.106204e-06 0
1.114074e+00 -1.235946e-06 0
1.104662e+00 -1.230600e-06 0
1.104662e+00 -1.094797e-06 0
1.104662e+00 -1.094797e-06 0
1.104662e+00 -1.230600e-06 0
1.084051e+00 -1.216101e-06 0
1.084051e+00 -1.065262e-06 0
1.084051e+00 -1.065262e-06 0
1.084051e+00 -1.216101e-06 0
1.041902e+00 -1.095493e-06 0
1.041902e+00 -9.452380e-07 0
1.041902e+00 -9.452380e-07 0
1.041902e+00 -1.095493e-06 0
9.623494e-01 -6.717560e-07 0
9.623505e-01 -5.705621e-07 0
9.623505e-01 -5.705621e-07 0
9.623494e-01 -6.717560e-07 0
8.255582e-01 2.856715e-07 0
8.255592e-01 2.898932e-07 0
8.255592e-01 2.898932e-07 0
8.255582e-01 2.856715e-07 0
6.169788e-01 5.620073e-07 0
6.169634e-01 5.051321e-07 0
6.169634e-01 5.051321e-07 0
6.169788e-01 5.620073e-07 0
3.348402e-01 1.880120e-07 0
3.348397e-01 1.517246e-07 0
3.348397e-01 1.517246e-07 0
3.348402e-01 1.880120e-07 0
-3.678873e-03 3.169333e-08 0
-3.678900e-03 1.906243e-08 0
-3.678845e-03 -3.056230e-08 0
-3.678799e-03 -1.235289e-08 0
3.348411e-01 2.894005e-08 0
3.348410e-01 -2.364513e-07 0
3.348410e-01 -2.364513e-07 0
3.348411e-01 2.894005e-08 0
6.169799e-01 3.479861e-07 0
6.169800e-01 -7.019617e-07 0
6.169800e-01 -7.019617e-07 0
6.169799e-01 3.479861e-07 0
8.255595e-01 4.765248e-07 0
8.255596e-01 -5.309456e-07 0
8.255596e-01 -5.309456e-07 0
8.255595e-01 4.765248e-07 0
9.622700e-01 3.437057e-07 0
9.622702e-01 3.071197e-07 0
9.622702e-01 3.071197e-07 0
9.622700e-01 3.437057e-07 0
1.041843e+00 3.966785e-07 0
1.041843e+00 6.071285e-07 0
1.041843e+00 6.071285e-07 0
1.041843e+00 3.966785e-07 0
1.084017e+00 3.976820e-07 0
1.084017e+00 6.103010e-07 0
1.084017e+00 6.103010e-07 0
1.084017e+00 3.976820e-07 0
1.104647e+00 3.666959e-07 0
1.104646e+00 5.046517e-07 0
1.104646e+00 5.046517e-07 0
1.104647e+00 3.666959e-07 0
1.114069e+00 3.359616e-07 0
1.114069e+00 3.956389e-07 0
1.114069e+00 3.956389e-07 0
1.114069e+00 3.359616e-07 0
1.118127e+00 3.073354e-07 0
1.118126e+00 3.088109e-07 0
1.118126e+00 3.088109e-07 0
1.118127e+00 3.073354e-07 0
1.119788e+00 2.751028e-07 0
1.119788e+00 2.390627e-07 0
1.119788e+00 2.390627e-07 0
1.119788e+00 2.751028e-07 0
1.120439e+00 2.319159e-07 0
1.120439e+00 1.757715e-07 0
1.120439e+00 1.757715e-07 0
1.120439e+00 2.319159e-07 0
1.120684e+00 1.720848e-07 0
1.120684e+00 1.072557e-07 0
1.120684e+00 1.072557e-07 0
1.120684e+00 1.720848e-07 0
1.120774e+00 9.334069e-08 0
1.120774e+00 2.928407e-08 0
1.120774e+00 2.928407e-08 0
1.120774e+00 9.334069e-08 0
1.120805e+00 -4.391943e-09 0
1.120805e+00 -6.067629e-08 0
1.120805e+00 -6.067629e-08 0
1.120805e+00 -4.391943e-09 0
1.120816e+00 -1.197198e-07 0
1.120816e+00 -1.625677e-07 0
1.120816e+00 -1.625677e-07 0
1.120816e+00 -1.197198e-07 0
1.120820e+00 -2.500344e-07 0
1.120820e+00 -2.752653e-07 0
1.120820e+00 -2.752653e-07 0
1.120820e+00 -2.500344e-07 0
1.120821e+00 -3.919105e-07 0
1.120821e+00 -3.963995e-07 0
1.120821e+00 -3.963995e-07 0
1.120821e+00 -3.919105e-07 0
1.120822e+00 -5.416514e-07 0
1.120821e+00 -5.231587e-07 0
1.120821e+00 -5.231587e-07 0
1.120822e+00 -5.416514e-07 0
1.120822e+00 -6.943092e-07 0
1.120822e+00 -6.516453e-07 0
1.120822e+00 -6.516453e-07 0
1.120822e+00 -6.943092e-07 0
1.120822e+00 -8.459243e-07 0
1.120821e+00 -7.786403e-07 0
1.120821e+00 -7.786403e-07 0
1.120822e+00 -8.459243e-07 0
1.120822e+00 -9.916583e-07 0
1.120821e+00 -9.002137e-07 0
1.120821e+00 -9.002137e-07 0
1.120822e+00 -9.916583e-07 0
1.120821e+00 -1.126904e-06 0
1.120821e+00 -1.012626e-06 0
1.120821e+00 -1.012626e-06 0
1.120821e+00 -1.126904e-06 0
1.120821e+00 -1.247230e-06 0
1.120821e+00 -1.112302e-06 0
1.120821e+00 -1.112302e-06 0
1.120821e+00 -1.247230e-06 0
1.120819e+00 -1.348494e-06 0
1.120819e+00 -1.195984e-06 0
1.120819e+00 -1.195984e-06 0
1.120819e+00 -1.348494e-06 0
1.120816e+00 -1.426918e-06 0
1.120816e+00 -1.260976e-06 0
1.120816e+00 -1.260976e-06 0
1.120816e+00 -1.426918e-06 0
1.120805e+00 -1.479570e-06 0
1.120804e+00 -1.305263e-06 0
1.120804e+00 -1.305263e-06 0
1.120805e+00 -1.479570e-06 0
1.120773e+00 -1.504736e-06 0
1.120773e+00 -1.328339e-06 0
1.120773e+00 -1.328339e-06 0
1.120773e+00 -1.504736e-06 0
1.120683e+00 -1.500400e-06 0
1.120683e+00 -1.329860e-06 0
1.120683e+00 -1.329860e-06 0
1.120683e+00 -1.500400e-06 0
1.120438e+00 -1.468168e-06 0
1.120438e+00 -1.314110e-06 0
1.120438e+00 -1.314110e-06 0
1.120438e+00 -1.468168e-06 0
1.119787e+00 -1.410871e-06 0
1.119787e+00 -1.286052e-06 0
1.119787e+00 -1.286052e-06 0
1.119787e+00 -1.410871e-06 0
1.118127e+00 -1.334326e-06 0
1.118127e+00 -1.256146e-06 0
1.118127e+00 -1.256146e-06 0
1.118127e+00 -1.334326e-06 0
1.114074e+00 -1.246661e-06 0
1.114074e+00 -1.235946e-06 0
1.114074e+00 -1.235946e-06 0
1.114074e+00 -1.246661e-06 0
1.104662e+00 -1.155095e-06 0
1.104662e+00 -1.230600e-06 0
1.104662e+00 -1.230600e-06 0
1.104662e+00 -1.155095e-06 0
1.084051e+00 -1.061445e-06 0
1.084051e+00 -1.216101e-06 0
1.084051e+00 -1.216101e-06 0
1.084051e+00 -1.061445e-06 0
1.041902e+00 -9.270582e-07 0
1.041902e+00 -1.095493e-06 0
1.041902e+00 -1.095493e-06 0
1.041902e+00 -9.270582e-07 0
9.623491e-01 -7.521585e-07 0
9.623494e-01 -6.717560e-07 0
9.623494e-01 -6.717560e-07 0
9.623491e-01 -7.521585e-07 0
8.255579e-01 -7.429051e-07 0
8.255582e-01 2.856715e-07 0
8.255582e-01 2.856715e-07 0
8.255579e-01 -7.429051e-07 0
6.169635e-01 -4.907821e-07 0
6.169788e-01 5.620073e-07 0
6.169788e-01 5.620073e-07 0
6.169635e-01 -4.907821e-07 0
3.348402e-01 -8.145074e-08 0
3.348402e-01 1.880120e-07 0
3.348402e-01 1.880120e-07 0
3.348402e-01 -8.145074e-08 0
-3.678829e-03 1.359104e-08 0
-3.678873e-03 3.169333e-08 0
-3.678799e-03 -1.235289e-08 0
-3.678815e-03 1.536321e-08 0
3.348407e-01 3.122607e-07 0
3.348411e-01 2.894005e-08 0
3.348411e-01 2.894005e-08 0
3.348407e-01 3.122607e-07 0
6.169796e-01 8.603812e-07 0
6.169799e-01 3.479861e-07 0
6.169799e-01 3.479861e-07 0
6.169796e-01 8.603812e-07 0
8.255596e-01 9.198819e-07 0
8.255595e-01 4.765248e-07 0
8.255595e-01 4.765248e-07 0
8.255596e-01 9.198819e-07 0
9.622703e-01 5.108643e-07 0
9.622700e-01 3.437057e-07 0
9.622700e-01 3.437057e-07 0
9.622703e-01 5.108643e-07 0
1.041843e+00 2.545981e-07 0
1.041843e+00 3.966785e-07 0
1.041843e+00 3.966785e-07 0
1.041843e+00 2.545981e-07 0
1.084017e+00 1.632531e-07 0
1.084017e+00 3.976820e-07 0
1.084017e+00 3.976820e-07 0
1.084017e+00 1.632531e-07 0
1.104647e+00 1.973977e-07 0
1.104647e+00 3.666959e-07 0
1.104647e+00 3.666959e-07 0
1.104647e+00 1.973977e-07 0
1.114069e+00 2.549759e-07 0
1.114069e+00 3.359616e-07 0
1.114069e+00 3.359616e-07 0
1.114069e+00 2.549759e-07 0
1.118127e+00 3.008602e-07 0
1.118127e+00 3.073354e-07 0
1.118127e+00 3.073354e-07 0
1.118127e+00 3.008602e-07 0
1.119788e+00 3.189351e-07 0
1.119788e+00 2.751028e-07 0
1.119788e+00 2.751028e-07 0
1.119788e+00 3.189351e-07 0
1.120439e+00 3.034031e-07 0
1.120439e+00 2.319159e-07 0
1.120439e+00 2.319159e-07 0
1.120439e+00 3.034031e-07 0
1.120684e+00 2.554824e-07 0
1.120684e+00 1.720848e-07 0
1.120684e+00 1.720848e-07 0
1.120684e+00 2.554824e-07 0
1.120774e+00 1.763712e-07 0
1.120774e+00 9.334069e-08 0
1.120774e+00 9.334069e-08 0
1.120774e+00 1.763712e-07 0
1.120805e+00 6.949481e-08 0
1.120805e+00 -4.391943e-09 0
1.120805e+00 -4.391943e-09 0
1.120805e+00 6.949481e-08 0
1.120816e+00 -6.185410e-08 0
1.120816e+00 -1.197198e-07 0
1.120816e+00 -1.197198e-07 0
1.120816e+00 -6.185410e-08 0
1.120820e+00 -2.131569e-07 0
1.120820e+00 -2.500344e-07 0
1.120820e+00 -2.500344e-07 0
1.120820e+00 -2.131569e-07 0
1.120821e+00 -3.798273e-07 0
1.120821e+00 -3.919105e-07 0
1.120821e+00 -3.919105e-07 0
1.120821e+00 -3.798273e-07 0
1.120822e+00 -5.568537e-07 0
1.120822e+00 -5.416514e-07 0
1.120822e+00 -5.416514e-07 0
1.120822e+00 -5.568537e-07 0
1.120822e+00 -7.382155e-07 0
1.120822e+00 -6.943092e-07 0
1.120822e+00 -6.943092e-07 0
1.120822e+00 -7.382155e-07 0
1.120822e+00 -9.190957e-07 0
1.120822e+00 -8.459243e-07 0
1.120822e+00 -8.459243e-07 0
1.120822e+00 -9.190957e-07 0
1.120822e+00 -1.093590e-06 0
1.120822e+00 -9.916583e-07 0
1.120822e+00 -9.916583e-07 0
1.120822e+00 -1.093590e-06 0
1.120821e+00 -1.256097e-06 0
1.120821e+00 -1.126904e-06 0
1.120821e+00 -1.126904e-06 0
1.120821e+00 -1.256097e-06 0
1.120821e+00 -1.401200e-06 0
1.120821e+00 -1.247230e-06 0
1.120821e+00 -1.247230e-06 0
1.120821e+00 -1.401200e-06 0
1.120820e+00 -1.523802e-06 0
1.120819e+00 -1.348494e-06 0
1.120819e+00 -1.348494e-06 0
1.120820e+00 -1.523802e-06 0
1.120816e+00 -1.619424e-06 0
1.120816e+00 -1.426918e-06 0
1.120816e+00 -1.426918e-06 0
1.120816e+00 -1.619424e-06 0
1.120805e+00 -1.682986e-06 0
1.120805e+00 -1.479570e-06 0
1.120805e+00 -1.479570e-06 0
1.120805e+00 -1.682986e-06 0
1.120773e+00 -1.708879e-06 0
1.120773e+00 -1.504736e-06 0
1.120773e+00 -1.504736e-06 0
1.120773e+00 -1.708879e-06 0
1.120683e+00 -1.698329e-06 0
1.120683e+00 -1.500400e-06 0
1.120683e+00 -1.500400e-06 0
1.120683e+00 -1.698329e-06 0
1.120438e+00 -1.646254e-06 0
1.120438e+00 -1.468168e-06 0
1.120438e+00 -1.468168e-06 0
1.120438e+00 -1.646254e-06 0
1.119787e+00 -1.551625e-06 0
1.119787e+00 -1.410871e-06 0
1.119787e+00 -1.410871e-06 0
1.119787e+00 -1.551625e-06 0
1.118127e+00 -1.415318e-06 0
1.118127e+00 -1.334326e-06 0
1.118127e+00 -1.334326e-06 0
1.118127e+00 -1.415318e-06 0
1.114074e+00 -1.243893e-06 0
1.114074e+00 -1.246661e-06 0
1.114074e+00 -1.246661e-06 0
1.114074e+00 -1.243893e-06 0
1.104662e+00 -1.055304e-06 0
1.104662e+00 -1.155095e-06 0
1.104662e+00 -1.155095e-06 0
1.104662e+00 -1.055304e-06 0
1.084051e+00 -8.869631e-07 0
1.084051e+00 -1.061445e-06 0
1.084051e+00 -1.061445e-06 0
1.084051e+00 -8.869631e-07 0
1.041902e+00 -8.311564e-07 0
1.041902e+00 -9.270582e-07 0
1.041902e+00 -9.270582e-07 0
1.041902e+00 -8.311564e-07 0
9.623492e-01 -9.523431e-07 0
9.623491e-01 -7.521585e-07 0
9.623491e-01 -7.521585e-07 0
9.623492e-01 -9.523431e-07 0
8.255580e-01 -1.209445e-06 0
8.255579e-01 -7.429051e-07 0
8.255579e-01 -7.429051e-07 0
8.255580e-01 -1.209445e-06 0
6.169782e-01 -1.018819e-06 0
6.169635e-01 -4.907821e-07 0
6.169635e-01 -4.907821e-07 0
6.169782e-01 -1.018819e-06 0
3.348397e-01 -3.694418e-07 0
3.348402e-01 -8.145074e-08 0
3.348402e-01 -8.145074e-08 0
3.348397e-01 -3.694418e-07 0
-3.678848e-03 -1.402168e-08 0
-3.678829e-03 1.359104e-08 0
-3.678815e-03 1.536321e-08 0
-3.678854e-03 3.101588e-08 0
3.348402e-01 2.978946e-07 0
3.348407e-01 3.122607e-07 0
3.348407e-01 3.122607e-07 0
3.348402e-01 2.978946e-07 0
6.169793e-01 7.708842e-07 0
6.169796e-01 8.603812e-07 0
6.169796e-01 8.603812e-07 0
6.169793e-01 7.708842e-07 0
8.255598e-01 7.601636e-07 0
8.255596e-01 9.198819e-07 0
8.255596e-01 9.198819e-07 0
8.255598e-01 7.601636e-07 0
9.622707e-01 3.673647e-07 0
9.622703e-01 5.108643e-07 0
9.622703e-01 5.108643e-07 0
9.622707e-01 3.673647e-07 0
1.041843e+00 9.302130e-08 0
1.041843e+00 2.545981e-07 0
1.041843e+00 2.545981e-07 0
1.041843e+00 9.302130e-08 0
1.084017e+00 3.263594e-08 0
1.084017e+00 1.632531e-07 0
1.084017e+00 1.632531e-07 0
1.084017e+00 3.263594e-08 0
1.104646e+00 1.233214e-07 0
1.104647e+00 1.973977e-07 0
1.104647e+00 1.973977e-07 0
1.104646e+00 1.233214e-07 0
1.114069e+00 2.492889e-07 0
1.114069e+00 2.549759e-07 0
1.114069e+00 2.549759e-07 0
1.114069e+00 2.492889e-07 0
1.118126e+00 3.521253e-07 0
1.118127e+00 3.008602e-07 0
1.118127e+00 3.008602e-07 0
1.118126e+00 3.521253e-07 0
1.119788e+00 4.085887e-07 0
1.119788e+00 3.189351e-07 0
1.119788e+00 3.189351e-07 0
1.119788e+00 4.085887e-07 0
1.120439e+00 4.131791e-07 0
1.120439e+00 3.034031e-07 0
1.120439e+00 3.034031e-07 0
1.120439e+00 4.131791e-07 0
1.120684e+00 3.715546e-07 0
1.120684e+00 2.554824e-07 0
1.120684e+00 2.554824e-07 0
1.120684e+00 3.715546e-07 0
1.120774e+00 2.875148e-07 0
1.120774e+00 1.763712e-07 0
1.120774e+00 1.763712e-07 0
1.120774e+00 2.875148e-07 0
1.120806e+00 1.672498e-07 0
1.120805e+00 6.949481e-08 0
1.120805e+00 6.949481e-08 0
1.120806e+00 1.672498e-07 0
1.120817e+00 1.549153e-08 0
1.120816e+00 -6.185410e-08 0
1.120816e+00 -6.185410e-08 0
1.120817e+00 1.549153e-08 0
1.120820e+00 -1.614785e-07 0
1.120820e+00 -2.131569e-07 0
1.120820e+00 -2.131569e-07 0
1.120820e+00 -1.614785e-07 0
1.120822e+00 -3.577012e-07 0
1.120821e+00 -3.798273e-07 0
1.120821e+00 -3.798273e-07 0
1.120822e+00 -3.577012e-07 0
1.120822e+00 -5.674177e-07 0
1.120822e+00 -5.568537e-07 0
1.120822e+00 -5.568537e-07 0
1.120822e+00 -5.674177e-07 0
1.120822e+00 -7.828352e-07 0
1.120822e+00 -7.382155e-07 0
1.120822e+00 -7.382155e-07 0
1.120822e+00 -7.828352e-07 0
1.120822e+00 -9.985162e-07 0
1.120822e+00 -9.190957e-07 0
1.120822e+00 -9.190957e-07 0
1.120822e+00 -9.985162e-07 0
1.120822e+00 -1.207255e-06 0
1.120822e+00 -1.093590e-06 0
1.120822e+00 -1.093590e-06 0
1.120822e+00 -1.207255e-06 0
1.120822e+00 -1.402308e-06 0
1.120821e+00 -1.256097e-06 0
1.120821e+00 -1.256097e-06 0
1.120822e+00 -1.402308e-06 0
1.120821e+00 -1.577120e-06 0
1.120821e+00 -1.401200e-06 0
1.120821e+00 -1.401200e-06 0
1.120821e+00 -1.577120e-06 0
1.120820e+00 -1.725415e-06 0
1.120820e+00 -1.523802e-06 0
1.120820e+00 -1.523802e-06 0
1.120820e+00 -1.725415e-06 0
1.120816e+00 -1.841164e-06 0
1.120816e+00 -1.619424e-06 0
1.120816e+00 -1.619424e-06 0
1.120816e+00 -1.841164e-06 0
1.120805e+00 -1.919164e-06 0
1.120805e+00 -1.682986e-06 0
1.120805e+00 -1.682986e-06 0
1.120805e+00 -1.919164e-06 0
1.120773e+00 -1.954036e-06 0
1.120773e+00 -1.708879e-06 0
1.120773e+00 -1.708879e-06 0
1.120773e+00 -1.954036e-06 0
1.120683e+00 -1.940303e-06 0
1.120683e+00 -1.698329e-06 0
1.120683e+00 -1.698329e-06 0
1.120683e+00 -1.940303e-06 0
1.120438e+00 -1.872461e-06 0
1.120438e+00 -1.646254e-06 0
1.120438e+00 -1.646254e-06 0
1.120438e+00 -1.872461e-06 0
1.119787e+00 -1.747576e-06 0
1.119787e+00 -1.551625e-06 0
1.119787e+00 -1.551625e-06 0
1.119787e+00 -1.747576e-06 0
1.118127e+00 -1.562732e-06 0
1.118127e+00 -1.415318e-06 0
1.118127e+00 -1.415318e-06 0
1.118127e+00 -1.562732e-06 0
1.114074e+00 -1.324307e-06 0
1.114074e+00 -1.243893e-06 0
1.114074e+00 -1.243893e-06 0
1.114074e+00 -1.324307e-06 0
1.104661e+00 -1.057811e-06 0
1.104662e+00 -1.055304e-06 0
1.104662e+00 -1.055304e-06 0
1.104661e+00 -1.057811e-06 0
1.084051e+00 -8.196501e-07 0
1.084051e+00 -8.869631e-07 0
1.084051e+00 -8.869631e-07 0
1.084051e+00 -8.196501e-07 0
1.041902e+00 -7.197015e-07 0
1.041902e+00 -8.311564e-07 0
1.041902e+00 -8.311564e-07 0
1.041902e+00 -7.197015e-07 0
9.623495e-01 -8.450969e-07 0
9.623492e-01 -9.523431e-07 0
9.623492e-01 -9.523431e-07 0
9.623495e-01 -8.450969e-07 0
8.255581e-01 -1.075103e-06 0
8.255580e-01 -1.209445e-06 0
8.255580e-01 -1.209445e-06 0
8.255581e-01 -1.075103e-06 0
6.169626e-01 -9.430317e-07 0
6.169782e-01 -1.018819e-06 0
6.169782e-01 -1.018819e-06 0
6.169626e-01 -9.430317e-07 0
3.348392e-01 -3.600350e-07 0
3.348397e-01 -3.694418e-07 0
3.348397e-01 -3.694418e-07 0
3.348392e-01 -3.600350e-07 0
-3.678891e-03 -2.952398e-08 0
-3.678848e-03 -1.402168e-08 0
-3.678854e-03 3.101588e-08 0
-3.678887e-03 2.393004e-08 0
3.348399e-01 2.205379e-07 0
3.348402e-01 2.978946e-07 0
3.348402e-01 2.978946e-07 0
3.348399e-01 2.205379e-07 0
6.170198e-01 1.421542e-07 0
6.169793e-01 7.708842e-07 0
6.169793e-01 7.708842e-07 0
6.170198e-01 1.421542e-07 0
8.255600e-01 1.788548e-07 0
8.255598e-01 7.601636e-07 0
8.255598e-01 7.601636e-07 0
8.255600e-01 1.788548e-07 0
9.622710e-01 4.070976e-08 0
9.622707e-01 3.673647e-07 0
9.622707e-01 3.673647e-07 0
9.622710e-01 4.070976e-08 0
1.041843e+00 -3.804640e-08 0
1.041843e+00 9.302130e-08 0
1.041843e+00 9.302130e-08 0
1.041843e+00 -3.804640e-08 0
1.084017e+00 4.282214e-08 0
1.084017e+00 3.263594e-08 0
1.084017e+00 3.263594e-08 0
1.084017e+00 4.282214e-08 0
1.104646e+00 2.078716e-07 0
1.104646e+00 1.233214e-07 0
1.104646e+00 1.233214e-07 0
1.104646e+00 2.078716e-07 0
1.114068e+00 3.775791e-07 0
1.114069e+00 2.492889e-07 0
1.114069e+00 2.492889e-07 0
1.114068e+00 3.775791e-07 0
1.118126e+00 5.061354e-07 0
1.118126e+00 3.521253e-07 0
1.118126e+00 3.521253e-07 0
1.118126e+00 5.061354e-07 0
1.119788e+00 5.758550e-07 0
1.119788e+00 4.085887e-07 0
1.119788e+00 4.085887e-07 0
1.119788e+00 5.758550e-07 0
1.120439e+00 5.835075e-07 0
1.120439e+00 4.131791e-07 0
1.120439e+00 4.131791e-07 0
1.120439e+00 5.835075e-07 0
1.120684e+00 5.361925e-07 0
1.120684e+00 3.715546e-07 0
1.120684e+00 3.715546e-07 0
1.120684e+00 5.361925e-07 0
1.120774e+00 4.386063e-07 0
1.120774e+00 2.875148e-07 0
1.120774e+00 2.875148e-07 0
1.120774e+00 4.386063e-07 0
1.120806e+00 2.977591e-07 0
1.120806e+00 1.672498e-07 0
1.120806e+00 1.672498e-07 0
1.120806e+00 2.977591e-07 0
1.120817e+00 1.192920e-07 0
1.120817e+00 1.549153e-08 0
1.120817e+00 1.549153e-08 0
1.120817e+00 1.192920e-07 0
1.120820e+00 -8.961100e-08 0
1.120820e+00 -1.614785e-07 0
1.120820e+00 -1.614785e-07 0
1.120820e+00 -8.961100e-08 0
1.120822e+00 -3.220060e-07 0
1.120822e+00 -3.577012e-07 0
1.120822e+00 -3.577012e-07 0
1.120822e+00 -3.220060e-07 0
1.120822e+00 -5.709326e-07 0
1.120822e+00 -5.674177e-07 0
1.120822e+00 -5.674177e-07 0
1.120822e+00 -5.709326e-07 0
1.120822e+00 -8.275877e-07 0
1.120822e+00 -7.828352e-07 0
1.120822e+00 -7.828352e-07 0
1.120822e+00 -8.275877e-07 0
1.120822e+00 -1.085128e-06 0
1.120822e+00 -9.985162e-07 0
1.120822e+00 -9.985162e-07 0
1.120822e+00 -1.085128e-06 0
1.120822e+00 -1.335112e-06 0
1.120822e+00 -1.207255e-06 0
1.120822e+00 -1.207255e-06 0
1.120822e+00 -1.335112e-06 0
1.120822e+00 -1.569522e-06 0
1.120822e+00 -1.402308e-06 0
1.120822e+00 -1.402308e-06 0
1.120822e+00 -1.569522e-06 0
1.120821e+00 -1.780554e-06 0
1.120821e+00 -1.577120e-06 0
1.120821e+00 -1.577120e-06 0
1.120821e+00 -1.780554e-06 0
1.120820e+00 -1.960748e-06 0
1.120820e+00 -1.725415e-06 0
1.120820e+00 -1.725415e-06 0
1.120820e+00 -1.960748e-06 0
1.120816e+00 -2.103177e-06 0
1.120816e+00 -1.841164e-06 0
1.120816e+00 -1.841164e-06 0
1.120816e+00 -2.103177e-06 0
1.120805e+00 -2.201689e-06 0
1.120805e+00 -1.919164e-06 0
1.120805e+00 -1.919164e-06 0
1.120805e+00 -2.201689e-06 0
1.120773e+00 -2.249498e-06 0
1.120773e+00 -1.954036e-06 0
1.120773e+00 -1.954036e-06 0
1.120773e+00 -2.249498e-06 0
1.120683e+00 -2.241105e-06 0
1.120683e+00 -1.940303e-06 0
1.120683e+00 -1.940303e-06 0
1.120683e+00 -2.241105e-06 0
1.120437e+00 -2.169597e-06 0
1.120438e+00 -1.872461e-06 0
1.120438e+00 -1.872461e-06 0
1.120437e+00 -2.169597e-06 0
1.119787e+00 -2.031130e-06 0
1.119787e+00 -1.747576e-06 0
1.119787e+00 -1.747576e-06 0
1.119787e+00 -2.031130e-06 0
1.118127e+00 -1.821520e-06 0
1.118127e+00 -1.562732e-06 0
1.118127e+00 -1.562732e-06 0
1.118127e+00 -1.821520e-06 0
1.114073e+00 -1.544208e-06 0
1.114074e+00 -1.324307e-06 0
1.114074e+00 -1.324307e-06 0
1.114073e+00 -1.544208e-06 0
1.104661e+00 -1.218592e-06 0
1.104661e+00 -1.057811e-06 0
1.104661e+00 -1.057811e-06 0
1.104661e+00 -1.218592e-06 0
1.084050e+00 -8.882340e-07 0
1.084051e+00 -8.196501e-07 0
1.084051e+00 -8.196501e-07 0
1.084050e+00 -8.882340e-07 0
1.041902e+00 -6.425166e-07 0
1.041902e+00 -7.197015e-07 0
1.041902e+00 -7.197015e-07 0
1.041902e+00 -6.425166e-07 0
9.623496e-01 -5.517851e-07 0
9.623495e-01 -8.450969e-07 0
9.623495e-01 -8.450969e-07 0
9.623496e-01 -5.517851e-07 0
8.255581e-01 -5.209267e-07 0
8.255581e-01 -1.075103e-06 0
8.255581e-01 -1.075103e-06 0
8.255581e-01 -5.209267e-07 0
6.170365e-01 -3.321137e-07 0
6.169626e-01 -9.430317e-07 0
6.169626e-01 -9.430317e-07 0
6.170365e-01 -3.321137e-07 0
3.348388e-01 -2.881828e-07 0
3.348392e-01 -3.600350e-07 0
3.348392e-01 -3.600350e-07 0
3.348388e-01 -2.881828e-07 0
-3.678926e-03 -2.234935e-08 0
-3.678891e-03 -2.952398e-08 0
-3.678887e-03 2.393004e-08 0
-3.678943e-03 -2.378192e-09 0
3.348401e-01 8.334364e-08 0
3.348399e-01 2.205379e-07 0
3.348399e-01 2.205379e-07 0
3.348401e-01 8.334364e-08 0
6.169793e-01 -1.367265e-08 0
6.170198e-01 1.421542e-07 0
6.170198e-01 1.421542e-07 0
6.169793e-01 -1.367265e-08 0
8.255600e-01 3.694401e-08 0
8.255600e-01 1.788548e-07 0
8.255600e-01 1.788548e-07 0
8.255600e-01 3.694401e-08 0
9.622709e-01 -1.838222e-08 0
9.622710e-01 4.070976e-08 0
9.622710e-01 4.070976e-08 0
9.622709e-01 -1.838222e-08 0
1.041843e+00 7.962753e-08 0
1.041843e+00 -3.804640e-08 0
1.041843e+00 -3.804640e-08 0
1.041843e+00 7.962753e-08 0
1.084017e+00 2.602503e-07 0
1.084017e+00 4.282214e-08 0
1.084017e+00 4.282214e-08 0
1.084017e+00 2.602503e-07 0
1.104646e+00 4.738349e-07 0
1.104646e+00 2.078716e-07 0
1.104646e+00 2.078716e-07 0
1.104646e+00 4.738349e-07 0
1.114068e+00 6.495056e-07 0
1.114068e+00 3.775791e-07 0
1.114068e+00 3.775791e-07 0
1.114068e+00 6.495056e-07 0
1.118126e+00 7.692992e-07 0
1.118126e+00 5.061354e-07 0
1.118126e+00 5.061354e-07 0
1.118126e+00 7.692992e-07 0
1.119788e+00 8.262360e-07 0
1.119788e+00 5.758550e-07 0
1.119788e+00 5.758550e-07 0
1.119788e+00 8.262360e-07 0
1.120439e+00 8.196025e-07 0
1.120439e+00 5.835075e-07 0
1.120439e+00 5.835075e-07 0
1.120439e+00 8.196025e-07 0
1.120684e+00 7.542746e-07 0
1.120684e+00 5.361925e-07 0
1.120684e+00 5.361925e-07 0
1.120684e+00 7.542746e-07 0
1.120774e+00 6.341369e-07 0
1.120774e+00 4.386063e-07 0
1.120774e+00 4.386063e-07 0
1.120774e+00 6.341369e-07 0
1.120806e+00 4.652499e-07 0
1.120806e+00 2.977591e-07 0
1.120806e+00 2.977591e-07 0
1.120806e+00 4.652499e-07 0
1.120817e+00 2.532018e-07 0
1.120817e+00 1.192920e-07 0
1.120817e+00 1.192920e-07 0
1.120817e+00 2.532018e-07 0
1.120821e+00 5.417326e-09 0
1.120820e+00 -8.961100e-08 0
1.120820e+00 -8.961100e-08 0
1.120821e+00 5.417326e-09 0
1.120822e+00 -2.703975e-07 0
1.120822e+00 -3.220060e-07 0
1.120822e+00 -3.220060e-07 0
1.120822e+00 -2.703975e-07 0
1.120822e+00 -5.662219e-07 0
1.120822e+00 -5.709326e-07 0
1.120822e+00 -5.709326e-07 0
1.120822e+00 -5.662219e-07 0
1.120823e+00 -8.718325e-07 0
1.120822e+00 -8.275877e-07 0
1.120822e+00 -8.275877e-07 0
1.120823e+00 -8.718325e-07 0
1.120822e+00 -1.179174e-06 0
1.120822e+00 -1.085128e-06 0
1.120822e+00 -1.085128e-06 0
1.120822e+00 -1.179174e-06 0
1.120822e+00 -1.478296e-06 0
1.120822e+00 -1.335112e-06 0
1.120822e+00 -1.335112e-06 0
1.120822e+00 -1.478296e-06 0
1.120822e+00 -1.759739e-06 0
1.120822e+00 -1.569522e-06 0
1.120822e+00 -1.569522e-06 0
1.120822e+00 -1.759739e-06 0
1.120821e+00 -2.014319e-06 0
1.120821e+00 -1.780554e-06 0
1.120821e+00 -1.780554e-06 0
1.120821e+00 -2.014319e-06 0
1.120820e+00 -2.233361e-06 0
1.120820e+00 -1.960748e-06 0
1.120820e+00 -1.960748e-06 0
1.120820e+00 -2.233361e-06 0
1.120816e+00 -2.409320e-06 0
1.120816e+00 -2.103177e-06 0
1.120816e+00 -2.103177e-06 0
1.120816e+00 -2.409320e-06 0
1.120805e+00 -2.534350e-06 0
1.120805e+00 -2.201689e-06 0
1.120805e+00 -2.201689e-06 0
1.120805e+00 -2.534350e-06 0
1.120773e+00 -2.601778e-06 0
1.120773e+00 -2.249498e-06 0
1.120773e+00 -2.249498e-06 0
1.120773e+00 -2.601778e-06 0
1.120683e+00 -2.606830e-06 0
1.120683e+00 -2.241105e-06 0
1.120683e+00 -2.241105e-06 0
1.120683e+00 -2.606830e-06 0
1.120437e+00 -2.543446e-06 0
1.120437e+00 -2.169597e-06 0
1.120437e+00 -2.169597e-06 0
1.120437e+00 -2.543446e-06 0
1.119787e+00 -2.408592e-06 0
1.119787e+00 -2.031130e-06 0
1.119787e+00 -2.031130e-06 0
1.119787e+00 -2.408592e-06 0
1.118127e+00 -2.199516e-06 0
1.118127e+00 -1.821520e-06 0
1.118127e+00 -1.821520e-06 0
1.118127e+00 -2.199516e-06 0
1.114073e+00 -1.917089e-06 0
1.114073e+00 -1.544208e-06 0
1.114073e+00 -1.544208e-06 0
1.114073e+00 -1.917089e-06 0
1.104661e+00 -1.570635e-06 0
1.104661e+00 -1.218592e-06 0
1.104661e+00 -1.218592e-06 0
1.104661e+00 -1.570635e-06 0
1.084050e+00 -1.191294e-06 0
1.084050e+00 -8.882340e-07 0
1.084050e+00 -8.882340e-07 0
1.084050e+00 -1.191294e-06 0
1.041902e+00 -8.190676e-07 0
1.041902e+00 -6.425166e-07 0
1.041902e+00 -6.425166e-07 0
1.041902e+00 -8.190676e-07 0
9.623494e-01 -5.307919e-07 0
9.623496e-01 -5.517851e-07 0
9.623496e-01 -5.517851e-07 0
9.623494e-01 -5.307919e-07 0
8.255578e-01 -4.087317e-07 0
8.255581e-01 -5.209267e-07 0
8.255581e-01 -5.209267e-07 0
8.255578e-01 -4.087317e-07 0
6.169775e-01 -1.916740e-07 0
6.170365e-01 -3.321137e-07 0
6.170365e-01 -3.321137e-07 0
6.169775e-01 -1.916740e-07 0
3.348389e-01 -1.570778e-07 0
3.348388e-01 -2.881828e-07 0
3.348388e-01 -2.881828e-07 0
3.348389e-01 -1.570778e-07 0
-3.678986e-03 4.089472e-09 0
-3.678926e-03 -2.234935e-08 0
-3.678943e-03 -2.378192e-09 0
-3.678916e-03 -2.697967e-08 0
3.348400e-01 -1.444628e-07 0
3.348401e-01 8.334364e-08 0
3.348401e-01 8.334364e-08 0
3.348400e-01 -1.444628e-07 0
6.169791e-01 1.867962e-07 0
6.169793e-01 -1.367265e-08 0
6.169793e-01 -1.367265e-08 0
6.169791e-01 1.867962e-07 0
8.255601e-01 2.706403e-07 0
8.255600e-01 3.694401e-08 0
8.255600e-01 3.694401e-08 0
8.255601e-01 2.706403e-07 0
9.622709e-01 2.081680e-07 0
9.622709e-01 -1.838222e-08 0
9.622709e-01 -1.838222e-08 0
9.622709e-01 2.081680e-07 0
1.041843e+00 4.644533e-07 0
1.041843e+00 7.962753e-08 0
1.041843e+00 7.962753e-08 0
1.041843e+00 4.644533e-07 0
1.084017e+00 7.182553e-07 0
1.084017e+00 2.602503e-07 0
1.084017e+00 2.602503e-07 0
1.084017e+00 7.182553e-07 0
1.104646e+00 9.074105e-07 0
1.104646e+00 4.738349e-07 0
1.104646e+00 4.738349e-07 0
1.104646e+00 9.074105e-07 0
1.114068e+00 1.044589e-06 0
1.114068e+00 6.495056e-07 0
1.114068e+00 6.495056e-07 0
1.114068e+00 1.044589e-06 0
1.118126e+00 1.127209e-06 0
1.118126e+00 7.692992e-07 0
1.118126e+00 7.692992e-07 0
1.118126e+00 1.127209e-06 0
1.119788e+00 1.153336e-06 0
1.119788e+00 8.262360e-07 0
1.119788e+00 8.262360e-07 0
1.119788e+00 1.153336e-06 0
1.120439e+00 1.120639e-06 0
1.120439e+00 8.196025e-07 0
1.120439e+00 8.196025e-07 0
1.120439e+00 1.120639e-06 0
1.120685e+00 1.028719e-06 0
1.120684e+00 7.542746e-07 0
1.120684e+00 7.542746e-07 0
1.120685e+00 1.028719e-06 0
1.120774e+00 8.788314e-07 0
1.120774e+00 6.341369e-07 0
1.120774e+00 6.341369e-07 0
1.120774e+00 8.788314e-07 0
1.120806e+00 6.750570e-07 0
1.120806e+00 4.652499e-07 0
1.120806e+00 4.652499e-07 0
1.120806e+00 6.750570e-07 0
1.120817e+00 4.222565e-07 0
1.120817e+00 2.532018e-07 0
1.120817e+00 2.532018e-07 0
1.120817e+00 4.222565e-07 0
1.120821e+00 1.278698e-07 0
1.120821e+00 5.417326e-09 0
1.120821e+00 5.417326e-09 0
1.120821e+00 1.278698e-07 0
1.120822e+00 -1.995318e-07 0
1.120822e+00 -2.703975e-07 0
1.120822e+00 -2.703975e-07 0
1.120822e+00 -1.995318e-07 0
1.120823e+00 -5.512502e-07 0
1.120822e+00 -5.662219e-07 0
1.120822e+00 -5.662219e-07 0
1.120823e+00 -5.512502e-07 0
1.120823e+00 -9.148030e-07 0
1.120823e+00 -8.718325e-07 0
1.120823e+00 -8.718325e-07 0
1.120823e+00 -9.148030e-07 0
1.120823e+00 -1.281262e-06 0
1.120822e+00 -1.179174e-06 0
1.120822e+00 -1.179174e-06 0
1.120823e+00 -1.281262e-06 0
1.120823e+00 -1.638793e-06 0
1.120822e+00 -1.478296e-06 0
1.120822e+00 -1.478296e-06 0
1.120823e+00 -1.638793e-06 0
1.120822e+00 -1.976277e-06 0
1.120822e+00 -1.759739e-06 0
1.120822e+00 -1.759739e-06 0
1.120822e+00 -1.976277e-06 0
1.120822e+00 -2.282951e-06 0
1.120821e+00 -2.014319e-06 0
1.120821e+00 -2.014319e-06 0
1.120822e+00 -2.282951e-06 0
1.120820e+00 -2.548679e-06 0
1.120820e+00 -2.233361e-06 0
1.120820e+00 -2.233361e-06 0
1.120820e+00 -2.548679e-06 0
1.120816e+00 -2.764244e-06 0
1.120816e+00 -2.409320e-06 0
1.120816e+00 -2.409320e-06 0
1.120816e+00 -2.764244e-06 0
1.120805e+00 -2.922431e-06 0
1.120805e+00 -2.534350e-06 0
1.120805e+00 -2.534350e-06 0
1.120805e+00 -2.922431e-06 0
1.120773e+00 -3.017986e-06 0
1.120773e+00 -2.601778e-06 0
1.120773e+00 -2.601778e-06 0
1.120773e+00 -3.017986e-06 0
1.120683e+00 -3.042148e-06 0
1.120683e+00 -2.606830e-06 0
1.120683e+00 -2.606830e-06 0
1.120683e+00 -3.042148e-06 0
1.120437e+00 -2.994053e-06 0
1.120437e+00 -2.543446e-06 0
1.120437e+00 -2.543446e-06 0
1.120437e+00 -2.994053e-06 0
1.119786e+00 -2.873715e-06 0
1.119787e+00 -2.408592e-06 0
1.119787e+00 -2.408592e-06 0
1.119786e+00 -2.873715e-06 0
1.118126e+00 -2.682382e-06 0
1.118127e+00 -2.199516e-06 0
1.118127e+00 -2.199516e-06 0
1.118126e+00 -2.682382e-06 0
1.114073e+00 -2.423159e-06 0
1.114073e+00 -1.917089e-06 0
1.114073e+00 -1.917089e-06 0
1.114073e+00 -2.423159e-06 0
1.104660e+00 -2.099459e-06 0
1.104661e+00 -1.570635e-06 0
1.104661e+00 -1.570635e-06 0
1.104660e+00 -2.099459e-06 0
1.084050e+00 -1.718013e-06 0
1.084050e+00 -1.191294e-06 0
1.084050e+00 -1.191294e-06 0
1.084050e+00 -1.718013e-06 0
1.041901e+00 -1.268650e-06 0
1.041902e+00 -8.190676e-07 0
1.041902e+00 -8.190676e-07 0
1.041901e+00 -1.268650e-06 0
9.623492e-01 -8.181315e-07 0
9.623494e-01 -5.307919e-07 0
9.623494e-01 -5.307919e-07 0
9.623492e-01 -8.181315e-07 0
8.255577e-01 -6.750812e-07 0
8.255578e-01 -4.087317e-07 0
8.255578e-01 -4.087317e-07 0
8.255577e-01 -6.750812e-07 0
6.169620e-01 -4.147093e-07 0
6.169775e-01 -1.916740e-07 0
6.169775e-01 -1.916740e-07 0
6.169620e-01 -4.147093e-07 0
3.348386e-01 6.441593e-08 0
3.348389e-01 -1.570778e-07 0
3.348389e-01 -1.570778e-07 0
3.348386e-01 6.441593e-08 0
-3.678963e-03 2.883774e-08 0
-3.678986e-03 4.089472e-09 0
-3.678916e-03 -2.697967e-08 0
-3.678852e-03 -3.183220e-08 0
3.348399e-01 -2.295622e-07 0
3.348400e-01 -1.444628e-07 0
3.348400e-01 -1.444628e-07 0
3.348399e-01 -2.295622e-07 0
6.169638e-01 -4.366127e-07 0
6.169791e-01 1.867962e-07 0
6.169791e-01 1.867962e-07 0
6.169638e-01 -4.366127e-07 0
8.255599e-01 -2.393181e-07 0
8.255601e-01 2.706403e-07 0
8.255601e-01 2.706403e-07 0
8.255599e-01 -2.393181e-07 0
9.622707e-01 6.208520e-07 0
9.622709e-01 2.081680e-07 0
9.622709e-01 2.081680e-07 0
9.622707e-01 6.208520e-07 0
1.041842e+00 1.048353e-06 0
1.041843e+00 4.644533e-07 0
1.041843e+00 4.644533e-07 0
1.041842e+00 1.048353e-06 0
1.084017e+00 1.279101e-06 0
1.084017e+00 7.182553e-07 0
1.084017e+00 7.182553e-07 0
1.084017e+00 1.279101e-06 0
1.104646e+00 1.409165e-06 0
1.104646e+00 9.074105e-07 0
1.104646e+00 9.074105e-07 0
1.104646e+00 1.409165e-06 0
1.114068e+00 1.493980e-06 0
1.114068e+00 1.044589e-06 0
1.114068e+00 1.044589e-06 0
1.114068e+00 1.493980e-06 0
1.118126e+00 1.539781e-06 0
1.118126e+00 1.127209e-06 0
1.118126e+00 1.127209e-06 0
1.118126e+00 1.539781e-06 0
1.119788e+00 1.538637e-06 0
1.119788e+00 1.153336e-06 0
1.119788e+00 1.153336e-06 0
1.119788e+00 1.538637e-06 0
1.120439e+00 1.482444e-06 0
1.120439e+00 1.120639e-06 0
1.120439e+00 1.120639e-06 0
1.120439e+00 1.482444e-06 0
1.120685e+00 1.362710e-06 0
1.120685e+00 1.028719e-06 0
1.120685e+00 1.028719e-06 0
1.120685e+00 1.362710e-06 0
1.120774e+00 1.179583e-06 0
1.120774e+00 8.788314e-07 0
1.120774e+00 8.788314e-07 0
1.120774e+00 1.179583e-06 0
1.120806e+00 9.352321e-07 0
1.120806e+00 6.750570e-07 0
1.120806e+00 6.750570e-07 0
1.120806e+00 9.352321e-07 0
1.120817e+00 6.344245e-07 0
1.120817e+00 4.222565e-07 0
1.120817e+00 4.222565e-07 0
1.120817e+00 6.344245e-07 0
1.120821e+00 2.847315e-07 0
1.120821e+00 1.278698e-07 0
1.120821e+00 1.278698e-07 0
1.120821e+00 2.847315e-07 0
1.120823e+00 -1.043642e-07 0
1.120822e+00 -1.995318e-07 0
1.120822e+00 -1.995318e-07 0
1.120823e+00 -1.043642e-07 0
1.120823e+00 -5.223707e-07 0
1.120823e+00 -5.512502e-07 0
1.120823e+00 -5.512502e-07 0
1.120823e+00 -5.223707e-07 0
1.120823e+00 -9.554980e-07 0
1.120823e+00 -9.148030e-07 0
1.120823e+00 -9.148030e-07 0
1.120823e+00 -9.554980e-07 0
1.120823e+00 -1.392645e-06 0
1.120823e+00 -1.281262e-06 0
1.120823e+00 -1.281262e-06 0
1.120823e+00 -1.392645e-06 0
1.120823e+00 -1.820096e-06 0
1.120823e+00 -1.638793e-06 0
1.120823e+00 -1.638793e-06 0
1.120823e+00 -1.820096e-06 0
1.120823e+00 -2.224780e-06 0
1.120822e+00 -1.976277e-06 0
1.120822e+00 -1.976277e-06 0
1.120823e+00 -2.224780e-06 0
1.120822e+00 -2.594081e-06 0
1.120822e+00 -2.282951e-06 0
1.120822e+00 -2.282951e-06 0
1.120822e+00 -2.594081e-06 0
1.120820e+00 -2.916247e-06 0
1.120820e+00 -2.548679e-06 0
1.120820e+00 -2.548679e-06 0
1.120820e+00 -2.916247e-06 0
1.120816e+00 -3.181176e-06 0
1.120816e+00 -2.764244e-06 0
1.120816e+00 -2.764244e-06 0
1.120816e+00 -3.181176e-06 0
1.120805e+00 -3.379122e-06 0
1.120805e+00 -2.922431e-06 0
1.120805e+00 -2.922431e-06 0
1.120805e+00 -3.379122e-06 0
1.120773e+00 -3.502977e-06 0
1.120773e+00 -3.017986e-06 0
1.120773e+00 -3.017986e-06 0
1.120773e+00 -3.502977e-06 0
1.120683e+00 -3.549593e-06 0
1.120683e+00 -3.042148e-06 0
1.120683e+00 -3.042148e-06 0
1.120683e+00 -3.549593e-06 0
1.120437e+00 -3.518295e-06 0
1.120437e+00 -2.994053e-06 0
1.120437e+00 -2.994053e-06 0
1.120437e+00 -3.518295e-06 0
1.119786e+00 -3.410645e-06 0
1.119786e+00 -2.873715e-06 0
1.119786e+00 -2.873715e-06 0
1.119786e+00 -3.410645e-06 0
1.118126e+00 -3.234327e-06 0
1.118126e+00 -2.682382e-06 0
1.118126e+00 -2.682382e-06 0
1.118126e+00 -3.234327e-06 0
1.114072e+00 -2.999289e-06 0
1.114073e+00 -2.423159e-06 0
1.114073e+00 -2.423159e-06 0
1.114072e+00 -2.999289e-06 0
1.104660e+00 -2.713272e-06 0
1.104660e+00 -2.099459e-06 0
1.104660e+00 -2.099459e-06 0
1.104660e+00 -2.713272e-06 0
1.084049e+00 -2.368312e-06 0
1.084050e+00 -1.718013e-06 0
1.084050e+00 -1.718013e-06 0
1.084049e+00 -2.368312e-06 0
1.041901e+00 -1.923011e-06 0
1.041901e+00 -1.268650e-06 0
1.041901e+00 -1.268650e-06 0
1.041901e+00 -1.923011e-06 0
9.623487e-01 -1.263172e-06 0
9.623492e-01 -8.181315e-07 0
9.623492e-01 -8.181315e-07 0
9.623487e-01 -1.263172e-06 0
8.255574e-01 -2.004589e-07 0
8.255577e-01 -6.750812e-07 0
8.255577e-01 -6.750812e-07 0
8.255574e-01 -2.004589e-07 0
6.169616e-01 1.924283e-07 0
6.169620e-01 -4.147093e-07 0
6.169620e-01 -4.147093e-07 0
6.169616e-01 1.924283e-07 0
3.348384e-01 1.423310e-07 0
3.348386e-01 6.441593e-08 0
3.348386e-01 6.441593e-08 0
3.348384e-01 1.423310e-07 0
-3.678903e-03 3.385076e-08 0
-3.678963e-03 2.883774e-08 0
-3.678852e-03 -3.183220e-08 0
-3.678816e-03 -2.226373e-08 0
3.348403e-01 -2.612723e-07 0
3.348399e-01 -2.295622e-07 0
3.348399e-01 -2.295622e-07 0
3.348403e-01 -2.612723e-07 0
6.170198e-01 -5.051779e-07 0
6.169638e-01 -4.366127e-07 0
6.169638e-01 -4.366127e-07 0
6.170198e-01 -5.051779e-07 0
8.255590e-01 -2.734495e-07 0
8.255599e-01 -2.393181e-07 0
8.255599e-01 -2.393181e-07 0
8.255590e-01 -2.734495e-07 0
9.622697e-01 6.930829e-07 0
9.622707e-01 6.208520e-07 0
9.622707e-01 6.208520e-07 0
9.622697e-01 6.930829e-07 0
1.041842e+00 1.247085e-06 0
1.041842e+00 1.048353e-06 0
1.041842e+00 1.048353e-06 0
1.041842e+00 1.247085e-06 0
1.084016e+00 1.573014e-06 0
1.084017e+00 1.279101e-06 0
1.084017e+00 1.279101e-06 0
1.084016e+00 1.573014e-06 0
1.104646e+00 1.767866e-06 0
1.104646e+00 1.409165e-06 0
1.104646e+00 1.409165e-06 0
1.104646e+00 1.767866e-06 0
1.114068e+00 1.892715e-06 0
1.114068e+00 1.493980e-06 0
1.114068e+00 1.493980e-06 0
1.114068e+00 1.892715e-06 0
1.118126e+00 1.958784e-06 0
1.118126e+00 1.539781e-06 0
1.118126e+00 1.539781e-06 0
1.118126e+00 1.958784e-06 0
1.119788e+00 1.962024e-06 0
1.119788e+00 1.538637e-06 0
1.119788e+00 1.538637e-06 0
1.119788e+00 1.962024e-06 0
1.120439e+00 1.896497e-06 0
1.120439e+00 1.482444e-06 0
1.120439e+00 1.482444e-06 0
1.120439e+00 1.896497e-06 0
1.120685e+00 1.755148e-06 0
1.120685e+00 1.362710e-06 0
1.120685e+00 1.362710e-06 0
1.120685e+00 1.755148e-06 0
1.120775e+00 1.538530e-06 0
1.120774e+00 1.179583e-06 0
1.120774e+00 1.179583e-06 0
1.120775e+00 1.538530e-06 0
1.120807e+00 1.249559e-06 0
1.120806e+00 9.352321e-07 0
1.120806e+00 9.352321e-07 0
1.120807e+00 1.249559e-06 0
1.120818e+00 8.935879e-07 0
1.120817e+00 6.344245e-07 0
1.120817e+00 6.344245e-07 0
1.120818e+00 8.935879e-07 0
1.120822e+00 4.794521e-07 0
1.120821e+00 2.847315e-07 0
1.120821e+00 2.847315e-07 0
1.120822e+00 4.794521e-07 0
1.120823e+00 1.818411e-08 0
1.120823e+00 -1.043642e-07 0
1.120823e+00 -1.043642e-07 0
1.120823e+00 1.818411e-08 0
1.120824e+00 -4.782159e-07 0
1.120823e+00 -5.223707e-07 0
1.120823e+00 -5.223707e-07 0
1.120824e+00 -4.782159e-07 0
1.120824e+00 -9.928381e-07 0
1.120823e+00 -9.554980e-07 0
1.120823e+00 -9.554980e-07 0
1.120824e+00 -9.928381e-07 0
1.120824e+00 -1.513324e-06 0
1.120823e+00 -1.392645e-06 0
1.120823e+00 -1.392645e-06 0
1.120824e+00 -1.513324e-06 0
1.120823e+00 -2.023292e-06 0
1.120823e+00 -1.820096e-06 0
1.120823e+00 -1.820096e-06 0
1.120823e+00 -2.023292e-06 0
1.120823e+00 -2.507337e-06 0
1.120823e+00 -2.224780e-06 0
1.120823e+00 -2.224780e-06 0
1.120823e+00 -2.507337e-06 0
1.120822e+00 -2.950612e-06 0
1.120822e+00 -2.594081e-06 0
1.120822e+00 -2.594081e-06 0
1.120822e+00 -2.950612e-06 0
1.120821e+00 -3.339295e-06 0
1.120820e+00 -2.916247e-06 0
1.120820e+00 -2.916247e-06 0
1.120821e+00 -3.339295e-06 0
1.120817e+00 -3.661004e-06 0
1.120816e+00 -3.181176e-06 0
1.120816e+00 -3.181176e-06 0
1.120817e+00 -3.661004e-06 0
1.120805e+00 -3.905535e-06 0
1.120805e+00 -3.379122e-06 0
1.120805e+00 -3.379122e-06 0
1.120805e+00 -3.905535e-06 0
1.120773e+00 -4.063626e-06 0
1.120773e+00 -3.502977e-06 0
1.120773e+00 -3.502977e-06 0
1.120773e+00 -4.063626e-06 0
1.120683e+00 -4.131735e-06 0
1.120683e+00 -3.549593e-06 0
1.120683e+00 -3.549593e-06 0
1.120683e+00 -4.131735e-06 0
1.120437e+00 -4.108848e-06 0
1.120437e+00 -3.518295e-06 0
1.120437e+00 -3.518295e-06 0
1.120437e+00 -4.108848e-06 0
1.119786e+00 -3.996073e-06 0
1.119786e+00 -3.410645e-06 0
1.119786e+00 -3.410645e-06 0
1.119786e+00 -3.996073e-06 0
1.118126e+00 -3.799718e-06 0
1.118126e+00 -3.234327e-06 0
1.118126e+00 -3.234327e-06 0
1.118126e+00 -3.799718e-06 0
1.114072e+00 -3.527712e-06 0
1.114072e+00 -2.999289e-06 0
1.114072e+00 -2.999289e-06 0
1.114072e+00 -3.527712e-06 0
1.104660e+00 -3.184301e-06 0
1.104660e+00 -2.713272e-06 0
1.104660e+00 -2.713272e-06 0
1.104660e+00 -3.184301e-06 0
1.084049e+00 -2.756530e-06 0
1.084049e+00 -2.368312e-06 0
1.084049e+00 -2.368312e-06 0
1.084049e+00 -2.756530e-06 0
1.041900e+00 -2.197742e-06 0
1.041901e+00 -1.923011e-06 0
1.041901e+00 -1.923011e-06 0
1.041900e+00 -2.197742e-06 0
9.623475e-01 -1.397162e-06 0
9.623487e-01 -1.263172e-06 0
9.623487e-01 -1.263172e-06 0
9.623475e-01 -1.397162e-06 0
8.255563e-01 -2.051448e-07 0
8.255574e-01 -2.004589e-07 0
8.255574e-01 -2.004589e-07 0
8.255563e-01 -2.051448e-07 0
6.170359e-01 2.391950e-07 0
6.169616e-01 1.924283e-07 0
6.169616e-01 1.924283e-07 0
6.170359e-01 2.391950e-07 0
3.348388e-01 1.662410e-07 0
3.348384e-01 1.423310e-07 0
3.348384e-01 1.423310e-07 0
3.348388e-01 1.662410e-07 0
-3.678872e-03 2.452018e-08 0
-3.678903e-03 3.385076e-08 0
-3.678816e-03 -2.226373e-08 0
-3.678759e-03 -3.147707e-09 0
3.348403e-01 -1.010734e-08 0
3.348403e-01 -2.612723e-07 0
3.348403e-01 -2.612723e-07 0
3.348403e-01 -1.010734e-08 0
6.170196e-01 1.565433e-08 0
6.170198e-01 -5.051779e-07 0
6.170198e-01 -5.051779e-07 0
6.170196e-01 1.565433e-08 0
8.255587e-01 3.219187e-07 0
8.255590e-01 -2.734495e-07 0
8.255590e-01 -2.734495e-07 0
8.255587e-01 3.219187e-07 0
9.622692e-01 5.730698e-07 0
9.622697e-01 6.930829e-07 0
9.622697e-01 6.930829e-07 0
9.622692e-01 5.730698e-07 0
1.041842e+00 1.122431e-06 0
1.041842e+00 1.247085e-06 0
1.041842e+00 1.247085e-06 0
1.041842e+00 1.122431e-06 0
1.084016e+00 1.633178e-06 0
1.084016e+00 1.573014e-06 0
1.084016e+00 1.573014e-06 0
1.084016e+00 1.633178e-06 0
1.104645e+00 2.009724e-06 0
1.104646e+00 1.767866e-06 0
1.104646e+00 1.767866e-06 0
1.104645e+00 2.009724e-06 0
1.114068e+00 2.262676e-06 0
1.114068e+00 1.892715e-06 0
1.114068e+00 1.892715e-06 0
1.114068e+00 2.262676e-06 0
1.118126e+00 2.403262e-06 0
1.118126e+00 1.958784e-06 0
1.118126e+00 1.958784e-06 0
1.118126e+00 2.403262e-06 0
1.119788e+00 2.441084e-06 0
1.119788e+00 1.962024e-06 0
1.119788e+00 1.962024e-06 0
1.119788e+00 2.441084e-06 0
1.120439e+00 2.380035e-06 0
1.120439e+00 1.896497e-06 0
1.120439e+00 1.896497e-06 0
1.120439e+00 2.380035e-06 0
1.120685e+00 2.222933e-06 0
1.120685e+00 1.755148e-06 0
1.120685e+00 1.755148e-06 0
1.120685e+00 2.222933e-06 0
1.120775e+00 1.972045e-06 0
1.120775e+00 1.538530e-06 0
1.120775e+00 1.538530e-06 0
1.120775e+00 1.972045e-06 0
1.120807e+00 1.632987e-06 0
1.120807e+00 1.249559e-06 0
1.120807e+00 1.249559e-06 0
1.120807e+00 1.632987e-06 0
1.120818e+00 1.212970e-06 0
1.120818e+00 8.935879e-07 0
1.120818e+00 8.935879e-07 0
1.120818e+00 1.212970e-06 0
1.120822e+00 7.229933e-07 0
1.120822e+00 4.794521e-07 0
1.120822e+00 4.794521e-07 0
1.120822e+00 7.229933e-07 0
1.120824e+00 1.762199e-07 0
1.120823e+00 1.818411e-08 0
1.120823e+00 1.818411e-08 0
1.120824e+00 1.762199e-07 0
1.120824e+00 -4.128568e-07 0
1.120824e+00 -4.782159e-07 0
1.120824e+00 -4.782159e-07 0
1.120824e+00 -4.128568e-07 0
1.120824e+00 -1.025078e-06 0
1.120824e+00 -9.928381e-07 0
1.120824e+00 -9.928381e-07 0
1.120824e+00 -1.025078e-06 0
1.120824e+00 -1.644971e-06 0
1.120824e+00 -1.513324e-06 0
1.120824e+00 -1.513324e-06 0
1.120824e+00 -1.644971e-06 0
1.120824e+00 -2.253433e-06 0
1.120823e+00 -2.023292e-06 0
1.120823e+00 -2.023292e-06 0
1.120824e+00 -2.253433e-06 0
1.120824e+00 -2.832220e-06 0
1.120823e+00 -2.507337e-06 0
1.120823e+00 -2.507337e-06 0
1.120824e+00 -2.832220e-06 0
1.120823e+00 -3.363740e-06 0
1.120822e+00 -2.950612e-06 0
1.120822e+00 -2.950612e-06 0
1.120823e+00 -3.363740e-06 0
1.120821e+00 -3.831598e-06 0
1.120821e+00 -3.339295e-06 0
1.120821e+00 -3.339295e-06 0
1.120821e+00 -3.831598e-06 0
1.120817e+00 -4.221065e-06 0
1.120817e+00 -3.661004e-06 0
1.120817e+00 -3.661004e-06 0
1.120817e+00 -4.221065e-06 0
1.120805e+00 -4.519893e-06 0
1.120805e+00 -3.905535e-06 0
1.120805e+00 -3.905535e-06 0
1.120805e+00 -4.519893e-06 0
1.120773e+00 -4.716969e-06 0
1.120773e+00 -4.063626e-06 0
1.120773e+00 -4.063626e-06 0
1.120773e+00 -4.716969e-06 0
1.120683e+00 -4.806842e-06 0
1.120683e+00 -4.131735e-06 0
1.120683e+00 -4.131735e-06 0
1.120683e+00 -4.806842e-06 0
1.120437e+00 -4.784876e-06 0
1.120437e+00 -4.108848e-06 0
1.120437e+00 -4.108848e-06 0
1.120437e+00 -4.784876e-06 0
1.119786e+00 -4.649558e-06 0
1.119786e+00 -3.996073e-06 0
1.119786e+00 -3.996073e-06 0
1.119786e+00 -4.649558e-06 0
1.118126e+00 -4.399742e-06 0
1.118126e+00 -3.799718e-06 0
1.118126e+00 -3.799718e-06 0
1.118126e+00 -4.399742e-06 0
1.114072e+00 -4.032880e-06 0
1.114072e+00 -3.527712e-06 0
1.114072e+00 -3.527712e-06 0
1.114072e+00 -4.032880e-06 0
1.104659e+00 -3.541965e-06 0
1.104660e+00 -3.184301e-06 0
1.104660e+00 -3.184301e-06 0
1.104659e+00 -3.541965e-06 0
1.084048e+00 -2.917229e-06 0
1.084049e+00 -2.756530e-06 0
1.084049e+00 -2.756530e-06 0
1.084048e+00 -2.917229e-06 0
1.041899e+00 -2.155427e-06 0
1.041900e+00 -2.197742e-06 0
1.041900e+00 -2.197742e-06 0
1.041899e+00 -2.155427e-06 0
9.623467e-01 -1.354643e-06 0
9.623475e-01 -1.397162e-06 0
9.623475e-01 -1.397162e-06 0
9.623467e-01 -1.354643e-06 0
8.255557e-01 -8.415691e-07 0
8.255563e-01 -2.051448e-07 0
8.255563e-01 -2.051448e-07 0
8.255557e-01 -8.415691e-07 0
6.170354e-01 -3.037770e-07 0
6.170359e-01 2.391950e-07 0
6.170359e-01 2.391950e-07 0
6.170354e-01 -3.037770e-07 0
3.348386e-01 -9.282993e-08 0
3.348388e-01 1.662410e-07 0
3.348388e-01 1.662410e-07 0
3.348386e-01 -9.282993e-08 0
-3.678820e-03 5.549246e-09 0
-3.678872e-03 2.452018e-08 0
-3.678759e-03 -3.147707e-09 0
-3.678806e-03 1.170187e-08 0
3.348403e-01 2.533269e-07 0
3.348403e-01 -1.010734e-08 0
3.348403e-01 -1.010734e-08 0
3.348403e-01 2.533269e-07 0
6.169788e-01 5.517669e-07 0
6.170196e-01 1.565433e-08 0
6.170196e-01 1.565433e-08 0
6.169788e-01 5.517669e-07 0
8.255584e-01 8.910473e-07 0
8.255587e-01 3.219187e-07 0
8.255587e-01 3.219187e-07 0
8.255584e-01 8.910473e-07 0
9.622688e-01 9.729573e-07 0
9.622692e-01 5.730698e-07 0
9.622692e-01 5.730698e-07 0
9.622688e-01 9.729573e-07 0
1.041841e+00 1.382705e-06 0
1.041842e+00 1.122431e-06 0
1.041842e+00 1.122431e-06 0
1.041841e+00 1.382705e-06 0
1.084016e+00 1.894924e-06 0
1.084016e+00 1.633178e-06 0
1.084016e+00 1.633178e-06 0
1.084016e+00 1.894924e-06 0
1.104645e+00 2.383679e-06 0
1.104645e+00 2.009724e-06 0
1.104645e+00 2.009724e-06 0
1.104645e+00 2.383679e-06 0
1.114068e+00 2.731899e-06 0
1.114068e+00 2.262676e-06 0
1.114068e+00 2.262676e-06 0
1.114068e+00 2.731899e-06 0
1.118126e+00 2.938314e-06 0
1.118126e+00 2.403262e-06 0
1.118126e+00 2.403262e-06 0
1.118126e+00 2.938314e-06 0
1.119788e+00 3.010845e-06 0
1.119788e+00 2.441084e-06 0
1.119788e+00 2.441084e-06 0
1.119788e+00 3.010845e-06 0
1.120439e+00 2.956263e-06 0
1.120439e+00 2.380035e-06 0
1.120439e+00 2.380035e-06 0
1.120439e+00 2.956263e-06 0
1.120685e+00 2.781829e-06 0
1.120685e+00 2.222933e-06 0
1.120685e+00 2.222933e-06 0
1.120685e+00 2.781829e-06 0
1.120775e+00 2.492210e-06 0
1.120775e+00 1.972045e-06 0
1.120775e+00 1.972045e-06 0
1.120775e+00 2.492210e-06 0
1.120807e+00 2.095565e-06 0
1.120807e+00 1.632987e-06 0
1.120807e+00 1.632987e-06 0
1.120807e+00 2.095565e-06 0
1.120819e+00 1.601132e-06 0
1.120818e+00 1.212970e-06 0
1.120818e+00 1.212970e-06 0
1.120819e+00 1.601132e-06 0
1.120823e+00 1.022414e-06 0
1.120822e+00 7.229933e-07 0
1.120822e+00 7.229933e-07 0
1.120823e+00 1.022414e-06 0
1.120824e+00 3.751653e-07 0
1.120824e+00 1.762199e-07 0
1.120824e+00 1.762199e-07 0
1.120824e+00 3.751653e-07 0
1.120825e+00 -3.233728e-07 0
1.120824e+00 -4.128568e-07 0
1.120824e+00 -4.128568e-07 0
1.120825e+00 -3.233728e-07 0
1.120825e+00 -1.050479e-06 0
1.120824e+00 -1.025078e-06 0
1.120824e+00 -1.025078e-06 0
1.120825e+00 -1.050479e-06 0
1.120825e+00 -1.787825e-06 0
1.120824e+00 -1.644971e-06 0
1.120824e+00 -1.644971e-06 0
1.120825e+00 -1.787825e-06 0
1.120825e+00 -2.512738e-06 0
1.120824e+00 -2.253433e-06 0
1.120824e+00 -2.253433e-06 0
1.120825e+00 -2.512738e-06 0
1.120824e+00 -3.203578e-06 0
1.120824e+00 -2.832220e-06 0
1.120824e+00 -2.832220e-06 0
1.120824e+00 -3.203578e-06 0
1.120823e+00 -3.839449e-06 0
1.120823e+00 -3.363740e-06 0
1.120823e+00 -3.363740e-06 0
1.120823e+00 -3.839449e-06 0
1.120822e+00 -4.400853e-06 0
1.120821e+00 -3.831598e-06 0
1.120821e+00 -3.831598e-06 0
1.120822e+00 -4.400853e-06 0
1.120817e+00 -4.870958e-06 0
1.120817e+00 -4.221065e-06 0
1.120817e+00 -4.221065e-06 0
1.120817e+00 -4.870958e-06 0
1.120806e+00 -5.233316e-06 0
1.120805e+00 -4.519893e-06 0
1.120805e+00 -4.519893e-06 0
1.120806e+00 -5.233316e-06 0
1.120773e+00 -5.475882e-06 0
1.120773e+00 -4.716969e-06 0
1.120773e+00 -4.716969e-06 0
1.120773e+00 -5.475882e-06 0
1.120683e+00 -5.590762e-06 0
1.120683e+00 -4.806842e-06 0
1.120683e+00 -4.806842e-06 0
1.120683e+00 -5.590762e-06 0
1.120437e+00 -5.570428e-06 0
1.120437e+00 -4.784876e-06 0
1.120437e+00 -4.784876e-06 0
1.120437e+00 -5.570428e-06 0
1.119786e+00 -5.410941e-06 0
1.119786e+00 -4.649558e-06 0
1.119786e+00 -4.649558e-06 0
1.119786e+00 -5.410941e-06 0
1.118125e+00 -5.107655e-06 0
1.118126e+00 -4.399742e-06 0
1.118126e+00 -4.399742e-06 0
1.118125e+00 -5.107655e-06 0
1.114071e+00 -4.654864e-06 0
1.114072e+00 -4.032880e-06 0
1.114072e+00 -4.032880e-06 0
1.114071e+00 -4.654864e-06 0
1.104659e+00 -4.048513e-06 0
1.104659e+00 -3.541965e-06 0
1.104659e+00 -3.541965e-06 0
1.104659e+00 -4.048513e-06 0
1.084048e+00 -3.304967e-06 0
1.084048e+00 -2.917229e-06 0
1.084048e+00 -2.917229e-06 0
1.084048e+00 -3.304967e-06 0
1.041899e+00 -2.505426e-06 0
1.041899e+00 -2.155427e-06 0
1.041899e+00 -2.155427e-06 0
1.041899e+00 -2.505426e-06 0
9.623461e-01 -1.820097e-06 0
9.623467e-01 -1.354643e-06 0
9.623467e-01 -1.354643e-06 0
9.623461e-01 -1.820097e-06 0
8.255552e-01 -1.455955e-06 0
8.255557e-01 -8.415691e-07 0
8.255557e-01 -8.415691e-07 0
8.255552e-01 -1.455955e-06 0
6.169760e-01 -8.639765e-07 0
6.170354e-01 -3.037770e-07 0
6.170354e-01 -3.037770e-07 0
6.169760e-01 -8.639765e-07 0
3.348385e-01 -3.654449e-07 0
3.348386e-01 -9.282993e-08 0
3.348386e-01 -9.282993e-08 0
3.348385e-01 -3.654449e-07 0
-3.678872e-03 -9.090471e-09 0
-3.678820e-03 5.549246e-09 0
-3.678806e-03 1.170187e-08 0
-3.678814e-03 7.274573e-09 0
3.348398e-01 2.008768e-07 0
3.348403e-01 2.533269e-07 0
3.348403e-01 2.533269e-07 0
3.348398e-01 2.008768e-07 0
6.169782e-01 9.934641e-07 0
6.169788e-01 5.517669e-07 0
6.169788e-01 5.517669e-07 0
6.169782e-01 9.934641e-07 0
8.255583e-01 1.435201e-06 0
8.255584e-01 8.910473e-07 0
8.255584e-01 8.910473e-07 0
8.255583e-01 1.435201e-06 0
9.622687e-01 1.529451e-06 0
9.622688e-01 9.729573e-07 0
9.622688e-01 9.729573e-07 0
9.622687e-01 1.529451e-06 0
1.041841e+00 1.994252e-06 0
1.041841e+00 1.382705e-06 0
1.041841e+00 1.382705e-06 0
1.041841e+00 1.994252e-06 0
1.084015e+00 2.537125e-06 0
1.084016e+00 1.894924e-06 0
1.084016e+00 1.894924e-06 0
1.084015e+00 2.537125e-06 0
1.104645e+00 3.020065e-06 0
1.104645e+00 2.383679e-06 0
1.104645e+00 2.383679e-06 0
1.104645e+00 3.020065e-06 0
1.114067e+00 3.389771e-06 0
1.114068e+00 2.731899e-06 0
1.114068e+00 2.731899e-06 0
1.114067e+00 3.389771e-06 0
1.118126e+00 3.621519e-06 0
1.118126e+00 2.938314e-06 0
1.118126e+00 2.938314e-06 0
1.118126e+00 3.621519e-06 0
1.119788e+00 3.709309e-06 0
1.119788e+00 3.010845e-06 0
1.119788e+00 3.010845e-06 0
1.119788e+00 3.709309e-06 0
1.120439e+00 3.652071e-06 0
1.120439e+00 2.956263e-06 0
1.120439e+00 2.956263e-06 0
1.120439e+00 3.652071e-06 0
1.120685e+00 3.453257e-06 0
1.120685e+00 2.781829e-06 0
1.120685e+00 2.781829e-06 0
1.120685e+00 3.453257e-06 0
1.120776e+00 3.117189e-06 0
1.120775e+00 2.492210e-06 0
1.120775e+00 2.492210e-06 0
1.120776e+00 3.117189e-06 0
1.120808e+00 2.653169e-06 0
1.120807e+00 2.095565e-06 0
1.120807e+00 2.095565e-06 0
1.120808e+00 2.653169e-06 0
1.120819e+00 2.071604e-06 0
1.120819e+00 1.601132e-06 0
1.120819e+00 1.601132e-06 0
1.120819e+00 2.071604e-06 0
1.120823e+00 1.388736e-06 0
1.120823e+00 1.022414e-06 0
1.120823e+00 1.022414e-06 0
1.120823e+00 1.388736e-06 0
1.120825e+00 6.234309e-07 0
1.120824e+00 3.751653e-07 0
1.120824e+00 3.751653e-07 0
1.120825e+00 6.234309e-07 0
1.120826e+00 -2.045058e-07 0
1.120825e+00 -3.233728e-07 0
1.120825e+00 -3.233728e-07 0
1.120826e+00 -2.045058e-07 0
1.120826e+00 -1.066742e-06 0
1.120825e+00 -1.050479e-06 0
1.120825e+00 -1.050479e-06 0
1.120826e+00 -1.066742e-06 0
1.120826e+00 -1.942772e-06 0
1.120825e+00 -1.787825e-06 0
1.120825e+00 -1.787825e-06 0
1.120826e+00 -1.942772e-06 0
1.120825e+00 -2.805294e-06 0
1.120825e+00 -2.512738e-06 0
1.120825e+00 -2.512738e-06 0
1.120825e+00 -2.805294e-06 0
1.120825e+00 -3.628623e-06 0
1.120824e+00 -3.203578e-06 0
1.120824e+00 -3.203578e-06 0
1.120825e+00 -3.628623e-06 0
1.120824e+00 -4.387922e-06 0
1.120823e+00 -3.839449e-06 0
1.120823e+00 -3.839449e-06 0
1.120824e+00 -4.387922e-06 0
1.120822e+00 -5.059938e-06 0
1.120822e+00 -4.400853e-06 0
1.120822e+00 -4.400853e-06 0
1.120822e+00 -5.059938e-06 0
1.120818e+00 -5.623656e-06 0
1.120817e+00 -4.870958e-06 0
1.120817e+00 -4.870958e-06 0
1.120818e+00 -5.623656e-06 0
1.120806e+00 -6.062285e-06 0
1.120806e+00 -5.233316e-06 0
1.120806e+00 -5.233316e-06 0
1.120806e+00 -6.062285e-06 0
1.120774e+00 -6.361448e-06 0
1.120773e+00 -5.475882e-06 0
1.120773e+00 -5.475882e-06 0
1.120774e+00 -6.361448e-06 0
1.120683e+00 -6.507067e-06 0
1.120683e+00 -5.590762e-06 0
1.120683e+00 -5.590762e-06 0
1.120683e+00 -6.507067e-06 0
1.120437e+00 -6.493608e-06 0
1.120437e+00 -5.570428e-06 0
1.120437e+00 -5.570428e-06 0
1.120437e+00 -6.493608e-06 0
1.119786e+00 -6.318723e-06 0
1.119786e+00 -5.410941e-06 0
1.119786e+00 -5.410941e-06 0
1.119786e+00 -6.318723e-06 0
1.118125e+00 -5.981106e-06 0
1.118125e+00 -5.107655e-06 0
1.118125e+00 -5.107655e-06 0
1.118125e+00 -5.981106e-06 0
1.114071e+00 -5.483384e-06 0
1.114071e+00 -4.654864e-06 0
1.114071e+00 -4.654864e-06 0
1.114071e+00 -5.483384e-06 0
1.104658e+00 -4.834498e-06 0
1.104659e+00 -4.048513e-06 0
1.104659e+00 -4.048513e-06 0
1.104658e+00 -4.834498e-06 0
1.084047e+00 -4.060039e-06 0
1.084048e+00 -3.304967e-06 0
1.084048e+00 -3.304967e-06 0
1.084047e+00 -4.060039e-06 0
1.041898e+00 -3.215195e-06 0
1.041899e+00 -2.505426e-06 0
1.041899e+00 -2.505426e-06 0
1.041898e+00 -3.215195e-06 0
9.623457e-01 -2.454058e-06 0
9.623461e-01 -1.820097e-06 0
9.623461e-01 -1.820097e-06 0
9.623457e-01 -2.454058e-06 0
8.255548e-01 -2.050016e-06 0
8.255552e-01 -1.455955e-06 0
8.255552e-01 -1.455955e-06 0
8.255548e-01 -2.050016e-06 0
6.169601e-01 -1.337337e-06 0
6.169760e-01 -8.639765e-07 0
6.169760e-01 -8.639765e-07 0
6.169601e-01 -1.337337e-06 0
3.348378e-01 -3.226861e-07 0
3.348385e-01 -3.654449e-07 0
3.348385e-01 -3.654449e-07 0
3.348378e-01 -3.226861e-07 0
-3.678886e-03 -4.442473e-09 0
-3.678872e-03 -9.090471e-09 0
-3.678814e-03 7.274573e-09 0
-3.678794e-03 -8.726879e-09 0
3.348394e-01 9.844620e-08 0
3.348398e-01 2.008768e-07 0
3.348398e-01 2.008768e-07 0
3.348394e-01 9.844620e-08 0
6.169625e-01 3.689402e-07 0
6.169782e-01 9.934641e-07 0
6.169782e-01 9.934641e-07 0
6.169625e-01 3.689402e-07 0
8.255578e-01 9.899734e-07 0
8.255583e-01 1.435201e-06 0
8.255583e-01 1.435201e-06 0
8.255578e-01 9.899734e-07 0
9.622682e-01 2.147215e-06 0
9.622687e-01 1.529451e-06 0
9.622687e-01 1.529451e-06 0
9.622682e-01 2.147215e-06 0
1.041840e+00 2.856844e-06 0
1.041841e+00 1.994252e-06 0
1.041841e+00 1.994252e-06 0
1.041840e+00 2.856844e-06 0
1.084015e+00 3.403107e-06 0
1.084015e+00 2.537125e-06 0
1.084015e+00 2.537125e-06 0
1.084015e+00 3.403107e-06 0
1.104644e+00 3.858901e-06 0
1.104645e+00 3.020065e-06 0
1.104645e+00 3.020065e-06 0
1.104644e+00 3.858901e-06 0
1.114067e+00 4.222909e-06 0
1.114067e+00 3.389771e-06 0
1.114067e+00 3.389771e-06 0
1.114067e+00 4.222909e-06 0
1.118126e+00 4.465189e-06 0
1.118126e+00 3.621519e-06 0
1.118126e+00 3.621519e-06 0
1.118126e+00 4.465189e-06 0
1.119788e+00 4.561172e-06 0
1.119788e+00 3.709309e-06 0
1.119788e+00 3.709309e-06 0
1.119788e+00 4.561172e-06 0
1.120440e+00 4.497585e-06 0
1.120439e+00 3.652071e-06 0
1.120439e+00 3.652071e-06 0
1.120440e+00 4.497585e-06 0
1.120686e+00 4.268092e-06 0
1.120685e+00 3.453257e-06 0
1.120685e+00 3.453257e-06 0
1.120686e+00 4.268092e-06 0
1.120776e+00 3.876574e-06 0
1.120776e+00 3.117189e-06 0
1.120776e+00 3.117189e-06 0
1.120776e+00 3.876574e-06 0
1.120808e+00 3.332149e-06 0
1.120808e+00 2.653169e-06 0
1.120808e+00 2.653169e-06 0
1.120808e+00 3.332149e-06 0
1.120820e+00 2.647323e-06 0
1.120819e+00 2.071604e-06 0
1.120819e+00 2.071604e-06 0
1.120820e+00 2.647323e-06 0
1.120824e+00 1.840802e-06 0
1.120823e+00 1.388736e-06 0
1.120823e+00 1.388736e-06 0
1.120824e+00 1.840802e-06 0
1.120826e+00 9.348355e-07 0
1.120825e+00 6.234309e-07 0
1.120825e+00 6.234309e-07 0
1.120826e+00 9.348355e-07 0
1.120827e+00 -4.626842e-08 0
1.120826e+00 -2.045058e-07 0
1.120826e+00 -2.045058e-07 0
1.120827e+00 -4.626842e-08 0
1.120827e+00 -1.070471e-06 0
1.120826e+00 -1.066742e-06 0
1.120826e+00 -1.066742e-06 0
1.120827e+00 -1.070471e-06 0
1.120827e+00 -2.111932e-06 0
1.120826e+00 -1.942772e-06 0
1.120826e+00 -1.942772e-06 0
1.120827e+00 -2.111932e-06 0
1.120826e+00 -3.138719e-06 0
1.120825e+00 -2.805294e-06 0
1.120825e+00 -2.805294e-06 0
1.120826e+00 -3.138719e-06 0
1.120826e+00 -4.120322e-06 0
1.120825e+00 -3.628623e-06 0
1.120825e+00 -3.628623e-06 0
1.120826e+00 -4.120322e-06 0
1.120825e+00 -5.027237e-06 0
1.120824e+00 -4.387922e-06 0
1.120824e+00 -4.387922e-06 0
1.120825e+00 -5.027237e-06 0
1.120823e+00 -5.831870e-06 0
1.120822e+00 -5.059938e-06 0
1.120822e+00 -5.059938e-06 0
1.120823e+00 -5.831870e-06 0
1.120818e+00 -6.510294e-06 0
1.120818e+00 -5.623656e-06 0
1.120818e+00 -5.623656e-06 0
1.120818e+00 -6.510294e-06 0
1.120806e+00 -7.039146e-06 0
1.120806e+00 -6.062285e-06 0
1.120806e+00 -6.062285e-06 0
1.120806e+00 -7.039146e-06 0
1.120774e+00 -7.401567e-06 0
1.120774e+00 -6.361448e-06 0
1.120774e+00 -6.361448e-06 0
1.120774e+00 -7.401567e-06 0
1.120683e+00 -7.586291e-06 0
1.120683e+00 -6.507067e-06 0
1.120683e+00 -6.507067e-06 0
1.120683e+00 -7.586291e-06 0
1.120437e+00 -7.586242e-06 0
1.120437e+00 -6.493608e-06 0
1.120437e+00 -6.493608e-06 0
1.120437e+00 -7.586242e-06 0
1.119785e+00 -7.400020e-06 0
1.119786e+00 -6.318723e-06 0
1.119786e+00 -6.318723e-06 0
1.119785e+00 -7.400020e-06 0
1.118125e+00 -7.034419e-06 0
1.118125e+00 -5.981106e-06 0
1.118125e+00 -5.981106e-06 0
1.118125e+00 -7.034419e-06 0
1.114070e+00 -6.504946e-06 0
1.114071e+00 -5.483384e-06 0
1.114071e+00 -5.483384e-06 0
1.114070e+00 -6.504946e-06 0
1.104657e+00 -5.836890e-06 0
1.104658e+00 -4.834498e-06 0
1.104658e+00 -4.834498e-06 0
1.104657e+00 -5.836890e-06 0
1.084046e+00 -5.059132e-06 0
1.084047e+00 -4.060039e-06 0
1.084047e+00 -4.060039e-06 0
1.084046e+00 -5.059132e-06 0
1.041897e+00 -4.184709e-06 0
1.041898e+00 -3.215195e-06 0
1.041898e+00 -3.215195e-06 0
1.041897e+00 -4.184709e-06 0
9.623449e-01 -3.131116e-06 0
9.623457e-01 -2.454058e-06 0
9.623457e-01 -2.454058e-06 0
9.623449e-01 -3.131116e-06 0
8.255540e-01 -1.658355e-06 0
8.255548e-01 -2.050016e-06 0
8.255548e-01 -2.050016e-06 0
8.255540e-01 -1.658355e-06 0
6.169591e-01 -7.403517e-07 0
6.169601e-01 -1.337337e-06 0
6.169601e-01 -1.337337e-06 0
6.169591e-01 -7.403517e-07 0
3.348371e-01 -2.313172e-07 0
3.348378e-01 -3.226861e-07 0
3.348378e-01 -3.226861e-07 0
3.348371e-01 -2.313172e-07 0
-3.678873e-03 1.179800e-08 0
-3.678886e-03 -4.442473e-09 0
-3.678794e-03 -8.726879e-09 0
-3.678776e-03 -2.328880e-08 0
3.348394e-01 3.909415e-09 0
3.348394e-01 9.844620e-08 0
3.348394e-01 9.844620e-08 0
3.348394e-01 3.909415e-09 0
6.170179e-01 2.201630e-07 0
6.169625e-01 3.689402e-07 0
6.169625e-01 3.689402e-07 0
6.170179e-01 2.201630e-07 0
8.255564e-01 9.653456e-07 0
8.255578e-01 9.899734e-07 0
8.255578e-01 9.899734e-07 0
8.255564e-01 9.653456e-07 0
9.622668e-01 2.382940e-06 0
9.622682e-01 2.147215e-06 0
9.622682e-01 2.147215e-06 0
9.622668e-01 2.382940e-06 0
1.041839e+00 3.357114e-06 0
1.041840e+00 2.856844e-06 0
1.041840e+00 2.856844e-06 0
1.041839e+00 3.357114e-06 0
1.084014e+00 4.091628e-06 0
1.084015e+00 3.403107e-06 0
1.084015e+00 3.403107e-06 0
1.084014e+00 4.091628e-06 0
1.104644e+00 4.675595e-06 0
1.104644e+00 3.858901e-06 0
1.104644e+00 3.858901e-06 0
1.104644e+00 4.675595e-06 0
1.114067e+00 5.130178e-06 0
1.114067e+00 4.222909e-06 0
1.114067e+00 4.222909e-06 0
1.114067e+00 5.130178e-06 0
1.118125e+00 5.433328e-06 0
1.118126e+00 4.465189e-06 0
1.118126e+00 4.465189e-06 0
1.118125e+00 5.433328e-06 0
1.119788e+00 5.560886e-06 0
1.119788e+00 4.561172e-06 0
1.119788e+00 4.561172e-06 0
1.119788e+00 5.560886e-06 0
1.120440e+00 5.498032e-06 0
1.120440e+00 4.497585e-06 0
1.120440e+00 4.497585e-06 0
1.120440e+00 5.498032e-06 0
1.120686e+00 5.237224e-06 0
1.120686e+00 4.268092e-06 0
1.120686e+00 4.268092e-06 0
1.120686e+00 5.237224e-06 0
1.120777e+00 4.782734e-06 0
1.120776e+00 3.876574e-06 0
1.120776e+00 3.876574e-06 0
1.120777e+00 4.782734e-06 0
1.120809e+00 4.145602e-06 0
1.120808e+00 3.332149e-06 0
1.120808e+00 3.332149e-06 0
1.120809e+00 4.145602e-06 0
1.120821e+00 3.340035e-06 0
1.120820e+00 2.647323e-06 0
1.120820e+00 2.647323e-06 0
1.120821e+00 3.340035e-06 0
1.120825e+00 2.388504e-06 0
1.120824e+00 1.840802e-06 0
1.120824e+00 1.840802e-06 0
1.120825e+00 2.388504e-06 0
1.120827e+00 1.317452e-06 0
1.120826e+00 9.348355e-07 0
1.120826e+00 9.348355e-07 0
1.120827e+00 1.317452e-06 0
1.120828e+00 1.551422e-07 0
1.120827e+00 -4.626842e-08 0
1.120827e+00 -4.626842e-08 0
1.120828e+00 1.551422e-07 0
1.120828e+00 -1.058640e-06 0
1.120827e+00 -1.070471e-06 0
1.120827e+00 -1.070471e-06 0
1.120828e+00 -1.058640e-06 0
1.120828e+00 -2.294966e-06 0
1.120827e+00 -2.111932e-06 0
1.120827e+00 -2.111932e-06 0
1.120828e+00 -2.294966e-06 0
1.120827e+00 -3.515372e-06 0
1.120826e+00 -3.138719e-06 0
1.120826e+00 -3.138719e-06 0
1.120827e+00 -3.515372e-06 0
1.120827e+00 -4.683636e-06 0
1.120826e+00 -4.120322e-06 0
1.120826e+00 -4.120322e-06 0
1.120827e+00 -4.683636e-06 0
1.120826e+00 -5.764729e-06 0
1.120825e+00 -5.027237e-06 0
1.120825e+00 -5.027237e-06 0
1.120826e+00 -5.764729e-06 0
1.120824e+00 -6.725849e-06 0
1.120823e+00 -5.831870e-06 0
1.120823e+00 -5.831870e-06 0
1.120824e+00 -6.725849e-06 0
1.120819e+00 -7.537348e-06 0
1.120818e+00 -6.510294e-06 0
1.120818e+00 -6.510294e-06 0
1.120819e+00 -7.537348e-06 0
1.120807e+00 -8.174687e-06 0
1.120806e+00 -7.039146e-06 0
1.120806e+00 -7.039146e-06 0
1.120807e+00 -8.174687e-06 0
1.120774e+00 -8.614338e-06 0
1.120774e+00 -7.401567e-06 0
1.120774e+00 -7.401567e-06 0
1.120774e+00 -8.614338e-06 0
1.120683e+00 -8.843830e-06 0
1.120683e+00 -7.586291e-06 0
1.120683e+00 -7.586291e-06 0
1.120683e+00 -8.843830e-06 0
1.120437e+00 -8.855024e-06 0
1.120437e+00 -7.586242e-06 0
1.120437e+00 -7.586242e-06 0
1.120437e+00 -8.855024e-06 0
1.119785e+00 -8.646606e-06 0
1.119785e+00 -7.400020e-06 0
1.119785e+00 -7.400020e-06 0
1.119785e+00 -8.646606e-06 0
1.118124e+00 -8.226075e-06 0
1.118125e+00 -7.034419e-06 0
1.118125e+00 -7.034419e-06 0
1.118124e+00 -8.226075e-06 0
1.114070e+00 -7.610560e-06 0
1.114070e+00 -6.504946e-06 0
1.114070e+00 -6.504946e-06 0
1.114070e+00 -7.610560e-06 0
1.104657e+00 -6.824789e-06 0
1.104657e+00 -5.836890e-06 0
1.104657e+00 -5.836890e-06 0
1.104657e+00 -6.824789e-06 0
1.084045e+00 -5.889910e-06 0
1.084046e+00 -5.059132e-06 0
1.084046e+00 -5.059132e-06 0
1.084045e+00 -5.889910e-06 0
1.041896e+00 -4.800646e-06 0
1.041897e+00 -4.184709e-06 0
1.041897e+00 -4.184709e-06 0
1.041896e+00 -4.800646e-06 0
9.623431e-01 -3.461091e-06 0
9.623449e-01 -3.131116e-06 0
9.623449e-01 -3.131116e-06 0
9.623431e-01 -3.461091e-06 0
8.255523e-01 -1.692508e-06 0
8.255540e-01 -1.658355e-06 0
8.255540e-01 -1.658355e-06 0
8.255523e-01 -1.692508e-06 0
6.170328e-01 -6.236673e-07 0
6.169591e-01 -7.403517e-07 0
6.169591e-01 -7.403517e-07 0
6.170328e-01 -6.236673e-07 0
3.348370e-01 -1.486995e-07 0
3.348371e-01 -2.313172e-07 0
3.348371e-01 -2.313172e-07 0
3.348370e-01 -1.486995e-07 0
-3.678862e-03 2.671955e-08 0
-3.678873e-03 1.179800e-08 0
-3.678776e-03 -2.328880e-08 0
-3.678718e-03 -1.819944e-08 0
3.348390e-01 2.041581e-07 0
3.348394e-01 3.909415e-09 0
3.348394e-01 3.909415e-09 0
3.348390e-01 2.041581e-07 0
6.170172e-01 7.025415e-07 0
6.170179e-01 2.201630e-07 0
6.170179e-01 2.201630e-07 0
6.170172e-01 7.025415e-07 0
8.255556e-01 1.601721e-06 0
8.255564e-01 9.653456e-07 0
8.255564e-01 9.653456e-07 0
8.255556e-01 1.601721e-06 0
9.622658e-01 2.463179e-06 0
9.622668e-01 2.382940e-06 0
9.622668e-01 2.382940e-06 0
9.622658e-01 2.463179e-06 0
1.041838e+00 3.587206e-06 0
1.041839e+00 3.357114e-06 0
1.041839e+00 3.357114e-06 0
1.041838e+00 3.587206e-06 0
1.084013e+00 4.634668e-06 0
1.084014e+00 4.091628e-06 0
1.084014e+00 4.091628e-06 0
1.084013e+00 4.634668e-06 0
1.104643e+00 5.491344e-06 0
1.104644e+00 4.675595e-06 0
1.104644e+00 4.675595e-06 0
1.104643e+00 5.491344e-06 0
1.114066e+00 6.139653e-06 0
1.114067e+00 5.130178e-06 0
1.114067e+00 5.130178e-06 0
1.114066e+00 6.139653e-06 0
1.118125e+00 6.562968e-06 0
1.118125e+00 5.433328e-06 0
1.118125e+00 5.433328e-06 0
1.118125e+00 6.562968e-06 0
1.119788e+00 6.751591e-06 0
1.119788e+00 5.560886e-06 0
1.119788e+00 5.560886e-06 0
1.119788e+00 6.751591e-06 0
1.120440e+00 6.699273e-06 0
1.120440e+00 5.498032e-06 0
1.120440e+00 5.498032e-06 0
1.120440e+00 6.699273e-06 0
1.120686e+00 6.406818e-06 0
1.120686e+00 5.237224e-06 0
1.120686e+00 5.237224e-06 0
1.120686e+00 6.406818e-06 0
1.120777e+00 5.879982e-06 0
1.120777e+00 4.782734e-06 0
1.120777e+00 4.782734e-06 0
1.120777e+00 5.879982e-06 0
1.120810e+00 5.133113e-06 0
1.120809e+00 4.145602e-06 0
1.120809e+00 4.145602e-06 0
1.120810e+00 5.133113e-06 0
1.120822e+00 4.184207e-06 0
1.120821e+00 3.340035e-06 0
1.120821e+00 3.340035e-06 0
1.120822e+00 4.184207e-06 0
1.120826e+00 3.060136e-06 0
1.120825e+00 2.388504e-06 0
1.120825e+00 2.388504e-06 0
1.120826e+00 3.060136e-06 0
1.120828e+00 1.792414e-06 0
1.120827e+00 1.317452e-06 0
1.120827e+00 1.317452e-06 0
1.120828e+00 1.792414e-06 0
1.120829e+00 4.153306e-07 0
1.120828e+00 1.551422e-07 0
1.120828e+00 1.551422e-07 0
1.120829e+00 4.153306e-07 0
1.120829e+00 -1.025890e-06 0
1.120828e+00 -1.058640e-06 0
1.120828e+00 -1.058640e-06 0
1.120829e+00 -1.025890e-06 0
1.120829e+00 -2.494829e-06 0
1.120828e+00 -2.294966e-06 0
1.120828e+00 -2.294966e-06 0
1.120829e+00 -2.494829e-06 0
1.120829e+00 -3.946461e-06 0
1.120827e+00 -3.515372e-06 0
1.120827e+00 -3.515372e-06 0
1.120829e+00 -3.946461e-06 0
1.120828e+00 -5.337738e-06 0
1.120827e+00 -4.683636e-06 0
1.120827e+00 -4.683636e-06 0
1.120828e+00 -5.337738e-06 0
1.120827e+00 -6.627005e-06 0
1.120826e+00 -5.764729e-06 0
1.120826e+00 -5.764729e-06 0
1.120827e+00 -6.627005e-06 0
1.120825e+00 -7.775220e-06 0
1.120824e+00 -6.725849e-06 0
1.120824e+00 -6.725849e-06 0
1.120825e+00 -7.775220e-06 0
1.120820e+00 -8.747051e-06 0
1.120819e+00 -7.537348e-06 0
1.120819e+00 -7.537348e-06 0
1.120820e+00 -8.747051e-06 0
1.120808e+00 -9.512863e-06 0
1.120807e+00 -8.174687e-06 0
1.120807e+00 -8.174687e-06 0
1.120808e+00 -9.512863e-06 0
1.120774e+00 -1.004520e-05 0
1.120774e+00 -8.614338e-06 0
1.120774e+00 -8.614338e-06 0
1.120774e+00 -1.004520e-05 0
1.120683e+00 -1.032791e-05 0
1.120683e+00 -8.843830e-06 0
1.120683e+00 -8.843830e-06 0
1.120683e+00 -1.032791e-05 0
1.120437e+00 -1.034867e-05 0
1.120437e+00 -8.855024e-06 0
1.120437e+00 -8.855024e-06 0
1.120437e+00 -1.034867e-05 0
1.119785e+00 -1.010364e-05 0
1.119785e+00 -8.646606e-06 0
1.119785e+00 -8.646606e-06 0
1.119785e+00 -1.010364e-05 0
1.118123e+00 -9.594331e-06 0
1.118124e+00 -8.226075e-06 0
1.118124e+00 -8.226075e-06 0
1.118123e+00 -9.594331e-06 0
1.114069e+00 -8.828855e-06 0
1.114070e+00 -7.610560e-06 0
1.114070e+00 -7.610560e-06 0
1.114069e+00 -8.828855e-06 0
1.104656e+00 -7.820164e-06 0
1.104657e+00 -6.824789e-06 0
1.104657e+00 -6.824789e-06 0
1.104656e+00 -7.820164e-06 0
1.084044e+00 -6.586972e-06 0
1.084045e+00 -5.889910e-06 0
1.084045e+00 -5.889910e-06 0
1.084044e+00 -6.586972e-06 0
1.041895e+00 -5.156029e-06 0
1.041896e+00 -4.800646e-06 0
1.041896e+00 -4.800646e-06 0
1.041895e+00 -5.156029e-06 0
9.623417e-01 -3.645203e-06 0
9.623431e-01 -3.461091e-06 0
9.623431e-01 -3.461091e-06 0
9.623417e-01 -3.645203e-06 0
8.255511e-01 -2.391364e-06 0
8.255523e-01 -1.692508e-06 0
8.255523e-01 -1.692508e-06 0
8.255511e-01 -2.391364e-06 0
6.170317e-01 -1.142323e-06 0
6.170328e-01 -6.236673e-07 0
6.170328e-01 -6.236673e-07 0
6.170317e-01 -1.142323e-06 0
3.348364e-01 -3.609395e-07 0
3.348370e-01 -1.486995e-07 0
3.348370e-01 -1.486995e-07 0
3.348364e-01 -3.609395e-07 0
-3.678812e-03 2.185175e-08 0
-3.678862e-03 2.671955e-08 0
-3.678718e-03 -1.819944e-08 0
-3.678753e-03 -8.976572e-09 0
3.348387e-01 4.590800e-07 0
3.348390e-01 2.041581e-07 0
3.348390e-01 2.041581e-07 0
3.348387e-01 4.590800e-07 0
6.169758e-01 1.273371e-06 0
6.170172e-01 7.025415e-07 0
6.170172e-01 7.025415e-07 0
6.169758e-01 1.273371e-06 0
8.255546e-01 2.297976e-06 0
8.255556e-01 1.601721e-06 0
8.255556e-01 1.601721e-06 0
8.255546e-01 2.297976e-06 0
9.622648e-01 3.139481e-06 0
9.622658e-01 2.463179e-06 0
9.622658e-01 2.463179e-06 0
9.622648e-01 3.139481e-06 0
1.041837e+00 4.284945e-06 0
1.041838e+00 3.587206e-06 0
1.041838e+00 3.587206e-06 0
1.041837e+00 4.284945e-06 0
1.084012e+00 5.476273e-06 0
1.084013e+00 4.634668e-06 0
1.084013e+00 4.634668e-06 0
1.084012e+00 5.476273e-06 0
1.104642e+00 6.556599e-06 0
1.104643e+00 5.491344e-06 0
1.104643e+00 5.491344e-06 0
1.104642e+00 6.556599e-06 0
1.114066e+00 7.381690e-06 0
1.114066e+00 6.139653e-06 0
1.114066e+00 6.139653e-06 0
1.114066e+00 7.381690e-06 0
1.118125e+00 7.925799e-06 0
1.118125e+00 6.562968e-06 0
1.118125e+00 6.562968e-06 0
1.118125e+00 7.925799e-06 0
1.119788e+00 8.179038e-06 0
1.119788e+00 6.751591e-06 0
1.119788e+00 6.751591e-06 0
1.119788e+00 8.179038e-06 0
1.120440e+00 8.137942e-06 0
1.120440e+00 6.699273e-06 0
1.120440e+00 6.699273e-06 0
1.120440e+00 8.137942e-06 0
1.120687e+00 7.807015e-06 0
1.120686e+00 6.406818e-06 0
1.120686e+00 6.406818e-06 0
1.120687e+00 7.807015e-06 0
1.120778e+00 7.194601e-06 0
1.120777e+00 5.879982e-06 0
1.120777e+00 5.879982e-06 0
1.120778e+00 7.194601e-06 0
1.120811e+00 6.318618e-06 0
1.120810e+00 5.133113e-06 0
1.120810e+00 5.133113e-06 0
1.120811e+00 6.318618e-06 0
1.120823e+00 5.200788e-06 0
1.120822e+00 4.184207e-06 0
1.120822e+00 4.184207e-06 0
1.120823e+00 5.200788e-06 0
1.120828e+00 3.873201e-06 0
1.120826e+00 3.060136e-06 0
1.120826e+00 3.060136e-06 0
1.120828e+00 3.873201e-06 0
1.120830e+00 2.373311e-06 0
1.120828e+00 1.792414e-06 0
1.120828e+00 1.792414e-06 0
1.120830e+00 2.373311e-06 0
1.120830e+00 7.418427e-07 0
1.120829e+00 4.153306e-07 0
1.120829e+00 4.153306e-07 0
1.120830e+00 7.418427e-07 0
1.120831e+00 -9.675189e-07 0
1.120829e+00 -1.025890e-06 0
1.120829e+00 -1.025890e-06 0
1.120831e+00 -9.675189e-07 0
1.120831e+00 -2.711548e-06 0
1.120829e+00 -2.494829e-06 0
1.120829e+00 -2.494829e-06 0
1.120831e+00 -2.711548e-06 0
1.120830e+00 -4.436768e-06 0
1.120829e+00 -3.946461e-06 0
1.120829e+00 -3.946461e-06 0
1.120830e+00 -4.436768e-06 0
1.120830e+00 -6.092049e-06 0
1.120828e+00 -5.337738e-06 0
1.120828e+00 -5.337738e-06 0
1.120830e+00 -6.092049e-06 0
1.120828e+00 -7.627882e-06 0
1.120827e+00 -6.627005e-06 0
1.120827e+00 -6.627005e-06 0
1.120828e+00 -7.627882e-06 0
1.120826e+00 -8.997854e-06 0
1.120825e+00 -7.775220e-06 0
1.120825e+00 -7.775220e-06 0
1.120826e+00 -8.997854e-06 0
1.120821e+00 -1.016156e-05 0
1.120820e+00 -8.747051e-06 0
1.120820e+00 -8.747051e-06 0
1.120821e+00 -1.016156e-05 0
1.120808e+00 -1.107925e-05 0
1.120808e+00 -9.512863e-06 0
1.120808e+00 -9.512863e-06 0
1.120808e+00 -1.107925e-05 0
1.120775e+00 -1.172234e-05 0
1.120774e+00 -1.004520e-05 0
1.120774e+00 -1.004520e-05 0
1.120775e+00 -1.172234e-05 0
1.120684e+00 -1.206967e-05 0
1.120683e+00 -1.032791e-05 0
1.120683e+00 -1.032791e-05 0
1.120684e+00 -1.206967e-05 0
1.120436e+00 -1.210524e-05 0
1.120437e+00 -1.034867e-05 0
1.120437e+00 -1.034867e-05 0
1.120436e+00 -1.210524e-05 0
1.119784e+00 -1.182265e-05 0
1.119785e+00 -1.010364e-05 0
1.119785e+00 -1.010364e-05 0
1.119784e+00 -1.182265e-05 0
1.118123e+00 -1.122046e-05 0
1.118123e+00 -9.594331e-06 0
1.118123e+00 -9.594331e-06 0
1.118123e+00 -1.122046e-05 0
1.114068e+00 -1.030381e-05 0
1.114069e+00 -8.828855e-06 0
1.114069e+00 -8.828855e-06 0
1.114068e+00 -1.030381e-05 0
1.104654e+00 -9.087305e-06 0
1.104656e+00 -7.820164e-06 0
1.104656e+00 -7.820164e-06 0
1.104654e+00 -9.087305e-06 0
1.084042e+00 -7.612765e-06 0
1.084044e+00 -6.586972e-06 0
1.084044e+00 -6.586972e-06 0
1.084042e+00 -7.612765e-06 0
1.041893e+00 -5.990653e-06 0
1.041895e+00 -5.156029e-06 0
1.041895e+00 -5.156029e-06 0
1.041893e+00 -5.990653e-06 0
9.623403e-01 -4.422461e-06 0
9.623417e-01 -3.645203e-06 0
9.623417e-01 -3.645203e-06 0
9.623403e-01 -4.422461e-06 0
8.255497e-01 -3.156701e-06 0
8.255511e-01 -2.391364e-06 0
8.255511e-01 -2.391364e-06 0
8.255497e-01 -3.156701e-06 0
6.169716e-01 -1.750085e-06 0
6.170317e-01 -1.142323e-06 0
6.170317e-01 -1.142323e-06 0
6.169716e-01 -1.750085e-06 0
3.348358e-01 -6.298861e-07 0
3.348364e-01 -3.609395e-07 0
3.348364e-01 -3.609395e-07 0
3.348358e-01 -6.298861e-07 0
-3.678856e-03 1.294471e-08 0
-3.678812e-03 2.185175e-08 0
-3.678753e-03 -8.976572e-09 0
-3.678746e-03 -1.449899e-08 0
3.348378e-01 4.226002e-07 0
3.348387e-01 4.590800e-07 0
3.348387e-01 4.590800e-07 0
3.348378e-01 4.226002e-07 0
6.169746e-01 1.796985e-06 0
6.169758e-01 1.273371e-06 0
6.169758e-01 1.273371e-06 0
6.169746e-01 1.796985e-06 0
8.255537e-01 3.060283e-06 0
8.255546e-01 2.297976e-06 0
8.255546e-01 2.297976e-06 0
8.255537e-01 3.060283e-06 0
9.622638e-01 4.068791e-06 0
9.622648e-01 3.139481e-06 0
9.622648e-01 3.139481e-06 0
9.622638e-01 4.068791e-06 0
1.041836e+00 5.439969e-06 0
1.041837e+00 4.284945e-06 0
1.041837e+00 4.284945e-06 0
1.041836e+00 5.439969e-06 0
1.084011e+00 6.814548e-06 0
1.084012e+00 5.476273e-06 0
1.084012e+00 5.476273e-06 0
1.084011e+00 6.814548e-06 0
1.104641e+00 8.017201e-06 0
1.104642e+00 6.556599e-06 0
1.104642e+00 6.556599e-06 0
1.104641e+00 8.017201e-06 0
1.114065e+00 8.961347e-06 0
1.114066e+00 7.381690e-06 0
1.114066e+00 7.381690e-06 0
1.114065e+00 8.961347e-06 0
1.118124e+00 9.597663e-06 0
1.118125e+00 7.925799e-06 0
1.118125e+00 7.925799e-06 0
1.118124e+00 9.597663e-06 0
1.119788e+00 9.902400e-06 0
1.119788e+00 8.179038e-06 0
1.119788e+00 8.179038e-06 0
1.119788e+00 9.902400e-06 0
1.120440e+00 9.864080e-06 0
1.120440e+00 8.137942e-06 0
1.120440e+00 8.137942e-06 0
1.120440e+00 9.864080e-06 0
1.120687e+00 9.483102e-06 0
1.120687e+00 7.807015e-06 0
1.120687e+00 7.807015e-06 0
1.120687e+00 9.483102e-06 0
1.120779e+00 8.768030e-06 0
1.120778e+00 7.194601e-06 0
1.120778e+00 7.194601e-06 0
1.120779e+00 8.768030e-06 0
1.120812e+00 7.739687e-06 0
1.120811e+00 6.318618e-06 0
1.120811e+00 6.318618e-06 0
1.120812e+00 7.739687e-06 0
1.120824e+00 6.422521e-06 0
1.120823e+00 5.200788e-06 0
1.120823e+00 5.200788e-06 0
1.120824e+00 6.422521e-06 0
1.120829e+00 4.854783e-06 0
1.120828e+00 3.873201e-06 0
1.120828e+00 3.873201e-06 0
1.120829e+00 4.854783e-06 0
1.120831e+00 3.080955e-06 0
1.120830e+00 2.373311e-06 0
1.120830e+00 2.373311e-06 0
1.120831e+00 3.080955e-06 0
1.120832e+00 1.148072e-06 0
1.120830e+00 7.418427e-07 0
1.120830e+00 7.418427e-07 0
1.120832e+00 1.148072e-06 0
1.120833e+00 -8.771627e-07 0
1.120831e+00 -9.675189e-07 0
1.120831e+00 -9.675189e-07 0
1.120833e+00 -8.771627e-07 0
1.120833e+00 -2.946379e-06 0
1.120831e+00 -2.711548e-06 0
1.120831e+00 -2.711548e-06 0
1.120833e+00 -2.946379e-06 0
1.120832e+00 -4.995178e-06 0
1.120830e+00 -4.436768e-06 0
1.120830e+00 -4.436768e-06 0
1.120832e+00 -4.995178e-06 0
1.120831e+00 -6.962879e-06 0
1.120830e+00 -6.092049e-06 0
1.120830e+00 -6.092049e-06 0
1.120831e+00 -6.962879e-06 0
1.120830e+00 -8.790700e-06 0
1.120828e+00 -7.627882e-06 0
1.120828e+00 -7.627882e-06 0
1.120830e+00 -8.790700e-06 0
1.120827e+00 -1.042346e-05 0
1.120826e+00 -8.997854e-06 0
1.120826e+00 -8.997854e-06 0
1.120827e+00 -1.042346e-05 0
1.120822e+00 -1.181115e-05 0
1.120821e+00 -1.016156e-05 0
1.120821e+00 -1.016156e-05 0
1.120822e+00 -1.181115e-05 0
1.120809e+00 -1.291290e-05 0
1.120808e+00 -1.107925e-05 0
1.120808e+00 -1.107925e-05 0
1.120809e+00 -1.291290e-05 0
1.120775e+00 -1.369102e-05 0
1.120775e+00 -1.172234e-05 0
1.120775e+00 -1.172234e-05 0
1.120775e+00 -1.369102e-05 0
1.120684e+00 -1.411739e-05 0
1.120684e+00 -1.206967e-05 0
1.120684e+00 -1.206967e-05 0
1.120684e+00 -1.411739e-05 0
1.120436e+00 -1.417673e-05 0
1.120436e+00 -1.210524e-05 0
1.120436e+00 -1.210524e-05 0
1.120436e+00 -1.417673e-05 0
1.119784e+00 -1.386391e-05 0
1.119784e+00 -1.182265e-05 0
1.119784e+00 -1.182265e-05 0
1.119784e+00 -1.386391e-05 0
1.118122e+00 -1.318087e-05 0
1.118123e+00 -1.122046e-05 0
1.118123e+00 -1.122046e-05 0
1.118122e+00 -1.318087e-05 0
1.114067e+00 -1.214144e-05 0
1.114068e+00 -1.030381e-05 0
1.114068e+00 -1.030381e-05 0
1.114067e+00 -1.214144e-05 0
1.104653e+00 -1.077345e-05 0
1.104654e+00 -9.087305e-06 0
1.104654e+00 -9.087305e-06 0
1.104653e+00 -1.077345e-05 0
1.084041e+00 -9.128582e-06 0
1.084042e+00 -7.612765e-06 0
1.084042e+00 -7.612765e-06 0
1.084041e+00 -9.128582e-06 0
1.041891e+00 -7.295258e-06 0
1.041893e+00 -5.990653e-06 0
1.041893e+00 -5.990653e-06 0
1.041891e+00 -7.295258e-06 0
9.623389e-01 -5.471089e-06 0
9.623403e-01 -4.422461e-06 0
9.623403e-01 -4.422461e-06 0
9.623389e-01 -5.471089e-06 0
8.255484e-01 -3.995286e-06 0
8.255497e-01 -3.156701e-06 0
8.255497e-01 -3.156701e-06 0
8.255484e-01 -3.995286e-06 0
6.169548e-01 -2.322149e-06 0
6.169716e-01 -1.750085e-06 0
6.169716e-01 -1.750085e-06 0
6.169548e-01 -2.322149e-06 0
3.348347e-01 -6.082589e-07 0
3.348358e-01 -6.298861e-07 0
3.348358e-01 -6.298861e-07 0
3.348347e-01 -6.082589e-07 0
-3.678858e-03 1.880578e-08 0
-3.678856e-03 1.294471e-08 0
-3.678746e-03 -1.449899e-08 0
-3.678709e-03 -3.070602e-08 0
3.348369e-01 3.636513e-07 0
3.348378e-01 4.226002e-07 0
3.348378e-01 4.226002e-07 0
3.348369e-01 3.636513e-07 0
6.169580e-01 1.326046e-06 0
6.169746e-01 1.796985e-06 0
6.169746e-01 1.796985e-06 0
6.169580e-01 1.326046e-06 0
8.255523e-01 2.903299e-06 0
8.255537e-01 3.060283e-06 0
8.255537e-01 3.060283e-06 0
8.255523e-01 2.903299e-06 0
9.622623e-01 5.162822e-06 0
9.622638e-01 4.068791e-06 0
9.622638e-01 4.068791e-06 0
9.622623e-01 5.162822e-06 0
1.041834e+00 6.966778e-06 0
1.041836e+00 5.439969e-06 0
1.041836e+00 5.439969e-06 0
1.041834e+00 6.966778e-06 0
1.084010e+00 8.521799e-06 0
1.084011e+00 6.814548e-06 0
1.084011e+00 6.814548e-06 0
1.084010e+00 8.521799e-06 0
1.104640e+00 9.846184e-06 0
1.104641e+00 8.017201e-06 0
1.104641e+00 8.017201e-06 0
1.104640e+00 9.846184e-06 0
1.114064e+00 1.090129e-05 0
1.114065e+00 8.961347e-06 0
1.114065e+00 8.961347e-06 0
1.114064e+00 1.090129e-05 0
1.118124e+00 1.162949e-05 0
1.118124e+00 9.597663e-06 0
1.118124e+00 9.597663e-06 0
1.118124e+00 1.162949e-05 0
1.119787e+00 1.198704e-05 0
1.119788e+00 9.902400e-06 0
1.119788e+00 9.902400e-06 0
1.119787e+00 1.198704e-05 0
1.120441e+00 1.194957e-05 0
1.120440e+00 9.864080e-06 0
1.120440e+00 9.864080e-06 0
1.120441e+00 1.194957e-05 0
1.120688e+00 1.150757e-05 0
1.120687e+00 9.483102e-06 0
1.120687e+00 9.483102e-06 0
1.120688e+00 1.150757e-05 0
1.120780e+00 1.066996e-05 0
1.120779e+00 8.768030e-06 0
1.120779e+00 8.768030e-06 0
1.120780e+00 1.066996e-05 0
1.120813e+00 9.458980e-06 0
1.120812e+00 7.739687e-06 0
1.120812e+00 7.739687e-06 0
1.120813e+00 9.458980e-06 0
1.120826e+00 7.904252e-06 0
1.120824e+00 6.422521e-06 0
1.120824e+00 6.422521e-06 0
1.120826e+00 7.904252e-06 0
1.120831e+00 6.050186e-06 0
1.120829e+00 4.854783e-06 0
1.120829e+00 4.854783e-06 0
1.120831e+00 6.050186e-06 0
1.120833e+00 3.949327e-06 0
1.120831e+00 3.080955e-06 0
1.120831e+00 3.080955e-06 0
1.120833e+00 3.949327e-06 0
1.120834e+00 1.658907e-06 0
1.120832e+00 1.148072e-06 0
1.120832e+00 1.148072e-06 0
1.120834e+00 1.658907e-06 0
1.120835e+00 -7.455098e-07 0
1.120833e+00 -8.771627e-07 0
1.120833e+00 -8.771627e-07 0
1.120835e+00 -7.455098e-07 0
1.120835e+00 -3.203057e-06 0
1.120833e+00 -2.946379e-06 0
1.120833e+00 -2.946379e-06 0
1.120835e+00 -3.203057e-06 0
1.120834e+00 -5.638421e-06 0
1.120832e+00 -4.995178e-06 0
1.120832e+00 -4.995178e-06 0
1.120834e+00 -5.638421e-06 0
1.120833e+00 -7.979554e-06 0
1.120831e+00 -6.962879e-06 0
1.120831e+00 -6.962879e-06 0
1.120833e+00 -7.979554e-06 0
1.120832e+00 -1.015666e-05 0
1.120830e+00 -8.790700e-06 0
1.120830e+00 -8.790700e-06 0
1.120832e+00 -1.015666e-05 0
1.120829e+00 -1.210427e-05 0
1.120827e+00 -1.042346e-05 0
1.120827e+00 -1.042346e-05 0
1.120829e+00 -1.210427e-05 0
1.120823e+00 -1.376531e-05 0
1.120822e+00 -1.181115e-05 0
1.120822e+00 -1.181115e-05 0
1.120823e+00 -1.376531e-05 0
1.120810e+00 -1.508379e-05 0
1.120809e+00 -1.291290e-05 0
1.120809e+00 -1.291290e-05 0
1.120810e+00 -1.508379e-05 0
1.120776e+00 -1.601987e-05 0
1.120775e+00 -1.369102e-05 0
1.120775e+00 -1.369102e-05 0
1.120776e+00 -1.601987e-05 0
1.120684e+00 -1.654404e-05 0
1.120684e+00 -1.411739e-05 0
1.120684e+00 -1.411739e-05 0
1.120684e+00 -1.654404e-05 0
1.120436e+00 -1.663780e-05 0
1.120436e+00 -1.417673e-05 0
1.120436e+00 -1.417673e-05 0
1.120436e+00 -1.663780e-05 0
1.119783e+00 -1.629616e-05 0
1.119784e+00 -1.386391e-05 0
1.119784e+00 -1.386391e-05 0
1.119783e+00 -1.629616e-05 0
1.118121e+00 -1.552939e-05 0
1.118122e+00 -1.318087e-05 0
1.118122e+00 -1.318087e-05 0
1.118121e+00 -1.552939e-05 0
1.114065e+00 -1.436494e-05 0
1.114067e+00 -1.214144e-05 0
1.114067e+00 -1.214144e-05 0
1.114065e+00 -1.436494e-05 0
1.104651e+00 -1.284830e-05 0
1.104653e+00 -1.077345e-05 0
1.104653e+00 -1.077345e-05 0
1.104651e+00 -1.284830e-05 0
1.084039e+00 -1.103722e-05 0
1.084041e+00 -9.128582e-06 0
1.084041e+00 -9.128582e-06 0
1.084039e+00 -1.103722e-05 0
1.041889e+00 -8.984309e-06 0
1.041891e+00 -7.295258e-06 0
1.041891e+00 -7.295258e-06 0
1.041889e+00 -8.984309e-06 0
9.623369e-01 -6.663038e-06 0
9.623389e-01 -5.471089e-06 0
9.623389e-01 -5.471089e-06 0
9.623369e-01 -6.663038e-06 0
8.255465e-01 -3.919698e-06 0
8.255484e-01 -3.995286e-06 0
8.255484e-01 -3.995286e-06 0
8.255465e-01 -3.919698e-06 0
6.169530e-01 -1.891266e-06 0
6.169548e-01 -2.322149e-06 0
6.169548e-01 -2.322149e-06 0
6.169530e-01 -1.891266e-06 0
3.348335e-01 -5.661492e-07 0
3.348347e-01 -6.082589e-07 0
3.348347e-01 -6.082589e-07 0
3.348335e-01 -5.661492e-07 0
-3.678831e-03 3.538302e-08 0
-3.678858e-03 1.880578e-08 0
-3.678709e-03 -3.070602e-08 0
-3.678674e-03 -4.731757e-08 0
3.348364e-01 3.280705e-07 0
3.348369e-01 3.636513e-07 0
3.348369e-01 3.636513e-07 0
3.348364e-01 3.280705e-07 0
6.170126e-01 1.347159e-06 0
6.169580e-01 1.326046e-06 0
6.169580e-01 1.326046e-06 0
6.170126e-01 1.347159e-06 0
8.255498e-01 3.250567e-06 0
8.255523e-01 2.903299e-06 0
8.255523e-01 2.903299e-06 0
8.255498e-01 3.250567e-06 0
9.622597e-01 5.979206e-06 0
9.622623e-01 5.162822e-06 0
9.622623e-01 5.162822e-06 0
9.622597e-01 5.979206e-06 0
1.041832e+00 8.265294e-06 0
1.041834e+00 6.966778e-06 0
1.041834e+00 6.966778e-06 0
1.041832e+00 8.265294e-06 0
1.084008e+00 1.020734e-05 0
1.084010e+00 8.521799e-06 0
1.084010e+00 8.521799e-06 0
1.084008e+00 1.020734e-05 0
1.104639e+00 1.183371e-05 0
1.104640e+00 9.846184e-06 0
1.104640e+00 9.846184e-06 0
1.104639e+00 1.183371e-05 0
1.114063e+00 1.311742e-05 0
1.114064e+00 1.090129e-05 0
1.114064e+00 1.090129e-05 0
1.114063e+00 1.311742e-05 0
1.118123e+00 1.400389e-05 0
1.118124e+00 1.162949e-05 0
1.118124e+00 1.162949e-05 0
1.118123e+00 1.400389e-05 0
1.119787e+00 1.444709e-05 0
1.119787e+00 1.198704e-05 0
1.119787e+00 1.198704e-05 0
1.119787e+00 1.444709e-05 0
1.120441e+00 1.441978e-05 0
1.120441e+00 1.194957e-05 0
1.120441e+00 1.194957e-05 0
1.120441e+00 1.441978e-05 0
1.120689e+00 1.391109e-05 0
1.120688e+00 1.150757e-05 0
1.120688e+00 1.150757e-05 0
1.120689e+00 1.391109e-05 0
1.120781e+00 1.293147e-05 0
1.120780e+00 1.066996e-05 0
1.120780e+00 1.066996e-05 0
1.120781e+00 1.293147e-05 0
1.120815e+00 1.150794e-05 0
1.120813e+00 9.458980e-06 0
1.120813e+00 9.458980e-06 0
1.120815e+00 1.150794e-05 0
1.120828e+00 9.674193e-06 0
1.120826e+00 7.904252e-06 0
1.120826e+00 7.904252e-06 0
1.120828e+00 9.674193e-06 0
1.120833e+00 7.483355e-06 0
1.120831e+00 6.050186e-06 0
1.120831e+00 6.050186e-06 0
1.120833e+00 7.483355e-06 0
1.120836e+00 4.997706e-06 0
1.120833e+00 3.949327e-06 0
1.120833e+00 3.949327e-06 0
1.120836e+00 4.997706e-06 0
1.120837e+00 2.283701e-06 0
1.120834e+00 1.658907e-06 0
1.120834e+00 1.658907e-06 0
1.120837e+00 2.283701e-06 0
1.120838e+00 -5.649977e-07 0
1.120835e+00 -7.455098e-07 0
1.120835e+00 -7.455098e-07 0
1.120838e+00 -5.649977e-07 0
1.120838e+00 -3.480288e-06 0
1.120835e+00 -3.203057e-06 0
1.120835e+00 -3.203057e-06 0
1.120838e+00 -3.480288e-06 0
1.120837e+00 -6.371521e-06 0
1.120834e+00 -5.638421e-06 0
1.120834e+00 -5.638421e-06 0
1.120837e+00 -6.371521e-06 0
1.120836e+00 -9.153253e-06 0
1.120833e+00 -7.979554e-06 0
1.120833e+00 -7.979554e-06 0
1.120836e+00 -9.153253e-06 0
1.120834e+00 -1.174270e-05 0
1.120832e+00 -1.015666e-05 0
1.120832e+00 -1.015666e-05 0
1.120834e+00 -1.174270e-05 0
1.120831e+00 -1.406217e-05 0
1.120829e+00 -1.210427e-05 0
1.120829e+00 -1.210427e-05 0
1.120831e+00 -1.406217e-05 0
1.120825e+00 -1.604127e-05 0
1.120823e+00 -1.376531e-05 0
1.120823e+00 -1.376531e-05 0
1.120825e+00 -1.604127e-05 0
1.120811e+00 -1.762166e-05 0
1.120810e+00 -1.508379e-05 0
1.120810e+00 -1.508379e-05 0
1.120811e+00 -1.762166e-05 0
1.120777e+00 -1.874721e-05 0
1.120776e+00 -1.601987e-05 0
1.120776e+00 -1.601987e-05 0
1.120777e+00 -1.874721e-05 0
1.120684e+00 -1.938585e-05 0
1.120684e+00 -1.654404e-05 0
1.120684e+00 -1.654404e-05 0
1.120684e+00 -1.938585e-05 0
1.120436e+00 -1.951580e-05 0
1.120436e+00 -1.663780e-05 0
1.120436e+00 -1.663780e-05 0
1.120436e+00 -1.951580e-05 0
1.119783e+00 -1.913147e-05 0
1.119783e+00 -1.629616e-05 0
1.119783e+00 -1.629616e-05 0
1.119783e+00 -1.913147e-05 0
1.118120e+00 -1.824379e-05 0
1.118121e+00 -1.552939e-05 0
1.118121e+00 -1.552939e-05 0
1.118120e+00 -1.824379e-05 0
1.114064e+00 -1.688324e-05 0
1.114065e+00 -1.436494e-05 0
1.114065e+00 -1.436494e-05 0
1.114064e+00 -1.688324e-05 0
1.104649e+00 -1.509759e-05 0
1.104651e+00 -1.284830e-05 0
1.104651e+00 -1.284830e-05 0
1.104649e+00 -1.509759e-05 0
1.084037e+00 -1.294194e-05 0
1.084039e+00 -1.103722e-05 0
1.084039e+00 -1.103722e-05 0
1.084037e+00 -1.294194e-05 0
1.041887e+00 -1.045902e-05 0
1.041889e+00 -8.984309e-06 0
1.041889e+00 -8.984309e-06 0
1.041887e+00 -1.045902e-05 0
9.623338e-01 -7.622021e-06 0
9.623369e-01 -6.663038e-06 0
9.623369e-01 -6.663038e-06 0
9.623338e-01 -7.622021e-06 0
8.255435e-01 -4.356412e-06 0
8.255465e-01 -3.919698e-06 0
8.255465e-01 -3.919698e-06 0
8.255435e-01 -4.356412e-06 0
6.170255e-01 -1.965199e-06 0
6.169530e-01 -1.891266e-06 0
6.169530e-01 -1.891266e-06 0
6.170255e-01 -1.965199e-06 0
3.348327e-01 -5.487829e-07 0
3.348335e-01 -5.661492e-07 0
3.348335e-01 -5.661492e-07 0
3.348327e-01 -5.487829e-07 0
-3.678807e-03 5.253787e-08 0
-3.678831e-03 3.538302e-08 0
-3.678674e-03 -4.731757e-08 0
-3.678598e-03 -4.406486e-08 0
3.348354e-01 5.885624e-07 0
3.348364e-01 3.280705e-07 0
3.348364e-01 3.280705e-07 0
3.348354e-01 5.885624e-07 0
6.170107e-01 2.054078e-06 0
6.170126e-01 1.347159e-06 0
6.170126e-01 1.347159e-06 0
6.170107e-01 2.054078e-06 0
8.255475e-01 4.327334e-06 0
8.255498e-01 3.250567e-06 0
8.255498e-01 3.250567e-06 0
8.255475e-01 4.327334e-06 0
9.622572e-01 6.758826e-06 0
9.622597e-01 5.979206e-06 0
9.622597e-01 5.979206e-06 0
9.622572e-01 6.758826e-06 0
1.041830e+00 9.450095e-06 0
1.041832e+00 8.265294e-06 0
1.041832e+00 8.265294e-06 0
1.041830e+00 9.450095e-06 0
1.084006e+00 1.194770e-05 0
1.084008e+00 1.020734e-05 0
1.084008e+00 1.020734e-05 0
1.084006e+00 1.194770e-05 0
1.104637e+00 1.405433e-05 0
1.104639e+00 1.183371e-05 0
1.104639e+00 1.183371e-05 0
1.104637e+00 1.405433e-05 0
1.114062e+00 1.569692e-05 0
1.114063e+00 1.311742e-05 0
1.114063e+00 1.311742e-05 0
1.114062e+00 1.569692e-05 0
1.118123e+00 1.682051e-05 0
1.118123e+00 1.400389e-05 0
1.118123e+00 1.400389e-05 0
1.118123e+00 1.682051e-05 0
1.119787e+00 1.739008e-05 0
1.119787e+00 1.444709e-05 0
1.119787e+00 1.444709e-05 0
1.119787e+00 1.739008e-05 0
1.120441e+00 1.738527e-05 0
1.120441e+00 1.441978e-05 0
1.120441e+00 1.441978e-05 0
1.120441e+00 1.738527e-05 0
1.120690e+00 1.680336e-05 0
1.120689e+00 1.391109e-05 0
1.120689e+00 1.391109e-05 0
1.120690e+00 1.680336e-05 0
1.120782e+00 1.565750e-05 0
1.120781e+00 1.293147e-05 0
1.120781e+00 1.293147e-05 0
1.120782e+00 1.565750e-05 0
1.120816e+00 1.398052e-05 0
1.120815e+00 1.150794e-05 0
1.120815e+00 1.150794e-05 0
1.120816e+00 1.398052e-05 0
1.120830e+00 1.181438e-05 0
1.120828e+00 9.674193e-06 0
1.120828e+00 9.674193e-06 0
1.120830e+00 1.181438e-05 0
1.120836e+00 9.221944e-06 0
1.120833e+00 7.483355e-06 0
1.120833e+00 7.483355e-06 0
1.120836e+00 9.221944e-06 0
1.120839e+00 6.277179e-06 0
1.120836e+00 4.997706e-06 0
1.120836e+00 4.997706e-06 0
1.120839e+00 6.277179e-06 0
1.120840e+00 3.060575e-06 0
1.120837e+00 2.283701e-06 0
1.120837e+00 2.283701e-06 0
1.120840e+00 3.060575e-06 0
1.120841e+00 -3.215224e-07 0
1.120838e+00 -5.649977e-07 0
1.120838e+00 -5.649977e-07 0
1.120841e+00 -3.215224e-07 0
1.120841e+00 -3.783468e-06 0
1.120838e+00 -3.480288e-06 0
1.120838e+00 -3.480288e-06 0
1.120841e+00 -3.783468e-06 0
1.120840e+00 -7.219271e-06 0
1.120837e+00 -6.371521e-06 0
1.120837e+00 -6.371521e-06 0
1.120840e+00 -7.219271e-06 0
1.120839e+00 -1.052749e-05 0
1.120836e+00 -9.153253e-06 0
1.120836e+00 -9.153253e-06 0
1.120839e+00 -1.052749e-05 0
1.120837e+00 -1.360983e-05 0
1.120834e+00 -1.174270e-05 0
1.120834e+00 -1.174270e-05 0
1.120837e+00 -1.360983e-05 0
1.120833e+00 -1.637399e-05 0
1.120831e+00 -1.406217e-05 0
1.120831e+00 -1.406217e-05 0
1.120833e+00 -1.637399e-05 0
1.120827e+00 -1.873629e-05 0
1.120825e+00 -1.604127e-05 0
1.120825e+00 -1.604127e-05 0
1.120827e+00 -1.873629e-05 0
1.120813e+00 -2.062648e-05 0
1.120811e+00 -1.762166e-05 0
1.120811e+00 -1.762166e-05 0
1.120813e+00 -2.062648e-05 0
1.120778e+00 -2.197957e-05 0
1.120777e+00 -1.874721e-05 0
1.120777e+00 -1.874721e-05 0
1.120778e+00 -2.197957e-05 0
1.120685e+00 -2.275547e-05 0
1.120684e+00 -1.938585e-05 0
1.120684e+00 -1.938585e-05 0
1.120685e+00 -2.275547e-05 0
1.120436e+00 -2.292557e-05 0
1.120436e+00 -1.951580e-05 0
1.120436e+00 -1.951580e-05 0
1.120436e+00 -2.292557e-05 0
1.119782e+00 -2.248046e-05 0
1.119783e+00 -1.913147e-05 0
1.119783e+00 -1.913147e-05 0
1.119782e+00 -2.248046e-05 0
1.118119e+00 -2.142545e-05 0
1.118120e+00 -1.824379e-05 0
1.118120e+00 -1.824379e-05 0
1.118119e+00 -2.142545e-05 0
1.114062e+00 -1.978374e-05 0
1.114064e+00 -1.688324e-05 0
1.114064e+00 -1.688324e-05 0
1.114062e+00 -1.978374e-05 0
1.104647e+00 -1.759484e-05 0
1.104649e+00 -1.509759e-05 0
1.104649e+00 -1.509759e-05 0
1.104647e+00 -1.759484e-05 0
1.084034e+00 -1.491720e-05 0
1.084037e+00 -1.294194e-05 0
1.084037e+00 -1.294194e-05 0
1.084034e+00 -1.491720e-05 0
1.041884e+00 -1.183515e-05 0
1.041887e+00 -1.045902e-05 0
1.041887e+00 -1.045902e-05 0
1.041884e+00 -1.183515e-05 0
9.623307e-01 -8.551616e-06 0
9.623338e-01 -7.622021e-06 0
9.623338e-01 -7.622021e-06 0
9.623307e-01 -8.551616e-06 0
8.255407e-01 -5.528828e-06 0
8.255435e-01 -4.356412e-06 0
8.255435e-01 -4.356412e-06 0
8.255407e-01 -5.528828e-06 0
6.170232e-01 -2.727785e-06 0
6.170255e-01 -1.965199e-06 0
6.170255e-01 -1.965199e-06 0
6.170232e-01 -2.727785e-06 0
3.348314e-01 -8.276570e-07 0
3.348327e-01 -5.487829e-07 0
3.348327e-01 -5.487829e-07 0
3.348314e-01 -8.276570e-07 0
-3.678743e-03 4.961743e-08 0
-3.678807e-03 5.253787e-08 0
-3.678598e-03 -4.406486e-08 0
-3.678614e-03 -3.881804e-08 0
3.348342e-01 9.301363e-07 0
3.348354e-01 5.885624e-07 0
3.348354e-01 5.885624e-07 0
3.348342e-01 9.301363e-07 0
6.169680e-01 2.918933e-06 0
6.170107e-01 2.054078e-06 0
6.170107e-01 2.054078e-06 0
6.169680e-01 2.918933e-06 0
8.255449e-01 5.564077e-06 0
8.255475e-01 4.327334e-06 0
8.255475e-01 4.327334e-06 0
8.255449e-01 5.564077e-06 0
9.622545e-01 8.278296e-06 0
9.622572e-01 6.758826e-06 0
9.622572e-01 6.758826e-06 0
9.622545e-01 8.278296e-06 0
1.041827e+00 1.129415e-05 0
1.041830e+00 9.450095e-06 0
1.041830e+00 9.450095e-06 0
1.041827e+00 1.129415e-05 0
1.084003e+00 1.421661e-05 0
1.084006e+00 1.194770e-05 0
1.084006e+00 1.194770e-05 0
1.084003e+00 1.421661e-05 0
1.104635e+00 1.679010e-05 0
1.104637e+00 1.405433e-05 0
1.104637e+00 1.405433e-05 0
1.104635e+00 1.679010e-05 0
1.114060e+00 1.880397e-05 0
1.114062e+00 1.569692e-05 0
1.114062e+00 1.569692e-05 0
1.114060e+00 1.880397e-05 0
1.118122e+00 2.018675e-05 0
1.118123e+00 1.682051e-05 0
1.118123e+00 1.682051e-05 0
1.118122e+00 2.018675e-05 0
1.119787e+00 2.089868e-05 0
1.119787e+00 1.739008e-05 0
1.119787e+00 1.739008e-05 0
1.119787e+00 2.089868e-05 0
1.120441e+00 2.091976e-05 0
1.120441e+00 1.738527e-05 0
1.120441e+00 1.738527e-05 0
1.120441e+00 2.091976e-05 0
1.120690e+00 2.025056e-05 0
1.120690e+00 1.680336e-05 0
1.120690e+00 1.680336e-05 0
1.120690e+00 2.025056e-05 0
1.120784e+00 1.890830e-05 0
1.120782e+00 1.565750e-05 0
1.120782e+00 1.565750e-05 0
1.120784e+00 1.890830e-05 0
1.120819e+00 1.693284e-05 0
1.120816e+00 1.398052e-05 0
1.120816e+00 1.398052e-05 0
1.120819e+00 1.693284e-05 0
1.120832e+00 1.437436e-05 0
1.120830e+00 1.181438e-05 0
1.120830e+00 1.181438e-05 0
1.120832e+00 1.437436e-05 0
1.120839e+00 1.130758e-05 0
1.120836e+00 9.221944e-06 0
1.120836e+00 9.221944e-06 0
1.120839e+00 1.130758e-05 0
1.120842e+00 7.820301e-06 0
1.120839e+00 6.277179e-06 0
1.120839e+00 6.277179e-06 0
1.120842e+00 7.820301e-06 0
1.120844e+00 4.007974e-06 0
1.120840e+00 3.060575e-06 0
1.120840e+00 3.060575e-06 0
1.120844e+00 4.007974e-06 0
1.120844e+00 -3.265444e-09 0
1.120841e+00 -3.215224e-07 0
1.120841e+00 -3.215224e-07 0
1.120844e+00 -3.265444e-09 0
1.120845e+00 -4.111856e-06 0
1.120841e+00 -3.783468e-06 0
1.120841e+00 -3.783468e-06 0
1.120845e+00 -4.111856e-06 0
1.120844e+00 -8.192060e-06 0
1.120840e+00 -7.219271e-06 0
1.120840e+00 -7.219271e-06 0
1.120844e+00 -8.192060e-06 0
1.120842e+00 -1.212353e-05 0
1.120839e+00 -1.052749e-05 0
1.120839e+00 -1.052749e-05 0
1.120842e+00 -1.212353e-05 0
1.120840e+00 -1.578961e-05 0
1.120837e+00 -1.360983e-05 0
1.120837e+00 -1.360983e-05 0
1.120840e+00 -1.578961e-05 0
1.120836e+00 -1.908071e-05 0
1.120833e+00 -1.637399e-05 0
1.120833e+00 -1.637399e-05 0
1.120836e+00 -1.908071e-05 0
1.120829e+00 -2.190119e-05 0
1.120827e+00 -1.873629e-05 0
1.120827e+00 -1.873629e-05 0
1.120829e+00 -2.190119e-05 0
1.120815e+00 -2.415689e-05 0
1.120813e+00 -2.062648e-05 0
1.120813e+00 -2.062648e-05 0
1.120815e+00 -2.415689e-05 0
1.120779e+00 -2.578087e-05 0
1.120778e+00 -2.197957e-05 0
1.120778e+00 -2.197957e-05 0
1.120779e+00 -2.578087e-05 0
1.120685e+00 -2.672141e-05 0
1.120685e+00 -2.275547e-05 0
1.120685e+00 -2.275547e-05 0
1.120685e+00 -2.672141e-05 0
1.120436e+00 -2.694302e-05 0
1.120436e+00 -2.292557e-05 0
1.120436e+00 -2.292557e-05 0
1.120436e+00 -2.694302e-05 0
1.119781e+00 -2.643255e-05 0
1.119782e+00 -2.248046e-05 0
1.119782e+00 -2.248046e-05 0
1.119781e+00 -2.643255e-05 0
1.118117e+00 -2.519272e-05 0
1.118119e+00 -2.142545e-05 0
1.118119e+00 -2.142545e-05 0
1.118117e+00 -2.519272e-05 0
1.114060e+00 -2.324625e-05 0
1.114062e+00 -1.978374e-05 0
1.114062e+00 -1.978374e-05 0
1.114060e+00 -2.324625e-05 0
1.104645e+00 -2.063888e-05 0
1.104647e+00 -1.759484e-05 0
1.104647e+00 -1.759484e-05 0
1.104645e+00 -2.063888e-05 0
1.084031e+00 -1.745967e-05 0
1.084034e+00 -1.491720e-05 0
1.084034e+00 -1.491720e-05 0
1.084031e+00 -1.745967e-05 0
1.041880e+00 -1.388779e-05 0
1.041884e+00 -1.183515e-05 0
1.041884e+00 -1.183515e-05 0
1.041880e+00 -1.388779e-05 0
9.623274e-01 -1.022572e-05 0
9.623307e-01 -8.551616e-06 0
9.623307e-01 -8.551616e-06 0
9.623274e-01 -1.022572e-05 0
8.255375e-01 -6.871073e-06 0
8.255407e-01 -5.528828e-06 0
8.255407e-01 -5.528828e-06 0
8.255375e-01 -6.871073e-06 0
6.169615e-01 -3.647491e-06 0
6.170232e-01 -2.727785e-06 0
6.170232e-01 -2.727785e-06 0
6.169615e-01 -3.647491e-06 0
3.348299e-01 -1.190589e-06 0
3.348314e-01 -8.276570e-07 0
3.348314e-01 -8.276570e-07 0
3.348299e-01 -1.190589e-06 0
-3.678771e-03 4.486878e-08 0
-3.678743e-03 4.961743e-08 0
-3.678614e-03 -3.881804e-08 0
-3.678585e-03 -4.955912e-08 0
3.348324e-01 9.869068e-07 0
3.348342e-01 9.301363e-07 0
3.348342e-01 9.301363e-07 0
3.348324e-01 9.869068e-07 0
6.169652e-01 3.750528e-06 0
6.169680e-01 2.918933e-06 0
6.169680e-01 2.918933e-06 0
6.169652e-01 3.750528e-06 0
8.255420e-01 6.985522e-06 0
8.255449e-01 5.564077e-06 0
8.255449e-01 5.564077e-06 0
8.255420e-01 6.985522e-06 0
9.622514e-01 1.021884e-05 0
9.622545e-01 8.278296e-06 0
9.622545e-01 8.278296e-06 0
9.622514e-01 1.021884e-05 0
1.041824e+00 1.382128e-05 0
1.041827e+00 1.129415e-05 0
1.041827e+00 1.129415e-05 0
1.041824e+00 1.382128e-05 0
1.084000e+00 1.725404e-05 0
1.084003e+00 1.421661e-05 0
1.084003e+00 1.421661e-05 0
1.084000e+00 1.725404e-05 0
1.104633e+00 2.023556e-05 0
1.104635e+00 1.679010e-05 0
1.104635e+00 1.679010e-05 0
1.104633e+00 2.023556e-05 0
1.114058e+00 2.259740e-05 0
1.114060e+00 1.880397e-05 0
1.114060e+00 1.880397e-05 0
1.114058e+00 2.259740e-05 0
1.118120e+00 2.423583e-05 0
1.118122e+00 2.018675e-05 0
1.118122e+00 2.018675e-05 0
1.118120e+00 2.423583e-05 0
1.119786e+00 2.509145e-05 0
1.119787e+00 2.089868e-05 0
1.119787e+00 2.089868e-05 0
1.119786e+00 2.509145e-05 0
1.120442e+00 2.513308e-05 0
1.120441e+00 2.091976e-05 0
1.120441e+00 2.091976e-05 0
1.120442e+00 2.513308e-05 0
1.120692e+00 2.435634e-05 0
1.120690e+00 2.025056e-05 0
1.120690e+00 2.025056e-05 0
1.120692e+00 2.435634e-05 0
1.120785e+00 2.278058e-05 0
1.120784e+00 1.890830e-05 0
1.120784e+00 1.890830e-05 0
1.120785e+00 2.278058e-05 0
1.120821e+00 2.045339e-05 0
1.120819e+00 1.693284e-05 0
1.120819e+00 1.693284e-05 0
1.120821e+00 2.045339e-05 0
1.120836e+00 1.743170e-05 0
1.120832e+00 1.437436e-05 0
1.120832e+00 1.437436e-05 0
1.120836e+00 1.743170e-05 0
1.120842e+00 1.380483e-05 0
1.120839e+00 1.130758e-05 0
1.120839e+00 1.130758e-05 0
1.120842e+00 1.380483e-05 0
1.120846e+00 9.676877e-06 0
1.120842e+00 7.820301e-06 0
1.120842e+00 7.820301e-06 0
1.120846e+00 9.676877e-06 0
1.120848e+00 5.158436e-06 0
1.120844e+00 4.007974e-06 0
1.120844e+00 4.007974e-06 0
1.120848e+00 5.158436e-06 0
1.120849e+00 4.058900e-07 0
1.120844e+00 -3.265444e-09 0
1.120844e+00 -3.265444e-09 0
1.120849e+00 4.058900e-07 0
1.120849e+00 -4.467164e-06 0
1.120845e+00 -4.111856e-06 0
1.120845e+00 -4.111856e-06 0
1.120849e+00 -4.467164e-06 0
1.120848e+00 -9.309442e-06 0
1.120844e+00 -8.192060e-06 0
1.120844e+00 -8.192060e-06 0
1.120848e+00 -9.309442e-06 0
1.120846e+00 -1.397827e-05 0
1.120842e+00 -1.212353e-05 0
1.120842e+00 -1.212353e-05 0
1.120846e+00 -1.397827e-05 0
1.120844e+00 -1.833530e-05 0
1.120840e+00 -1.578961e-05 0
1.120840e+00 -1.578961e-05 0
1.120844e+00 -1.833530e-05 0
1.120839e+00 -2.225049e-05 0
1.120836e+00 -1.908071e-05 0
1.120836e+00 -1.908071e-05 0
1.120839e+00 -2.225049e-05 0
1.120832e+00 -2.560589e-05 0
1.120829e+00 -2.190119e-05 0
1.120829e+00 -2.190119e-05 0
1.120832e+00 -2.560589e-05 0
1.120817e+00 -2.830417e-05 0
1.120815e+00 -2.415689e-05 0
1.120815e+00 -2.415689e-05 0
1.120817e+00 -2.830417e-05 0
1.120780e+00 -3.025311e-05 0
1.120779e+00 -2.578087e-05 0
1.120779e+00 -2.578087e-05 0
1.120780e+00 -3.025311e-05 0
1.120686e+00 -3.139159e-05 0
1.120685e+00 -2.672141e-05 0
1.120685e+00 -2.672141e-05 0
1.120686e+00 -3.139159e-05 0
1.120436e+00 -3.168107e-05 0
1.120436e+00 -2.694302e-05 0
1.120436e+00 -2.694302e-05 0
1.120436e+00 -3.168107e-05 0
1.119780e+00 -3.110857e-05 0
1.119781e+00 -2.643255e-05 0
1.119781e+00 -2.643255e-05 0
1.119780e+00 -3.110857e-05 0
1.118116e+00 -2.968057e-05 0
1.118117e+00 -2.519272e-05 0
1.118117e+00 -2.519272e-05 0
1.118116e+00 -2.968057e-05 0
1.114058e+00 -2.743166e-05 0
1.114060e+00 -2.324625e-05 0
1.114060e+00 -2.324625e-05 0
1.114058e+00 -2.743166e-05 0
1.104641e+00 -2.442676e-05 0
1.104645e+00 -2.063888e-05 0
1.104645e+00 -2.063888e-05 0
1.104641e+00 -2.442676e-05 0
1.084027e+00 -2.077373e-05 0
1.084031e+00 -1.745967e-05 0
1.084031e+00 -1.745967e-05 0
1.084027e+00 -2.077373e-05 0
1.041877e+00 -1.664233e-05 0
1.041880e+00 -1.388779e-05 0
1.041880e+00 -1.388779e-05 0
1.041877e+00 -1.664233e-05 0
9.623237e-01 -1.234868e-05 0
9.623274e-01 -1.022572e-05 0
9.623274e-01 -1.022572e-05 0
9.623237e-01 -1.234868e-05 0
8.255339e-01 -8.408655e-06 0
8.255375e-01 -6.871073e-06 0
8.255375e-01 -6.871073e-06 0
8.255339e-01 -8.408655e-06 0
6.169430e-01 -4.553796e-06 0
6.169615e-01 -3.647491e-06 0
6.169615e-01 -3.647491e-06 0
6.169430e-01 -4.553796e-06 0
3.348277e-01 -1.270146e-06 0
3.348299e-01 -1.190589e-06 0
3.348299e-01 -1.190589e-06 0
3.348277e-01 -1.270146e-06 0
-3.678756e-03 5.613313e-08 0
-3.678771e-03 4.486878e-08 0
-3.678585e-03 -4.955912e-08 0
-3.678523e-03 -7.238036e-08 0
3.348304e-01 1.051422e-06 0
3.348324e-01 9.869068e-07 0
3.348324e-01 9.869068e-07 0
3.348304e-01 1.051422e-06 0
6.169467e-01 3.700859e-06 0
6.169652e-01 3.750528e-06 0
6.169652e-01 3.750528e-06 0
6.169467e-01 3.700859e-06 0
8.255383e-01 7.592901e-06 0
8.255420e-01 6.985522e-06 0
8.255420e-01 6.985522e-06 0
8.255383e-01 7.592901e-06 0
9.622475e-01 1.252019e-05 0
9.622514e-01 1.021884e-05 0
9.622514e-01 1.021884e-05 0
9.622475e-01 1.252019e-05 0
1.041820e+00 1.698297e-05 0
1.041824e+00 1.382128e-05 0
1.041824e+00 1.382128e-05 0
1.041820e+00 1.698297e-05 0
1.083997e+00 2.099693e-05 0
1.084000e+00 1.725404e-05 0
1.084000e+00 1.725404e-05 0
1.083997e+00 2.099693e-05 0
1.104630e+00 2.444343e-05 0
1.104633e+00 2.023556e-05 0
1.104633e+00 2.023556e-05 0
1.104630e+00 2.444343e-05 0
1.114056e+00 2.719072e-05 0
1.114058e+00 2.259740e-05 0
1.114058e+00 2.259740e-05 0
1.114056e+00 2.719072e-05 0
1.118119e+00 2.911676e-05 0
1.118120e+00 2.423583e-05 0
1.118120e+00 2.423583e-05 0
1.118119e+00 2.911676e-05 0
1.119786e+00 3.013560e-05 0
1.119786e+00 2.509145e-05 0
1.119786e+00 2.509145e-05 0
1.119786e+00 3.013560e-05 0
1.120442e+00 3.019964e-05 0
1.120442e+00 2.513308e-05 0
1.120442e+00 2.513308e-05 0
1.120442e+00 3.019964e-05 0
1.120693e+00 2.929385e-05 0
1.120692e+00 2.435634e-05 0
1.120692e+00 2.435634e-05 0
1.120693e+00 2.929385e-05 0
1.120787e+00 2.743982e-05 0
1.120785e+00 2.278058e-05 0
1.120785e+00 2.278058e-05 0
1.120787e+00 2.743982e-05 0
1.120824e+00 2.469079e-05 0
1.120821e+00 2.045339e-05 0
1.120821e+00 2.045339e-05 0
1.120824e+00 2.469079e-05 0
1.120839e+00 2.111647e-05 0
1.120836e+00 1.743170e-05 0
1.120836e+00 1.743170e-05 0
1.120839e+00 2.111647e-05 0
1.120847e+00 1.682125e-05 0
1.120842e+00 1.380483e-05 0
1.120842e+00 1.380483e-05 0
1.120847e+00 1.682125e-05 0
1.120851e+00 1.192840e-05 0
1.120846e+00 9.676877e-06 0
1.120846e+00 9.676877e-06 0
1.120851e+00 1.192840e-05 0
1.120853e+00 6.572084e-06 0
1.120848e+00 5.158436e-06 0
1.120848e+00 5.158436e-06 0
1.120853e+00 6.572084e-06 0
1.120854e+00 9.296050e-07 0
1.120849e+00 4.058900e-07 0
1.120849e+00 4.058900e-07 0
1.120854e+00 9.296050e-07 0
1.120854e+00 -4.856249e-06 0
1.120849e+00 -4.467164e-06 0
1.120849e+00 -4.467164e-06 0
1.120854e+00 -4.856249e-06 0
1.120853e+00 -1.060868e-05 0
1.120848e+00 -9.309442e-06 0
1.120848e+00 -9.309442e-06 0
1.120853e+00 -1.060868e-05 0
1.120851e+00 -1.615842e-05 0
1.120846e+00 -1.397827e-05 0
1.120846e+00 -1.397827e-05 0
1.120851e+00 -1.615842e-05 0
1.120848e+00 -2.134132e-05 0
1.120844e+00 -1.833530e-05 0
1.120844e+00 -1.833530e-05 0
1.120848e+00 -2.134132e-05 0
1.120843e+00 -2.600310e-05 0
1.120839e+00 -2.225049e-05 0
1.120839e+00 -2.225049e-05 0
1.120843e+00 -2.600310e-05 0
1.120835e+00 -3.000896e-05 0
1.120832e+00 -2.560589e-05 0
1.120832e+00 -2.560589e-05 0
1.120835e+00 -3.000896e-05 0
1.120819e+00 -3.322629e-05 0
1.120817e+00 -2.830417e-05 0
1.120817e+00 -2.830417e-05 0
1.120819e+00 -3.322629e-05 0
1.120782e+00 -3.556111e-05 0
1.120780e+00 -3.025311e-05 0
1.120780e+00 -3.025311e-05 0
1.120782e+00 -3.556111e-05 0
1.120687e+00 -3.694063e-05 0
1.120686e+00 -3.139159e-05 0
1.120686e+00 -3.139159e-05 0
1.120687e+00 -3.694063e-05 0
1.120435e+00 -3.731862e-05 0
1.120436e+00 -3.168107e-05 0
1.120436e+00 -3.168107e-05 0
1.120435e+00 -3.731862e-05 0
1.119779e+00 -3.668017e-05 0
1.119780e+00 -3.110857e-05 0
1.119780e+00 -3.110857e-05 0
1.119779e+00 -3.668017e-05 0
1.118114e+00 -3.504103e-05 0
1.118116e+00 -2.968057e-05 0
1.118116e+00 -2.968057e-05 0
1.118114e+00 -3.504103e-05 0
1.114055e+00 -3.245305e-05 0
1.114058e+00 -2.743166e-05 0
1.114058e+00 -2.743166e-05 0
1.114055e+00 -3.245305e-05 0
1.104638e+00 -2.900542e-05 0
1.104641e+00 -2.442676e-05 0
1.104641e+00 -2.442676e-05 0
1.104638e+00 -2.900542e-05 0
1.084023e+00 -2.482202e-05 0
1.084027e+00 -2.077373e-05 0
1.084027e+00 -2.077373e-05 0
1.084023e+00 -2.482202e-05 0
1.041872e+00 -2.005126e-05 0
1.041877e+00 -1.664233e-05 0
1.041877e+00 -1.664233e-05 0
1.041872e+00 -2.005126e-05 0
9.623190e-01 -1.480638e-05 0
9.623237e-01 -1.234868e-05 0
9.623237e-01 -1.234868e-05 0
9.623190e-01 -1.480638e-05 0
8.255295e-01 -9.139837e-06 0
8.255339e-01 -8.408655e-06 0
8.255339e-01 -8.408655e-06 0
8.255295e-01 -9.139837e-06 0
6.169391e-01 -4.561776e-06 0
6.169430e-01 -4.553796e-06 0
6.169430e-01 -4.553796e-06 0
6.169391e-01 -4.561776e-06 0
3.348252e-01 -1.360291e-06 0
3.348277e-01 -1.270146e-06 0
3.348277e-01 -1.270146e-06 0
3.348252e-01 -1.360291e-06 0
-3.678710e-03 7.953760e-08 0
-3.678756e-03 5.613313e-08 0
-3.678523e-03 -7.238036e-08 0
-3.678460e-03 -9.898200e-08 0
3.348286e-01 1.162403e-06 0
3.348304e-01 1.051422e-06 0
3.348304e-01 1.051422e-06 0
3.348286e-01 1.162403e-06 0
6.169989e-01 4.153508e-06 0
6.169467e-01 3.700859e-06 0
6.169467e-01 3.700859e-06 0
6.169989e-01 4.153508e-06 0
8.255330e-01 8.867631e-06 0
8.255383e-01 7.592901e-06 0
8.255383e-01 7.592901e-06 0
8.255330e-01 8.867631e-06 0
9.622420e-01 1.476476e-05 0
9.622475e-01 1.252019e-05 0
9.622475e-01 1.252019e-05 0
9.622420e-01 1.476476e-05 0
1.041815e+00 2.022139e-05 0
1.041820e+00 1.698297e-05 0
1.041820e+00 1.698297e-05 0
1.041815e+00 2.022139e-05 0
1.083993e+00 2.508749e-05 0
1.083997e+00 2.099693e-05 0
1.083997e+00 2.099693e-05 0
1.083993e+00 2.508749e-05 0
1.104626e+00 2.924182e-05 0
1.104630e+00 2.444343e-05 0
1.104630e+00 2.444343e-05 0
1.104626e+00 2.924182e-05 0
1.114054e+00 3.254247e-05 0
1.114056e+00 2.719072e-05 0
1.114056e+00 2.719072e-05 0
1.114054e+00 3.254247e-05 0
1.118117e+00 3.485854e-05 0
1.118119e+00 2.911676e-05 0
1.118119e+00 2.911676e-05 0
1.118117e+00 3.485854e-05 0
1.119785e+00 3.609403e-05 0
1.119786e+00 3.013560e-05 0
1.119786e+00 3.013560e-05 0
1.119785e+00 3.609403e-05 0
1.120443e+00 3.619415e-05 0
1.120442e+00 3.019964e-05 0
1.120442e+00 3.019964e-05 0
1.120443e+00 3.619415e-05 0
1.120694e+00 3.514147e-05 0
1.120693e+00 2.929385e-05 0
1.120693e+00 2.929385e-05 0
1.120694e+00 3.514147e-05 0
1.120790e+00 3.296184e-05 0
1.120787e+00 2.743982e-05 0
1.120787e+00 2.743982e-05 0
1.120790e+00 3.296184e-05 0
1.120827e+00 2.972013e-05 0
1.120824e+00 2.469079e-05 0
1.120824e+00 2.469079e-05 0
1.120827e+00 2.972013e-05 0
1.120843e+00 2.549585e-05 0
1.120839e+00 2.111647e-05 0
1.120839e+00 2.111647e-05 0
1.120843e+00 2.549585e-05 0
1.120852e+00 2.041396e-05 0
1.120847e+00 1.682125e-05 0
1.120847e+00 1.682125e-05 0
1.120852e+00 2.041396e-05 0
1.120856e+00 1.462060e-05 0
1.120851e+00 1.192840e-05 0
1.120851e+00 1.192840e-05 0
1.120856e+00 1.462060e-05 0
1.120859e+00 8.271529e-06 0
1.120853e+00 6.572084e-06 0
1.120853e+00 6.572084e-06 0
1.120859e+00 8.271529e-06 0
1.120860e+00 1.586333e-06 0
1.120854e+00 9.296050e-07 0
1.120854e+00 9.296050e-07 0
1.120860e+00 1.586333e-06 0
1.120861e+00 -5.275298e-06 0
1.120854e+00 -4.856249e-06 0
1.120854e+00 -4.856249e-06 0
1.120861e+00 -5.275298e-06 0
1.120860e+00 -1.210073e-05 0
1.120853e+00 -1.060868e-05 0
1.120853e+00 -1.060868e-05 0
1.120860e+00 -1.210073e-05 0
1.120857e+00 -1.868940e-05 0
1.120851e+00 -1.615842e-05 0
1.120851e+00 -1.615842e-05 0
1.120857e+00 -1.868940e-05 0
1.120854e+00 -2.484674e-05 0
1.120848e+00 -2.134132e-05 0
1.120848e+00 -2.134132e-05 0
1.120854e+00 -2.484674e-05 0
1.120848e+00 -3.038984e-05 0
1.120843e+00 -2.600310e-05 0
1.120843e+00 -2.600310e-05 0
1.120848e+00 -3.038984e-05 0
1.120839e+00 -3.515270e-05 0
1.120835e+00 -3.000896e-05 0
1.120835e+00 -3.000896e-05 0
1.120839e+00 -3.515270e-05 0
1.120822e+00 -3.899750e-05 0
1.120819e+00 -3.322629e-05 0
1.120819e+00 -3.322629e-05 0
1.120822e+00 -3.899750e-05 0
1.120784e+00 -4.179107e-05 0
1.120782e+00 -3.556111e-05 0
1.120782e+00 -3.556111e-05 0
1.120784e+00 -4.179107e-05 0
1.120688e+00 -4.345463e-05 0
1.120687e+00 -3.694063e-05 0
1.120687e+00 -3.694063e-05 0
1.120688e+00 -4.345463e-05 0
1.120435e+00 -4.393323e-05 0
1.120435e+00 -3.731862e-05 0
1.120435e+00 -3.731862e-05 0
1.120435e+00 -4.393323e-05 0
1.119778e+00 -4.320976e-05 0
1.119779e+00 -3.668017e-05 0
1.119779e+00 -3.668017e-05 0
1.119778e+00 -4.320976e-05 0
1.118111e+00 -4.130104e-05 0
1.118114e+00 -3.504103e-05 0
1.118114e+00 -3.504103e-05 0
1.118111e+00 -4.130104e-05 0
1.114051e+00 -3.826625e-05 0
1.114055e+00 -3.245305e-05 0
1.114055e+00 -3.245305e-05 0
1.114051e+00 -3.826625e-05 0
1.104634e+00 -3.420485e-05 0
1.104638e+00 -2.900542e-05 0
1.104638e+00 -2.900542e-05 0
1.104634e+00 -3.420485e-05 0
1.084018e+00 -2.925024e-05 0
1.084023e+00 -2.482202e-05 0
1.084023e+00 -2.482202e-05 0
1.084018e+00 -2.925024e-05 0
1.041866e+00 -2.355875e-05 0
1.041872e+00 -2.005126e-05 0
1.041872e+00 -2.005126e-05 0
1.041866e+00 -2.355875e-05 0
9.623127e-01 -1.726959e-05 0
9.623190e-01 -1.480638e-05 0
9.623190e-01 -1.480638e-05 0
9.623127e-01 -1.726959e-05 0
8.255234e-01 -1.055147e-05 0
8.255295e-01 -9.139837e-06 0
8.255295e-01 -9.139837e-06 0
8.255234e-01 -1.055147e-05 0
6.170091e-01 -5.102556e-06 0
6.169391e-01 -4.561776e-06 0
6.169391e-01 -4.561776e-06 0
6.170091e-01 -5.102556e-06 0
3.348230e-01 -1.498941e-06 0
3.348252e-01 -1.360291e-06 0
3.348252e-01 -1.360291e-06 0
3.348230e-01 -1.498941e-06 0
-3.678664e-03 1.069864e-07 0
-3.678710e-03 7.953760e-08 0
-3.678460e-03 -9.898200e-08 0
-3.678352e-03 -1.036305e-07 0
3.348259e-01 1.570872e-06 0
3.348286e-01 1.162403e-06 0
3.348286e-01 1.162403e-06 0
3.348259e-01 1.570872e-06 0
6.169944e-01 5.411924e-06 0
6.169989e-01 4.153508e-06 0
6.169989e-01 4.153508e-06 0
6.169944e-01 5.411924e-06 0
8.255274e-01 1.102216e-05 0
8.255330e-01 8.867631e-06 0
8.255330e-01 8.867631e-06 0
8.255274e-01 1.102216e-05 0
9.622359e-01 1.724637e-05 0
9.622420e-01 1.476476e-05 0
9.622420e-01 1.476476e-05 0
9.622359e-01 1.724637e-05 0
1.041810e+00 2.371650e-05 0
1.041815e+00 2.022139e-05 0
1.041815e+00 2.022139e-05 0
1.041810e+00 2.371650e-05 0
1.083988e+00 2.970759e-05 0
1.083993e+00 2.508749e-05 0
1.083993e+00 2.508749e-05 0
1.083988e+00 2.970759e-05 0
1.104622e+00 3.482934e-05 0
1.104626e+00 2.924182e-05 0
1.104626e+00 2.924182e-05 0
1.104622e+00 3.482934e-05 0
1.114050e+00 3.887812e-05 0
1.114054e+00 3.254247e-05 0
1.114054e+00 3.254247e-05 0
1.114050e+00 3.887812e-05 0
1.118115e+00 4.170874e-05 0
1.118117e+00 3.485854e-05 0
1.118117e+00 3.485854e-05 0
1.118115e+00 4.170874e-05 0
1.119784e+00 4.322723e-05 0
1.119785e+00 3.609403e-05 0
1.119785e+00 3.609403e-05 0
1.119784e+00 4.322723e-05 0
1.120443e+00 4.338089e-05 0
1.120443e+00 3.619415e-05 0
1.120443e+00 3.619415e-05 0
1.120443e+00 4.338089e-05 0
1.120696e+00 4.215976e-05 0
1.120694e+00 3.514147e-05 0
1.120694e+00 3.514147e-05 0
1.120696e+00 4.215976e-05 0
1.120793e+00 3.959513e-05 0
1.120790e+00 3.296184e-05 0
1.120790e+00 3.296184e-05 0
1.120793e+00 3.959513e-05 0
1.120832e+00 3.576368e-05 0
1.120827e+00 2.972013e-05 0
1.120827e+00 2.972013e-05 0
1.120832e+00 3.576368e-05 0
1.120849e+00 3.076398e-05 0
1.120843e+00 2.549585e-05 0
1.120843e+00 2.549585e-05 0
1.120849e+00 3.076398e-05 0
1.120857e+00 2.474333e-05 0
1.120852e+00 2.041396e-05 0
1.120852e+00 2.041396e-05 0
1.120857e+00 2.474333e-05 0
1.120863e+00 1.787520e-05 0
1.120856e+00 1.462060e-05 0
1.120856e+00 1.462060e-05 0
1.120863e+00 1.787520e-05 0
1.120866e+00 1.034813e-05 0
1.120859e+00 8.271529e-06 0
1.120859e+00 8.271529e-06 0
1.120866e+00 1.034813e-05 0
1.120868e+00 2.411332e-06 0
1.120860e+00 1.586333e-06 0
1.120860e+00 1.586333e-06 0
1.120868e+00 2.411332e-06 0
1.120868e+00 -5.734586e-06 0
1.120861e+00 -5.275298e-06 0
1.120861e+00 -5.275298e-06 0
1.120868e+00 -5.734586e-06 0
1.120867e+00 -1.384121e-05 0
1.120860e+00 -1.210073e-05 0
1.120860e+00 -1.210073e-05 0
1.120867e+00 -1.384121e-05 0
1.120864e+00 -2.167063e-05 0
1.120857e+00 -1.868940e-05 0
1.120857e+00 -1.868940e-05 0
1.120864e+00 -2.167063e-05 0
1.120860e+00 -2.899206e-05 0
1.120854e+00 -2.484674e-05 0
1.120854e+00 -2.484674e-05 0
1.120860e+00 -2.899206e-05 0
1.120854e+00 -3.558841e-05 0
1.120848e+00 -3.038984e-05 0
1.120848e+00 -3.038984e-05 0
1.120854e+00 -3.558841e-05 0
1.120844e+00 -4.126256e-05 0
1.120839e+00 -3.515270e-05 0
1.120839e+00 -3.515270e-05 0
1.120844e+00 -4.126256e-05 0
1.120826e+00 -4.584863e-05 0
1.120822e+00 -3.899750e-05 0
1.120822e+00 -3.899750e-05 0
1.120826e+00 -4.584863e-05 0
1.120787e+00 -4.919285e-05 0
1.120784e+00 -4.179107e-05 0
1.120784e+00 -4.179107e-05 0
1.120787e+00 -4.919285e-05 0
1.120689e+00 -5.119792e-05 0
1.120688e+00 -4.345463e-05 0
1.120688e+00 -4.345463e-05 0
1.120689e+00 -5.119792e-05 0
1.120435e+00 -5.179562e-05 0
1.120435e+00 -4.393323e-05 0
1.120435e+00 -4.393323e-05 0
1.120435e+00 -5.179562e-05 0
1.119776e+00 -5.096196e-05 0
1.119778e+00 -4.320976e-05 0
1.119778e+00 -4.320976e-05 0
1.119776e+00 -5.096196e-05 0
1.118109e+00 -4.870923e-05 0
1.118111e+00 -4.130104e-05 0
1.118111e+00 -4.130104e-05 0
1.118109e+00 -4.870923e-05 0
1.114048e+00 -4.509422e-05 0
1.114051e+00 -3.826625e-05 0
1.114051e+00 -3.826625e-05 0
1.114048e+00 -4.509422e-05 0
1.104629e+00 -4.021711e-05 0
1.104634e+00 -3.420485e-05 0
1.104634e+00 -3.420485e-05 0
1.104629e+00 -4.021711e-05 0
1.084012e+00 -3.422853e-05 0
1.084018e+00 -2.925024e-05 0
1.084018e+00 -2.925024e-05 0
1.084012e+00 -3.422853e-05 0
1.041860e+00 -2.734668e-05 0
1.041866e+00 -2.355875e-05 0
1.041866e+00 -2.355875e-05 0
1.041860e+00 -2.734668e-05 0
9.623058e-01 -1.997029e-05 0
9.623127e-01 -1.726959e-05 0
9.623127e-01 -1.726959e-05 0
9.623058e-01 -1.997029e-05 0
8.255170e-01 -1.285283e-05 0
8.255234e-01 -1.055147e-05 0
8.255234e-01 -1.055147e-05 0
8.255170e-01 -1.285283e-05 0
6.170038e-01 -6.447255e-06 0
6.170091e-01 -5.102556e-06 0
6.170091e-01 -5.102556e-06 0
6.170038e-01 -6.447255e-06 0
3.348199e-01 -1.935860e-06 0
3.348230e-01 -1.498941e-06 0
3.348230e-01 -1.498941e-06 0
3.348199e-01 -1.935860e-06 0
-3.678574e-03 1.121328e-07 0
-3.678664e-03 1.069864e-07 0
-3.678352e-03 -1.036305e-07 0
-3.678329e-03 -1.098919e-07 0
3.348229e-01 2.121396e-06 0
3.348259e-01 1.570872e-06 0
3.348259e-01 1.570872e-06 0
3.348229e-01 2.121396e-06 0
6.169484e-01 6.988313e-06 0
6.169944e-01 5.411924e-06 0
6.169944e-01 5.411924e-06 0
6.169484e-01 6.988313e-06 0
8.255208e-01 1.356456e-05 0
8.255274e-01 1.102216e-05 0
8.255274e-01 1.102216e-05 0
8.255208e-01 1.356456e-05 0
9.622290e-01 2.079688e-05 0
9.622359e-01 1.724637e-05 0
9.622359e-01 1.724637e-05 0
9.622290e-01 2.079688e-05 0
1.041803e+00 2.831292e-05 0
1.041810e+00 2.371650e-05 0
1.041810e+00 2.371650e-05 0
1.041803e+00 2.831292e-05 0
1.083982e+00 3.539519e-05 0
1.083988e+00 2.970759e-05 0
1.083988e+00 2.970759e-05 0
1.083982e+00 3.539519e-05 0
1.104617e+00 4.155973e-05 0
1.104622e+00 3.482934e-05 0
1.104622e+00 3.482934e-05 0
1.104617e+00 4.155973e-05 0
1.114047e+00 4.644034e-05 0
1.114050e+00 3.887812e-05 0
1.114050e+00 3.887812e-05 0
1.114047e+00 4.644034e-05 0
1.118113e+00 4.985859e-05 0
1.118115e+00 4.170874e-05 0
1.118115e+00 4.170874e-05 0
1.118113e+00 4.985859e-05 0
1.119783e+00 5.170496e-05 0
1.119784e+00 4.322723e-05 0
1.119784e+00 4.322723e-05 0
1.119783e+00 5.170496e-05 0
1.120444e+00 5.192139e-05 0
1.120443e+00 4.338089e-05 0
1.120443e+00 4.338089e-05 0
1.120444e+00 5.192139e-05 0
1.120698e+00 5.050008e-05 0
1.120696e+00 4.215976e-05 0
1.120696e+00 4.215976e-05 0
1.120698e+00 5.050008e-05 0
1.120796e+00 4.748006e-05 0
1.120793e+00 3.959513e-05 0
1.120793e+00 3.959513e-05 0
1.120796e+00 4.748006e-05 0
1.120836e+00 4.295344e-05 0
1.120832e+00 3.576368e-05 0
1.120832e+00 3.576368e-05 0
1.120836e+00 4.295344e-05 0
1.120855e+00 3.703766e-05 0
1.120849e+00 3.076398e-05 0
1.120849e+00 3.076398e-05 0
1.120855e+00 3.703766e-05 0
1.120865e+00 2.990771e-05 0
1.120857e+00 2.474333e-05 0
1.120857e+00 2.474333e-05 0
1.120865e+00 2.990771e-05 0
1.120871e+00 2.176936e-05 0
1.120863e+00 1.787520e-05 0
1.120863e+00 1.787520e-05 0
1.120871e+00 2.176936e-05 0
1.120875e+00 1.284611e-05 0
1.120866e+00 1.034813e-05 0
1.120866e+00 1.034813e-05 0
1.120875e+00 1.284611e-05 0
1.120877e+00 3.433369e-06 0
1.120868e+00 2.411332e-06 0
1.120868e+00 2.411332e-06 0
1.120877e+00 3.433369e-06 0
1.120877e+00 -6.231183e-06 0
1.120868e+00 -5.734586e-06 0
1.120868e+00 -5.734586e-06 0
1.120877e+00 -6.231183e-06 0
1.120876e+00 -1.585313e-05 0
1.120867e+00 -1.384121e-05 0
1.120867e+00 -1.384121e-05 0
1.120876e+00 -1.585313e-05 0
1.120873e+00 -2.515053e-05 0
1.120864e+00 -2.167063e-05 0
1.120864e+00 -2.167063e-05 0
1.120873e+00 -2.515053e-05 0
1.120868e+00 -3.384975e-05 0
1.120860e+00 -2.899206e-05 0
1.120860e+00 -2.899206e-05 0
1.120868e+00 -3.384975e-05 0
1.120860e+00 -4.169335e-05 0
1.120854e+00 -3.558841e-05 0
1.120854e+00 -3.558841e-05 0
1.120860e+00 -4.169335e-05 0
1.120850e+00 -4.845602e-05 0
1.120844e+00 -4.126256e-05 0
1.120844e+00 -4.126256e-05 0
1.120850e+00 -4.845602e-05 0
1.120830e+00 -5.391550e-05 0
1.120826e+00 -4.584863e-05 0
1.120826e+00 -4.584863e-05 0
1.120830e+00 -5.391550e-05 0
1.120790e+00 -5.791394e-05 0
1.120787e+00 -4.919285e-05 0
1.120787e+00 -4.919285e-05 0
1.120790e+00 -5.791394e-05 0
1.120690e+00 -6.032662e-05 0
1.120689e+00 -5.119792e-05 0
1.120689e+00 -5.119792e-05 0
1.120690e+00 -6.032662e-05 0
1.120435e+00 -6.107069e-05 0
1.120435e+00 -5.179562e-05 0
1.120435e+00 -5.179562e-05 0
1.120435e+00 -6.107069e-05 0
1.119775e+00 -6.011530e-05 0
1.119776e+00 -5.096196e-05 0
1.119776e+00 -5.096196e-05 0
1.119775e+00 -6.011530e-05 0
1.118105e+00 -5.747101e-05 0
1.118109e+00 -4.870923e-05 0
1.118109e+00 -4.870923e-05 0
1.118105e+00 -5.747101e-05 0
1.114043e+00 -5.319989e-05 0
1.114048e+00 -4.509422e-05 0
1.114048e+00 -4.509422e-05 0
1.114043e+00 -5.319989e-05 0
1.104623e+00 -4.741931e-05 0
1.104629e+00 -4.021711e-05 0
1.104629e+00 -4.021711e-05 0
1.104623e+00 -4.741931e-05 0
1.084005e+00 -4.032742e-05 0
1.084012e+00 -3.422853e-05 0
1.084012e+00 -3.422853e-05 0
1.084005e+00 -4.032742e-05 0
1.041852e+00 -3.226217e-05 0
1.041860e+00 -2.734668e-05 0
1.041860e+00 -2.734668e-05 0
1.041852e+00 -3.226217e-05 0
9.622979e-01 -2.375785e-05 0
9.623058e-01 -1.997029e-05 0
9.623058e-01 -1.997029e-05 0
9.622979e-01 -2.375785e-05 0
8.255095e-01 -1.555687e-05 0
8.255170e-01 -1.285283e-05 0
8.255170e-01 -1.285283e-05 0
8.255095e-01 -1.555687e-05 0
6.169386e-01 -8.103516e-06 0
6.170038e-01 -6.447255e-06 0
6.170038e-01 -6.447255e-06 0
6.169386e-01 -8.103516e-06 0
3.348163e-01 -2.519321e-06 0
3.348199e-01 -1.935860e-06 0
3.348199e-01 -1.935860e-06 0
3.348163e-01 -2.519321e-06 0
-3.678571e-03 1.191551e-07 0
-3.678574e-03 1.121328e-07 0
-3.678329e-03 -1.098919e-07 0
-3.678256e-03 -1.342117e-07 0
3.348188e-01 2.404056e-06 0
3.348229e-01 2.121396e-06 0
3.348229e-01 2.121396e-06 0
3.348188e-01 2.404056e-06 0
6.169417e-01 8.561476e-06 0
6.169484e-01 6.988313e-06 0
6.169484e-01 6.988313e-06 0
6.169417e-01 8.561476e-06 0
8.255132e-01 1.656726e-05 0
8.255208e-01 1.356456e-05 0
8.255208e-01 1.356456e-05 0
8.255132e-01 1.656726e-05 0
9.622210e-01 2.515789e-05 0
9.622290e-01 2.079688e-05 0
9.622290e-01 2.079688e-05 0
9.622210e-01 2.515789e-05 0
1.041795e+00 3.411782e-05 0
1.041803e+00 2.831292e-05 0
1.041803e+00 2.831292e-05 0
1.041795e+00 3.411782e-05 0
1.083974e+00 4.248960e-05 0
1.083982e+00 3.539519e-05 0
1.083982e+00 3.539519e-05 0
1.083974e+00 4.248960e-05 0
1.104611e+00 4.974207e-05 0
1.104617e+00 4.155973e-05 0
1.104617e+00 4.155973e-05 0
1.104611e+00 4.974207e-05 0
1.114042e+00 5.551474e-05 0
1.114047e+00 4.644034e-05 0
1.114047e+00 4.644034e-05 0
1.114042e+00 5.551474e-05 0
1.118110e+00 5.957679e-05 0
1.118113e+00 4.985859e-05 0
1.118113e+00 4.985859e-05 0
1.118110e+00 5.957679e-05 0
1.119782e+00 6.178615e-05 0
1.119783e+00 5.170496e-05 0
1.119783e+00 5.170496e-05 0
1.119782e+00 6.178615e-05 0
1.120444e+00 6.206652e-05 0
1.120444e+00 5.192139e-05 0
1.120444e+00 5.192139e-05 0
1.120444e+00 6.206652e-05 0
1.120701e+00 6.040367e-05 0
1.120698e+00 5.050008e-05 0
1.120698e+00 5.050008e-05 0
1.120701e+00 6.040367e-05 0
1.120801e+00 5.684350e-05 0
1.120796e+00 4.748006e-05 0
1.120796e+00 4.748006e-05 0
1.120801e+00 5.684350e-05 0
1.120842e+00 5.149761e-05 0
1.120836e+00 4.295344e-05 0
1.120836e+00 4.295344e-05 0
1.120842e+00 5.149761e-05 0
1.120862e+00 4.449982e-05 0
1.120855e+00 3.703766e-05 0
1.120855e+00 3.703766e-05 0
1.120862e+00 4.449982e-05 0
1.120873e+00 3.605963e-05 0
1.120865e+00 2.990771e-05 0
1.120865e+00 2.990771e-05 0
1.120873e+00 3.605963e-05 0
1.120880e+00 2.642101e-05 0
1.120871e+00 2.176936e-05 0
1.120871e+00 2.176936e-05 0
1.120880e+00 2.642101e-05 0
1.120885e+00 1.584318e-05 0
1.120875e+00 1.284611e-05 0
1.120875e+00 1.284611e-05 0
1.120885e+00 1.584318e-05 0
1.120887e+00 4.691870e-06 0
1.120877e+00 3.433369e-06 0
1.120877e+00 3.433369e-06 0
1.120887e+00 4.691870e-06 0
1.120888e+00 -6.767217e-06 0
1.120877e+00 -6.231183e-06 0
1.120877e+00 -6.231183e-06 0
1.120888e+00 -6.767217e-06 0
1.120886e+00 -1.818023e-05 0
1.120876e+00 -1.585313e-05 0
1.120876e+00 -1.585313e-05 0
1.120886e+00 -1.818023e-05 0
1.120882e+00 -2.921326e-05 0
1.120873e+00 -2.515053e-05 0
1.120873e+00 -2.515053e-05 0
1.120882e+00 -2.921326e-05 0
1.120877e+00 -3.954218e-05 0
1.120868e+00 -3.384975e-05 0
1.120868e+00 -3.384975e-05 0
1.120877e+00 -3.954218e-05 0
1.120868e+00 -4.886185e-05 0
1.120860e+00 -4.169335e-05 0
1.120860e+00 -4.169335e-05 0
1.120868e+00 -4.886185e-05 0
1.120856e+00 -5.689488e-05 0
1.120850e+00 -4.845602e-05 0
1.120850e+00 -4.845602e-05 0
1.120856e+00 -5.689488e-05 0
1.120836e+00 -6.341108e-05 0
1.120830e+00 -5.391550e-05 0
1.120830e+00 -5.391550e-05 0
1.120836e+00 -6.341108e-05 0
1.120793e+00 -6.818899e-05 0
1.120790e+00 -5.791394e-05 0
1.120790e+00 -5.791394e-05 0
1.120793e+00 -6.818899e-05 0
1.120692e+00 -7.108846e-05 0
1.120690e+00 -6.032662e-05 0
1.120690e+00 -6.032662e-05 0
1.120692e+00 -7.108846e-05 0
1.120435e+00 -7.201422e-05 0
1.120435e+00 -6.107069e-05 0
1.120435e+00 -6.107069e-05 0
1.120435e+00 -7.201422e-05 0
1.119773e+00 -7.093279e-05 0
1.119775e+00 -6.011530e-05 0
1.119775e+00 -6.011530e-05 0
1.119773e+00 -7.093279e-05 0
1.118102e+00 -6.785873e-05 0
1.118105e+00 -5.747101e-05 0
1.118105e+00 -5.747101e-05 0
1.118102e+00 -6.785873e-05 0
1.114037e+00 -6.287301e-05 0
1.114043e+00 -5.319989e-05 0
1.114043e+00 -5.319989e-05 0
1.114037e+00 -6.287301e-05 0
1.104616e+00 -5.612534e-05 0
1.104623e+00 -4.741931e-05 0
1.104623e+00 -4.741931e-05 0
1.104616e+00 -5.612534e-05 0
1.083997e+00 -4.785317e-05 0
1.084005e+00 -4.032742e-05 0
1.084005e+00 -4.032742e-05 0
1.083997e+00 -4.785317e-05 0
1.041843e+00 -3.841485e-05 0
1.041852e+00 -3.226217e-05 0
1.041852e+00 -3.226217e-05 0
1.041843e+00 -3.841485e-05 0
9.622889e-01 -2.840209e-05 0
9.622979e-01 -2.375785e-05 0
9.622979e-01 -2.375785e-05 0
9.622889e-01 -2.840209e-05 0
8.255009e-01 -1.873721e-05 0
8.255095e-01 -1.555687e-05 0
8.255095e-01 -1.555687e-05 0
8.255009e-01 -1.873721e-05 0
6.169158e-01 -9.796781e-06 0
6.169386e-01 -8.103516e-06 0
6.169386e-01 -8.103516e-06 0
6.169158e-01 -9.796781e-06 0
3.348116e-01 -2.836785e-06 0
3.348163e-01 -2.519321e-06 0
3.348163e-01 -2.519321e-06 0
3.348116e-01 -2.836785e-06 0
-3.678520e-03 1.443050e-07 0
-3.678571e-03 1.191551e-07 0
-3.678256e-03 -1.342117e-07 0
-3.678145e-03 -1.733913e-07 0
3.348140e-01 2.767203e-06 0
3.348188e-01 2.404056e-06 0
3.348188e-01 2.404056e-06 0
3.348140e-01 2.767203e-06 0
6.169186e-01 9.523827e-06 0
6.169417e-01 8.561476e-06 0
6.169417e-01 8.561476e-06 0
6.169186e-01 9.523827e-06 0
8.255038e-01 1.900592e-05 0
8.255132e-01 1.656726e-05 0
8.255132e-01 1.656726e-05 0
8.255038e-01 1.900592e-05 0
9.622112e-01 3.034686e-05 0
9.622210e-01 2.515789e-05 0
9.622210e-01 2.515789e-05 0
9.622112e-01 3.034686e-05 0
1.041785e+00 4.118660e-05 0
1.041795e+00 3.411782e-05 0
1.041795e+00 3.411782e-05 0
1.041785e+00 4.118660e-05 0
1.083966e+00 5.109218e-05 0
1.083974e+00 4.248960e-05 0
1.083974e+00 4.248960e-05 0
1.083966e+00 5.109218e-05 0
1.104604e+00 5.962416e-05 0
1.104611e+00 4.974207e-05 0
1.104611e+00 4.974207e-05 0
1.104604e+00 5.962416e-05 0
1.114037e+00 6.643266e-05 0
1.114042e+00 5.551474e-05 0
1.114042e+00 5.551474e-05 0
1.114037e+00 6.643266e-05 0
1.118107e+00 7.124543e-05 0
1.118110e+00 5.957679e-05 0
1.118110e+00 5.957679e-05 0
1.118107e+00 7.124543e-05 0
1.119781e+00 7.387888e-05 0
1.119782e+00 6.178615e-05 0
1.119782e+00 6.178615e-05 0
1.119781e+00 7.387888e-05 0
1.120445e+00 7.423253e-05 0
1.120444e+00 6.206652e-05 0
1.120444e+00 6.206652e-05 0
1.120445e+00 7.423253e-05 0
1.120703e+00 7.228051e-05 0
1.120701e+00 6.040367e-05 0
1.120701e+00 6.040367e-05 0
1.120703e+00 7.228051e-05 0
1.120805e+00 6.807591e-05 0
1.120801e+00 5.684350e-05 0
1.120801e+00 5.684350e-05 0
1.120805e+00 6.807591e-05 0
1.120849e+00 6.174628e-05 0
1.120842e+00 5.149761e-05 0
1.120842e+00 5.149761e-05 0
1.120849e+00 6.174628e-05 0
1.120870e+00 5.345651e-05 0
1.120862e+00 4.449982e-05 0
1.120862e+00 4.449982e-05 0
1.120870e+00 5.345651e-05 0
1.120883e+00 4.345230e-05 0
1.120873e+00 3.605963e-05 0
1.120873e+00 3.605963e-05 0
1.120883e+00 4.345230e-05 0
1.120891e+00 3.202286e-05 0
1.120880e+00 2.642101e-05 0
1.120880e+00 2.642101e-05 0
1.120891e+00 3.202286e-05 0
1.120896e+00 1.948210e-05 0
1.120885e+00 1.584318e-05 0
1.120885e+00 1.584318e-05 0
1.120896e+00 1.948210e-05 0
1.120899e+00 6.244719e-06 0
1.120887e+00 4.691870e-06 0
1.120887e+00 4.691870e-06 0
1.120899e+00 6.244719e-06 0
1.120900e+00 -7.355795e-06 0
1.120888e+00 -6.767217e-06 0
1.120888e+00 -6.767217e-06 0
1.120900e+00 -7.355795e-06 0
1.120898e+00 -2.090634e-05 0
1.120886e+00 -1.818023e-05 0
1.120886e+00 -1.818023e-05 0
1.120898e+00 -2.090634e-05 0
1.120894e+00 -3.401126e-05 0
1.120882e+00 -2.921326e-05 0
1.120882e+00 -2.921326e-05 0
1.120894e+00 -3.401126e-05 0
1.120887e+00 -4.628633e-05 0
1.120877e+00 -3.954218e-05 0
1.120877e+00 -3.954218e-05 0
1.120887e+00 -4.628633e-05 0
1.120878e+00 -5.736981e-05 0
1.120868e+00 -4.886185e-05 0
1.120868e+00 -4.886185e-05 0
1.120878e+00 -5.736981e-05 0
1.120864e+00 -6.694466e-05 0
1.120856e+00 -5.689488e-05 0
1.120856e+00 -5.689488e-05 0
1.120864e+00 -6.694466e-05 0
1.120842e+00 -7.469788e-05 0
1.120836e+00 -6.341108e-05 0
1.120836e+00 -6.341108e-05 0
1.120842e+00 -7.469788e-05 0
1.120797e+00 -8.040700e-05 0
1.120793e+00 -6.818899e-05 0
1.120793e+00 -6.818899e-05 0
1.120797e+00 -8.040700e-05 0
1.120694e+00 -8.389564e-05 0
1.120692e+00 -7.108846e-05 0
1.120692e+00 -7.108846e-05 0
1.120694e+00 -8.389564e-05 0
1.120435e+00 -8.504973e-05 0
1.120435e+00 -7.201422e-05 0
1.120435e+00 -7.201422e-05 0
1.120435e+00 -8.504973e-05 0
1.119771e+00 -8.382824e-05 0
1.119773e+00 -7.093279e-05 0
1.119773e+00 -7.093279e-05 0
1.119771e+00 -8.382824e-05 0
1.118097e+00 -8.025660e-05 0
1.118102e+00 -6.785873e-05 0
1.118102e+00 -6.785873e-05 0
1.118097e+00 -8.025660e-05 0
1.114031e+00 -7.444089e-05 0
1.114037e+00 -6.287301e-05 0
1.114037e+00 -6.287301e-05 0
1.114031e+00 -7.444089e-05 0
1.104608e+00 -6.656999e-05 0
1.104616e+00 -5.612534e-05 0
1.104616e+00 -5.612534e-05 0
1.104608e+00 -6.656999e-05 0
1.083988e+00 -5.692037e-05 0
1.083997e+00 -4.785317e-05 0
1.083997e+00 -4.785317e-05 0
1.083988e+00 -5.692037e-05 0
1.041832e+00 -4.586252e-05 0
1.041843e+00 -3.841485e-05 0
1.041843e+00 -3.841485e-05 0
1.041832e+00 -4.586252e-05 0
9.622779e-01 -3.383402e-05 0
9.622889e-01 -2.840209e-05 0
9.622889e-01 -2.840209e-05 0
9.622779e-01 -3.383402e-05 0
8.254905e-01 -2.136575e-05 0
8.255009e-01 -1.873721e-05 0
8.255009e-01 -1.873721e-05 0
8.254905e-01 -2.136575e-05 0
6.169070e-01 -1.083810e-05 0
6.169158e-01 -9.796781e-06 0
6.169158e-01 -9.796781e-06 0
6.169070e-01 -1.083810e-05 0
3.348062e-01 -3.239339e-06 0
3.348116e-01 -2.836785e-06 0
3.348116e-01 -2.836785e-06 0
3.348062e-01 -3.239339e-06 0
-3.678433e-03 1.844036e-07 0
-3.678520e-03 1.443050e-07 0
-3.678145e-03 -1.733913e-07 0
-3.678024e-03 -2.240597e-07 0
3.348090e-01 3.233230e-06 0
3.348140e-01 2.767203e-06 0
3.348140e-01 2.767203e-06 0
3.348090e-01 3.233230e-06 0
6.169653e-01 1.101933e-05 0
6.169186e-01 9.523827e-06 0
6.169186e-01 9.523827e-06 0
6.169653e-01 1.101933e-05 0
8.254918e-01 2.251020e-05 0
8.255038e-01 1.900592e-05 0
8.255038e-01 1.900592e-05 0
8.254918e-01 2.251020e-05 0
9.621986e-01 3.601265e-05 0
9.622112e-01 3.034686e-05 0
9.622112e-01 3.034686e-05 0
9.621986e-01 3.601265e-05 0
1.041774e+00 4.906382e-05 0
1.041785e+00 4.118660e-05 0
1.041785e+00 4.118660e-05 0
1.041774e+00 4.906382e-05 0
1.083956e+00 6.092505e-05 0
1.083966e+00 5.109218e-05 0
1.083966e+00 5.109218e-05 0
1.083956e+00 6.092505e-05 0
1.104595e+00 7.112563e-05 0
1.104604e+00 5.962416e-05 0
1.104604e+00 5.962416e-05 0
1.104595e+00 7.112563e-05 0
1.114030e+00 7.925474e-05 0
1.114037e+00 6.643266e-05 0
1.114037e+00 6.643266e-05 0
1.114030e+00 7.925474e-05 0
1.118103e+00 8.500377e-05 0
1.118107e+00 7.124543e-05 0
1.118107e+00 7.124543e-05 0
1.118103e+00 8.500377e-05 0
1.119779e+00 8.816141e-05 0
1.119781e+00 7.387888e-05 0
1.119781e+00 7.387888e-05 0
1.119779e+00 8.816141e-05 0
1.120446e+00 8.861049e-05 0
1.120445e+00 7.423253e-05 0
1.120445e+00 7.423253e-05 0
1.120446e+00 8.861049e-05 0
1.120707e+00 8.632117e-05 0
1.120703e+00 7.228051e-05 0
1.120703e+00 7.228051e-05 0
1.120707e+00 8.632117e-05 0
1.120811e+00 8.135790e-05 0
1.120805e+00 6.807591e-05 0
1.120805e+00 6.807591e-05 0
1.120811e+00 8.135790e-05 0
1.120857e+00 7.387672e-05 0
1.120849e+00 6.174628e-05 0
1.120849e+00 6.174628e-05 0
1.120857e+00 7.387672e-05 0
1.120880e+00 6.406600e-05 0
1.120870e+00 5.345651e-05 0
1.120870e+00 5.345651e-05 0
1.120880e+00 6.406600e-05 0
1.120894e+00 5.222029e-05 0
1.120883e+00 4.345230e-05 0
1.120883e+00 4.345230e-05 0
1.120894e+00 5.222029e-05 0
1.120904e+00 3.868234e-05 0
1.120891e+00 3.202286e-05 0
1.120891e+00 3.202286e-05 0
1.120904e+00 3.868234e-05 0
1.120911e+00 2.381660e-05 0
1.120896e+00 1.948210e-05 0
1.120896e+00 1.948210e-05 0
1.120911e+00 2.381660e-05 0
1.120914e+00 8.135980e-06 0
1.120899e+00 6.244719e-06 0
1.120899e+00 6.244719e-06 0
1.120914e+00 8.135980e-06 0
1.120915e+00 -7.986852e-06 0
1.120900e+00 -7.355795e-06 0
1.120900e+00 -7.355795e-06 0
1.120915e+00 -7.986852e-06 0
1.120913e+00 -2.405574e-05 0
1.120898e+00 -2.090634e-05 0
1.120898e+00 -2.090634e-05 0
1.120913e+00 -2.405574e-05 0
1.120908e+00 -3.960242e-05 0
1.120894e+00 -3.401126e-05 0
1.120894e+00 -3.401126e-05 0
1.120908e+00 -3.960242e-05 0
1.120900e+00 -5.417212e-05 0
1.120887e+00 -4.628633e-05 0
1.120887e+00 -4.628633e-05 0
1.120900e+00 -5.417212e-05 0
1.120889e+00 -6.733636e-05 0
1.120878e+00 -5.736981e-05 0
1.120878e+00 -5.736981e-05 0
1.120889e+00 -6.733636e-05 0
1.120874e+00 -7.870516e-05 0
1.120864e+00 -6.694466e-05 0
1.120864e+00 -6.694466e-05 0
1.120874e+00 -7.870516e-05 0
1.120849e+00 -8.795363e-05 0
1.120842e+00 -7.469788e-05 0
1.120842e+00 -7.469788e-05 0
1.120849e+00 -8.795363e-05 0
1.120802e+00 -9.476594e-05 0
1.120797e+00 -8.040700e-05 0
1.120797e+00 -8.040700e-05 0
1.120802e+00 -9.476594e-05 0
1.120697e+00 -9.895101e-05 0
1.120694e+00 -8.389564e-05 0
1.120694e+00 -8.389564e-05 0
1.120697e+00 -9.895101e-05 0
1.120435e+00 -1.003724e-04 0
1.120435e+00 -8.504973e-05 0
1.120435e+00 -8.504973e-05 0
1.120435e+00 -1.003724e-04 0
1.119768e+00 -9.898260e-05 0
1.119771e+00 -8.382824e-05 0
1.119771e+00 -8.382824e-05 0
1.119768e+00 -9.898260e-05 0
1.118092e+00 -9.480797e-05 0
1.118097e+00 -8.025660e-05 0
1.118097e+00 -8.025660e-05 0
1.118092e+00 -9.480797e-05 0
1.114024e+00 -8.797122e-05 0
1.114031e+00 -7.444089e-05 0
1.114031e+00 -7.444089e-05 0
1.114024e+00 -8.797122e-05 0
1.104598e+00 -7.868953e-05 0
1.104608e+00 -6.656999e-05 0
1.104608e+00 -6.656999e-05 0
1.104598e+00 -7.868953e-05 0
1.083976e+00 -6.727692e-05 0
1.083988e+00 -5.692037e-05 0
1.083988e+00 -5.692037e-05 0
1.083976e+00 -6.727692e-05 0
1.041820e+00 -5.415299e-05 0
1.041832e+00 -4.586252e-05 0
1.041832e+00 -4.586252e-05 0
1.041820e+00 -5.415299e-05 0
9.622642e-01 -3.984176e-05 0
9.622779e-01 -3.383402e-05 0
9.622779e-01 -3.383402e-05 0
9.622642e-01 -3.984176e-05 0
8.254773e-01 -2.508101e-05 0
8.254905e-01 -2.136575e-05 0
8.254905e-01 -2.136575e-05 0
8.254773e-01 -2.508101e-05 0
6.169711e-01 -1.248545e-05 0
6.169070e-01 -1.083810e-05 0
6.169070e-01 -1.083810e-05 0
6.169711e-01 -1.248545e-05 0
3.348005e-01 -3.748049e-06 0
3.348062e-01 -3.239339e-06 0
3.348062e-01 -3.239339e-06 0
3.348005e-01 -3.748049e-06 0
-3.678337e-03 2.364029e-07 0
-3.678433e-03 1.844036e-07 0
-3.678024e-03 -2.240597e-07 0
-3.677848e-03 -2.477430e-07 0
3.348025e-01 4.004830e-06 0
3.348090e-01 3.233230e-06 0
3.348090e-01 3.233230e-06 0
3.348025e-01 4.004830e-06 0
6.169543e-01 1.361196e-05 0
6.169653e-01 1.101933e-05 0
6.169653e-01 1.101933e-05 0
6.169543e-01 1.361196e-05 0
8.254782e-01 2.726095e-05 0
8.254918e-01 2.251020e-05 0
8.254918e-01 2.251020e-05 0
8.254782e-01 2.726095e-05 0
9.621842e-01 4.258124e-05 0
9.621986e-01 3.601265e-05 0
9.621986e-01 3.601265e-05 0
9.621842e-01 4.258124e-05 0
1.041760e+00 5.808846e-05 0
1.041774e+00 4.906382e-05 0
1.041774e+00 4.906382e-05 0
1.041760e+00 5.808846e-05 0
1.083943e+00 7.242211e-05 0
1.083956e+00 6.092505e-05 0
1.083956e+00 6.092505e-05 0
1.083943e+00 7.242211e-05 0
1.104585e+00 8.474062e-05 0
1.104595e+00 7.112563e-05 0
1.104595e+00 7.112563e-05 0
1.104585e+00 8.474062e-05 0
1.114023e+00 9.453476e-05 0
1.114030e+00 7.925474e-05 0
1.114030e+00 7.925474e-05 0
1.114023e+00 9.453476e-05 0
1.118098e+00 1.014495e-04 0
1.118103e+00 8.500377e-05 0
1.118103e+00 8.500377e-05 0
1.118098e+00 1.014495e-04 0
1.119777e+00 1.052552e-04 0
1.119779e+00 8.816141e-05 0
1.119779e+00 8.816141e-05 0
1.119777e+00 1.052552e-04 0
1.120447e+00 1.058266e-04 0
1.120446e+00 8.861049e-05 0
1.120446e+00 8.861049e-05 0
1.120447e+00 1.058266e-04 0
1.120711e+00 1.031403e-04 0
1.120707e+00 8.632117e-05 0
1.120707e+00 8.632117e-05 0
1.120711e+00 1.031403e-04 0
1.120818e+00 9.727401e-05 0
1.120811e+00 8.135790e-05 0
1.120811e+00 8.135790e-05 0
1.120818e+00 9.727401e-05 0
1.120866e+00 8.841052e-05 0
1.120857e+00 7.387672e-05 0
1.120857e+00 7.387672e-05 0
1.120866e+00 8.841052e-05 0
1.120892e+00 7.678342e-05 0
1.120880e+00 6.406600e-05 0
1.120880e+00 6.406600e-05 0
1.120892e+00 7.678342e-05 0
1.120908e+00 6.273944e-05 0
1.120894e+00 5.222029e-05 0
1.120894e+00 5.222029e-05 0
1.120908e+00 6.273944e-05 0
1.120920e+00 4.668538e-05 0
1.120904e+00 3.868234e-05 0
1.120904e+00 3.868234e-05 0
1.120920e+00 4.668538e-05 0
1.120927e+00 2.906196e-05 0
1.120911e+00 2.381660e-05 0
1.120911e+00 2.381660e-05 0
1.120927e+00 2.906196e-05 0
1.120932e+00 1.045087e-05 0
1.120914e+00 8.135980e-06 0
1.120914e+00 8.135980e-06 0
1.120932e+00 1.045087e-05 0
1.120932e+00 -8.680631e-06 0
1.120915e+00 -7.986852e-06 0
1.120915e+00 -7.986852e-06 0
1.120932e+00 -8.680631e-06 0
1.120930e+00 -2.775370e-05 0
1.120913e+00 -2.405574e-05 0
1.120913e+00 -2.405574e-05 0
1.120930e+00 -2.775370e-05 0
1.120924e+00 -4.621385e-05 0
1.120908e+00 -3.960242e-05 0
1.120908e+00 -3.960242e-05 0
1.120924e+00 -4.621385e-05 0
1.120915e+00 -6.352236e-05 0
1.120900e+00 -5.417212e-05 0
1.120900e+00 -5.417212e-05 0
1.120915e+00 -6.352236e-05 0
1.120903e+00 -7.917141e-05 0
1.120889e+00 -6.733636e-05 0
1.120889e+00 -6.733636e-05 0
1.120903e+00 -7.917141e-05 0
1.120885e+00 -9.269839e-05 0
1.120874e+00 -7.870516e-05 0
1.120874e+00 -7.870516e-05 0
1.120885e+00 -9.269839e-05 0
1.120858e+00 -1.037123e-04 0
1.120849e+00 -8.795363e-05 0
1.120849e+00 -8.795363e-05 0
1.120858e+00 -1.037123e-04 0
1.120808e+00 -1.118488e-04 0
1.120802e+00 -9.476594e-05 0
1.120802e+00 -9.476594e-05 0
1.120808e+00 -1.118488e-04 0
1.120700e+00 -1.168728e-04 0
1.120697e+00 -9.895101e-05 0
1.120697e+00 -9.895101e-05 0
1.120700e+00 -1.168728e-04 0
1.120435e+00 -1.186185e-04 0
1.120435e+00 -1.003724e-04 0
1.120435e+00 -1.003724e-04 0
1.120435e+00 -1.186185e-04 0
1.119765e+00 -1.170228e-04 0
1.119768e+00 -9.898260e-05 0
1.119768e+00 -9.898260e-05 0
1.119765e+00 -1.170228e-04 0
1.118086e+00 -1.121091e-04 0
1.118092e+00 -9.480797e-05 0
1.118092e+00 -9.480797e-05 0
1.118086e+00 -1.121091e-04 0
1.114015e+00 -1.040081e-04 0
1.114024e+00 -8.797122e-05 0
1.114024e+00 -8.797122e-05 0
1.114015e+00 -1.040081e-04 0
1.104587e+00 -9.295790e-05 0
1.104598e+00 -7.868953e-05 0
1.104598e+00 -7.868953e-05 0
1.104587e+00 -9.295790e-05 0
1.083963e+00 -7.932177e-05 0
1.083976e+00 -6.727692e-05 0
1.083976e+00 -6.727692e-05 0
1.083963e+00 -7.932177e-05 0
1.041805e+00 -6.362822e-05 0
1.041820e+00 -5.415299e-05 0
1.041820e+00 -5.415299e-05 0
1.041805e+00 -6.362822e-05 0
9.622483e-01 -4.673075e-05 0
9.622642e-01 -3.984176e-05 0
9.622642e-01 -3.984176e-05 0
9.622483e-01 -4.673075e-05 0
8.254624e-01 -3.005816e-05 0
8.254773e-01 -2.508101e-05 0
8.254773e-01 -2.508101e-05 0
8.254624e-01 -3.005816e-05 0
6.169589e-01 -1.521374e-05 0
6.169711e-01 -1.248545e-05 0
6.169711e-01 -1.248545e-05 0
6.169589e-01 -1.521374e-05 0
3.347932e-01 -4.563475e-06 0
3.348005e-01 -3.748049e-06 0
3.348005e-01 -3.748049e-06 0
3.347932e-01 -4.563475e-06 0
-3.678189e-03 2.609038e-07 0
-3.678337e-03 2.364029e-07 0
-3.677848e-03 -2.477430e-07 0
-3.677747e-03 -2.816918e-07 0
3.347948e-01 5.065531e-06 0
3.348025e-01 4.004830e-06 0
3.348025e-01 4.004830e-06 0
3.347948e-01 5.065531e-06 0
6.169003e-01 1.690570e-05 0
6.169543e-01 1.361196e-05 0
6.169543e-01 1.361196e-05 0
6.169003e-01 1.690570e-05 0
8.254621e-01 3.294102e-05 0
8.254782e-01 2.726095e-05 0
8.254782e-01 2.726095e-05 0
8.254621e-01 3.294102e-05 0
9.621673e-01 5.099964e-05 0
9.621842e-01 4.258124e-05 0
9.621842e-01 4.258124e-05 0
9.621673e-01 5.099964e-05 0
1.041744e+00 6.926642e-05 0
1.041760e+00 5.808846e-05 0
1.041760e+00 5.808846e-05 0
1.041744e+00 6.926642e-05 0
1.083929e+00 8.626999e-05 0
1.083943e+00 7.242211e-05 0
1.083943e+00 7.242211e-05 0
1.083929e+00 8.626999e-05 0
1.104573e+00 1.009912e-04 0
1.104585e+00 8.474062e-05 0
1.104585e+00 8.474062e-05 0
1.104573e+00 1.009912e-04 0
1.114014e+00 1.127009e-04 0
1.114023e+00 9.453476e-05 0
1.114023e+00 9.453476e-05 0
1.114014e+00 1.127009e-04 0
1.118092e+00 1.209723e-04 0
1.118098e+00 1.014495e-04 0
1.118098e+00 1.014495e-04 0
1.118092e+00 1.209723e-04 0
1.119775e+00 1.255358e-04 0
1.119777e+00 1.052552e-04 0
1.119777e+00 1.052552e-04 0
1.119775e+00 1.255358e-04 0
1.120448e+00 1.262485e-04 0
1.120447e+00 1.058266e-04 0
1.120447e+00 1.058266e-04 0
1.120448e+00 1.262485e-04 0
1.120715e+00 1.230887e-04 0
1.120711e+00 1.031403e-04 0
1.120711e+00 1.031403e-04 0
1.120715e+00 1.230887e-04 0
1.120826e+00 1.161515e-04 0
1.120818e+00 9.727401e-05 0
1.120818e+00 9.727401e-05 0
1.120826e+00 1.161515e-04 0
1.120877e+00 1.056564e-04 0
1.120866e+00 8.841052e-05 0
1.120866e+00 8.841052e-05 0
1.120877e+00 1.056564e-04 0
1.120906e+00 9.188171e-05 0
1.120892e+00 7.678342e-05 0
1.120892e+00 7.678342e-05 0
1.120906e+00 9.188171e-05 0
1.120925e+00 7.523955e-05 0
1.120908e+00 6.273944e-05 0
1.120908e+00 6.273944e-05 0
1.120925e+00 7.523955e-05 0
1.120938e+00 5.621234e-05 0
1.120920e+00 4.668538e-05 0
1.120920e+00 4.668538e-05 0
1.120938e+00 5.621234e-05 0
1.120947e+00 3.532216e-05 0
1.120927e+00 2.906196e-05 0
1.120927e+00 2.906196e-05 0
1.120947e+00 3.532216e-05 0
1.120952e+00 1.325765e-05 0
1.120932e+00 1.045087e-05 0
1.120932e+00 1.045087e-05 0
1.120952e+00 1.325765e-05 0
1.120953e+00 -9.428532e-06 0
1.120932e+00 -8.680631e-06 0
1.120932e+00 -8.680631e-06 0
1.120953e+00 -9.428532e-06 0
1.120951e+00 -3.205159e-05 0
1.120930e+00 -2.775370e-05 0
1.120930e+00 -2.775370e-05 0
1.120951e+00 -3.205159e-05 0
1.120944e+00 -5.395558e-05 0
1.120924e+00 -4.621385e-05 0
1.120924e+00 -4.621385e-05 0
1.120944e+00 -5.395558e-05 0
1.120933e+00 -7.450293e-05 0
1.120915e+00 -6.352236e-05 0
1.120915e+00 -6.352236e-05 0
1.120933e+00 -7.450293e-05 0
1.120919e+00 -9.309230e-05 0
1.120903e+00 -7.917141e-05 0
1.120903e+00 -7.917141e-05 0
1.120919e+00 -9.309230e-05 0
1.120898e+00 -1.091954e-04 0
1.120885e+00 -9.269839e-05 0
1.120885e+00 -9.269839e-05 0
1.120898e+00 -1.091954e-04 0
1.120868e+00 -1.222885e-04 0
1.120858e+00 -1.037123e-04 0
1.120858e+00 -1.037123e-04 0
1.120868e+00 -1.222885e-04 0
1.120816e+00 -1.319975e-04 0
1.120808e+00 -1.118488e-04 0
1.120808e+00 -1.118488e-04 0
1.120816e+00 -1.319975e-04 0
1.120704e+00 -1.380218e-04 0
1.120700e+00 -1.168728e-04 0
1.120700e+00 -1.168728e-04 0
1.120704e+00 -1.380218e-04 0
1.120435e+00 -1.401610e-04 0
1.120435e+00 -1.186185e-04 0
1.120435e+00 -1.186185e-04 0
1.120435e+00 -1.401610e-04 0
1.119761e+00 -1.383366e-04 0
1.119765e+00 -1.170228e-04 0
1.119765e+00 -1.170228e-04 0
1.119761e+00 -1.383366e-04 0
1.118079e+00 -1.325702e-04 0
1.118086e+00 -1.121091e-04 0
1.118086e+00 -1.121091e-04 0
1.118079e+00 -1.325702e-04 0
1.114004e+00 -1.230098e-04 0
1.114015e+00 -1.040081e-04 0
1.114015e+00 -1.040081e-04 0
1.114004e+00 -1.230098e-04 0
1.104573e+00 -1.099354e-04 0
1.104587e+00 -9.295790e-05 0
1.104587e+00 -9.295790e-05 0
1.104573e+00 -1.099354e-04 0
1.083947e+00 -9.379628e-05 0
1.083963e+00 -7.932177e-05 0
1.083963e+00 -7.932177e-05 0
1.083947e+00 -9.379628e-05 0
1.041787e+00 -7.529825e-05 0
1.041805e+00 -6.362822e-05 0
1.041805e+00 -6.362822e-05 0
1.041787e+00 -7.529825e-05 0
9.622300e-01 -5.551485e-05 0
9.622483e-01 -4.673075e-05 0
9.622483e-01 -4.673075e-05 0
9.622300e-01 -5.551485e-05 0
8.254449e-01 -3.598773e-05 0
8.254624e-01 -3.005816e-05 0
8.254624e-01 -3.005816e-05 0
8.254449e-01 -3.598773e-05 0
6.168853e-01 -1.862002e-05 0
6.169589e-01 -1.521374e-05 0
6.169589e-01 -1.521374e-05 0
6.168853e-01 -1.862002e-05 0
3.347847e-01 -5.675221e-06 0
3.347932e-01 -4.563475e-06 0
3.347932e-01 -4.563475e-06 0
3.347847e-01 -5.675221e-06 0
-3.678118e-03 2.960732e-07 0
-3.678189e-03 2.609038e-07 0
-3.677747e-03 -2.816918e-07 0
-3.677582e-03 -3.390814e-07 0
3.347851e-01 5.895006e-06 0
3.347948e-01 5.065531e-06 0
3.347948e-01 5.065531e-06 0
3.347851e-01 5.895006e-06 0
6.168843e-01 2.026271e-05 0
6.169003e-01 1.690570e-05 0
6.169003e-01 1.690570e-05 0
6.168843e-01 2.026271e-05 0
8.254432e-01 3.973170e-05 0
8.254621e-01 3.294102e-05 0
8.254621e-01 3.294102e-05 0
8.254432e-01 3.973170e-05 0
9.621473e-01 6.114943e-05 0
9.621673e-01 5.099964e-05 0
9.621673e-01 5.099964e-05 0
9.621473e-01 6.114943e-05 0
1.041724e+00 8.290079e-05 0
1.041744e+00 6.926642e-05 0
1.041744e+00 6.926642e-05 0
1.041724e+00 8.290079e-05 0
1.083911e+00 1.030420e-04 0
1.083929e+00 8.626999e-05 0
1.083929e+00 8.626999e-05 0
1.083911e+00 1.030420e-04 0
1.104559e+00 1.204579e-04 0
1.104573e+00 1.009912e-04 0
1.104573e+00 1.009912e-04 0
1.104559e+00 1.204579e-04 0
1.114003e+00 1.343395e-04 0
1.114014e+00 1.127009e-04 0
1.114014e+00 1.127009e-04 0
1.114003e+00 1.343395e-04 0
1.118085e+00 1.441615e-04 0
1.118092e+00 1.209723e-04 0
1.118092e+00 1.209723e-04 0
1.118085e+00 1.441615e-04 0
1.119772e+00 1.495934e-04 0
1.119775e+00 1.255358e-04 0
1.119775e+00 1.255358e-04 0
1.119772e+00 1.495934e-04 0
1.120449e+00 1.504590e-04 0
1.120448e+00 1.262485e-04 0
1.120448e+00 1.262485e-04 0
1.120449e+00 1.504590e-04 0
1.120721e+00 1.467298e-04 0
1.120715e+00 1.230887e-04 0
1.120715e+00 1.230887e-04 0
1.120721e+00 1.467298e-04 0
1.120836e+00 1.385209e-04 0
1.120826e+00 1.161515e-04 0
1.120826e+00 1.161515e-04 0
1.120836e+00 1.385209e-04 0
1.120891e+00 1.261008e-04 0
1.120877e+00 1.056564e-04 0
1.120877e+00 1.056564e-04 0
1.120891e+00 1.261008e-04 0
1.120923e+00 1.097879e-04 0
1.120906e+00 9.188171e-05 0
1.120906e+00 9.188171e-05 0
1.120923e+00 1.097879e-04 0
1.120944e+00 9.007650e-05 0
1.120925e+00 7.523955e-05 0
1.120925e+00 7.523955e-05 0
1.120944e+00 9.007650e-05 0
1.120960e+00 6.753848e-05 0
1.120938e+00 5.621234e-05 0
1.120938e+00 5.621234e-05 0
1.120960e+00 6.753848e-05 0
1.120971e+00 4.277941e-05 0
1.120947e+00 3.532216e-05 0
1.120947e+00 3.532216e-05 0
1.120971e+00 4.277941e-05 0
1.120977e+00 1.665001e-05 0
1.120952e+00 1.325765e-05 0
1.120952e+00 1.325765e-05 0
1.120977e+00 1.665001e-05 0
1.120978e+00 -1.023270e-05 0
1.120953e+00 -9.428532e-06 0
1.120953e+00 -9.428532e-06 0
1.120978e+00 -1.023270e-05 0
1.120975e+00 -3.704747e-05 0
1.120951e+00 -3.205159e-05 0
1.120951e+00 -3.205159e-05 0
1.120975e+00 -3.704747e-05 0
1.120967e+00 -6.301910e-05 0
1.120944e+00 -5.395558e-05 0
1.120944e+00 -5.395558e-05 0
1.120967e+00 -6.301910e-05 0
1.120955e+00 -8.739385e-05 0
1.120933e+00 -7.450293e-05 0
1.120933e+00 -7.450293e-05 0
1.120955e+00 -8.739385e-05 0
1.120938e+00 -1.094602e-04 0
1.120919e+00 -9.309230e-05 0
1.120919e+00 -9.309230e-05 0
1.120938e+00 -1.094602e-04 0
1.120914e+00 -1.285685e-04 0
1.120898e+00 -1.091954e-04 0
1.120898e+00 -1.091954e-04 0
1.120914e+00 -1.285685e-04 0
1.120881e+00 -1.441763e-04 0
1.120868e+00 -1.222885e-04 0
1.120868e+00 -1.222885e-04 0
1.120881e+00 -1.441763e-04 0
1.120824e+00 -1.557546e-04 0
1.120816e+00 -1.319975e-04 0
1.120816e+00 -1.319975e-04 0
1.120824e+00 -1.557546e-04 0
1.120708e+00 -1.629717e-04 0
1.120704e+00 -1.380218e-04 0
1.120704e+00 -1.380218e-04 0
1.120708e+00 -1.629717e-04 0
1.120435e+00 -1.655905e-04 0
1.120435e+00 -1.401610e-04 0
1.120435e+00 -1.401610e-04 0
1.120435e+00 -1.655905e-04 0
1.119757e+00 -1.635214e-04 0
1.119761e+00 -1.383366e-04 0
1.119761e+00 -1.383366e-04 0
1.119757e+00 -1.635214e-04 0
1.118071e+00 -1.567879e-04 0
1.118079e+00 -1.325702e-04 0
1.118079e+00 -1.325702e-04 0
1.118071e+00 -1.567879e-04 0
1.113992e+00 -1.455712e-04 0
1.114004e+00 -1.230098e-04 0
1.114004e+00 -1.230098e-04 0
1.113992e+00 -1.455712e-04 0
1.104557e+00 -1.302125e-04 0
1.104573e+00 -1.099354e-04 0
1.104573e+00 -1.099354e-04 0
1.104557e+00 -1.302125e-04 0
1.083928e+00 -1.112470e-04 0
1.083947e+00 -9.379628e-05 0
1.083947e+00 -9.379628e-05 0
1.083928e+00 -1.112470e-04 0
1.041766e+00 -8.947053e-05 0
1.041787e+00 -7.529825e-05 0
1.041787e+00 -7.529825e-05 0
1.041766e+00 -8.947053e-05 0
9.622085e-01 -6.611585e-05 0
9.622300e-01 -5.551485e-05 0
9.622300e-01 -5.551485e-05 0
9.622085e-01 -6.611585e-05 0
8.254245e-01 -4.305366e-05 0
8.254449e-01 -3.598773e-05 0
8.254449e-01 -3.598773e-05 0
8.254245e-01 -4.305366e-05 0
6.168527e-01 -2.217945e-05 0
6.168853e-01 -1.862002e-05 0
6.168853e-01 -1.862002e-05 0
6.168527e-01 -2.217945e-05 0
3.347742e-01 -6.558590e-06 0
3.347847e-01 -5.675221e-06 0
3.347847e-01 -5.675221e-06 0
3.347742e-01 -6.558590e-06 0
-3.677987e-03 3.548146e-07 0
-3.678118e-03 2.960732e-07 0
-3.677582e-03 -3.390814e-07 0
-3.677366e-03 -4.179629e-07 0
3.347737e-01 6.981524e-06 0
3.347851e-01 5.895006e-06 0
3.347851e-01 5.895006e-06 0
3.347737e-01 6.981524e-06 0
6.168501e-01 2.366063e-05 0
6.168843e-01 2.026271e-05 0
6.168843e-01 2.026271e-05 0
6.168501e-01 2.366063e-05 0
8.254203e-01 4.656619e-05 0
8.254432e-01 3.973170e-05 0
8.254432e-01 3.973170e-05 0
8.254203e-01 4.656619e-05 0
9.621235e-01 7.325078e-05 0
9.621473e-01 6.114943e-05 0
9.621473e-01 6.114943e-05 0
9.621235e-01 7.325078e-05 0
1.041701e+00 9.930674e-05 0
1.041724e+00 8.290079e-05 0
1.041724e+00 8.290079e-05 0
1.041701e+00 9.930674e-05 0
1.083891e+00 1.232402e-04 0
1.083911e+00 1.030420e-04 0
1.083911e+00 1.030420e-04 0
1.083891e+00 1.232402e-04 0
1.104542e+00 1.438588e-04 0
1.104559e+00 1.204579e-04 0
1.104559e+00 1.204579e-04 0
1.104542e+00 1.438588e-04 0
1.113990e+00 1.603030e-04 0
1.114003e+00 1.343395e-04 0
1.114003e+00 1.343395e-04 0
1.113990e+00 1.603030e-04 0
1.118076e+00 1.719535e-04 0
1.118085e+00 1.441615e-04 0
1.118085e+00 1.441615e-04 0
1.118076e+00 1.719535e-04 0
1.119768e+00 1.784053e-04 0
1.119772e+00 1.495934e-04 0
1.119772e+00 1.495934e-04 0
1.119768e+00 1.784053e-04 0
1.120451e+00 1.794433e-04 0
1.120449e+00 1.504590e-04 0
1.120449e+00 1.504590e-04 0
1.120451e+00 1.794433e-04 0
1.120727e+00 1.750278e-04 0
1.120721e+00 1.467298e-04 0
1.120721e+00 1.467298e-04 0
1.120727e+00 1.750278e-04 0
1.120847e+00 1.652961e-04 0
1.120836e+00 1.385209e-04 0
1.120836e+00 1.385209e-04 0
1.120847e+00 1.652961e-04 0
1.120906e+00 1.505597e-04 0
1.120891e+00 1.261008e-04 0
1.120891e+00 1.261008e-04 0
1.120906e+00 1.505597e-04 0
1.120942e+00 1.312132e-04 0
1.120923e+00 1.097879e-04 0
1.120923e+00 1.097879e-04 0
1.120942e+00 1.312132e-04 0
1.120967e+00 1.078376e-04 0
1.120944e+00 9.007650e-05 0
1.120944e+00 9.007650e-05 0
1.120967e+00 1.078376e-04 0
1.120986e+00 8.111111e-05 0
1.120960e+00 6.753848e-05 0
1.120960e+00 6.753848e-05 0
1.120986e+00 8.111111e-05 0
1.120998e+00 5.176566e-05 0
1.120971e+00 4.277941e-05 0
1.120971e+00 4.277941e-05 0
1.120998e+00 5.176566e-05 0
1.121006e+00 2.076502e-05 0
1.120977e+00 1.665001e-05 0
1.120977e+00 1.665001e-05 0
1.121006e+00 2.076502e-05 0
1.121007e+00 -1.111880e-05 0
1.120978e+00 -1.023270e-05 0
1.120978e+00 -1.023270e-05 0
1.121007e+00 -1.111880e-05 0
1.121004e+00 -4.292926e-05 0
1.120975e+00 -3.704747e-05 0
1.120975e+00 -3.704747e-05 0
1.121004e+00 -4.292926e-05 0
1.120995e+00 -7.375007e-05 0
1.120967e+00 -6.301910e-05 0
1.120967e+00 -6.301910e-05 0
1.120995e+00 -7.375007e-05 0
1.120980e+00 -1.026899e-04 0
1.120955e+00 -8.739385e-05 0
1.120955e+00 -8.739385e-05 0
1.120980e+00 -1.026899e-04 0
1.120960e+00 -1.289066e-04 0
1.120938e+00 -1.094602e-04 0
1.120938e+00 -1.094602e-04 0
1.120960e+00 -1.289066e-04 0
1.120933e+00 -1.516587e-04 0
1.120914e+00 -1.285685e-04 0
1.120914e+00 -1.285685e-04 0
1.120933e+00 -1.516587e-04 0
1.120896e+00 -1.702087e-04 0
1.120881e+00 -1.441763e-04 0
1.120881e+00 -1.441763e-04 0
1.120896e+00 -1.702087e-04 0
1.120835e+00 -1.840278e-04 0
1.120824e+00 -1.557546e-04 0
1.120824e+00 -1.557546e-04 0
1.120835e+00 -1.840278e-04 0
1.120714e+00 -1.926879e-04 0
1.120708e+00 -1.629717e-04 0
1.120708e+00 -1.629717e-04 0
1.120714e+00 -1.926879e-04 0
1.120436e+00 -1.959043e-04 0
1.120435e+00 -1.655905e-04 0
1.120435e+00 -1.655905e-04 0
1.120436e+00 -1.959043e-04 0
1.119753e+00 -1.935627e-04 0
1.119757e+00 -1.635214e-04 0
1.119757e+00 -1.635214e-04 0
1.119753e+00 -1.935627e-04 0
1.118061e+00 -1.856980e-04 0
1.118071e+00 -1.567879e-04 0
1.118071e+00 -1.567879e-04 0
1.118061e+00 -1.856980e-04 0
1.113978e+00 -1.725315e-04 0
1.113992e+00 -1.455712e-04 0
1.113992e+00 -1.455712e-04 0
1.113978e+00 -1.725315e-04 0
1.104539e+00 -1.544760e-04 0
1.104557e+00 -1.302125e-04 0
1.104557e+00 -1.302125e-04 0
1.104539e+00 -1.544760e-04 0
1.083906e+00 -1.321583e-04 0
1.083928e+00 -1.112470e-04 0
1.083928e+00 -1.112470e-04 0
1.083906e+00 -1.321583e-04 0
1.041741e+00 -1.064643e-04 0
1.041766e+00 -8.947053e-05 0
1.041766e+00 -8.947053e-05 0
1.041741e+00 -1.064643e-04 0
9.621830e-01 -7.858830e-05 0
9.622085e-01 -6.611585e-05 0
9.622085e-01 -6.611585e-05 0
9.621830e-01 -7.858830e-05 0
8.253999e-01 -5.018379e-05 0
8.254245e-01 -4.305366e-05 0
8.254245e-01 -4.305366e-05 0
8.253999e-01 -5.018379e-05 0
6.168324e-01 -2.567696e-05 0
6.168527e-01 -2.217945e-05 0
6.168527e-01 -2.217945e-05 0
6.168324e-01 -2.567696e-05 0
3.347618e-01 -7.706391e-06 0
3.347742e-01 -6.558590e-06 0
3.347742e-01 -6.558590e-06 0
3.347618e-01 -7.706391e-06 0
-3.677807e-03 4.352115e-07 0
-3.677987e-03 3.548146e-07 0
-3.677366e-03 -4.179629e-07 0
-3.677121e-03 -5.265394e-07 0
3.347608e-01 8.313347e-06 0
3.347737e-01 6.981524e-06 0
3.347737e-01 6.981524e-06 0
3.347608e-01 8.313347e-06 0
6.168835e-01 2.768192e-05 0
6.168501e-01 2.366063e-05 0
6.168501e-01 2.366063e-05 0
6.168835e-01 2.768192e-05 0
8.253921e-01 5.544042e-05 0
8.254203e-01 4.656619e-05 0
8.254203e-01 4.656619e-05 0
8.253921e-01 5.544042e-05 0
9.620941e-01 8.712497e-05 0
9.621235e-01 7.325078e-05 0
9.621235e-01 7.325078e-05 0
9.620941e-01 8.712497e-05 0
1.041674e+00 1.182834e-04 0
1.041701e+00 9.930674e-05 0
1.041701e+00 9.930674e-05 0
1.041674e+00 1.182834e-04 0
1.083866e+00 1.467846e-04 0
1.083891e+00 1.232402e-04 0
1.083891e+00 1.232402e-04 0
1.083866e+00 1.467846e-04 0
1.104521e+00 1.713363e-04 0
1.104542e+00 1.438588e-04 0
1.104542e+00 1.438588e-04 0
1.104521e+00 1.713363e-04 0
1.113974e+00 1.908982e-04 0
1.113990e+00 1.603030e-04 0
1.113990e+00 1.603030e-04 0
1.113974e+00 1.908982e-04 0
1.118067e+00 2.047510e-04 0
1.118076e+00 1.719535e-04 0
1.118076e+00 1.719535e-04 0
1.118067e+00 2.047510e-04 0
1.119764e+00 2.124237e-04 0
1.119768e+00 1.784053e-04 0
1.119768e+00 1.784053e-04 0
1.119764e+00 2.124237e-04 0
1.120453e+00 2.136654e-04 0
1.120451e+00 1.794433e-04 0
1.120451e+00 1.794433e-04 0
1.120453e+00 2.136654e-04 0
1.120735e+00 2.084346e-04 0
1.120727e+00 1.750278e-04 0
1.120727e+00 1.750278e-04 0
1.120735e+00 2.084346e-04 0
1.120860e+00 1.969005e-04 0
1.120847e+00 1.652961e-04 0
1.120847e+00 1.652961e-04 0
1.120860e+00 1.969005e-04 0
1.120925e+00 1.794468e-04 0
1.120906e+00 1.505597e-04 0
1.120906e+00 1.505597e-04 0
1.120925e+00 1.794468e-04 0
1.120966e+00 1.565255e-04 0
1.120942e+00 1.312132e-04 0
1.120942e+00 1.312132e-04 0
1.120966e+00 1.565255e-04 0
1.120995e+00 1.288349e-04 0
1.120967e+00 1.078376e-04 0
1.120967e+00 1.078376e-04 0
1.120995e+00 1.288349e-04 0
1.121016e+00 9.717858e-05 0
1.120986e+00 8.111111e-05 0
1.120986e+00 8.111111e-05 0
1.121016e+00 9.717858e-05 0
1.121031e+00 6.240582e-05 0
1.120998e+00 5.176566e-05 0
1.120998e+00 5.176566e-05 0
1.121031e+00 6.240582e-05 0
1.121040e+00 2.570520e-05 0
1.121006e+00 2.076502e-05 0
1.121006e+00 2.076502e-05 0
1.121040e+00 2.570520e-05 0
1.121042e+00 -1.206210e-05 0
1.121007e+00 -1.111880e-05 0
1.121007e+00 -1.111880e-05 0
1.121042e+00 -1.206210e-05 0
1.121038e+00 -4.975069e-05 0
1.121004e+00 -4.292926e-05 0
1.121004e+00 -4.292926e-05 0
1.121038e+00 -4.975069e-05 0
1.121027e+00 -8.627931e-05 0
1.120995e+00 -7.375007e-05 0
1.120995e+00 -7.375007e-05 0
1.121027e+00 -8.627931e-05 0
1.121010e+00 -1.205956e-04 0
1.120980e+00 -1.026899e-04 0
1.120980e+00 -1.026899e-04 0
1.121010e+00 -1.205956e-04 0
1.120987e+00 -1.517044e-04 0
1.120960e+00 -1.289066e-04 0
1.120960e+00 -1.289066e-04 0
1.120987e+00 -1.517044e-04 0
1.120956e+00 -1.786945e-04 0
1.120933e+00 -1.516587e-04 0
1.120933e+00 -1.516587e-04 0
1.120956e+00 -1.786945e-04 0
1.120913e+00 -2.008018e-04 0
1.120896e+00 -1.702087e-04 0
1.120896e+00 -1.702087e-04 0
1.120913e+00 -2.008018e-04 0
1.120847e+00 -2.172742e-04 0
1.120835e+00 -1.840278e-04 0
1.120835e+00 -1.840278e-04 0
1.120847e+00 -2.172742e-04 0
1.120720e+00 -2.276458e-04 0
1.120714e+00 -1.926879e-04 0
1.120714e+00 -1.926879e-04 0
1.120720e+00 -2.276458e-04 0
1.120436e+00 -2.315725e-04 0
1.120436e+00 -1.959043e-04 0
1.120436e+00 -1.959043e-04 0
1.120436e+00 -2.315725e-04 0
1.119747e+00 -2.289205e-04 0
1.119753e+00 -1.935627e-04 0
1.119753e+00 -1.935627e-04 0
1.119747e+00 -2.289205e-04 0
1.118050e+00 -2.197197e-04 0
1.118061e+00 -1.856980e-04 0
1.118061e+00 -1.856980e-04 0
1.118050e+00 -2.197197e-04 0
1.113961e+00 -2.042259e-04 0
1.113978e+00 -1.725315e-04 0
1.113978e+00 -1.725315e-04 0
1.113961e+00 -2.042259e-04 0
1.104517e+00 -1.829191e-04 0
1.104539e+00 -1.544760e-04 0
1.104539e+00 -1.544760e-04 0
1.104517e+00 -1.829191e-04 0
1.083879e+00 -1.565280e-04 0
1.083906e+00 -1.321583e-04 0
1.083906e+00 -1.321583e-04 0
1.083879e+00 -1.565280e-04 0
1.041712e+00 -1.260846e-04 0
1.041741e+00 -1.064643e-04 0
1.041741e+00 -1.064643e-04 0
1.041712e+00 -1.260846e-04 0
9.621517e-01 -9.301348e-05 0
9.621830e-01 -7.858830e-05 0
9.621830e-01 -7.858830e-05 0
9.621517e-01 -9.301348e-05 0
8.253700e-01 -5.938782e-05 0
8.253999e-01 -5.018379e-05 0
8.253999e-01 -5.018379e-05 0
8.253700e-01 -5.938782e-05 0
6.168826e-01 -2.997203e-05 0
6.168324e-01 -2.567696e-05 0
6.168324e-01 -2.567696e-05 0
6.168826e-01 -2.997203e-05 0
3.347478e-01 -9.105262e-06 0
3.347618e-01 -7.706391e-06 0
3.347618e-01 -7.706391e-06 0
3.347478e-01 -9.105262e-06 0
-3.677601e-03 5.459435e-07 0
-3.677807e-03 4.352115e-07 0
-3.677121e-03 -5.265394e-07 0
-3.676799e-03 -5.971764e-07 0
3.347448e-01 9.968218e-06 0
3.347608e-01 8.313347e-06 0
3.347608e-01 8.313347e-06 0
3.347448e-01 9.968218e-06 0
6.168567e-01 3.349669e-05 0
6.168835e-01 2.768192e-05 0
6.168835e-01 2.768192e-05 0
6.168567e-01 3.349669e-05 0
8.253594e-01 6.644165e-05 0
8.253921e-01 5.544042e-05 0
8.253921e-01 5.544042e-05 0
8.253594e-01 6.644165e-05 0
9.620595e-01 1.035081e-04 0
9.620941e-01 8.712497e-05 0
9.620941e-01 8.712497e-05 0
9.620595e-01 1.035081e-04 0
1.041641e+00 1.405545e-04 0
1.041674e+00 1.182834e-04 0
1.041674e+00 1.182834e-04 0
1.041641e+00 1.405545e-04 0
1.083837e+00 1.747194e-04 0
1.083866e+00 1.467846e-04 0
1.083866e+00 1.467846e-04 0
1.083837e+00 1.747194e-04 0
1.104497e+00 2.040984e-04 0
1.104521e+00 1.713363e-04 0
1.104521e+00 1.713363e-04 0
1.104497e+00 2.040984e-04 0
1.113956e+00 2.274670e-04 0
1.113974e+00 1.908982e-04 0
1.113974e+00 1.908982e-04 0
1.113956e+00 2.274670e-04 0
1.118055e+00 2.439867e-04 0
1.118067e+00 2.047510e-04 0
1.118067e+00 2.047510e-04 0
1.118055e+00 2.439867e-04 0
1.119759e+00 2.531243e-04 0
1.119764e+00 2.124237e-04 0
1.119764e+00 2.124237e-04 0
1.119759e+00 2.531243e-04 0
1.120455e+00 2.546029e-04 0
1.120453e+00 2.136654e-04 0
1.120453e+00 2.136654e-04 0
1.120455e+00 2.546029e-04 0
1.120744e+00 2.483914e-04 0
1.120735e+00 2.084346e-04 0
1.120735e+00 2.084346e-04 0
1.120744e+00 2.483914e-04 0
1.120876e+00 2.346967e-04 0
1.120860e+00 1.969005e-04 0
1.120860e+00 1.969005e-04 0
1.120876e+00 2.346967e-04 0
1.120947e+00 2.139701e-04 0
1.120925e+00 1.794468e-04 0
1.120925e+00 1.794468e-04 0
1.120947e+00 2.139701e-04 0
1.120993e+00 1.867747e-04 0
1.120966e+00 1.565255e-04 0
1.120966e+00 1.565255e-04 0
1.120993e+00 1.867747e-04 0
1.121027e+00 1.539327e-04 0
1.120995e+00 1.288349e-04 0
1.120995e+00 1.288349e-04 0
1.121027e+00 1.539327e-04 0
1.121053e+00 1.163977e-04 0
1.121016e+00 9.717858e-05 0
1.121016e+00 9.717858e-05 0
1.121053e+00 1.163977e-04 0
1.121070e+00 7.519469e-05 0
1.121031e+00 6.240582e-05 0
1.121031e+00 6.240582e-05 0
1.121070e+00 7.519469e-05 0
1.121081e+00 3.166946e-05 0
1.121040e+00 2.570520e-05 0
1.121040e+00 2.570520e-05 0
1.121081e+00 3.166946e-05 0
1.121084e+00 -1.310299e-05 0
1.121042e+00 -1.206210e-05 0
1.121042e+00 -1.206210e-05 0
1.121084e+00 -1.310299e-05 0
1.121079e+00 -5.779073e-05 0
1.121038e+00 -4.975069e-05 0
1.121038e+00 -4.975069e-05 0
1.121079e+00 -5.779073e-05 0
1.121066e+00 -1.011180e-04 0
1.121027e+00 -8.627931e-05 0
1.121027e+00 -8.627931e-05 0
1.121066e+00 -1.011180e-04 0
1.121046e+00 -1.418422e-04 0
1.121010e+00 -1.205956e-04 0
1.121010e+00 -1.205956e-04 0
1.121046e+00 -1.418422e-04 0
1.121019e+00 -1.787870e-04 0
1.120987e+00 -1.517044e-04 0
1.120987e+00 -1.517044e-04 0
1.121019e+00 -1.787870e-04 0
1.120983e+00 -2.108735e-04 0
1.120956e+00 -1.786945e-04 0
1.120956e+00 -1.786945e-04 0
1.120983e+00 -2.108735e-04 0
1.120935e+00 -2.371819e-04 0
1.120913e+00 -2.008018e-04 0
1.120913e+00 -2.008018e-04 0
1.120935e+00 -2.371819e-04 0
1.120862e+00 -2.568437e-04 0
1.120847e+00 -2.172742e-04 0
1.120847e+00 -2.172742e-04 0
1.120862e+00 -2.568437e-04 0
1.120728e+00 -2.692851e-04 0
1.120720e+00 -2.276458e-04 0
1.120720e+00 -2.276458e-04 0
1.120728e+00 -2.692851e-04 0
1.120437e+00 -2.740893e-04 0
1.120436e+00 -2.315725e-04 0
1.120436e+00 -2.315725e-04 0
1.120437e+00 -2.740893e-04 0
1.119741e+00 -2.710790e-04 0
1.119747e+00 -2.289205e-04 0
1.119747e+00 -2.289205e-04 0
1.119741e+00 -2.710790e-04 0
1.118036e+00 -2.602786e-04 0
1.118050e+00 -2.197197e-04 0
1.118050e+00 -2.197197e-04 0
1.118036e+00 -2.602786e-04 0
1.113941e+00 -2.419698e-04 0
1.113961e+00 -2.042259e-04 0
1.113961e+00 -2.042259e-04 0
1.113941e+00 -2.419698e-04 0
1.104490e+00 -2.166971e-04 0
1.104517e+00 -1.829191e-04 0
1.104517e+00 -1.829191e-04 0
1.104490e+00 -2.166971e-04 0
1.083848e+00 -1.853106e-04 0
1.083879e+00 -1.565280e-04 0
1.083879e+00 -1.565280e-04 0
1.083848e+00 -1.853106e-04 0
1.041677e+00 -1.490610e-04 0
1.041712e+00 -1.260846e-04 0
1.041712e+00 -1.260846e-04 0
1.041677e+00 -1.490610e-04 0
9.621150e-01 -1.098678e-04 0
9.621517e-01 -9.301348e-05 0
9.621517e-01 -9.301348e-05 0
9.621150e-01 -1.098678e-04 0
8.253353e-01 -7.074449e-05 0
8.253700e-01 -5.938782e-05 0
8.253700e-01 -5.938782e-05 0
8.253353e-01 -7.074449e-05 0
6.168541e-01 -3.600629e-05 0
6.168826e-01 -2.997203e-05 0
6.168826e-01 -2.997203e-05 0
6.168541e-01 -3.600629e-05 0
3.347307e-01 -1.082894e-05 0
3.347478e-01 -9.105262e-06 0
3.347478e-01 -9.105262e-06 0
3.347307e-01 -1.082894e-05 0
-3.677322e-03 6.180067e-07 0
-3.677601e-03 5.459435e-07 0
-3.676799e-03 -5.971764e-07 0
-3.676527e-03 -6.993551e-07 0
3.347259e-01 1.226491e-05 0
3.347448e-01 9.968218e-06 0
3.347448e-01 9.968218e-06 0
3.347259e-01 1.226491e-05 0
6.167837e-01 4.092982e-05 0
6.168567e-01 3.349669e-05 0
6.168567e-01 3.349669e-05 0
6.167837e-01 4.092982e-05 0
8.253205e-01 7.966828e-05 0
8.253594e-01 6.644165e-05 0
8.253594e-01 6.644165e-05 0
8.253205e-01 7.966828e-05 0
9.620187e-01 1.236175e-04 0
9.620595e-01 1.035081e-04 0
9.620595e-01 1.035081e-04 0
9.620187e-01 1.236175e-04 0
1.041602e+00 1.675111e-04 0
1.041641e+00 1.405545e-04 0
1.041641e+00 1.405545e-04 0
1.041602e+00 1.675111e-04 0
1.083802e+00 2.080905e-04 0
1.083837e+00 1.747194e-04 0
1.083837e+00 1.747194e-04 0
1.083802e+00 2.080905e-04 0
1.104468e+00 2.430742e-04 0
1.104497e+00 2.040984e-04 0
1.104497e+00 2.040984e-04 0
1.104468e+00 2.430742e-04 0
1.113934e+00 2.708847e-04 0
1.113956e+00 2.274670e-04 0
1.113956e+00 2.274670e-04 0
1.113934e+00 2.708847e-04 0
1.118041e+00 2.905249e-04 0
1.118055e+00 2.439867e-04 0
1.118055e+00 2.439867e-04 0
1.118041e+00 2.905249e-04 0
1.119754e+00 3.013707e-04 0
1.119759e+00 2.531243e-04 0
1.119759e+00 2.531243e-04 0
1.119754e+00 3.013707e-04 0
1.120458e+00 3.031071e-04 0
1.120455e+00 2.546029e-04 0
1.120455e+00 2.546029e-04 0
1.120458e+00 3.031071e-04 0
1.120755e+00 2.957118e-04 0
1.120744e+00 2.483914e-04 0
1.120744e+00 2.483914e-04 0
1.120755e+00 2.957118e-04 0
1.120895e+00 2.794419e-04 0
1.120876e+00 2.346967e-04 0
1.120876e+00 2.346967e-04 0
1.120895e+00 2.794419e-04 0
1.120973e+00 2.548424e-04 0
1.120947e+00 2.139701e-04 0
1.120947e+00 2.139701e-04 0
1.120973e+00 2.548424e-04 0
1.121026e+00 2.225877e-04 0
1.120993e+00 1.867747e-04 0
1.120993e+00 1.867747e-04 0
1.121026e+00 2.225877e-04 0
1.121066e+00 1.836566e-04 0
1.121027e+00 1.539327e-04 0
1.121027e+00 1.539327e-04 0
1.121066e+00 1.836566e-04 0
1.121096e+00 1.391800e-04 0
1.121053e+00 1.163977e-04 0
1.121053e+00 1.163977e-04 0
1.121096e+00 1.391800e-04 0
1.121117e+00 9.036970e-05 0
1.121070e+00 7.519469e-05 0
1.121070e+00 7.519469e-05 0
1.121117e+00 9.036970e-05 0
1.121129e+00 3.881448e-05 0
1.121081e+00 3.166946e-05 0
1.121081e+00 3.166946e-05 0
1.121129e+00 3.881448e-05 0
1.121132e+00 -1.421931e-05 0
1.121084e+00 -1.310299e-05 0
1.121084e+00 -1.310299e-05 0
1.121132e+00 -1.421931e-05 0
1.121127e+00 -6.716235e-05 0
1.121079e+00 -5.779073e-05 0
1.121079e+00 -5.779073e-05 0
1.121127e+00 -6.716235e-05 0
1.121112e+00 -1.185117e-04 0
1.121066e+00 -1.011180e-04 0
1.121066e+00 -1.011180e-04 0
1.121112e+00 -1.185117e-04 0
1.121089e+00 -1.668025e-04 0
1.121046e+00 -1.418422e-04 0
1.121046e+00 -1.418422e-04 0
1.121089e+00 -1.668025e-04 0
1.121056e+00 -2.106459e-04 0
1.121019e+00 -1.787870e-04 0
1.121019e+00 -1.787870e-04 0
1.121056e+00 -2.106459e-04 0
1.121015e+00 -2.488127e-04 0
1.120983e+00 -2.108735e-04 0
1.120983e+00 -2.108735e-04 0
1.121015e+00 -2.488127e-04 0
1.120960e+00 -2.800703e-04 0
1.120935e+00 -2.371819e-04 0
1.120935e+00 -2.371819e-04 0
1.120960e+00 -2.800703e-04 0
1.120879e+00 -3.035253e-04 0
1.120862e+00 -2.568437e-04 0
1.120862e+00 -2.568437e-04 0
1.120879e+00 -3.035253e-04 0
1.120738e+00 -3.184421e-04 0
1.120728e+00 -2.692851e-04 0
1.120728e+00 -2.692851e-04 0
1.120738e+00 -3.184421e-04 0
1.120438e+00 -3.243146e-04 0
1.120437e+00 -2.740893e-04 0
1.120437e+00 -2.740893e-04 0
1.120438e+00 -3.243146e-04 0
1.119733e+00 -3.209202e-04 0
1.119741e+00 -2.710790e-04 0
1.119741e+00 -2.710790e-04 0
1.119733e+00 -3.209202e-04 0
1.118020e+00 -3.082724e-04 0
1.118036e+00 -2.602786e-04 0
1.118036e+00 -2.602786e-04 0
1.118020e+00 -3.082724e-04 0
1.113917e+00 -2.866905e-04 0
1.113941e+00 -2.419698e-04 0
1.113941e+00 -2.419698e-04 0
1.113917e+00 -2.866905e-04 0
1.104459e+00 -2.568112e-04 0
1.104490e+00 -2.166971e-04 0
1.104490e+00 -2.166971e-04 0
1.104459e+00 -2.568112e-04 0
1.083811e+00 -2.196576e-04 0
1.083848e+00 -1.853106e-04 0
1.083848e+00 -1.853106e-04 0
1.083811e+00 -2.196576e-04 0
1.041635e+00 -1.767913e-04 0
1.041677e+00 -1.490610e-04 0
1.041677e+00 -1.490610e-04 0
1.041635e+00 -1.767913e-04 0
9.620720e-01 -1.305518e-04 0
9.621150e-01 -1.098678e-04 0
9.621150e-01 -1.098678e-04 0
9.620720e-01 -1.305518e-04 0
8.252942e-01 -8.436479e-05 0
8.253353e-01 -7.074449e-05 0
8.253353e-01 -7.074449e-05 0
8.252942e-01 -8.436479e-05 0
6.167608e-01 -4.359233e-05 0
6.168541e-01 -3.600629e-05 0
6.168541e-01 -3.600629e-05 0
6.167608e-01 -4.359233e-05 0
3.347105e-01 -1.320619e-05 0
3.347307e-01 -1.082894e-05 0
3.347307e-01 -1.082894e-05 0
3.347105e-01 -1.320619e-05 0
-3.677097e-03 7.222956e-07 0
-3.677322e-03 6.180067e-07 0
-3.676527e-03 -6.993551e-07 0
-3.676162e-03 -8.387577e-07 0
3.347028e-01 1.441683e-05 0
3.347259e-01 1.226491e-05 0
3.347259e-01 1.226491e-05 0
3.347028e-01 1.441683e-05 0
6.167451e-01 4.859289e-05 0
6.167837e-01 4.092982e-05 0
6.167837e-01 4.092982e-05 0
6.167451e-01 4.859289e-05 0
8.252743e-01 9.558411e-05 0
8.253205e-01 7.966828e-05 0
8.253205e-01 7.966828e-05 0
8.252743e-01 9.558411e-05 0
9.619704e-01 1.476905e-04 0
9.620187e-01 1.236175e-04 0
9.620187e-01 1.236175e-04 0
9.619704e-01 1.476905e-04 0
1.041555e+00 1.999412e-04 0
1.041602e+00 1.675111e-04 0
1.041602e+00 1.675111e-04 0
1.041555e+00 1.999412e-04 0
1.083761e+00 2.480437e-04 0
1.083802e+00 2.080905e-04 0
1.083802e+00 2.080905e-04 0
1.083761e+00 2.480437e-04 0
1.104434e+00 2.895044e-04 0
1.104468e+00 2.430742e-04 0
1.104468e+00 2.430742e-04 0
1.104434e+00 2.895044e-04 0
1.113908e+00 3.224638e-04 0
1.113934e+00 2.708847e-04 0
1.113934e+00 2.708847e-04 0
1.113908e+00 3.224638e-04 0
1.118024e+00 3.457236e-04 0
1.118041e+00 2.905249e-04 0
1.118041e+00 2.905249e-04 0
1.118024e+00 3.457236e-04 0
1.119747e+00 3.585398e-04 0
1.119754e+00 3.013707e-04 0
1.119754e+00 3.013707e-04 0
1.119747e+00 3.585398e-04 0
1.120461e+00 3.605390e-04 0
1.120458e+00 3.031071e-04 0
1.120458e+00 3.031071e-04 0
1.120461e+00 3.605390e-04 0
1.120768e+00 3.517077e-04 0
1.120755e+00 2.957118e-04 0
1.120755e+00 2.957118e-04 0
1.120768e+00 3.517077e-04 0
1.120917e+00 3.323645e-04 0
1.120895e+00 2.794419e-04 0
1.120895e+00 2.794419e-04 0
1.120917e+00 3.323645e-04 0
1.121005e+00 3.031846e-04 0
1.120973e+00 2.548424e-04 0
1.120973e+00 2.548424e-04 0
1.121005e+00 3.031846e-04 0
1.121065e+00 2.649430e-04 0
1.121026e+00 2.225877e-04 0
1.121026e+00 2.225877e-04 0
1.121065e+00 2.649430e-04 0
1.121111e+00 2.188184e-04 0
1.121066e+00 1.836566e-04 0
1.121066e+00 1.836566e-04 0
1.121111e+00 2.188184e-04 0
1.121146e+00 1.661511e-04 0
1.121096e+00 1.391800e-04 0
1.121096e+00 1.391800e-04 0
1.121146e+00 1.661511e-04 0
1.121171e+00 1.083455e-04 0
1.121117e+00 9.036970e-05 0
1.121117e+00 9.036970e-05 0
1.121171e+00 1.083455e-04 0
1.121186e+00 4.735464e-05 0
1.121129e+00 3.881448e-05 0
1.121129e+00 3.881448e-05 0
1.121186e+00 4.735464e-05 0
1.121190e+00 -1.541194e-05 0
1.121132e+00 -1.421931e-05 0
1.121132e+00 -1.421931e-05 0
1.121190e+00 -1.541194e-05 0
1.121184e+00 -7.808184e-05 0
1.121127e+00 -6.716235e-05 0
1.121127e+00 -6.716235e-05 0
1.121184e+00 -7.808184e-05 0
1.121166e+00 -1.388875e-04 0
1.121112e+00 -1.185117e-04 0
1.121112e+00 -1.185117e-04 0
1.121166e+00 -1.388875e-04 0
1.121139e+00 -1.961047e-04 0
1.121089e+00 -1.668025e-04 0
1.121089e+00 -1.668025e-04 0
1.121139e+00 -1.961047e-04 0
1.121101e+00 -2.480961e-04 0
1.121056e+00 -2.106459e-04 0
1.121056e+00 -2.106459e-04 0
1.121101e+00 -2.480961e-04 0
1.121053e+00 -2.933529e-04 0
1.121015e+00 -2.488127e-04 0
1.121015e+00 -2.488127e-04 0
1.121053e+00 -2.933529e-04 0
1.120990e+00 -3.306002e-04 0
1.120960e+00 -2.800703e-04 0
1.120960e+00 -2.800703e-04 0
1.120990e+00 -3.306002e-04 0
1.120900e+00 -3.585686e-04 0
1.120879e+00 -3.035253e-04 0
1.120879e+00 -3.035253e-04 0
1.120900e+00 -3.585686e-04 0
1.120749e+00 -3.764474e-04 0
1.120738e+00 -3.184421e-04 0
1.120738e+00 -3.184421e-04 0
1.120749e+00 -3.764474e-04 0
1.120440e+00 -3.836226e-04 0
1.120438e+00 -3.243146e-04 0
1.120438e+00 -3.243146e-04 0
1.120440e+00 -3.836226e-04 0
1.119725e+00 -3.798328e-04 0
1.119733e+00 -3.209202e-04 0
1.119733e+00 -3.209202e-04 0
1.119725e+00 -3.798328e-04 0
1.118002e+00 -3.650732e-04 0
1.118020e+00 -3.082724e-04 0
1.118020e+00 -3.082724e-04 0
1.118002e+00 -3.650732e-04 0
1.113889e+00 -3.397174e-04 0
1.113917e+00 -2.866905e-04 0
1.113917e+00 -2.866905e-04 0
1.113889e+00 -3.397174e-04 0
1.104423e+00 -3.045230e-04 0
1.104459e+00 -2.568112e-04 0
1.104459e+00 -2.568112e-04 0
1.104423e+00 -3.045230e-04 0
1.083767e+00 -2.607033e-04 0
1.083811e+00 -2.196576e-04 0
1.083811e+00 -2.196576e-04 0
1.083767e+00 -2.607033e-04 0
1.041587e+00 -2.100725e-04 0
1.041635e+00 -1.767913e-04 0
1.041635e+00 -1.767913e-04 0
1.041587e+00 -2.100725e-04 0
9.620213e-01 -1.553727e-04 0
9.620720e-01 -1.305518e-04 0
9.620720e-01 -1.305518e-04 0
9.620213e-01 -1.553727e-04 0
8.252457e-01 -1.007180e-04 0
8.252942e-01 -8.436479e-05 0
8.252942e-01 -8.436479e-05 0
8.252457e-01 -1.007180e-04 0
6.167047e-01 -5.161746e-05 0
6.167608e-01 -4.359233e-05 0
6.167608e-01 -4.359233e-05 0
6.167047e-01 -5.161746e-05 0
3.346861e-01 -1.544359e-05 0
3.347105e-01 -1.320619e-05 0
3.347105e-01 -1.320619e-05 0
3.346861e-01 -1.544359e-05 0
-3.676783e-03 8.640661e-07 0
-3.677097e-03 7.222956e-07 0
-3.676162e-03 -8.387577e-07 0
-3.675708e-03 -1.016541e-06 0
3.346754e-01 1.725638e-05 0
3.347028e-01 1.441683e-05 0
3.347028e-01 1.441683e-05 0
3.346754e-01 1.725638e-05 0
6.166843e-01 5.788520e-05 0
6.167451e-01 4.859289e-05 0
6.167451e-01 4.859289e-05 0
6.166843e-01 5.788520e-05 0
8.252190e-01 1.130424e-04 0
8.252743e-01 9.558411e-05 0
8.252743e-01 9.558411e-05 0
8.252190e-01 1.130424e-04 0
9.619129e-01 1.764619e-04 0
9.619704e-01 1.476905e-04 0
9.619704e-01 1.476905e-04 0
9.619129e-01 1.764619e-04 0
1.041500e+00 2.388160e-04 0
1.041555e+00 1.999412e-04 0
1.041555e+00 1.999412e-04 0
1.041500e+00 2.388160e-04 0
1.083712e+00 2.960767e-04 0
1.083761e+00 2.480437e-04 0
1.083761e+00 2.480437e-04 0
1.083712e+00 2.960767e-04 0
1.104393e+00 3.452637e-04 0
1.104434e+00 2.895044e-04 0
1.104434e+00 2.895044e-04 0
1.104393e+00 3.452637e-04 0
1.113877e+00 3.843255e-04 0
1.113908e+00 3.224638e-04 0
1.113908e+00 3.224638e-04 0
1.113877e+00 3.843255e-04 0
1.118004e+00 4.118521e-04 0
1.118024e+00 3.457236e-04 0
1.118024e+00 3.457236e-04 0
1.118004e+00 4.118521e-04 0
1.119739e+00 4.269610e-04 0
1.119747e+00 3.585398e-04 0
1.119747e+00 3.585398e-04 0
1.119739e+00 4.269610e-04 0
1.120465e+00 4.292222e-04 0
1.120461e+00 3.605390e-04 0
1.120461e+00 3.605390e-04 0
1.120465e+00 4.292222e-04 0
1.120784e+00 4.186287e-04 0
1.120768e+00 3.517077e-04 0
1.120768e+00 3.517077e-04 0
1.120784e+00 4.186287e-04 0
1.120944e+00 3.955757e-04 0
1.120917e+00 3.323645e-04 0
1.120917e+00 3.323645e-04 0
1.120944e+00 3.955757e-04 0
1.121041e+00 3.608601e-04 0
1.121005e+00 3.031846e-04 0
1.121005e+00 3.031846e-04 0
1.121041e+00 3.608601e-04 0
1.121111e+00 3.154521e-04 0
1.121065e+00 2.649430e-04 0
1.121065e+00 2.649430e-04 0
1.121111e+00 3.154521e-04 0
1.121165e+00 2.607404e-04 0
1.121111e+00 2.188184e-04 0
1.121111e+00 2.188184e-04 0
1.121165e+00 2.607404e-04 0
1.121207e+00 1.983144e-04 0
1.121146e+00 1.661511e-04 0
1.121146e+00 1.661511e-04 0
1.121207e+00 1.983144e-04 0
1.121236e+00 1.298653e-04 0
1.121171e+00 1.083455e-04 0
1.121171e+00 1.083455e-04 0
1.121236e+00 1.298653e-04 0
1.121254e+00 5.760017e-05 0
1.121186e+00 4.735464e-05 0
1.121186e+00 4.735464e-05 0
1.121254e+00 5.760017e-05 0
1.121259e+00 -1.673063e-05 0
1.121190e+00 -1.541194e-05 0
1.121190e+00 -1.541194e-05 0
1.121259e+00 -1.673063e-05 0
1.121251e+00 -9.095827e-05 0
1.121184e+00 -7.808184e-05 0
1.121184e+00 -7.808184e-05 0
1.121251e+00 -9.095827e-05 0
1.121231e+00 -1.630060e-04 0
1.121166e+00 -1.388875e-04 0
1.121166e+00 -1.388875e-04 0
1.121231e+00 -1.630060e-04 0
1.121199e+00 -2.308462e-04 0
1.121139e+00 -1.961047e-04 0
1.121139e+00 -1.961047e-04 0
1.121199e+00 -2.308462e-04 0
1.121154e+00 -2.925491e-04 0
1.121101e+00 -2.480961e-04 0
1.121101e+00 -2.480961e-04 0
1.121154e+00 -2.925491e-04 0
1.121098e+00 -3.463981e-04 0
1.121053e+00 -2.933529e-04 0
1.121053e+00 -2.933529e-04 0
1.121098e+00 -3.463981e-04 0
1.121025e+00 -3.906586e-04 0
1.120990e+00 -3.306002e-04 0
1.120990e+00 -3.306002e-04 0
1.121025e+00 -3.906586e-04 0
1.120925e+00 -4.240599e-04 0
1.120900e+00 -3.585686e-04 0
1.120900e+00 -3.585686e-04 0
1.120925e+00 -4.240599e-04 0
1.120763e+00 -4.455410e-04 0
1.120749e+00 -3.764474e-04 0
1.120749e+00 -3.764474e-04 0
1.120763e+00 -4.455410e-04 0
1.120442e+00 -4.543577e-04 0
1.120440e+00 -3.836226e-04 0
1.120440e+00 -3.836226e-04 0
1.120442e+00 -4.543577e-04 0
1.119715e+00 -4.501628e-04 0
1.119725e+00 -3.798328e-04 0
1.119725e+00 -3.798328e-04 0
1.119715e+00 -4.501628e-04 0
1.117980e+00 -4.329455e-04 0
1.118002e+00 -3.650732e-04 0
1.118002e+00 -3.650732e-04 0
1.117980e+00 -4.329455e-04 0
1.113856e+00 -4.031386e-04 0
1.113889e+00 -3.397174e-04 0
1.113889e+00 -3.397174e-04 0
1.113856e+00 -4.031386e-04 0
1.104380e+00 -3.616346e-04 0
1.104423e+00 -3.045230e-04 0
1.104423e+00 -3.045230e-04 0
1.104380e+00 -3.616346e-04 0
1.083716e+00 -3.098539e-04 0
1.083767e+00 -2.607033e-04 0
1.083767e+00 -2.607033e-04 0
1.083716e+00 -3.098539e-04 0
1.041529e+00 -2.498842e-04 0
1.041587e+00 -2.100725e-04 0
1.041587e+00 -2.100725e-04 0
1.041529e+00 -2.498842e-04 0
9.619613e-01 -1.847086e-04 0
9.620213e-01 -1.553727e-04 0
9.620213e-01 -1.553727e-04 0
9.619613e-01 -1.847086e-04 0
8.251879e-01 -1.186501e-04 0
8.252457e-01 -1.007180e-04 0
8.252457e-01 -1.007180e-04 0
8.251879e-01 -1.186501e-04 0
6.166571e-01 -6.101355e-05 0
6.167047e-01 -5.161746e-05 0
6.167047e-01 -5.161746e-05 0
6.166571e-01 -6.101355e-05 0
3.346572e-01 -1.838138e-05 0
3.346861e-01 -1.544359e-05 0
3.346861e-01 -1.544359e-05 0
3.346572e-01 -1.838138e-05 0
-3.676385e-03 1.044554e-06 0
-3.676783e-03 8.640661e-07 0
-3.675708e-03 -1.016541e-06 0
-3.675180e-03 -1.268438e-06 0
3.346433e-01 2.069852e-05 0
3.346754e-01 1.725638e-05 0
3.346754e-01 1.725638e-05 0
3.346433e-01 2.069852e-05 0
6.166855e-01 6.804516e-05 0
6.166843e-01 5.788520e-05 0
6.166843e-01 5.788520e-05 0
6.166855e-01 6.804516e-05 0
8.251522e-01 1.349354e-04 0
8.252190e-01 1.130424e-04 0
8.252190e-01 1.130424e-04 0
8.251522e-01 1.349354e-04 0
9.618433e-01 2.101884e-04 0
9.619129e-01 1.764619e-04 0
9.619129e-01 1.764619e-04 0
9.618433e-01 2.101884e-04 0
1.041434e+00 2.845708e-04 0
1.041500e+00 2.388160e-04 0
1.041500e+00 2.388160e-04 0
1.041434e+00 2.845708e-04 0
1.083653e+00 3.526061e-04 0
1.083712e+00 2.960767e-04 0
1.083712e+00 2.960767e-04 0
1.083653e+00 3.526061e-04 0
1.104345e+00 4.110494e-04 0
1.104393e+00 3.452637e-04 0
1.104393e+00 3.452637e-04 0
1.104345e+00 4.110494e-04 0
1.113841e+00 4.573820e-04 0
1.113877e+00 3.843255e-04 0
1.113877e+00 3.843255e-04 0
1.113841e+00 4.573820e-04 0
1.117981e+00 4.899540e-04 0
1.118004e+00 4.118521e-04 0
1.118004e+00 4.118521e-04 0
1.117981e+00 4.899540e-04 0
1.119729e+00 5.077429e-04 0
1.119739e+00 4.269610e-04 0
1.119739e+00 4.269610e-04 0
1.119729e+00 5.077429e-04 0
1.120469e+00 5.102569e-04 0
1.120465e+00 4.292222e-04 0
1.120465e+00 4.292222e-04 0
1.120469e+00 5.102569e-04 0
1.120802e+00 4.975264e-04 0
1.120784e+00 4.186287e-04 0
1.120784e+00 4.186287e-04 0
1.120802e+00 4.975264e-04 0
1.120976e+00 4.700477e-04 0
1.120944e+00 3.955757e-04 0
1.120944e+00 3.955757e-04 0
1.120976e+00 4.700477e-04 0
1.121085e+00 4.288157e-04 0
1.121041e+00 3.608601e-04 0
1.121041e+00 3.608601e-04 0
1.121085e+00 4.288157e-04 0
1.121166e+00 3.749488e-04 0
1.121111e+00 3.154521e-04 0
1.121111e+00 3.154521e-04 0
1.121166e+00 3.749488e-04 0
1.121229e+00 3.101238e-04 0
1.121165e+00 2.607404e-04 0
1.121165e+00 2.607404e-04 0
1.121229e+00 3.101238e-04 0
1.121278e+00 2.362237e-04 0
1.121207e+00 1.983144e-04 0
1.121207e+00 1.983144e-04 0
1.121278e+00 2.362237e-04 0
1.121313e+00 1.552077e-04 0
1.121236e+00 1.298653e-04 0
1.121236e+00 1.298653e-04 0
1.121313e+00 1.552077e-04 0
1.121334e+00 6.977872e-05 0
1.121254e+00 5.760017e-05 0
1.121254e+00 5.760017e-05 0
1.121334e+00 6.977872e-05 0
1.121340e+00 -1.811901e-05 0
1.121259e+00 -1.673063e-05 0
1.121259e+00 -1.673063e-05 0
1.121340e+00 -1.811901e-05 0
1.121331e+00 -1.059076e-04 0
1.121251e+00 -9.095827e-05 0
1.121251e+00 -9.095827e-05 0
1.121331e+00 -1.059076e-04 0
1.121307e+00 -1.911534e-04 0
1.121231e+00 -1.630060e-04 0
1.121231e+00 -1.630060e-04 0
1.121307e+00 -1.911534e-04 0
1.121269e+00 -2.714775e-04 0
1.121199e+00 -2.308462e-04 0
1.121199e+00 -2.308462e-04 0
1.121269e+00 -2.714775e-04 0
1.121217e+00 -3.446106e-04 0
1.121154e+00 -2.925491e-04 0
1.121154e+00 -2.925491e-04 0
1.121217e+00 -3.446106e-04 0
1.121151e+00 -4.084484e-04 0
1.121098e+00 -3.463981e-04 0
1.121098e+00 -3.463981e-04 0
1.121151e+00 -4.084484e-04 0
1.121068e+00 -4.611981e-04 0
1.121025e+00 -3.906586e-04 0
1.121025e+00 -3.906586e-04 0
1.121068e+00 -4.611981e-04 0
1.120956e+00 -5.010485e-04 0
1.120925e+00 -4.240599e-04 0
1.120925e+00 -4.240599e-04 0
1.120956e+00 -5.010485e-04 0
1.120780e+00 -5.268315e-04 0
1.120763e+00 -4.455410e-04 0
1.120763e+00 -4.455410e-04 0
1.120780e+00 -5.268315e-04 0
1.120444e+00 -5.376304e-04 0
1.120442e+00 -4.543577e-04 0
1.120442e+00 -4.543577e-04 0
1.120444e+00 -5.376304e-04 0
1.119703e+00 -5.330303e-04 0
1.119715e+00 -4.501628e-04 0
1.119715e+00 -4.501628e-04 0
1.119703e+00 -5.330303e-04 0
1.117954e+00 -5.129720e-04 0
1.117980e+00 -4.329455e-04 0
1.117980e+00 -4.329455e-04 0
1.117954e+00 -5.129720e-04 0
1.113817e+00 -4.779408e-04 0
1.113856e+00 -4.031386e-04 0
1.113856e+00 -4.031386e-04 0
1.113817e+00 -4.779408e-04 0
1.104329e+00 -4.289713e-04 0
1.104380e+00 -3.616346e-04 0
1.104380e+00 -3.616346e-04 0
1.104329e+00 -4.289713e-04 0
1.083655e+00 -3.677278e-04 0
1.083716e+00 -3.098539e-04 0
1.083716e+00 -3.098539e-04 0
1.083655e+00 -3.677278e-04 0
1.041460e+00 -2.966727e-04 0
1.041529e+00 -2.498842e-04 0
1.041529e+00 -2.498842e-04 0
1.041460e+00 -2.966727e-04 0
9.618888e-01 -2.193683e-04 0
9.619613e-01 -1.847086e-04 0
9.619613e-01 -1.847086e-04 0
9.618888e-01 -2.193683e-04 0
8.251184e-01 -1.410759e-04 0
8.251879e-01 -1.186501e-04 0
8.251879e-01 -1.186501e-04 0
8.251184e-01 -1.410759e-04 0
6.166744e-01 -7.169978e-05 0
6.166571e-01 -6.101355e-05 0
6.166571e-01 -6.101355e-05 0
6.166744e-01 -7.169978e-05 0
3.346234e-01 -2.193220e-05 0
3.346572e-01 -1.838138e-05 0
3.346572e-01 -1.838138e-05 0
3.346234e-01 -2.193220e-05 0
-3.675918e-03 1.300250e-06 0
-3.676385e-03 1.044554e-06 0
-3.675180e-03 -1.268438e-06 0
-3.674520e-03 -1.459468e-06 0
3.346045e-01 2.450009e-05 0
3.346433e-01 2.069852e-05 0
3.346433e-01 2.069852e-05 0
3.346045e-01 2.450009e-05 0
6.166209e-01 8.170000e-05 0
6.166855e-01 6.804516e-05 0
6.166855e-01 6.804516e-05 0
6.166209e-01 8.170000e-05 0
8.250734e-01 1.611335e-04 0
8.251522e-01 1.349354e-04 0
8.251522e-01 1.349354e-04 0
8.250734e-01 1.611335e-04 0
9.617604e-01 2.503963e-04 0
9.618433e-01 2.101884e-04 0
9.618433e-01 2.101884e-04 0
9.617604e-01 2.503963e-04 0
1.041355e+00 3.389167e-04 0
1.041434e+00 2.845708e-04 0
1.041434e+00 2.845708e-04 0
1.041355e+00 3.389167e-04 0
1.083583e+00 4.202182e-04 0
1.083653e+00 3.526061e-04 0
1.083653e+00 3.526061e-04 0
1.083583e+00 4.202182e-04 0
1.104287e+00 4.898528e-04 0
1.104345e+00 4.110494e-04 0
1.104345e+00 4.110494e-04 0
1.104287e+00 4.898528e-04 0
1.113798e+00 5.449183e-04 0
1.113841e+00 4.573820e-04 0
1.113841e+00 4.573820e-04 0
1.113798e+00 5.449183e-04 0
1.117954e+00 5.834871e-04 0
1.117981e+00 4.899540e-04 0
1.117981e+00 4.899540e-04 0
1.117954e+00 5.834871e-04 0
1.119718e+00 6.043969e-04 0
1.119729e+00 5.077429e-04 0
1.119729e+00 5.077429e-04 0
1.119718e+00 6.043969e-04 0
1.120475e+00 6.071236e-04 0
1.120469e+00 5.102569e-04 0
1.120469e+00 5.102569e-04 0
1.120475e+00 6.071236e-04 0
1.120824e+00 5.917486e-04 0
1.120802e+00 4.975264e-04 0
1.120802e+00 4.975264e-04 0
1.120824e+00 5.917486e-04 0
1.121013e+00 5.589024e-04 0
1.120976e+00 4.700477e-04 0
1.120976e+00 4.700477e-04 0
1.121013e+00 5.589024e-04 0
1.121137e+00 5.097736e-04 0
1.121085e+00 4.288157e-04 0
1.121085e+00 4.288157e-04 0
1.121137e+00 5.097736e-04 0
1.121231e+00 4.457716e-04 0
1.121166e+00 3.749488e-04 0
1.121166e+00 3.749488e-04 0
1.121231e+00 4.457716e-04 0
1.121305e+00 3.688755e-04 0
1.121229e+00 3.101238e-04 0
1.121229e+00 3.101238e-04 0
1.121305e+00 3.688755e-04 0
1.121363e+00 2.813184e-04 0
1.121278e+00 2.362237e-04 0
1.121278e+00 2.362237e-04 0
1.121363e+00 2.813184e-04 0
1.121404e+00 1.854529e-04 0
1.121313e+00 1.552077e-04 0
1.121313e+00 1.552077e-04 0
1.121404e+00 1.854529e-04 0
1.121429e+00 8.432834e-05 0
1.121334e+00 6.977872e-05 0
1.121334e+00 6.977872e-05 0
1.121429e+00 8.432834e-05 0
1.121436e+00 -1.965501e-05 0
1.121340e+00 -1.811901e-05 0
1.121340e+00 -1.811901e-05 0
1.121436e+00 -1.965501e-05 0
1.121425e+00 -1.235230e-04 0
1.121331e+00 -1.059076e-04 0
1.121331e+00 -1.059076e-04 0
1.121425e+00 -1.235230e-04 0
1.121398e+00 -2.244292e-04 0
1.121307e+00 -1.911534e-04 0
1.121307e+00 -1.911534e-04 0
1.121398e+00 -2.244292e-04 0
1.121353e+00 -3.195868e-04 0
1.121269e+00 -2.714775e-04 0
1.121269e+00 -2.714775e-04 0
1.121353e+00 -3.195868e-04 0
1.121293e+00 -4.063301e-04 0
1.121217e+00 -3.446106e-04 0
1.121217e+00 -3.446106e-04 0
1.121293e+00 -4.063301e-04 0
1.121215e+00 -4.821764e-04 0
1.121151e+00 -4.084484e-04 0
1.121151e+00 -4.084484e-04 0
1.121215e+00 -4.821764e-04 0
1.121119e+00 -5.449668e-04 0
1.121068e+00 -4.611981e-04 0
1.121068e+00 -4.611981e-04 0
1.121119e+00 -5.449668e-04 0
1.120992e+00 -5.926045e-04 0
1.120956e+00 -5.010485e-04 0
1.120956e+00 -5.010485e-04 0
1.120992e+00 -5.926045e-04 0
1.120800e+00 -6.236392e-04 0
1.120780e+00 -5.268315e-04 0
1.120780e+00 -5.268315e-04 0
1.120800e+00 -6.236392e-04 0
1.120448e+00 -6.369504e-04 0
1.120444e+00 -5.376304e-04 0
1.120444e+00 -5.376304e-04 0
1.120448e+00 -6.369504e-04 0
1.119690e+00 -6.319722e-04 0
1.119703e+00 -5.330303e-04 0
1.119703e+00 -5.330303e-04 0
1.119690e+00 -6.319722e-04 0
1.117924e+00 -6.085979e-04 0
1.117954e+00 -5.129720e-04 0
1.117954e+00 -5.129720e-04 0
1.117924e+00 -6.085979e-04 0
1.113771e+00 -5.673482e-04 0
1.113817e+00 -4.779408e-04 0
1.113817e+00 -4.779408e-04 0
1.113771e+00 -5.673482e-04 0
1.104269e+00 -5.093980e-04 0
1.104329e+00 -4.289713e-04 0
1.104329e+00 -4.289713e-04 0
1.104269e+00 -5.093980e-04 0
1.083582e+00 -4.366894e-04 0
1.083655e+00 -3.677278e-04 0
1.083655e+00 -3.677278e-04 0
1.083582e+00 -4.366894e-04 0
1.041378e+00 -3.521627e-04 0
1.041460e+00 -2.966727e-04 0
1.041460e+00 -2.966727e-04 0
1.041378e+00 -3.521627e-04 0
9.618027e-01 -2.602783e-04 0
9.618888e-01 -2.193683e-04 0
9.618888e-01 -2.193683e-04 0
9.618027e-01 -2.602783e-04 0
8.250365e-01 -1.678543e-04 0
8.251184e-01 -1.410759e-04 0
8.251184e-01 -1.410759e-04 0
8.250365e-01 -1.678543e-04 0
6.166070e-01 -8.572966e-05 0
6.166744e-01 -7.169978e-05 0
6.166744e-01 -7.169978e-05 0
6.166070e-01 -8.572966e-05 0
3.345829e-01 -2.584579e-05 0
3.346234e-01 -2.193220e-05 0
3.346234e-01 -2.193220e-05 0
3.345829e-01 -2.584579e-05 0
-3.675323e-03 1.494105e-06 0
-3.675918e-03 1.300250e-06 0
-3.674520e-03 -1.459468e-06 0
-3.673840e-03 -1.736874e-06 0
3.345583e-01 2.980499e-05 0
3.346045e-01 2.450009e-05 0
3.346045e-01 2.450009e-05 0
3.345583e-01 2.980499e-05 0
6.165017e-01 9.922131e-05 0
6.166209e-01 8.170000e-05 0
6.166209e-01 8.170000e-05 0
6.165017e-01 9.922131e-05 0
8.249795e-01 1.927613e-04 0
8.250734e-01 1.611335e-04 0
8.250734e-01 1.611335e-04 0
8.249795e-01 1.927613e-04 0
9.616625e-01 2.989844e-04 0
9.617604e-01 2.503963e-04 0
9.617604e-01 2.503963e-04 0
9.616625e-01 2.989844e-04 0
1.041262e+00 4.042195e-04 0
1.041355e+00 3.389167e-04 0
1.041355e+00 3.389167e-04 0
1.041262e+00 4.042195e-04 0
1.083501e+00 5.008763e-04 0
1.083583e+00 4.202182e-04 0
1.083583e+00 4.202182e-04 0
1.083501e+00 5.008763e-04 0
1.104219e+00 5.836348e-04 0
1.104287e+00 4.898528e-04 0
1.104287e+00 4.898528e-04 0
1.104219e+00 5.836348e-04 0
1.113746e+00 6.489274e-04 0
1.113798e+00 5.449183e-04 0
1.113798e+00 5.449183e-04 0
1.113746e+00 6.489274e-04 0
1.117921e+00 6.944823e-04 0
1.117954e+00 5.834871e-04 0
1.117954e+00 5.834871e-04 0
1.117921e+00 6.944823e-04 0
1.119705e+00 7.189625e-04 0
1.119718e+00 6.043969e-04 0
1.119718e+00 6.043969e-04 0
1.119705e+00 7.189625e-04 0
1.120482e+00 7.218017e-04 0
1.120475e+00 6.071236e-04 0
1.120475e+00 6.071236e-04 0
1.120482e+00 7.218017e-04 0
1.120851e+00 7.031632e-04 0
1.120824e+00 5.917486e-04 0
1.120824e+00 5.917486e-04 0
1.120851e+00 7.031632e-04 0
1.121058e+00 6.638529e-04 0
1.121013e+00 5.589024e-04 0
1.121013e+00 5.589024e-04 0
1.121058e+00 6.638529e-04 0
1.121199e+00 6.053319e-04 0
1.121137e+00 5.097736e-04 0
1.121137e+00 5.097736e-04 0
1.121199e+00 6.053319e-04 0
1.121308e+00 5.293063e-04 0
1.121231e+00 4.457716e-04 0
1.121231e+00 4.457716e-04 0
1.121308e+00 5.293063e-04 0
1.121395e+00 4.381425e-04 0
1.121305e+00 3.688755e-04 0
1.121305e+00 3.688755e-04 0
1.121395e+00 4.381425e-04 0
1.121463e+00 3.344872e-04 0
1.121363e+00 2.813184e-04 0
1.121363e+00 2.813184e-04 0
1.121463e+00 3.344872e-04 0
1.121512e+00 2.211099e-04 0
1.121404e+00 1.854529e-04 0
1.121404e+00 1.854529e-04 0
1.121512e+00 2.211099e-04 0
1.121540e+00 1.015853e-04 0
1.121429e+00 8.432834e-05 0
1.121429e+00 8.432834e-05 0
1.121540e+00 1.015853e-04 0
1.121549e+00 -2.128736e-05 0
1.121436e+00 -1.965501e-05 0
1.121436e+00 -1.965501e-05 0
1.121549e+00 -2.128736e-05 0
1.121537e+00 -1.440391e-04 0
1.121425e+00 -1.235230e-04 0
1.121425e+00 -1.235230e-04 0
1.121537e+00 -1.440391e-04 0
1.121505e+00 -2.633512e-04 0
1.121398e+00 -2.244292e-04 0
1.121398e+00 -2.244292e-04 0
1.121505e+00 -2.633512e-04 0
1.121453e+00 -3.759685e-04 0
1.121353e+00 -3.195868e-04 0
1.121353e+00 -3.195868e-04 0
1.121453e+00 -3.759685e-04 0
1.121381e+00 -4.787669e-04 0
1.121293e+00 -4.063301e-04 0
1.121293e+00 -4.063301e-04 0
1.121381e+00 -4.787669e-04 0
1.121291e+00 -5.689345e-04 0
1.121215e+00 -4.821764e-04 0
1.121215e+00 -4.821764e-04 0
1.121291e+00 -5.689345e-04 0
1.121179e+00 -6.435761e-04 0
1.121119e+00 -5.449668e-04 0
1.121119e+00 -5.449668e-04 0
1.121179e+00 -6.435761e-04 0
1.121035e+00 -7.005189e-04 0
1.120992e+00 -5.926045e-04 0
1.120992e+00 -5.926045e-04 0
1.121035e+00 -7.005189e-04 0
1.120825e+00 -7.378925e-04 0
1.120800e+00 -6.236392e-04 0
1.120800e+00 -6.236392e-04 0
1.120825e+00 -7.378925e-04 0
1.120453e+00 -7.543126e-04 0
1.120448e+00 -6.369504e-04 0
1.120448e+00 -6.369504e-04 0
1.120453e+00 -7.543126e-04 0
1.119675e+00 -7.490495e-04 0
1.119690e+00 -6.319722e-04 0
1.119690e+00 -6.319722e-04 0
1.119675e+00 -7.490495e-04 0
1.117889e+00 -7.219098e-04 0
1.117924e+00 -6.085979e-04 0
1.117924e+00 -6.085979e-04 0
1.117889e+00 -7.219098e-04 0
1.113717e+00 -6.734516e-04 0
1.113771e+00 -5.673482e-04 0
1.113771e+00 -5.673482e-04 0
1.113717e+00 -6.734516e-04 0
1.104197e+00 -6.050254e-04 0
1.104269e+00 -5.093980e-04 0
1.104269e+00 -5.093980e-04 0
1.104197e+00 -6.050254e-04 0
1.083496e+00 -5.189310e-04 0
1.083582e+00 -4.366894e-04 0
1.083582e+00 -4.366894e-04 0
1.083496e+00 -5.189310e-04 0
1.041282e+00 -4.187337e-04 0
1.041378e+00 -3.521627e-04 0
1.041378e+00 -3.521627e-04 0
1.041282e+00 -4.187337e-04 0
9.617012e-01 -3.098068e-04 0
9.618027e-01 -2.602783e-04 0
9.618027e-01 -2.602783e-04 0
9.617012e-01 -3.098068e-04 0
8.249393e-01 -2.001322e-04 0
8.250365e-01 -1.678543e-04 0
8.250365e-01 -1.678543e-04 0
8.249393e-01 -2.001322e-04 0
6.164665e-01 -1.034517e-04 0
6.166070e-01 -8.572966e-05 0
6.166070e-01 -8.572966e-05 0
6.164665e-01 -1.034517e-04 0
3.345347e-01 -3.128397e-05 0
3.345829e-01 -2.584579e-05 0
3.345829e-01 -2.584579e-05 0
3.345347e-01 -3.128397e-05 0
-3.674715e-03 1.775587e-06 0
-3.675323e-03 1.494105e-06 0
-3.673840e-03 -1.736874e-06 0
-3.672980e-03 -2.089737e-06 0
3.345026e-01 3.516682e-05 0
3.345583e-01 2.980499e-05 0
3.345583e-01 2.980499e-05 0
3.345026e-01 3.516682e-05 0
6.164085e-01 1.174207e-04 0
6.165017e-01 9.922131e-05 0
6.165017e-01 9.922131e-05 0
6.164085e-01 1.174207e-04 0
8.248677e-01 2.310362e-04 0
8.249795e-01 1.927613e-04 0
8.249795e-01 1.927613e-04 0
8.248677e-01 2.310362e-04 0
9.615460e-01 3.571302e-04 0
9.616625e-01 2.989844e-04 0
9.616625e-01 2.989844e-04 0
9.615460e-01 3.571302e-04 0
1.041151e+00 4.825362e-04 0
1.041262e+00 4.042195e-04 0
1.041262e+00 4.042195e-04 0
1.041151e+00 4.825362e-04 0
1.083402e+00 5.972037e-04 0
1.083501e+00 5.008763e-04 0
1.083501e+00 5.008763e-04 0
1.083402e+00 5.972037e-04 0
1.104138e+00 6.953177e-04 0
1.104219e+00 5.836348e-04 0
1.104219e+00 5.836348e-04 0
1.104138e+00 6.953177e-04 0
1.113686e+00 7.725420e-04 0
1.113746e+00 6.489274e-04 0
1.113746e+00 6.489274e-04 0
1.113686e+00 7.725420e-04 0
1.117883e+00 8.261873e-04 0
1.117921e+00 6.944823e-04 0
1.117921e+00 6.944823e-04 0
1.117883e+00 8.261873e-04 0
1.119691e+00 8.547080e-04 0
1.119705e+00 7.189625e-04 0
1.119705e+00 7.189625e-04 0
1.119691e+00 8.547080e-04 0
1.120491e+00 8.574730e-04 0
1.120482e+00 7.218017e-04 0
1.120482e+00 7.218017e-04 0
1.120491e+00 8.574730e-04 0
1.120883e+00 8.347882e-04 0
1.120851e+00 7.031632e-04 0
1.120851e+00 7.031632e-04 0
1.120883e+00 8.347882e-04 0
1.121112e+00 7.876774e-04 0
1.121058e+00 6.638529e-04 0
1.121058e+00 6.638529e-04 0
1.121112e+00 7.876774e-04 0
1.121273e+00 7.179882e-04 0
1.121199e+00 6.053319e-04 0
1.121199e+00 6.053319e-04 0
1.121273e+00 7.179882e-04 0
1.121399e+00 6.276982e-04 0
1.121308e+00 5.293063e-04 0
1.121308e+00 5.293063e-04 0
1.121399e+00 6.276982e-04 0
1.121501e+00 5.196797e-04 0
1.121395e+00 4.381425e-04 0
1.121395e+00 4.381425e-04 0
1.121501e+00 5.196797e-04 0
1.121581e+00 3.970674e-04 0
1.121463e+00 3.344872e-04 0
1.121463e+00 3.344872e-04 0
1.121581e+00 3.970674e-04 0
1.121638e+00 2.630619e-04 0
1.121512e+00 2.211099e-04 0
1.121512e+00 2.211099e-04 0
1.121638e+00 2.630619e-04 0
1.121673e+00 1.220041e-04 0
1.121540e+00 1.015853e-04 0
1.121540e+00 1.015853e-04 0
1.121673e+00 1.220041e-04 0
1.121683e+00 -2.301344e-05 0
1.121549e+00 -2.128736e-05 0
1.121549e+00 -2.128736e-05 0
1.121683e+00 -2.301344e-05 0
1.121669e+00 -1.679052e-04 0
1.121537e+00 -1.440391e-04 0
1.121537e+00 -1.440391e-04 0
1.121669e+00 -1.679052e-04 0
1.121631e+00 -3.088153e-04 0
1.121505e+00 -2.633512e-04 0
1.121505e+00 -2.633512e-04 0
1.121631e+00 -3.088153e-04 0
1.121570e+00 -4.419547e-04 0
1.121453e+00 -3.759685e-04 0
1.121453e+00 -3.759685e-04 0
1.121570e+00 -4.419547e-04 0
1.121487e+00 -5.636717e-04 0
1.121381e+00 -4.787669e-04 0
1.121381e+00 -4.787669e-04 0
1.121487e+00 -5.636717e-04 0
1.121381e+00 -6.705284e-04 0
1.121291e+00 -5.689345e-04 0
1.121291e+00 -5.689345e-04 0
1.121381e+00 -6.705284e-04 0
1.121251e+00 -7.595420e-04 0
1.121179e+00 -6.435761e-04 0
1.121179e+00 -6.435761e-04 0
1.121251e+00 -7.595420e-04 0
1.121087e+00 -8.276133e-04 0
1.121035e+00 -7.005189e-04 0
1.121035e+00 -7.005189e-04 0
1.121087e+00 -8.276133e-04 0
1.120855e+00 -8.726508e-04 0
1.120825e+00 -7.378925e-04 0
1.120825e+00 -7.378925e-04 0
1.120855e+00 -8.726508e-04 0
1.120460e+00 -8.929227e-04 0
1.120453e+00 -7.543126e-04 0
1.120453e+00 -7.543126e-04 0
1.120460e+00 -8.929227e-04 0
1.119657e+00 -8.875467e-04 0
1.119675e+00 -7.490495e-04 0
1.119675e+00 -7.490495e-04 0
1.119657e+00 -8.875467e-04 0
1.117849e+00 -8.561795e-04 0
1.117889e+00 -7.219098e-04 0
1.117889e+00 -7.219098e-04 0
1.117849e+00 -8.561795e-04 0
1.113653e+00 -7.994180e-04 0
1.113717e+00 -6.734516e-04 0
1.113717e+00 -6.734516e-04 0
1.113653e+00 -7.994180e-04 0
1.104113e+00 -7.188230e-04 0
1.104197e+00 -6.050254e-04 0
1.104197e+00 -6.050254e-04 0
1.104113e+00 -7.188230e-04 0
1.083394e+00 -6.171038e-04 0
1.083496e+00 -5.189310e-04 0
1.083496e+00 -5.189310e-04 0
1.083394e+00 -6.171038e-04 0
1.041167e+00 -4.984625e-04 0
1.041282e+00 -4.187337e-04 0
1.041282e+00 -4.187337e-04 0
1.041167e+00 -4.984625e-04 0
9.615809e-01 -3.692811e-04 0
9.617012e-01 -3.098068e-04 0
9.617012e-01 -3.098068e-04 0
9.615809e-01 -3.692811e-04 0
8.248238e-01 -2.391390e-04 0
8.249393e-01 -2.001322e-04 0
8.249393e-01 -2.001322e-04 0
8.248238e-01 -2.391390e-04 0
6.163543e-01 -1.223508e-04 0
6.164665e-01 -1.034517e-04 0
6.164665e-01 -1.034517e-04 0
6.163543e-01 -1.223508e-04 0
3.344768e-01 -3.678827e-05 0
3.345347e-01 -3.128397e-05 0
3.345347e-01 -3.128397e-05 0
3.344768e-01 -3.678827e-05 0
-3.673933e-03 2.133155e-06 0
-3.674715e-03 1.775587e-06 0
-3.672980e-03 -2.089737e-06 0
-3.671919e-03 -2.528713e-06 0
3.344361e-01 4.229695e-05 0
3.345026e-01 3.516682e-05 0
3.345026e-01 3.516682e-05 0
3.344361e-01 4.229695e-05 0
6.162830e-01 1.412427e-04 0
6.164085e-01 1.174207e-04 0
6.164085e-01 1.174207e-04 0
6.162830e-01 1.412427e-04 0
8.247340e-01 2.746962e-04 0
8.248677e-01 2.310362e-04 0
8.248677e-01 2.310362e-04 0
8.247340e-01 2.746962e-04 0
9.614076e-01 4.269851e-04 0
9.615460e-01 3.571302e-04 0
9.615460e-01 3.571302e-04 0
9.614076e-01 4.269851e-04 0
1.041019e+00 5.766232e-04 0
1.041151e+00 4.825362e-04 0
1.041151e+00 4.825362e-04 0
1.041019e+00 5.766232e-04 0
1.083286e+00 7.133387e-04 0
1.083402e+00 5.972037e-04 0
1.083402e+00 5.972037e-04 0
1.083286e+00 7.133387e-04 0
1.104042e+00 8.297868e-04 0
1.104138e+00 6.953177e-04 0
1.104138e+00 6.953177e-04 0
1.104042e+00 8.297868e-04 0
1.113615e+00 9.211119e-04 0
1.113686e+00 7.725420e-04 0
1.113686e+00 7.725420e-04 0
1.113615e+00 9.211119e-04 0
1.117838e+00 9.841759e-04 0
1.117883e+00 8.261873e-04 0
1.117883e+00 8.261873e-04 0
1.117838e+00 9.841759e-04 0
1.119674e+00 1.017216e-03 0
1.119691e+00 8.547080e-04 0
1.119691e+00 8.547080e-04 0
1.119674e+00 1.017216e-03 0
1.120502e+00 1.019607e-03 0
1.120491e+00 8.574730e-04 0
1.120491e+00 8.574730e-04 0
1.120502e+00 1.019607e-03 0
1.120921e+00 9.917920e-04 0
1.120883e+00 8.347882e-04 0
1.120883e+00 8.347882e-04 0
1.120921e+00 9.917920e-04 0
1.121176e+00 9.351104e-04 0
1.121112e+00 7.876774e-04 0
1.121112e+00 7.876774e-04 0
1.121176e+00 9.351104e-04 0
1.121361e+00 8.518000e-04 0
1.121273e+00 7.179882e-04 0
1.121273e+00 7.179882e-04 0
1.121361e+00 8.518000e-04 0
1.121507e+00 7.443825e-04 0
1.121399e+00 6.276982e-04 0
1.121399e+00 6.276982e-04 0
1.121507e+00 7.443825e-04 0
1.121627e+00 6.162542e-04 0
1.121501e+00 5.196797e-04 0
1.121501e+00 5.196797e-04 0
1.121627e+00 6.162542e-04 0
1.121721e+00 4.711289e-04 0
1.121581e+00 3.970674e-04 0
1.121581e+00 3.970674e-04 0
1.121721e+00 4.711289e-04 0
1.121788e+00 3.128270e-04 0
1.121638e+00 2.630619e-04 0
1.121638e+00 2.630619e-04 0
1.121788e+00 3.128270e-04 0
1.121828e+00 1.462220e-04 0
1.121673e+00 1.220041e-04 0
1.121673e+00 1.220041e-04 0
1.121828e+00 1.462220e-04 0
1.121841e+00 -2.492011e-05 0
1.121683e+00 -2.301344e-05 0
1.121683e+00 -2.301344e-05 0
1.121841e+00 -2.492011e-05 0
1.121825e+00 -1.959329e-04 0
1.121669e+00 -1.679052e-04 0
1.121669e+00 -1.679052e-04 0
1.121825e+00 -1.959329e-04 0
1.121780e+00 -3.623558e-04 0
1.121631e+00 -3.088153e-04 0
1.121631e+00 -3.088153e-04 0
1.121780e+00 -3.623558e-04 0
1.121709e+00 -5.197939e-04 0
1.121570e+00 -4.419547e-04 0
1.121570e+00 -4.419547e-04 0
1.121709e+00 -5.197939e-04 0
1.121611e+00 -6.639905e-04 0
1.121487e+00 -5.636717e-04 0
1.121487e+00 -5.636717e-04 0
1.121611e+00 -6.639905e-04 0
1.121488e+00 -7.910670e-04 0
1.121381e+00 -6.705284e-04 0
1.121381e+00 -6.705284e-04 0
1.121488e+00 -7.910670e-04 0
1.121338e+00 -8.969554e-04 0
1.121251e+00 -7.595420e-04 0
1.121251e+00 -7.595420e-04 0
1.121338e+00 -8.969554e-04 0
1.121149e+00 -9.785288e-04 0
1.121087e+00 -8.276133e-04 0
1.121087e+00 -8.276133e-04 0
1.121149e+00 -9.785288e-04 0
1.120891e+00 -1.033020e-03 0
1.120855e+00 -8.726508e-04 0
1.120855e+00 -8.726508e-04 0
1.120891e+00 -1.033020e-03 0
1.120468e+00 -1.058290e-03 0
1.120460e+00 -8.929227e-04 0
1.120460e+00 -8.929227e-04 0
1.120468e+00 -1.058290e-03 0
1.119638e+00 -1.053111e-03 0
1.119657e+00 -8.875467e-04 0
1.119657e+00 -8.875467e-04 0
1.119638e+00 -1.053111e-03 0
1.117801e+00 -1.016991e-03 0
1.117849e+00 -8.561795e-04 0
1.117849e+00 -8.561795e-04 0
1.117801e+00 -1.016991e-03 0
1.113579e+00 -9.505338e-04 0
1.113653e+00 -7.994180e-04 0
1.113653e+00 -7.994180e-04 0
1.113579e+00 -9.505338e-04 0
1.104013e+00 -8.555112e-04 0
1.104113e+00 -7.188230e-04 0
1.104113e+00 -7.188230e-04 0
1.104013e+00 -8.555112e-04 0
1.083274e+00 -7.350725e-04 0
1.083394e+00 -6.171038e-04 0
1.083394e+00 -6.171038e-04 0
1.083274e+00 -7.350725e-04 0
1.041031e+00 -5.941274e-04 0
1.041167e+00 -4.984625e-04 0
1.041167e+00 -4.984625e-04 0
1.041031e+00 -5.941274e-04 0
9.614387e-01 -4.400083e-04 0
9.615809e-01 -3.692811e-04 0
9.615809e-01 -3.692811e-04 0
9.614387e-01 -4.400083e-04 0
8.246861e-01 -2.836049e-04 0
8.248238e-01 -2.391390e-04 0
8.248238e-01 -2.391390e-04 0
8.246861e-01 -2.836049e-04 0
6.162411e-01 -1.462191e-04 0
6.163543e-01 -1.223508e-04 0
6.163543e-01 -1.223508e-04 0
6.162411e-01 -1.462191e-04 0
3.344080e-01 -4.408555e-05 0
3.344768e-01 -3.678827e-05 0
3.344768e-01 -3.678827e-05 0
3.344080e-01 -4.408555e-05 0
-3.672958e-03 2.577670e-06 0
-3.673933e-03 2.133155e-06 0
-3.671919e-03 -2.528713e-06 0
-3.670641e-03 -3.159131e-06 0
3.343574e-01 5.092932e-05 0
3.344361e-01 4.229695e-05 0
3.344361e-01 4.229695e-05 0
3.343574e-01 5.092932e-05 0
6.162059e-01 1.665768e-04 0
6.162830e-01 1.412427e-04 0
6.162830e-01 1.412427e-04 0
6.162059e-01 1.665768e-04 0
8.245734e-01 3.289103e-04 0
8.247340e-01 2.746962e-04 0
8.247340e-01 2.746962e-04 0
8.245734e-01 3.289103e-04 0
9.612408e-01 5.099449e-04 0
9.614076e-01 4.269851e-04 0
9.614076e-01 4.269851e-04 0
9.612408e-01 5.099449e-04 0
1.040862e+00 6.885995e-04 0
1.041019e+00 5.766232e-04 0
1.041019e+00 5.766232e-04 0
1.040862e+00 6.885995e-04 0
1.083147e+00 8.510281e-04 0
1.083286e+00 7.133387e-04 0
1.083286e+00 7.133387e-04 0
1.083147e+00 8.510281e-04 0
1.103928e+00 9.892087e-04 0
1.104042e+00 8.297868e-04 0
1.104042e+00 8.297868e-04 0
1.103928e+00 9.892087e-04 0
1.113531e+00 1.097123e-03 0
1.113615e+00 9.211119e-04 0
1.113615e+00 9.211119e-04 0
1.113531e+00 1.097123e-03 0
1.117786e+00 1.171115e-03 0
1.117838e+00 9.841759e-04 0
1.117838e+00 9.841759e-04 0
1.117786e+00 1.171115e-03 0
1.119655e+00 1.209210e-03 0
1.119674e+00 1.017216e-03 0
1.119674e+00 1.017216e-03 0
1.119655e+00 1.209210e-03 0
1.120517e+00 1.210767e-03 0
1.120502e+00 1.019607e-03 0
1.120502e+00 1.019607e-03 0
1.120517e+00 1.210767e-03 0
1.120968e+00 1.176554e-03 0
1.120921e+00 9.917920e-04 0
1.120921e+00 9.917920e-04 0
1.120968e+00 1.176554e-03 0
1.121253e+00 1.108291e-03 0
1.121176e+00 9.351104e-04 0
1.121176e+00 9.351104e-04 0
1.121253e+00 1.108291e-03 0
1.121465e+00 1.008839e-03 0
1.121361e+00 8.518000e-04 0
1.121361e+00 8.518000e-04 0
1.121465e+00 1.008839e-03 0
1.121636e+00 8.811368e-04 0
1.121507e+00 7.443825e-04 0
1.121507e+00 7.443825e-04 0
1.121636e+00 8.811368e-04 0
1.121776e+00 7.293256e-04 0
1.121627e+00 6.162542e-04 0
1.121627e+00 6.162542e-04 0
1.121776e+00 7.293256e-04 0
1.121886e+00 5.578009e-04 0
1.121721e+00 4.711289e-04 0
1.121721e+00 4.711289e-04 0
1.121886e+00 5.578009e-04 0
1.121965e+00 3.709680e-04 0
1.121788e+00 3.128270e-04 0
1.121788e+00 3.128270e-04 0
1.121965e+00 3.709680e-04 0
1.122013e+00 1.746901e-04 0
1.121828e+00 1.462220e-04 0
1.121828e+00 1.462220e-04 0
1.122013e+00 1.746901e-04 0
1.122027e+00 -2.689655e-05 0
1.121841e+00 -2.492011e-05 0
1.121841e+00 -2.492011e-05 0
1.122027e+00 -2.689655e-05 0
1.122008e+00 -2.283511e-04 0
1.121825e+00 -1.959329e-04 0
1.121825e+00 -1.959329e-04 0
1.122008e+00 -2.283511e-04 0
1.121957e+00 -4.245403e-04 0
1.121780e+00 -3.623558e-04 0
1.121780e+00 -3.623558e-04 0
1.121957e+00 -4.245403e-04 0
1.121874e+00 -6.103912e-04 0
1.121709e+00 -5.197939e-04 0
1.121709e+00 -5.197939e-04 0
1.121874e+00 -6.103912e-04 0
1.121760e+00 -7.809614e-04 0
1.121611e+00 -6.639905e-04 0
1.121611e+00 -6.639905e-04 0
1.121760e+00 -7.809614e-04 0
1.121615e+00 -9.315232e-04 0
1.121488e+00 -7.910670e-04 0
1.121488e+00 -7.910670e-04 0
1.121615e+00 -9.315232e-04 0
1.121440e+00 -1.057898e-03 0
1.121338e+00 -8.969554e-04 0
1.121338e+00 -8.969554e-04 0
1.121440e+00 -1.057898e-03 0
1.121224e+00 -1.155616e-03 0
1.121149e+00 -9.785288e-04 0
1.121149e+00 -9.785288e-04 0
1.121224e+00 -1.155616e-03 0
1.120935e+00 -1.221556e-03 0
1.120891e+00 -1.033020e-03 0
1.120891e+00 -1.033020e-03 0
1.120935e+00 -1.221556e-03 0
1.120480e+00 -1.252998e-03 0
1.120468e+00 -1.058290e-03 0
1.120468e+00 -1.058290e-03 0
1.120480e+00 -1.252998e-03 0
1.119616e+00 -1.248437e-03 0
1.119638e+00 -1.053111e-03 0
1.119638e+00 -1.053111e-03 0
1.119616e+00 -1.248437e-03 0
1.117745e+00 -1.207063e-03 0
1.117801e+00 -1.016991e-03 0
1.117801e+00 -1.016991e-03 0
1.117745e+00 -1.207063e-03 0
1.113491e+00 -1.129443e-03 0
1.113579e+00 -9.505338e-04 0
1.113579e+00 -9.505338e-04 0
1.113491e+00 -1.129443e-03 0
1.103896e+00 -1.017562e-03 0
1.104013e+00 -8.555112e-04 0
1.104013e+00 -8.555112e-04 0
1.103896e+00 -1.017562e-03 0
1.083131e+00 -8.750957e-04 0
1.083274e+00 -7.350725e-04 0
1.083274e+00 -7.350725e-04 0
1.083131e+00 -8.750957e-04 0
1.040869e+00 -7.078708e-04 0
1.041031e+00 -5.941274e-04 0
1.041031e+00 -5.941274e-04 0
1.040869e+00 -7.078708e-04 0
9.612673e-01 -5.246906e-04 0
9.614387e-01 -4.400083e-04 0
9.614387e-01 -4.400083e-04 0
9.612673e-01 -5.246906e-04 0
8.245211e-01 -3.387401e-04 0
8.246861e-01 -2.836049e-04 0
8.246861e-01 -2.836049e-04 0
8.245211e-01 -3.387401e-04 0
6.161785e-01 -1.726604e-04 0
6.162411e-01 -1.462191e-04 0
6.162411e-01 -1.462191e-04 0
6.161785e-01 -1.726604e-04 0
3.343266e-01 -5.290651e-05 0
3.344080e-01 -4.408555e-05 0
3.344080e-01 -4.408555e-05 0
3.343266e-01 -5.290651e-05 0
-3.671772e-03 3.215746e-06 0
-3.672958e-03 2.577670e-06 0
-3.670641e-03 -3.159131e-06 0
-3.669043e-03 -3.688254e-06 0
3.342626e-01 5.997230e-05 0
3.343574e-01 5.092932e-05 0
3.343574e-01 5.092932e-05 0
3.342626e-01 5.997230e-05 0
6.160487e-01 1.997670e-04 0
6.162059e-01 1.665768e-04 0
6.162059e-01 1.665768e-04 0
6.160487e-01 1.997670e-04 0
8.243822e-01 3.931498e-04 0
8.245734e-01 3.289103e-04 0
8.245734e-01 3.289103e-04 0
8.243822e-01 3.931498e-04 0
9.610409e-01 6.098174e-04 0
9.612408e-01 5.099449e-04 0
9.612408e-01 5.099449e-04 0
9.610409e-01 6.098174e-04 0
1.040673e+00 8.230001e-04 0
1.040862e+00 6.885995e-04 0
1.040862e+00 6.885995e-04 0
1.040673e+00 8.230001e-04 0
1.082981e+00 1.017114e-03 0
1.083147e+00 8.510281e-04 0
1.083147e+00 8.510281e-04 0
1.082981e+00 1.017114e-03 0
1.103793e+00 1.181381e-03 0
1.103928e+00 9.892087e-04 0
1.103928e+00 9.892087e-04 0
1.103793e+00 1.181381e-03 0
1.113431e+00 1.308943e-03 0
1.113531e+00 1.097123e-03 0
1.113531e+00 1.097123e-03 0
1.113431e+00 1.308943e-03 0
1.117726e+00 1.395577e-03 0
1.117786e+00 1.171115e-03 0
1.117786e+00 1.171115e-03 0
1.117726e+00 1.395577e-03 0
1.119634e+00 1.439135e-03 0
1.119655e+00 1.209210e-03 0
1.119655e+00 1.209210e-03 0
1.119634e+00 1.439135e-03 0
1.120536e+00 1.439139e-03 0
1.120517e+00 1.210767e-03 0
1.120517e+00 1.210767e-03 0
1.120536e+00 1.439139e-03 0
1.121025e+00 1.396686e-03 0
1.120968e+00 1.176554e-03 0
1.120968e+00 1.176554e-03 0
1.121025e+00 1.396686e-03 0
1.121346e+00 1.314077e-03 0
1.121253e+00 1.108291e-03 0
1.121253e+00 1.108291e-03 0
1.121346e+00 1.314077e-03 0
1.121590e+00 1.194826e-03 0
1.121465e+00 1.008839e-03 0
1.121465e+00 1.008839e-03 0
1.121590e+00 1.194826e-03 0
1.121789e+00 1.042720e-03 0
1.121636e+00 8.811368e-04 0
1.121636e+00 8.811368e-04 0
1.121789e+00 1.042720e-03 0
1.121953e+00 8.626672e-04 0
1.121776e+00 7.293256e-04 0
1.121776e+00 7.293256e-04 0
1.121953e+00 8.626672e-04 0
1.122082e+00 6.598676e-04 0
1.121886e+00 5.578009e-04 0
1.121886e+00 5.578009e-04 0
1.122082e+00 6.598676e-04 0
1.122174e+00 4.395438e-04 0
1.121965e+00 3.709680e-04 0
1.121965e+00 3.709680e-04 0
1.122174e+00 4.395438e-04 0
1.122230e+00 2.082447e-04 0
1.122013e+00 1.746901e-04 0
1.122013e+00 1.746901e-04 0
1.122230e+00 2.082447e-04 0
1.122247e+00 -2.906940e-05 0
1.122027e+00 -2.689655e-05 0
1.122027e+00 -2.689655e-05 0
1.122247e+00 -2.906940e-05 0
1.122225e+00 -2.662524e-04 0
1.122008e+00 -2.283511e-04 0
1.122008e+00 -2.283511e-04 0
1.122225e+00 -2.662524e-04 0
1.122165e+00 -4.974382e-04 0
1.121957e+00 -4.245403e-04 0
1.121957e+00 -4.245403e-04 0
1.122165e+00 -4.974382e-04 0
1.122068e+00 -7.168066e-04 0
1.121874e+00 -6.103912e-04 0
1.121874e+00 -6.103912e-04 0
1.122068e+00 -7.168066e-04 0
1.121935e+00 -9.186447e-04 0
1.121760e+00 -7.809614e-04 0
1.121760e+00 -7.809614e-04 0
1.121935e+00 -9.186447e-04 0
1.121767e+00 -1.097429e-03 0
1.121615e+00 -9.315232e-04 0
1.121615e+00 -9.315232e-04 0
1.121767e+00 -1.097429e-03 0
1.121564e+00 -1.248127e-03 0
1.121440e+00 -1.057898e-03 0
1.121440e+00 -1.057898e-03 0
1.121564e+00 -1.248127e-03 0
1.121314e+00 -1.365535e-03 0
1.121224e+00 -1.155616e-03 0
1.121224e+00 -1.155616e-03 0
1.121314e+00 -1.365535e-03 0
1.120990e+00 -1.445721e-03 0
1.120935e+00 -1.221556e-03 0
1.120935e+00 -1.221556e-03 0
1.120990e+00 -1.445721e-03 0
1.120496e+00 -1.485291e-03 0
1.120480e+00 -1.252998e-03 0
1.120480e+00 -1.252998e-03 0
1.120496e+00 -1.485291e-03 0
1.119592e+00 -1.482104e-03 0
1.119616e+00 -1.248437e-03 0
1.119616e+00 -1.248437e-03 0
1.119592e+00 -1.482104e-03 0
1.117681e+00 -1.435003e-03 0
1.117745e+00 -1.207063e-03 0
1.117745e+00 -1.207063e-03 0
1.117681e+00 -1.435003e-03 0
1.113388e+00 -1.344412e-03 0
1.113491e+00 -1.129443e-03 0
1.113491e+00 -1.129443e-03 0
1.113388e+00 -1.344412e-03 0
1.103757e+00 -1.212487e-03 0
1.103896e+00 -1.017562e-03 0
1.103896e+00 -1.017562e-03 0
1.103757e+00 -1.212487e-03 0
1.082960e+00 -1.043464e-03 0
1.083131e+00 -8.750957e-04 0
1.083131e+00 -8.750957e-04 0
1.082960e+00 -1.043464e-03 0
1.040675e+00 -8.442646e-04 0
1.040869e+00 -7.078708e-04 0
1.040869e+00 -7.078708e-04 0
1.040675e+00 -8.442646e-04 0
9.610620e-01 -6.256441e-04 0
9.612673e-01 -5.246906e-04 0
9.612673e-01 -5.246906e-04 0
9.610620e-01 -6.256441e-04 0
8.243250e-01 -4.040028e-04 0
8.245211e-01 -3.387401e-04 0
8.245211e-01 -3.387401e-04 0
8.243250e-01 -4.040028e-04 0
6.160168e-01 -2.065581e-04 0
6.161785e-01 -1.726604e-04 0
6.161785e-01 -1.726604e-04 0
6.160168e-01 -2.065581e-04 0
3.342290e-01 -6.214587e-05 0
3.343266e-01 -5.290651e-05 0
3.343266e-01 -5.290651e-05 0
3.342290e-01 -6.214587e-05 0
-3.670276e-03 3.751527e-06 0
-3.671772e-03 3.215746e-06 0
-3.669043e-03 -3.688254e-06 0
-3.667179e-03 -4.457530e-06 0
3.341493e-01 7.274713e-05 0
3.342626e-01 5.997230e-05 0
3.342626e-01 5.997230e-05 0
3.341493e-01 7.274713e-05 0
6.158158e-01 2.426708e-04 0
6.160487e-01 1.997670e-04 0
6.160487e-01 1.997670e-04 0
6.158158e-01 2.426708e-04 0
8.241535e-01 4.712962e-04 0
8.243822e-01 3.931498e-04 0
8.243822e-01 3.931498e-04 0
8.241535e-01 4.712962e-04 0
9.608034e-01 7.304256e-04 0
9.610409e-01 6.098174e-04 0
9.610409e-01 6.098174e-04 0
9.608034e-01 7.304256e-04 0
1.040448e+00 9.849353e-04 0
1.040673e+00 8.230001e-04 0
1.040673e+00 8.230001e-04 0
1.040448e+00 9.849353e-04 0
1.082784e+00 1.216164e-03 0
1.082981e+00 1.017114e-03 0
1.082981e+00 1.017114e-03 0
1.082784e+00 1.216164e-03 0
1.103633e+00 1.411134e-03 0
1.103793e+00 1.181381e-03 0
1.103793e+00 1.181381e-03 0
1.103633e+00 1.411134e-03 0
1.113315e+00 1.561583e-03 0
1.113431e+00 1.308943e-03 0
1.113431e+00 1.308943e-03 0
1.113315e+00 1.561583e-03 0
1.117655e+00 1.662623e-03 0
1.117726e+00 1.395577e-03 0
1.117726e+00 1.395577e-03 0
1.117655e+00 1.662623e-03 0
1.119612e+00 1.711948e-03 0
1.119634e+00 1.439135e-03 0
1.119634e+00 1.439135e-03 0
1.119612e+00 1.711948e-03 0
1.120560e+00 1.709297e-03 0
1.120536e+00 1.439139e-03 0
1.120536e+00 1.439139e-03 0
1.120560e+00 1.709297e-03 0
1.121095e+00 1.656336e-03 0
1.121025e+00 1.396686e-03 0
1.121025e+00 1.396686e-03 0
1.121095e+00 1.656336e-03 0
1.121457e+00 1.556113e-03 0
1.121346e+00 1.314077e-03 0
1.121346e+00 1.314077e-03 0
1.121457e+00 1.556113e-03 0
1.121739e+00 1.413076e-03 0
1.121590e+00 1.194826e-03 0
1.121590e+00 1.194826e-03 0
1.121739e+00 1.413076e-03 0
1.121971e+00 1.231891e-03 0
1.121789e+00 1.042720e-03 0
1.121789e+00 1.042720e-03 0
1.121971e+00 1.231891e-03 0
1.122162e+00 1.018476e-03 0
1.121953e+00 8.626672e-04 0
1.121953e+00 8.626672e-04 0
1.122162e+00 1.018476e-03 0
1.122312e+00 7.789764e-04 0
1.122082e+00 6.598676e-04 0
1.122082e+00 6.598676e-04 0
1.122312e+00 7.789764e-04 0
1.122420e+00 5.194688e-04 0
1.122174e+00 4.395438e-04 0
1.122174e+00 4.395438e-04 0
1.122420e+00 5.194688e-04 0
1.122485e+00 2.474871e-04 0
1.122230e+00 2.082447e-04 0
1.122230e+00 2.082447e-04 0
1.122485e+00 2.474871e-04 0
1.122505e+00 -3.134100e-05 0
1.122247e+00 -2.906940e-05 0
1.122247e+00 -2.906940e-05 0
1.122505e+00 -3.134100e-05 0
1.122480e+00 -3.100416e-04 0
1.122225e+00 -2.662524e-04 0
1.122225e+00 -2.662524e-04 0
1.122480e+00 -3.100416e-04 0
1.122411e+00 -5.819652e-04 0
1.122165e+00 -4.974382e-04 0
1.122165e+00 -4.974382e-04 0
1.122411e+00 -5.819652e-04 0
1.122298e+00 -8.404834e-04 0
1.122068e+00 -7.168066e-04 0
1.122068e+00 -7.168066e-04 0
1.122298e+00 -8.404834e-04 0
1.122143e+00 -1.079030e-03 0
1.121935e+00 -9.186447e-04 0
1.121935e+00 -9.186447e-04 0
1.122143e+00 -1.079030e-03 0
1.121947e+00 -1.291446e-03 0
1.121767e+00 -1.097429e-03 0
1.121767e+00 -1.097429e-03 0
1.121947e+00 -1.291446e-03 0
1.121711e+00 -1.470978e-03 0
1.121564e+00 -1.248127e-03 0
1.121564e+00 -1.248127e-03 0
1.121711e+00 -1.470978e-03 0
1.121423e+00 -1.612159e-03 0
1.121314e+00 -1.365535e-03 0
1.121314e+00 -1.365535e-03 0
1.121423e+00 -1.612159e-03 0
1.121057e+00 -1.709862e-03 0
1.120990e+00 -1.445721e-03 0
1.120990e+00 -1.445721e-03 0
1.121057e+00 -1.709862e-03 0
1.120518e+00 -1.759775e-03 0
1.120496e+00 -1.485291e-03 0
1.120496e+00 -1.485291e-03 0
1.120518e+00 -1.759775e-03 0
1.119566e+00 -1.759041e-03 0
1.119592e+00 -1.482104e-03 0
1.119592e+00 -1.482104e-03 0
1.119566e+00 -1.759041e-03 0
1.117607e+00 -1.705931e-03 0
1.117681e+00 -1.435003e-03 0
1.117681e+00 -1.435003e-03 0
1.117607e+00 -1.705931e-03 0
1.113267e+00 -1.600629e-03 0
1.113388e+00 -1.344412e-03 0
1.113388e+00 -1.344412e-03 0
1.113267e+00 -1.600629e-03 0
1.103592e+00 -1.445443e-03 0
1.103757e+00 -1.212487e-03 0
1.103757e+00 -1.212487e-03 0
1.103592e+00 -1.445443e-03 0
1.082758e+00 -1.245287e-03 0
1.082960e+00 -1.043464e-03 0
1.082960e+00 -1.043464e-03 0
1.082758e+00 -1.245287e-03 0
1.040446e+00 -1.008453e-03 0
1.040675e+00 -8.442646e-04 0
1.040675e+00 -8.442646e-04 0
1.040446e+00 -1.008453e-03 0
9.608190e-01 -7.479199e-04 0
9.610620e-01 -6.256441e-04 0
9.610620e-01 -6.256441e-04 0
9.608190e-01 -7.479199e-04 0
8.240909e-01 -4.833202e-04 0
8.243250e-01 -4.040028e-04 0
8.243250e-01 -4.040028e-04 0
8.240909e-01 -4.833202e-04 0
6.157611e-01 -2.497369e-04 0
6.160168e-01 -2.065581e-04 0
6.160168e-01 -2.065581e-04 0
6.157611e-01 -2.497369e-04 0
3.341124e-01 -7.516220e-05 0
3.342290e-01 -6.214587e-05 0
3.342290e-01 -6.214587e-05 0
3.341124e-01 -7.516220e-05 0
-3.668522e-03 4.530064e-06 0
-3.670276e-03 3.751527e-06 0
-3.667179e-03 -4.457530e-06 0
-3.664806e-03 -5.424830e-06 0
3.340130e-01 8.600760e-05 0
3.341493e-01 7.274713e-05 0
3.341493e-01 7.274713e-05 0
3.340130e-01 8.600760e-05 0
6.155875e-01 2.875752e-04 0
6.158158e-01 2.426708e-04 0
6.158158e-01 2.426708e-04 0
6.155875e-01 2.875752e-04 0
8.238796e-01 5.667666e-04 0
8.241535e-01 4.712962e-04 0
8.241535e-01 4.712962e-04 0
8.238796e-01 5.667666e-04 0
9.605195e-01 8.757070e-04 0
9.608034e-01 7.304256e-04 0
9.608034e-01 7.304256e-04 0
9.605195e-01 8.757070e-04 0
1.040181e+00 1.180179e-03 0
1.040448e+00 9.849353e-04 0
1.040448e+00 9.849353e-04 0
1.040181e+00 1.180179e-03 0
1.082550e+00 1.455051e-03 0
1.082784e+00 1.216164e-03 0
1.082784e+00 1.216164e-03 0
1.082550e+00 1.455051e-03 0
1.103445e+00 1.686108e-03 0
1.103633e+00 1.411134e-03 0
1.103633e+00 1.411134e-03 0
1.103445e+00 1.686108e-03 0
1.113178e+00 1.863112e-03 0
1.113315e+00 1.561583e-03 0
1.113315e+00 1.561583e-03 0
1.113178e+00 1.863112e-03 0
1.117574e+00 1.980415e-03 0
1.117655e+00 1.662623e-03 0
1.117655e+00 1.662623e-03 0
1.117574e+00 1.980415e-03 0
1.119588e+00 2.035594e-03 0
1.119612e+00 1.711948e-03 0
1.119612e+00 1.711948e-03 0
1.119588e+00 2.035594e-03 0
1.120593e+00 2.028634e-03 0
1.120560e+00 1.709297e-03 0
1.120560e+00 1.709297e-03 0
1.120593e+00 2.028634e-03 0
1.121180e+00 1.962217e-03 0
1.121095e+00 1.656336e-03 0
1.121095e+00 1.656336e-03 0
1.121180e+00 1.962217e-03 0
1.121591e+00 1.840303e-03 0
1.121457e+00 1.556113e-03 0
1.121457e+00 1.556113e-03 0
1.121591e+00 1.840303e-03 0
1.121918e+00 1.668675e-03 0
1.121739e+00 1.413076e-03 0
1.121739e+00 1.413076e-03 0
1.121918e+00 1.668675e-03 0
1.122187e+00 1.452821e-03 0
1.121971e+00 1.231891e-03 0
1.121971e+00 1.231891e-03 0
1.122187e+00 1.452821e-03 0
1.122409e+00 1.200020e-03 0
1.122162e+00 1.018476e-03 0
1.122162e+00 1.018476e-03 0
1.122409e+00 1.200020e-03 0
1.122584e+00 9.175274e-04 0
1.122312e+00 7.789764e-04 0
1.122312e+00 7.789764e-04 0
1.122584e+00 9.175274e-04 0
1.122709e+00 6.123017e-04 0
1.122420e+00 5.194688e-04 0
1.122420e+00 5.194688e-04 0
1.122709e+00 6.123017e-04 0
1.122784e+00 2.931946e-04 0
1.122485e+00 2.474871e-04 0
1.122485e+00 2.474871e-04 0
1.122784e+00 2.931946e-04 0
1.122808e+00 -3.370746e-05 0
1.122505e+00 -3.134100e-05 0
1.122505e+00 -3.134100e-05 0
1.122808e+00 -3.370746e-05 0
1.122779e+00 -3.604866e-04 0
1.122480e+00 -3.100416e-04 0
1.122480e+00 -3.100416e-04 0
1.122779e+00 -3.604866e-04 0
1.122699e+00 -6.796795e-04 0
1.122411e+00 -5.819652e-04 0
1.122411e+00 -5.819652e-04 0
1.122699e+00 -6.796795e-04 0
1.122569e+00 -9.838029e-04 0
1.122298e+00 -8.404834e-04 0
1.122298e+00 -8.404834e-04 0
1.122569e+00 -9.838029e-04 0
1.122389e+00 -1.265363e-03 0
1.122143e+00 -1.079030e-03 0
1.122143e+00 -1.079030e-03 0
1.122389e+00 -1.265363e-03 0
1.122162e+00 -1.516907e-03 0
1.121947e+00 -1.291446e-03 0
1.121947e+00 -1.291446e-03 0
1.122162e+00 -1.516907e-03 0
1.121886e+00 -1.731563e-03 0
1.121711e+00 -1.470978e-03 0
1.121711e+00 -1.470978e-03 0
1.121886e+00 -1.731563e-03 0
1.121555e+00 -1.901500e-03 0
1.121423e+00 -1.612159e-03 0
1.121423e+00 -1.612159e-03 0
1.121555e+00 -1.901500e-03 0
1.121139e+00 -2.020816e-03 0
1.121057e+00 -1.709862e-03 0
1.121057e+00 -1.709862e-03 0
1.121139e+00 -2.020816e-03 0
1.120547e+00 -2.083892e-03 0
1.120518e+00 -1.759775e-03 0
1.120518e+00 -1.759775e-03 0
1.120547e+00 -2.083892e-03 0
1.119539e+00 -2.087186e-03 0
1.119566e+00 -1.759041e-03 0
1.119566e+00 -1.759041e-03 0
1.119539e+00 -2.087186e-03 0
1.117522e+00 -2.028032e-03 0
1.117607e+00 -1.705931e-03 0
1.117607e+00 -1.705931e-03 0
1.117522e+00 -2.028032e-03 0
1.113126e+00 -1.906221e-03 0
1.113267e+00 -1.600629e-03 0
1.113267e+00 -1.600629e-03 0
1.113126e+00 -1.906221e-03 0
1.103399e+00 -1.724180e-03 0
1.103592e+00 -1.445443e-03 0
1.103592e+00 -1.445443e-03 0
1.103399e+00 -1.724180e-03 0
1.082519e+00 -1.487578e-03 0
1.082758e+00 -1.245287e-03 0
1.082758e+00 -1.245287e-03 0
1.082519e+00 -1.487578e-03 0
1.040172e+00 -1.206259e-03 0
1.040446e+00 -1.008453e-03 0
1.040446e+00 -1.008453e-03 0
1.040172e+00 -1.206259e-03 0
9.605290e-01 -8.958515e-04 0
9.608190e-01 -7.479199e-04 0
9.608190e-01 -7.479199e-04 0
9.605290e-01 -8.958515e-04 0
8.238111e-01 -5.801405e-04 0
8.240909e-01 -4.833202e-04 0
8.240909e-01 -4.833202e-04 0
8.238111e-01 -5.801405e-04 0
6.155105e-01 -2.961401e-04 0
6.157611e-01 -2.497369e-04 0
6.157611e-01 -2.497369e-04 0
6.155105e-01 -2.961401e-04 0
3.339726e-01 -8.868430e-05 0
3.341124e-01 -7.516220e-05 0
3.341124e-01 -7.516220e-05 0
3.339726e-01 -8.868430e-05 0
-3.666269e-03 5.508420e-06 0
-3.668522e-03 4.530064e-06 0
-3.664806e-03 -5.424830e-06 0
-3.661787e-03 -6.636339e-06 0
3.338495e-01 1.039192e-04 0
3.340130e-01 8.600760e-05 0
3.340130e-01 8.600760e-05 0
3.338495e-01 1.039192e-04 0
6.153003e-01 3.488884e-04 0
6.155875e-01 2.875752e-04 0
6.155875e-01 2.875752e-04 0
6.153003e-01 3.488884e-04 0
8.235506e-01 6.783729e-04 0
8.238796e-01 5.667666e-04 0
8.238796e-01 5.667666e-04 0
8.235506e-01 6.783729e-04 0
9.601814e-01 1.052337e-03 0
9.605195e-01 8.757070e-04 0
9.605195e-01 8.757070e-04 0
9.601814e-01 1.052337e-03 0
1.039862e+00 1.417113e-03 0
1.040181e+00 1.180179e-03 0
1.040181e+00 1.180179e-03 0
1.039862e+00 1.417113e-03 0
1.082273e+00 1.745887e-03 0
1.082550e+00 1.455051e-03 0
1.082550e+00 1.455051e-03 0
1.082273e+00 1.745887e-03 0
1.103222e+00 2.019965e-03 0
1.103445e+00 1.686108e-03 0
1.103445e+00 1.686108e-03 0
1.103222e+00 2.019965e-03 0
1.113019e+00 2.227879e-03 0
1.113178e+00 1.863112e-03 0
1.113178e+00 1.863112e-03 0
1.113019e+00 2.227879e-03 0
1.117482e+00 2.363236e-03 0
1.117574e+00 1.980415e-03 0
1.117574e+00 1.980415e-03 0
1.117482e+00 2.363236e-03 0
1.119564e+00 2.423673e-03 0
1.119588e+00 2.035594e-03 0
1.119588e+00 2.035594e-03 0
1.119564e+00 2.423673e-03 0
1.120635e+00 2.409947e-03 0
1.120593e+00 2.028634e-03 0
1.120593e+00 2.028634e-03 0
1.120635e+00 2.409947e-03 0
1.121285e+00 2.325718e-03 0
1.121180e+00 1.962217e-03 0
1.121180e+00 1.962217e-03 0
1.121285e+00 2.325718e-03 0
1.121754e+00 2.176432e-03 0
1.121591e+00 1.840303e-03 0
1.121591e+00 1.840303e-03 0
1.121754e+00 2.176432e-03 0
1.122130e+00 1.969339e-03 0
1.121918e+00 1.668675e-03 0
1.121918e+00 1.668675e-03 0
1.122130e+00 1.969339e-03 0
1.122443e+00 1.711627e-03 0
1.122187e+00 1.452821e-03 0
1.122187e+00 1.452821e-03 0
1.122443e+00 1.711627e-03 0
1.122700e+00 1.411935e-03 0
1.122409e+00 1.200020e-03 0
1.122409e+00 1.200020e-03 0
1.122700e+00 1.411935e-03 0
1.122903e+00 1.078811e-03 0
1.122584e+00 9.175274e-04 0
1.122584e+00 9.175274e-04 0
1.122903e+00 1.078811e-03 0
1.123048e+00 7.203627e-04 0
1.122709e+00 6.123017e-04 0
1.122709e+00 6.123017e-04 0
1.123048e+00 7.203627e-04 0
1.123134e+00 3.463382e-04 0
1.122784e+00 2.931946e-04 0
1.122784e+00 2.931946e-04 0
1.123134e+00 3.463382e-04 0
1.123162e+00 -3.625988e-05 0
1.122808e+00 -3.370746e-05 0
1.122808e+00 -3.370746e-05 0
1.123162e+00 -3.625988e-05 0
1.123129e+00 -4.187517e-04 0
1.122779e+00 -3.604866e-04 0
1.122779e+00 -3.604866e-04 0
1.123129e+00 -4.187517e-04 0
1.123037e+00 -7.928871e-04 0
1.122699e+00 -6.796795e-04 0
1.122699e+00 -6.796795e-04 0
1.123037e+00 -7.928871e-04 0
1.122887e+00 -1.150329e-03 0
1.122569e+00 -9.838029e-04 0
1.122569e+00 -9.838029e-04 0
1.122887e+00 -1.150329e-03 0
1.122680e+00 -1.482606e-03 0
1.122389e+00 -1.265363e-03 0
1.122389e+00 -1.265363e-03 0
1.122680e+00 -1.482606e-03 0
1.122416e+00 -1.781514e-03 0
1.122162e+00 -1.516907e-03 0
1.122162e+00 -1.516907e-03 0
1.122416e+00 -1.781514e-03 0
1.122098e+00 -2.037641e-03 0
1.121886e+00 -1.731563e-03 0
1.121886e+00 -1.731563e-03 0
1.122098e+00 -2.037641e-03 0
1.121715e+00 -2.242984e-03 0
1.121555e+00 -1.901500e-03 0
1.121555e+00 -1.901500e-03 0
1.121715e+00 -2.242984e-03 0
1.121242e+00 -2.389645e-03 0
1.121139e+00 -2.020816e-03 0
1.121139e+00 -2.020816e-03 0
1.121242e+00 -2.389645e-03 0
1.120586e+00 -2.470531e-03 0
1.120547e+00 -2.083892e-03 0
1.120547e+00 -2.083892e-03 0
1.120586e+00 -2.470531e-03 0
1.119511e+00 -2.480489e-03 0
1.119539e+00 -2.087186e-03 0
1.119539e+00 -2.087186e-03 0
1.119511e+00 -2.480489e-03 0
1.117426e+00 -2.415786e-03 0
1.117522e+00 -2.028032e-03 0
1.117522e+00 -2.028032e-03 0
1.117426e+00 -2.415786e-03 0
1.112962e+00 -2.275513e-03 0
1.113126e+00 -1.906221e-03 0
1.113126e+00 -1.906221e-03 0
1.112962e+00 -2.275513e-03 0
1.103171e+00 -2.062019e-03 0
1.103399e+00 -1.724180e-03 0
1.103399e+00 -1.724180e-03 0
1.103171e+00 -2.062019e-03 0
1.082236e+00 -1.781698e-03 0
1.082519e+00 -1.487578e-03 0
1.082519e+00 -1.487578e-03 0
1.082236e+00 -1.781698e-03 0
1.039848e+00 -1.446131e-03 0
1.040172e+00 -1.206259e-03 0
1.040172e+00 -1.206259e-03 0
1.039848e+00 -1.446131e-03 0
9.601847e-01 -1.073880e-03 0
9.605290e-01 -8.958515e-04 0
9.605290e-01 -8.958515e-04 0
9.601847e-01 -1.073880e-03 0
8.234755e-01 -6.932732e-04 0
8.238111e-01 -5.801405e-04 0
8.238111e-01 -5.801405e-04 0
8.234755e-01 -6.932732e-04 0
6.152344e-01 -3.572318e-04 0
6.155105e-01 -2.961401e-04 0
6.155105e-01 -2.961401e-04 0
6.152344e-01 -3.572318e-04 0
3.338051e-01 -1.069135e-04 0
3.339726e-01 -8.868430e-05 0
3.339726e-01 -8.868430e-05 0
3.338051e-01 -1.069135e-04 0
-3.663382e-03 6.733400e-06 0
-3.666269e-03 5.508420e-06 0
-3.661787e-03 -6.636339e-06 0
-3.657941e-03 -8.391792e-06 0
3.336536e-01 1.257147e-04 0
3.338495e-01 1.039192e-04 0
3.338495e-01 1.039192e-04 0
3.336536e-01 1.257147e-04 0
6.150260e-01 4.135171e-04 0
6.153003e-01 3.488884e-04 0
6.153003e-01 3.488884e-04 0
6.150260e-01 4.135171e-04 0
8.231542e-01 8.177649e-04 0
8.235506e-01 6.783729e-04 0
8.235506e-01 6.783729e-04 0
8.231542e-01 8.177649e-04 0
9.597724e-01 1.265120e-03 0
9.601814e-01 1.052337e-03 0
9.601814e-01 1.052337e-03 0
9.597724e-01 1.265120e-03 0
1.039480e+00 1.702965e-03 0
1.039862e+00 1.417113e-03 0
1.039862e+00 1.417113e-03 0
1.039480e+00 1.702965e-03 0
1.081942e+00 2.094528e-03 0
1.082273e+00 1.745887e-03 0
1.082273e+00 1.745887e-03 0
1.081942e+00 2.094528e-03 0
1.102959e+00 2.419315e-03 0
1.103222e+00 2.019965e-03 0
1.103222e+00 2.019965e-03 0
1.102959e+00 2.419315e-03 0
1.112833e+00 2.662950e-03 0
1.113019e+00 2.227879e-03 0
1.113019e+00 2.227879e-03 0
1.112833e+00 2.662950e-03 0
1.117378e+00 2.818239e-03 0
1.117482e+00 2.363236e-03 0
1.117482e+00 2.363236e-03 0
1.117378e+00 2.818239e-03 0
1.119542e+00 2.883085e-03 0
1.119564e+00 2.423673e-03 0
1.119564e+00 2.423673e-03 0
1.119542e+00 2.883085e-03 0
1.120692e+00 2.859024e-03 0
1.120635e+00 2.409947e-03 0
1.120635e+00 2.409947e-03 0
1.120692e+00 2.859024e-03 0
1.121416e+00 2.751848e-03 0
1.121285e+00 2.325718e-03 0
1.121285e+00 2.325718e-03 0
1.121416e+00 2.751848e-03 0
1.121952e+00 2.568681e-03 0
1.121754e+00 2.176432e-03 0
1.121754e+00 2.176432e-03 0
1.121952e+00 2.568681e-03 0
1.122386e+00 2.319049e-03 0
1.122130e+00 1.969339e-03 0
1.122130e+00 1.969339e-03 0
1.122386e+00 2.319049e-03 0
1.122748e+00 2.011461e-03 0
1.122443e+00 1.711627e-03 0
1.122443e+00 1.711627e-03 0
1.122748e+00 2.011461e-03 0
1.123045e+00 1.656610e-03 0
1.122700e+00 1.411935e-03 0
1.122700e+00 1.411935e-03 0
1.123045e+00 1.656610e-03 0
1.123278e+00 1.264542e-03 0
1.122903e+00 1.078811e-03 0
1.122903e+00 1.078811e-03 0
1.123278e+00 1.264542e-03 0
1.123445e+00 8.444685e-04 0
1.123048e+00 7.203627e-04 0
1.123048e+00 7.203627e-04 0
1.123445e+00 8.444685e-04 0
1.123545e+00 4.075216e-04 0
1.123134e+00 3.463382e-04 0
1.123134e+00 3.463382e-04 0
1.123545e+00 4.075216e-04 0
1.123576e+00 -3.886716e-05 0
1.123162e+00 -3.625988e-05 0
1.123162e+00 -3.625988e-05 0
1.123576e+00 -3.886716e-05 0
1.123539e+00 -4.851639e-04 0
1.123129e+00 -4.187517e-04 0
1.123129e+00 -4.187517e-04 0
1.123539e+00 -4.851639e-04 0
1.123434e+00 -9.223925e-04 0
1.123037e+00 -7.928871e-04 0
1.123037e+00 -7.928871e-04 0
1.123434e+00 -9.223925e-04 0
1.123262e+00 -1.341393e-03 0
1.122887e+00 -1.150329e-03 0
1.122887e+00 -1.150329e-03 0
1.123262e+00 -1.341393e-03 0
1.123024e+00 -1.732693e-03 0
1.122680e+00 -1.482606e-03 0
1.122680e+00 -1.482606e-03 0
1.123024e+00 -1.732693e-03 0
1.122720e+00 -2.086459e-03 0
1.122416e+00 -1.781514e-03 0
1.122416e+00 -1.781514e-03 0
1.122720e+00 -2.086459e-03 0
1.122352e+00 -2.393212e-03 0
1.122098e+00 -2.037641e-03 0
1.122098e+00 -2.037641e-03 0
1.122352e+00 -2.393212e-03 0
1.121911e+00 -2.641481e-03 0
1.121715e+00 -2.242984e-03 0
1.121715e+00 -2.242984e-03 0
1.121911e+00 -2.641481e-03 0
1.121370e+00 -2.822050e-03 0
1.121242e+00 -2.389645e-03 0
1.121242e+00 -2.389645e-03 0
1.121370e+00 -2.822050e-03 0
1.120640e+00 -2.925521e-03 0
1.120586e+00 -2.470531e-03 0
1.120586e+00 -2.470531e-03 0
1.120640e+00 -2.925521e-03 0
1.119485e+00 -2.945453e-03 0
1.119511e+00 -2.480489e-03 0
1.119511e+00 -2.480489e-03 0
1.119485e+00 -2.945453e-03 0
1.117317e+00 -2.876191e-03 0
1.117426e+00 -2.415786e-03 0
1.117426e+00 -2.415786e-03 0
1.117317e+00 -2.876191e-03 0
1.112771e+00 -2.715760e-03 0
1.112962e+00 -2.275513e-03 0
1.112962e+00 -2.275513e-03 0
1.112771e+00 -2.715760e-03 0
1.102902e+00 -2.466246e-03 0
1.103171e+00 -2.062019e-03 0
1.103171e+00 -2.062019e-03 0
1.102902e+00 -2.466246e-03 0
1.081898e+00 -2.134852e-03 0
1.082236e+00 -1.781698e-03 0
1.082236e+00 -1.781698e-03 0
1.081898e+00 -2.134852e-03 0
1.039458e+00 -1.735354e-03 0
1.039848e+00 -1.446131e-03 0
1.039848e+00 -1.446131e-03 0
1.039458e+00 -1.735354e-03 0
9.597682e-01 -1.290323e-03 0
9.601847e-01 -1.073880e-03 0
9.601847e-01 -1.073880e-03 0
9.597682e-01 -1.290323e-03 0
8.230716e-01 -8.344565e-04 0
8.234755e-01 -6.932732e-04 0
8.234755e-01 -6.932732e-04 0
8.230716e-01 -8.344565e-04 0
6.149717e-01 -4.245218e-04 0
6.152344e-01 -3.572318e-04 0
6.152344e-01 -3.572318e-04 0
6.149717e-01 -4.245218e-04 0
3.336049e-01 -1.290801e-04 0
3.338051e-01 -1.069135e-04 0
3.338051e-01 -1.069135e-04 0
3.336049e-01 -1.290801e-04 0
-3.659680e-03 8.507041e-06 0
-3.663382e-03 6.733400e-06 0
-3.657941e-03 -8.391792e-06 0
-3.652934e-03 -1.002605e-05 0
3.334174e-01 1.477230e-04 0
3.336536e-01 1.257147e-04 0
3.336536e-01 1.257147e-04 0
3.334174e-01 1.477230e-04 0
6.146331e-01 4.982658e-04 0
6.150260e-01 4.135171e-04 0
6.150260e-01 4.135171e-04 0
6.146331e-01 4.982658e-04 0
8.226772e-01 9.840743e-04 0
8.231542e-01 8.177649e-04 0
8.231542e-01 8.177649e-04 0
8.226772e-01 9.840743e-04 0
9.592772e-01 1.525816e-03 0
9.597724e-01 1.265120e-03 0
9.597724e-01 1.265120e-03 0
9.592772e-01 1.525816e-03 0
1.039019e+00 2.051984e-03 0
1.039480e+00 1.702965e-03 0
1.039480e+00 1.702965e-03 0
1.039019e+00 2.051984e-03 0
1.081546e+00 2.521654e-03 0
1.081942e+00 2.094528e-03 0
1.081942e+00 2.094528e-03 0
1.081546e+00 2.521654e-03 0
1.102648e+00 2.906895e-03 0
1.102959e+00 2.419315e-03 0
1.102959e+00 2.419315e-03 0
1.102648e+00 2.906895e-03 0
1.112617e+00 3.191597e-03 0
1.112833e+00 2.662950e-03 0
1.112833e+00 2.662950e-03 0
1.112617e+00 3.191597e-03 0
1.117262e+00 3.367922e-03 0
1.117378e+00 2.818239e-03 0
1.117378e+00 2.818239e-03 0
1.117262e+00 3.367922e-03 0
1.119525e+00 3.434531e-03 0
1.119542e+00 2.883085e-03 0
1.119542e+00 2.883085e-03 0
1.119525e+00 3.434531e-03 0
1.120770e+00 3.394878e-03 0
1.120692e+00 2.859024e-03 0
1.120692e+00 2.859024e-03 0
1.120770e+00 3.394878e-03 0
1.121581e+00 3.256819e-03 0
1.121416e+00 2.751848e-03 0
1.121416e+00 2.751848e-03 0
1.121581e+00 3.256819e-03 0
1.122193e+00 3.030302e-03 0
1.121952e+00 2.568681e-03 0
1.121952e+00 2.568681e-03 0
1.122193e+00 3.030302e-03 0
1.122694e+00 2.727439e-03 0
1.122386e+00 2.319049e-03 0
1.122386e+00 2.319049e-03 0
1.122694e+00 2.727439e-03 0
1.123111e+00 2.359479e-03 0
1.122748e+00 2.011461e-03 0
1.122748e+00 2.011461e-03 0
1.123111e+00 2.359479e-03 0
1.123453e+00 1.939109e-03 0
1.123045e+00 1.656610e-03 0
1.123045e+00 1.656610e-03 0
1.123453e+00 1.939109e-03 0
1.123720e+00 1.478090e-03 0
1.123278e+00 1.264542e-03 0
1.123278e+00 1.264542e-03 0
1.123720e+00 1.478090e-03 0
1.123910e+00 9.869236e-04 0
1.123445e+00 8.444685e-04 0
1.123445e+00 8.444685e-04 0
1.123910e+00 9.869236e-04 0
1.124023e+00 4.776618e-04 0
1.123545e+00 4.075216e-04 0
1.123545e+00 4.075216e-04 0
1.124023e+00 4.776618e-04 0
1.124059e+00 -4.159709e-05 0
1.123576e+00 -3.886716e-05 0
1.123576e+00 -3.886716e-05 0
1.124059e+00 -4.159709e-05 0
1.124018e+00 -5.608012e-04 0
1.123539e+00 -4.851639e-04 0
1.123539e+00 -4.851639e-04 0
1.124018e+00 -5.608012e-04 0
1.123899e+00 -1.070451e-03 0
1.123434e+00 -9.223925e-04 0
1.123434e+00 -9.223925e-04 0
1.123899e+00 -1.070451e-03 0
1.123703e+00 -1.560716e-03 0
1.123262e+00 -1.341393e-03 0
1.123262e+00 -1.341393e-03 0
1.123703e+00 -1.560716e-03 0
1.123430e+00 -2.021184e-03 0
1.123024e+00 -1.732693e-03 0
1.123024e+00 -1.732693e-03 0
1.123430e+00 -2.021184e-03 0
1.123082e+00 -2.440708e-03 0
1.122720e+00 -2.086459e-03 0
1.122720e+00 -2.086459e-03 0
1.123082e+00 -2.440708e-03 0
1.122658e+00 -2.807953e-03 0
1.122352e+00 -2.393212e-03 0
1.122352e+00 -2.393212e-03 0
1.122658e+00 -2.807953e-03 0
1.122150e+00 -3.109484e-03 0
1.121911e+00 -2.641481e-03 0
1.121911e+00 -2.641481e-03 0
1.122150e+00 -3.109484e-03 0
1.121531e+00 -3.333490e-03 0
1.121370e+00 -2.822050e-03 0
1.121370e+00 -2.822050e-03 0
1.121531e+00 -3.333490e-03 0
1.120714e+00 -3.468015e-03 0
1.120640e+00 -2.925521e-03 0
1.120640e+00 -2.925521e-03 0
1.120714e+00 -3.468015e-03 0
1.119464e+00 -3.503575e-03 0
1.119485e+00 -2.945453e-03 0
1.119485e+00 -2.945453e-03 0
1.119464e+00 -3.503575e-03 0
1.117197e+00 -3.432261e-03 0
1.117317e+00 -2.876191e-03 0
1.117317e+00 -2.876191e-03 0
1.117197e+00 -3.432261e-03 0
1.112550e+00 -3.250313e-03 0
1.112771e+00 -2.715760e-03 0
1.112771e+00 -2.715760e-03 0
1.112550e+00 -3.250313e-03 0
1.102584e+00 -2.959040e-03 0
1.102902e+00 -2.466246e-03 0
1.102902e+00 -2.466246e-03 0
1.102584e+00 -2.959040e-03 0
1.081496e+00 -2.566272e-03 0
1.081898e+00 -2.134852e-03 0
1.081898e+00 -2.134852e-03 0
1.081496e+00 -2.566272e-03 0
1.038989e+00 -2.088289e-03 0
1.039458e+00 -1.735354e-03 0
1.039458e+00 -1.735354e-03 0
1.038989e+00 -2.088289e-03 0
9.592639e-01 -1.552742e-03 0
9.597682e-01 -1.290323e-03 0
9.597682e-01 -1.290323e-03 0
9.592639e-01 -1.552742e-03 0
8.225864e-01 -1.002818e-03 0
8.230716e-01 -8.344565e-04 0
8.230716e-01 -8.344565e-04 0
8.225864e-01 -1.002818e-03 0
6.145708e-01 -5.108505e-04 0
6.149717e-01 -4.245218e-04 0
6.149717e-01 -4.245218e-04 0
6.145708e-01 -5.108505e-04 0
3.333637e-01 -1.514830e-04 0
3.336049e-01 -1.290801e-04 0
3.336049e-01 -1.290801e-04 0
3.333637e-01 -1.514830e-04 0
-3.654831e-03 1.015947e-05 0
-3.659680e-03 8.507041e-06 0
-3.652934e-03 -1.002605e-05 0
-3.646471e-03 -1.241786e-05 0
3.331325e-01 1.797925e-04 0
3.334174e-01 1.477230e-04 0
3.334174e-01 1.477230e-04 0
3.331325e-01 1.797925e-04 0
6.141061e-01 6.096855e-04 0
6.146331e-01 4.982658e-04 0
6.146331e-01 4.982658e-04 0
6.141061e-01 6.096855e-04 0
8.221008e-01 1.189756e-03 0
8.226772e-01 9.840743e-04 0
8.226772e-01 9.840743e-04 0
8.221008e-01 1.189756e-03 0
9.586840e-01 1.844800e-03 0
9.592772e-01 1.525816e-03 0
9.592772e-01 1.525816e-03 0
9.586840e-01 1.844800e-03 0
1.038468e+00 2.478604e-03 0
1.039019e+00 2.051984e-03 0
1.039019e+00 2.051984e-03 0
1.038468e+00 2.478604e-03 0
1.081076e+00 3.040744e-03 0
1.081546e+00 2.521654e-03 0
1.081546e+00 2.521654e-03 0
1.081076e+00 3.040744e-03 0
1.102283e+00 3.496986e-03 0
1.102648e+00 2.906895e-03 0
1.102648e+00 2.906895e-03 0
1.102283e+00 3.496986e-03 0
1.112369e+00 3.828199e-03 0
1.112617e+00 3.191597e-03 0
1.112617e+00 3.191597e-03 0
1.112369e+00 3.828199e-03 0
1.117136e+00 4.026045e-03 0
1.117262e+00 3.367922e-03 0
1.117262e+00 3.367922e-03 0
1.117136e+00 4.026045e-03 0
1.119517e+00 4.090539e-03 0
1.119525e+00 3.434531e-03 0
1.119525e+00 3.434531e-03 0
1.119517e+00 4.090539e-03 0
1.120875e+00 4.027676e-03 0
1.120770e+00 3.394878e-03 0
1.120770e+00 3.394878e-03 0
1.120875e+00 4.027676e-03 0
1.121787e+00 3.848874e-03 0
1.121581e+00 3.256819e-03 0
1.121581e+00 3.256819e-03 0
1.121787e+00 3.848874e-03 0
1.122488e+00 3.567656e-03 0
1.122193e+00 3.030302e-03 0
1.122193e+00 3.030302e-03 0
1.122488e+00 3.567656e-03 0
1.123064e+00 3.199796e-03 0
1.122694e+00 2.727439e-03 0
1.122694e+00 2.727439e-03 0
1.123064e+00 3.199796e-03 0
1.123543e+00 2.759426e-03 0
1.123111e+00 2.359479e-03 0
1.123111e+00 2.359479e-03 0
1.123543e+00 2.759426e-03 0
1.123933e+00 2.261935e-03 0
1.123453e+00 1.939109e-03 0
1.123453e+00 1.939109e-03 0
1.123933e+00 2.261935e-03 0
1.124236e+00 1.721016e-03 0
1.123720e+00 1.478090e-03 0
1.123720e+00 1.478090e-03 0
1.124236e+00 1.721016e-03 0
1.124451e+00 1.148421e-03 0
1.123910e+00 9.869236e-04 0
1.123910e+00 9.869236e-04 0
1.124451e+00 1.148421e-03 0
1.124579e+00 5.571905e-04 0
1.124023e+00 4.776618e-04 0
1.124023e+00 4.776618e-04 0
1.124579e+00 5.571905e-04 0
1.124620e+00 -4.436323e-05 0
1.124059e+00 -4.159709e-05 0
1.124059e+00 -4.159709e-05 0
1.124620e+00 -4.436323e-05 0
1.124573e+00 -6.459051e-04 0
1.124018e+00 -5.608012e-04 0
1.124018e+00 -5.608012e-04 0
1.124573e+00 -6.459051e-04 0
1.124440e+00 -1.237715e-03 0
1.123899e+00 -1.070451e-03 0
1.123899e+00 -1.070451e-03 0
1.124440e+00 -1.237715e-03 0
1.124218e+00 -1.809542e-03 0
1.123703e+00 -1.560716e-03 0
1.123703e+00 -1.560716e-03 0
1.124218e+00 -1.809542e-03 0
1.123910e+00 -2.350164e-03 0
1.123430e+00 -2.021184e-03 0
1.123430e+00 -2.021184e-03 0
1.123910e+00 -2.350164e-03 0
1.123513e+00 -2.847767e-03 0
1.123082e+00 -2.440708e-03 0
1.123082e+00 -2.440708e-03 0
1.123513e+00 -2.847767e-03 0
1.123027e+00 -3.287178e-03 0
1.122658e+00 -2.807953e-03 0
1.122658e+00 -2.807953e-03 0
1.123027e+00 -3.287178e-03 0
1.122443e+00 -3.654111e-03 0
1.122150e+00 -3.109484e-03 0
1.122150e+00 -3.109484e-03 0
1.122443e+00 -3.654111e-03 0
1.121735e+00 -3.933017e-03 0
1.121531e+00 -3.333490e-03 0
1.121531e+00 -3.333490e-03 0
1.121735e+00 -3.933017e-03 0
1.120815e+00 -4.108260e-03 0
1.120714e+00 -3.468015e-03 0
1.120714e+00 -3.468015e-03 0
1.120815e+00 -4.108260e-03 0
1.119453e+00 -4.166911e-03 0
1.119464e+00 -3.503575e-03 0
1.119464e+00 -3.503575e-03 0
1.119453e+00 -4.166911e-03 0
1.117065e+00 -4.097536e-03 0
1.117197e+00 -3.432261e-03 0
1.117197e+00 -3.432261e-03 0
1.117065e+00 -4.097536e-03 0
1.112296e+00 -3.893713e-03 0
1.112550e+00 -3.250313e-03 0
1.112550e+00 -3.250313e-03 0
1.112296e+00 -3.893713e-03 0
1.102212e+00 -3.555374e-03 0
1.102584e+00 -2.959040e-03 0
1.102584e+00 -2.959040e-03 0
1.102212e+00 -3.555374e-03 0
1.081018e+00 -3.090852e-03 0
1.081496e+00 -2.566272e-03 0
1.081496e+00 -2.566272e-03 0
1.081018e+00 -3.090852e-03 0
1.038429e+00 -2.519458e-03 0
1.038989e+00 -2.088289e-03 0
1.038989e+00 -2.088289e-03 0
1.038429e+00 -2.519458e-03 0
9.586613e-01 -1.875064e-03 0
9.592639e-01 -1.552742e-03 0
9.592639e-01 -1.552742e-03 0
9.586613e-01 -1.875064e-03 0
8.220007e-01 -1.210919e-03 0
8.225864e-01 -1.002818e-03 0
8.225864e-01 -1.002818e-03 0
8.220007e-01 -1.210919e-03 0
6.140181e-01 -6.228073e-04 0
6.145708e-01 -5.108505e-04 0
6.145708e-01 -5.108505e-04 0
6.140181e-01 -6.228073e-04 0
3.330731e-01 -1.840622e-04 0
3.333637e-01 -1.514830e-04 0
3.333637e-01 -1.514830e-04 0
3.330731e-01 -1.840622e-04 0
-3.648543e-03 1.257523e-05 0
-3.654831e-03 1.015947e-05 0
-3.646471e-03 -1.241786e-05 0
-3.637793e-03 -1.553102e-05 0
3.327873e-01 2.127119e-04 0
3.331325e-01 1.797925e-04 0
3.331325e-01 1.797925e-04 0
3.327873e-01 2.127119e-04 0
6.135230e-01 7.274020e-04 0
6.141061e-01 6.096855e-04 0
6.141061e-01 6.096855e-04 0
6.135230e-01 7.274020e-04 0
8.214022e-01 1.446092e-03 0
8.221008e-01 1.189756e-03 0
8.221008e-01 1.189756e-03 0
8.214022e-01 1.446092e-03 0
9.579668e-01 2.235947e-03 0
9.586840e-01 1.844800e-03 0
9.586840e-01 1.844800e-03 0
9.579668e-01 2.235947e-03 0
1.037805e+00 3.001979e-03 0
1.038468e+00 2.478604e-03 0
1.038468e+00 2.478604e-03 0
1.037805e+00 3.001979e-03 0
1.080516e+00 3.673529e-03 0
1.081076e+00 3.040744e-03 0
1.081076e+00 3.040744e-03 0
1.080516e+00 3.673529e-03 0
1.101854e+00 4.212979e-03 0
1.102283e+00 3.496986e-03 0
1.102283e+00 3.496986e-03 0
1.101854e+00 4.212979e-03 0
1.112086e+00 4.596274e-03 0
1.112369e+00 3.828199e-03 0
1.112369e+00 3.828199e-03 0
1.112086e+00 4.596274e-03 0
1.117001e+00 4.814882e-03 0
1.117136e+00 4.026045e-03 0
1.117136e+00 4.026045e-03 0
1.117001e+00 4.814882e-03 0
1.119527e+00 4.871079e-03 0
1.119517e+00 4.090539e-03 0
1.119517e+00 4.090539e-03 0
1.119527e+00 4.871079e-03 0
1.121018e+00 4.773991e-03 0
1.120875e+00 4.027676e-03 0
1.120875e+00 4.027676e-03 0
1.121018e+00 4.773991e-03 0
1.122048e+00 4.541353e-03 0
1.121787e+00 3.848874e-03 0
1.121787e+00 3.848874e-03 0
1.122048e+00 4.541353e-03 0
1.122849e+00 4.190924e-03 0
1.122488e+00 3.567656e-03 0
1.122488e+00 3.567656e-03 0
1.122849e+00 4.190924e-03 0
1.123510e+00 3.743643e-03 0
1.123064e+00 3.199796e-03 0
1.123064e+00 3.199796e-03 0
1.123510e+00 3.743643e-03 0
1.124056e+00 3.216363e-03 0
1.123543e+00 2.759426e-03 0
1.123543e+00 2.759426e-03 0
1.124056e+00 3.216363e-03 0
1.124498e+00 2.628236e-03 0
1.123933e+00 2.261935e-03 0
1.123933e+00 2.261935e-03 0
1.124498e+00 2.628236e-03 0
1.124838e+00 1.995104e-03 0
1.124236e+00 1.721016e-03 0
1.124236e+00 1.721016e-03 0
1.124838e+00 1.995104e-03 0
1.125079e+00 1.329965e-03 0
1.124451e+00 1.148421e-03 0
1.124451e+00 1.148421e-03 0
1.125079e+00 1.329965e-03 0
1.125222e+00 6.464417e-04 0
1.124579e+00 5.571905e-04 0
1.124579e+00 5.571905e-04 0
1.125222e+00 6.464417e-04 0
1.125267e+00 -4.720260e-05 0
1.124620e+00 -4.436323e-05 0
1.124620e+00 -4.436323e-05 0
1.125267e+00 -4.720260e-05 0
1.125216e+00 -7.408766e-04 0
1.124573e+00 -6.459051e-04 0
1.124573e+00 -6.459051e-04 0
1.125216e+00 -7.408766e-04 0
1.125068e+00 -1.425120e-03 0
1.124440e+00 -1.237715e-03 0
1.124440e+00 -1.237715e-03 0
1.125068e+00 -1.425120e-03 0
1.124821e+00 -2.089666e-03 0
1.124218e+00 -1.809542e-03 0
1.124218e+00 -1.809542e-03 0
1.124821e+00 -2.089666e-03 0
1.124474e+00 -2.722750e-03 0
1.123910e+00 -2.350164e-03 0
1.123910e+00 -2.350164e-03 0
1.124474e+00 -2.722750e-03 0
1.124026e+00 -3.310609e-03 0
1.123513e+00 -2.847767e-03 0
1.123513e+00 -2.847767e-03 0
1.124026e+00 -3.310609e-03 0
1.123472e+00 -3.838445e-03 0
1.123027e+00 -3.287178e-03 0
1.123027e+00 -3.287178e-03 0
1.123472e+00 -3.838445e-03 0
1.122803e+00 -4.285891e-03 0
1.122443e+00 -3.654111e-03 0
1.122443e+00 -3.654111e-03 0
1.122803e+00 -4.285891e-03 0
1.121993e+00 -4.634430e-03 0
1.121735e+00 -3.933017e-03 0
1.121735e+00 -3.933017e-03 0
1.121993e+00 -4.634430e-03 0
1.120955e+00 -4.862951e-03 0
1.120815e+00 -4.108260e-03 0
1.120815e+00 -4.108260e-03 0
1.120955e+00 -4.862951e-03 0
1.119458e+00 -4.955158e-03 0
1.119453e+00 -4.166911e-03 0
1.119453e+00 -4.166911e-03 0
1.119458e+00 -4.955158e-03 0
1.116926e+00 -4.894094e-03 0
1.117065e+00 -4.097536e-03 0
1.117065e+00 -4.097536e-03 0
1.116926e+00 -4.894094e-03 0
1.112006e+00 -4.669421e-03 0
1.112296e+00 -3.893713e-03 0
1.112296e+00 -3.893713e-03 0
1.112006e+00 -4.669421e-03 0
1.101776e+00 -4.278814e-03 0
1.102212e+00 -3.555374e-03 0
1.102212e+00 -3.555374e-03 0
1.101776e+00 -4.278814e-03 0
1.080450e+00 -3.730793e-03 0
1.081018e+00 -3.090852e-03 0
1.081018e+00 -3.090852e-03 0
1.080450e+00 -3.730793e-03 0
1.037757e+00 -3.048164e-03 0
1.038429e+00 -2.519458e-03 0
1.038429e+00 -2.519458e-03 0
1.037757e+00 -3.048164e-03 0
9.579335e-01 -2.272547e-03 0
9.586613e-01 -1.875064e-03 0
9.586613e-01 -1.875064e-03 0
9.579335e-01 -2.272547e-03 0
8.212916e-01 -1.470129e-03 0
8.220007e-01 -1.210919e-03 0
8.220007e-01 -1.210919e-03 0
8.212916e-01 -1.470129e-03 0
6.134062e-01 -7.442341e-04 0
6.140181e-01 -6.228073e-04 0
6.140181e-01 -6.228073e-04 0
6.134062e-01 -7.442341e-04 0
3.327216e-01 -2.175492e-04 0
3.330731e-01 -1.840622e-04 0
3.330731e-01 -1.840622e-04 0
3.327216e-01 -2.175492e-04 0
-3.640061e-03 1.571651e-05 0
-3.648543e-03 1.257523e-05 0
-3.637793e-03 -1.553102e-05 0
-3.625971e-03 -1.967068e-05 0
3.323688e-01 2.587036e-04 0
3.327873e-01 2.127119e-04 0
3.327873e-01 2.127119e-04 0
3.323688e-01 2.587036e-04 0
6.128042e-01 8.951423e-04 0
6.135230e-01 7.274020e-04 0
6.135230e-01 7.274020e-04 0
6.128042e-01 8.951423e-04 0
8.205515e-01 1.754092e-03 0
8.214022e-01 1.446092e-03 0
8.214022e-01 1.446092e-03 0
8.205515e-01 1.754092e-03 0
9.571032e-01 2.724527e-03 0
9.579668e-01 2.235947e-03 0
9.579668e-01 2.235947e-03 0
9.571032e-01 2.724527e-03 0
1.037012e+00 3.653214e-03 0
1.037805e+00 3.001979e-03 0
1.037805e+00 3.001979e-03 0
1.037012e+00 3.653214e-03 0
1.079852e+00 4.462206e-03 0
1.080516e+00 3.673529e-03 0
1.080516e+00 3.673529e-03 0
1.079852e+00 4.462206e-03 0
1.101354e+00 5.099554e-03 0
1.101854e+00 4.212979e-03 0
1.101854e+00 4.212979e-03 0
1.101354e+00 5.099554e-03 0
1.111766e+00 5.539315e-03 0
1.112086e+00 4.596274e-03 0
1.112086e+00 4.596274e-03 0
1.111766e+00 5.539315e-03 0
1.116864e+00 5.773883e-03 0
1.117001e+00 4.814882e-03 0
1.117001e+00 4.814882e-03 0
1.116864e+00 5.773883e-03 0
1.119563e+00 5.809666e-03 0
1.119527e+00 4.871079e-03 0
1.119527e+00 4.871079e-03 0
1.119563e+00 5.809666e-03 0
1.121212e+00 5.662340e-03 0
1.121018e+00 4.773991e-03 0
1.121018e+00 4.773991e-03 0
1.121212e+00 5.662340e-03 0
1.122379e+00 5.355699e-03 0
1.122048e+00 4.541353e-03 0
1.122048e+00 4.541353e-03 0
1.122379e+00 5.355699e-03 0
1.123296e+00 4.914916e-03 0
1.122849e+00 4.190924e-03 0
1.122849e+00 4.190924e-03 0
1.123296e+00 4.914916e-03 0
1.124048e+00 4.366984e-03 0
1.123510e+00 3.743643e-03 0
1.123510e+00 3.743643e-03 0
1.124048e+00 4.366984e-03 0
1.124666e+00 3.734282e-03 0
1.124056e+00 3.216363e-03 0
1.124056e+00 3.216363e-03 0
1.124666e+00 3.734282e-03 0
1.125161e+00 3.039332e-03 0
1.124498e+00 2.628236e-03 0
1.124498e+00 2.628236e-03 0
1.125161e+00 3.039332e-03 0
1.125539e+00 2.300231e-03 0
1.124838e+00 1.995104e-03 0
1.124838e+00 1.995104e-03 0
1.125539e+00 2.300231e-03 0
1.125804e+00 1.530863e-03 0
1.125079e+00 1.329965e-03 0
1.125079e+00 1.329965e-03 0
1.125804e+00 1.530863e-03 0
1.125961e+00 7.450875e-04 0
1.125222e+00 6.464417e-04 0
1.125222e+00 6.464417e-04 0
1.125961e+00 7.450875e-04 0
1.126011e+00 -4.987255e-05 0
1.125267e+00 -4.720260e-05 0
1.125267e+00 -4.720260e-05 0
1.126011e+00 -4.987255e-05 0
1.125956e+00 -8.449570e-04 0
1.125216e+00 -7.408766e-04 0
1.125216e+00 -7.408766e-04 0
1.125956e+00 -8.449570e-04 0
1.125793e+00 -1.631825e-03 0
1.125068e+00 -1.425120e-03 0
1.125068e+00 -1.425120e-03 0
1.125793e+00 -1.631825e-03 0
1.125522e+00 -2.400955e-03 0
1.124821e+00 -2.089666e-03 0
1.124821e+00 -2.089666e-03 0
1.125522e+00 -2.400955e-03 0
1.125137e+00 -3.140601e-03 0
1.124474e+00 -2.722750e-03 0
1.124474e+00 -2.722750e-03 0
1.125137e+00 -3.140601e-03 0
1.124635e+00 -3.836944e-03 0
1.124026e+00 -3.310609e-03 0
1.124026e+00 -3.310609e-03 0
1.124635e+00 -3.836944e-03 0
1.124010e+00 -4.469790e-03 0
1.123472e+00 -3.838445e-03 0
1.123472e+00 -3.838445e-03 0
1.124010e+00 -4.469790e-03 0
1.123248e+00 -5.018229e-03 0
1.122803e+00 -4.285891e-03 0
1.122803e+00 -4.285891e-03 0
1.123248e+00 -5.018229e-03 0
1.122322e+00 -5.457576e-03 0
1.121993e+00 -4.634430e-03 0
1.121993e+00 -4.634430e-03 0
1.122322e+00 -5.457576e-03 0
1.121145e+00 -5.760857e-03 0
1.120955e+00 -4.862951e-03 0
1.120955e+00 -4.862951e-03 0
1.121145e+00 -5.760857e-03 0
1.119490e+00 -5.903903e-03 0
1.119458e+00 -4.955158e-03 0
1.119458e+00 -4.955158e-03 0
1.119490e+00 -5.903903e-03 0
1.116783e+00 -5.863081e-03 0
1.116926e+00 -4.894094e-03 0
1.116926e+00 -4.894094e-03 0
1.116783e+00 -5.863081e-03 0
1.111680e+00 -5.621852e-03 0
1.112006e+00 -4.669421e-03 0
1.112006e+00 -4.669421e-03 0
1.111680e+00 -5.621852e-03 0
1.101268e+00 -5.173709e-03 0
1.101776e+00 -4.278814e-03 0
1.101776e+00 -4.278814e-03 0
1.101268e+00 -5.173709e-03 0
1.079776e+00 -4.526199e-03 0
1.080450e+00 -3.730793e-03 0
1.080450e+00 -3.730793e-03 0
1.079776e+00 -4.526199e-03 0
1.036954e+00 -3.705694e-03 0
1.037757e+00 -3.048164e-03 0
1.037757e+00 -3.048164e-03 0
1.036954e+00 -3.705694e-03 0
9.570596e-01 -2.763210e-03 0
9.579335e-01 -2.272547e-03 0
9.579335e-01 -2.272547e-03 0
9.570596e-01 -2.763210e-03 0
8.204290e-01 -1.781483e-03 0
8.212916e-01 -1.470129e-03 0
8.212916e-01 -1.470129e-03 0
8.204290e-01 -1.781483e-03 0
6.126961e-01 -9.105797e-04 0
6.134062e-01 -7.442341e-04 0
6.134062e-01 -7.442341e-04 0
6.126961e-01 -9.105797e-04 0
3.322959e-01 -2.642615e-04 0
3.327216e-01 -2.175492e-04 0
3.327216e-01 -2.175492e-04 0
3.322959e-01 -2.642615e-04 0
-3.628461e-03 1.988864e-05 0
-3.640061e-03 1.571651e-05 0
-3.625971e-03 -1.967068e-05 0
-3.609569e-03 -2.600991e-05 0
3.318601e-01 3.149516e-04 0
3.323688e-01 2.587036e-04 0
3.323688e-01 2.587036e-04 0
3.318601e-01 3.149516e-04 0
6.119904e-01 1.070985e-03 0
6.128042e-01 8.951423e-04 0
6.128042e-01 8.951423e-04 0
6.119904e-01 1.070985e-03 0
8.195100e-01 2.148507e-03 0
8.205515e-01 1.754092e-03 0
8.205515e-01 1.754092e-03 0
8.195100e-01 2.148507e-03 0
9.560427e-01 3.328489e-03 0
9.571032e-01 2.724527e-03 0
9.571032e-01 2.724527e-03 0
9.560427e-01 3.328489e-03 0
1.036047e+00 4.459410e-03 0
1.037012e+00 3.653214e-03 0
1.037012e+00 3.653214e-03 0
1.036047e+00 4.459410e-03 0
1.079057e+00 5.428997e-03 0
1.079852e+00 4.462206e-03 0
1.079852e+00 4.462206e-03 0
1.079057e+00 5.428997e-03 0
1.100770e+00 6.180213e-03 0
1.101354e+00 5.099554e-03 0
1.101354e+00 5.099554e-03 0
1.100770e+00 6.180213e-03 0
1.111411e+00 6.680521e-03 0
1.111766e+00 5.539315e-03 0
1.111766e+00 5.539315e-03 0
1.111411e+00 6.680521e-03 0
1.116735e+00 6.924409e-03 0
1.116864e+00 5.773883e-03 0
1.116864e+00 5.773883e-03 0
1.116735e+00 6.924409e-03 0
1.119645e+00 6.924697e-03 0
1.119563e+00 5.809666e-03 0
1.119563e+00 5.809666e-03 0
1.119645e+00 6.924697e-03 0
1.121481e+00 6.704301e-03 0
1.121212e+00 5.662340e-03 0
1.121212e+00 5.662340e-03 0
1.121481e+00 6.704301e-03 0
1.122806e+00 6.299932e-03 0
1.122379e+00 5.355699e-03 0
1.122379e+00 5.355699e-03 0
1.122806e+00 6.299932e-03 0
1.123850e+00 5.744566e-03 0
1.123296e+00 4.914916e-03 0
1.123296e+00 4.914916e-03 0
1.123850e+00 5.744566e-03 0
1.124701e+00 5.074021e-03 0
1.124048e+00 4.366984e-03 0
1.124048e+00 4.366984e-03 0
1.124701e+00 5.074021e-03 0
1.125392e+00 4.315009e-03 0
1.124666e+00 3.734282e-03 0
1.124666e+00 3.734282e-03 0
1.125392e+00 4.315009e-03 0
1.125939e+00 3.495439e-03 0
1.125161e+00 3.039332e-03 0
1.125161e+00 3.039332e-03 0
1.125939e+00 3.495439e-03 0
1.126352e+00 2.635724e-03 0
1.125539e+00 2.300231e-03 0
1.125539e+00 2.300231e-03 0
1.126352e+00 2.635724e-03 0
1.126639e+00 1.750566e-03 0
1.125804e+00 1.530863e-03 0
1.125804e+00 1.530863e-03 0
1.126639e+00 1.750566e-03 0
1.126808e+00 8.523717e-04 0
1.125961e+00 7.450875e-04 0
1.125961e+00 7.450875e-04 0
1.126808e+00 8.523717e-04 0
1.126861e+00 -5.267154e-05 0
1.126011e+00 -4.987255e-05 0
1.126011e+00 -4.987255e-05 0
1.126861e+00 -5.267154e-05 0
1.126802e+00 -9.579139e-04 0
1.125956e+00 -8.449570e-04 0
1.125956e+00 -8.449570e-04 0
1.126802e+00 -9.579139e-04 0
1.126628e+00 -1.857195e-03 0
1.125793e+00 -1.631825e-03 0
1.125793e+00 -1.631825e-03 0
1.126628e+00 -1.857195e-03 0
1.126335e+00 -2.742692e-03 0
1.125522e+00 -2.400955e-03 0
1.125522e+00 -2.400955e-03 0
1.126335e+00 -2.742692e-03 0
1.125916e+00 -3.603410e-03 0
1.125137e+00 -3.140601e-03 0
1.125137e+00 -3.140601e-03 0
1.125916e+00 -3.603410e-03 0
1.125363e+00 -4.423939e-03 0
1.124635e+00 -3.836944e-03 0
1.124635e+00 -3.836944e-03 0
1.125363e+00 -4.423939e-03 0
1.124663e+00 -5.185442e-03 0
1.124010e+00 -4.469790e-03 0
1.124010e+00 -4.469790e-03 0
1.124663e+00 -5.185442e-03 0
1.123802e+00 -5.858477e-03 0
1.123248e+00 -5.018229e-03 0
1.123248e+00 -5.018229e-03 0
1.123802e+00 -5.858477e-03 0
1.122747e+00 -6.413442e-03 0
1.122322e+00 -5.457576e-03 0
1.122322e+00 -5.457576e-03 0
1.122747e+00 -6.413442e-03 0
1.121411e+00 -6.813661e-03 0
1.121145e+00 -5.760857e-03 0
1.121145e+00 -5.760857e-03 0
1.121411e+00 -6.813661e-03 0
1.119568e+00 -7.028596e-03 0
1.119490e+00 -5.903903e-03 0
1.119490e+00 -5.903903e-03 0
1.119568e+00 -7.028596e-03 0
1.116648e+00 -7.023486e-03 0
1.116783e+00 -5.863081e-03 0
1.116783e+00 -5.863081e-03 0
1.116648e+00 -7.023486e-03 0
1.111317e+00 -6.773048e-03 0
1.111680e+00 -5.621852e-03 0
1.111680e+00 -5.621852e-03 0
1.111317e+00 -6.773048e-03 0
1.100676e+00 -6.264380e-03 0
1.101268e+00 -5.173709e-03 0
1.101268e+00 -5.173709e-03 0
1.100676e+00 -6.264380e-03 0
1.078971e+00 -5.502958e-03 0
1.079776e+00 -4.526199e-03 0
1.079776e+00 -4.526199e-03 0
1.078971e+00 -5.502958e-03 0
1.035977e+00 -4.519311e-03 0
1.036954e+00 -3.705694e-03 0
1.036954e+00 -3.705694e-03 0
1.035977e+00 -4.519311e-03 0
9.559861e-01 -3.376738e-03 0
9.570596e-01 -2.763210e-03 0
9.570596e-01 -2.763210e-03 0
9.559861e-01 -3.376738e-03 0
8.193740e-01 -2.179931e-03 0
8.204290e-01 -1.781483e-03 0
8.204290e-01 -1.781483e-03 0
8.193740e-01 -2.179931e-03 0
6.118877e-01 -1.094327e-03 0
6.126961e-01 -9.105797e-04 0
6.126961e-01 -9.105797e-04 0
6.118877e-01 -1.094327e-03 0
3.317788e-01 -3.213910e-04 0
3.322959e-01 -2.642615e-04 0
3.322959e-01 -2.642615e-04 0
3.317788e-01 -3.213910e-04 0
-3.612317e-03 2.626589e-05 0
-3.628461e-03 1.988864e-05 0
-3.609569e-03 -2.600991e-05 0
-3.586246e-03 -3.355351e-05 0
3.312376e-01 3.668585e-04 0
3.318601e-01 3.149516e-04 0
3.318601e-01 3.149516e-04 0
3.312376e-01 3.668585e-04 0
6.109377e-01 1.308067e-03 0
6.119904e-01 1.070985e-03 0
6.119904e-01 1.070985e-03 0
6.109377e-01 1.308067e-03 0
8.182295e-01 2.632333e-03 0
8.195100e-01 2.148507e-03 0
8.195100e-01 2.148507e-03 0
8.182295e-01 2.632333e-03 0
9.547322e-01 4.097701e-03 0
9.560427e-01 3.328489e-03 0
9.560427e-01 3.328489e-03 0
9.547322e-01 4.097701e-03 0
1.034869e+00 5.480109e-03 0
1.036047e+00 4.459410e-03 0
1.036047e+00 4.459410e-03 0
1.034869e+00 5.480109e-03 0
1.078104e+00 6.652902e-03 0
1.079057e+00 5.428997e-03 0
1.079057e+00 5.428997e-03 0
1.078104e+00 6.652902e-03 0
1.100093e+00 7.535352e-03 0
1.100770e+00 6.180213e-03 0
1.100770e+00 6.180213e-03 0
1.100093e+00 7.535352e-03 0
1.111025e+00 8.094479e-03 0
1.111411e+00 6.680521e-03 0
1.111411e+00 6.680521e-03 0
1.111025e+00 8.094479e-03 0
1.116632e+00 8.330132e-03 0
1.116735e+00 6.924409e-03 0
1.116735e+00 6.924409e-03 0
1.116632e+00 8.330132e-03 0
1.119799e+00 8.266054e-03 0
1.119645e+00 6.924697e-03 0
1.119645e+00 6.924697e-03 0
1.119799e+00 8.266054e-03 0
1.121856e+00 7.939535e-03 0
1.121481e+00 6.704301e-03 0
1.121481e+00 6.704301e-03 0
1.121856e+00 7.939535e-03 0
1.123360e+00 7.399637e-03 0
1.122806e+00 6.299932e-03 0
1.122806e+00 6.299932e-03 0
1.123360e+00 7.399637e-03 0
1.124543e+00 6.693216e-03 0
1.123850e+00 5.744566e-03 0
1.123850e+00 5.744566e-03 0
1.124543e+00 6.693216e-03 0
1.125495e+00 5.866532e-03 0
1.124701e+00 5.074021e-03 0
1.124701e+00 5.074021e-03 0
1.125495e+00 5.866532e-03 0
1.126258e+00 4.954665e-03 0
1.125392e+00 4.315009e-03 0
1.125392e+00 4.315009e-03 0
1.126258e+00 4.954665e-03 0
1.126850e+00 3.989867e-03 0
1.125939e+00 3.495439e-03 0
1.125939e+00 3.495439e-03 0
1.126850e+00 3.989867e-03 0
1.127289e+00 2.994541e-03 0
1.126352e+00 2.635724e-03 0
1.126352e+00 2.635724e-03 0
1.127289e+00 2.994541e-03 0
1.127592e+00 1.982793e-03 0
1.126639e+00 1.750566e-03 0
1.126639e+00 1.750566e-03 0
1.127592e+00 1.982793e-03 0
1.127768e+00 9.656225e-04 0
1.126808e+00 8.523717e-04 0
1.126808e+00 8.523717e-04 0
1.127768e+00 9.656225e-04 0
1.127824e+00 -5.485773e-05 0
1.126861e+00 -5.267154e-05 0
1.126861e+00 -5.267154e-05 0
1.127824e+00 -5.485773e-05 0
1.127763e+00 -1.075693e-03 0
1.126802e+00 -9.579139e-04 0
1.126802e+00 -9.579139e-04 0
1.127763e+00 -1.075693e-03 0
1.127583e+00 -2.094659e-03 0
1.126628e+00 -1.857195e-03 0
1.126628e+00 -1.857195e-03 0
1.127583e+00 -2.094659e-03 0
1.127275e+00 -3.107262e-03 0
1.126335e+00 -2.742692e-03 0
1.126335e+00 -2.742692e-03 0
1.127275e+00 -3.107262e-03 0
1.126828e+00 -4.104624e-03 0
1.125916e+00 -3.603410e-03 0
1.125916e+00 -3.603410e-03 0
1.126828e+00 -4.104624e-03 0
1.126230e+00 -5.071636e-03 0
1.125363e+00 -4.423939e-03 0
1.125363e+00 -4.423939e-03 0
1.126230e+00 -5.071636e-03 0
1.125459e+00 -5.987171e-03 0
1.124663e+00 -5.185442e-03 0
1.124663e+00 -5.185442e-03 0
1.125459e+00 -5.987171e-03 0
1.124496e+00 -6.817177e-03 0
1.123802e+00 -5.858477e-03 0
1.123802e+00 -5.858477e-03 0
1.124496e+00 -6.817177e-03 0
1.123301e+00 -7.524139e-03 0
1.122747e+00 -6.413442e-03 0
1.122747e+00 -6.413442e-03 0
1.123301e+00 -7.524139e-03 0
1.121784e+00 -8.061444e-03 0
1.121411e+00 -6.813661e-03 0
1.121411e+00 -6.813661e-03 0
1.121784e+00 -8.061444e-03 0
1.119719e+00 -8.383975e-03 0
1.119568e+00 -7.028596e-03 0
1.119568e+00 -7.028596e-03 0
1.119719e+00 -8.383975e-03 0
1.116541e+00 -8.443296e-03 0
1.116648e+00 -7.023486e-03 0
1.116648e+00 -7.023486e-03 0
1.116541e+00 -8.443296e-03 0
1.110926e+00 -8.200416e-03 0
1.111317e+00 -6.773048e-03 0
1.111317e+00 -6.773048e-03 0
1.110926e+00 -8.200416e-03 0
1.099991e+00 -7.631380e-03 0
1.100676e+00 -6.264380e-03 0
1.100676e+00 -6.264380e-03 0
1.099991e+00 -7.631380e-03 0
1.078008e+00 -6.736244e-03 0
1.078971e+00 -5.502958e-03 0
1.078971e+00 -5.502958e-03 0
1.078008e+00 -6.736244e-03 0
1.034786e+00 -5.548844e-03 0
1.035977e+00 -4.519311e-03 0
1.035977e+00 -4.519311e-03 0
1.034786e+00 -5.548844e-03 0
9.546587e-01 -4.147888e-03 0
9.559861e-01 -3.376738e-03 0
9.559861e-01 -3.376738e-03 0
9.546587e-01 -4.147888e-03 0
8.180781e-01 -2.668481e-03 0
8.193740e-01 -2.179931e-03 0
8.193740e-01 -2.179931e-03 0
8.180781e-01 -2.668481e-03 0
6.108181e-01 -1.335990e-03 0
6.118877e-01 -1.094327e-03 0
6.118877e-01 -1.094327e-03 0
6.108181e-01 -1.335990e-03 0
3.311468e-01 -3.742806e-04 0
3.317788e-01 -3.213910e-04 0
3.317788e-01 -3.213910e-04 0
3.311468e-01 -3.742806e-04 0
-3.589304e-03 3.383604e-05 0
-3.612317e-03 2.626589e-05 0
-3.586246e-03 -3.355351e-05 0
-3.552464e-03 -4.598893e-05 0
3.304726e-01 4.499855e-04 0
3.312376e-01 3.668585e-04 0
3.312376e-01 3.668585e-04 0
3.304726e-01 4.499855e-04 0
6.095525e-01 1.633218e-03 0
6.109377e-01 1.308067e-03 0
6.109377e-01 1.308067e-03 0
6.095525e-01 1.633218e-03 0
8.166432e-01 3.255258e-03 0
8.182295e-01 2.632333e-03 0
8.182295e-01 2.632333e-03 0
8.166432e-01 3.255258e-03 0
9.531289e-01 5.074890e-03 0
9.547322e-01 4.097701e-03 0
9.547322e-01 4.097701e-03 0
9.531289e-01 5.074890e-03 0
1.033442e+00 6.773669e-03 0
1.034869e+00 5.480109e-03 0
1.034869e+00 5.480109e-03 0
1.033442e+00 6.773669e-03 0
1.076974e+00 8.188576e-03 0
1.078104e+00 6.652902e-03 0
1.078104e+00 6.652902e-03 0
1.076974e+00 8.188576e-03 0
1.099319e+00 9.219158e-03 0
1.100093e+00 7.535352e-03 0
1.100093e+00 7.535352e-03 0
1.099319e+00 9.219158e-03 0
1.110621e+00 9.830645e-03 0
1.111025e+00 8.094479e-03 0
1.111025e+00 8.094479e-03 0
1.110621e+00 9.830645e-03 0
1.116579e+00 1.003254e-02 0
1.116632e+00 8.330132e-03 0
1.116632e+00 8.330132e-03 0
1.116579e+00 1.003254e-02 0
1.120057e+00 9.865439e-03 0
1.119799e+00 8.266054e-03 0
1.119799e+00 8.266054e-03 0
1.120057e+00 9.865439e-03 0
1.122372e+00 9.385843e-03 0
1.121856e+00 7.939535e-03 0
1.121856e+00 7.939535e-03 0
1.122372e+00 9.385843e-03 0
1.124076e+00 8.663705e-03 0
1.123360e+00 7.399637e-03 0
1.123360e+00 7.399637e-03 0
1.124076e+00 8.663705e-03 0
1.125407e+00 7.762652e-03 0
1.124543e+00 6.693216e-03 0
1.124543e+00 6.693216e-03 0
1.125407e+00 7.762652e-03 0
1.126459e+00 6.742940e-03 0
1.125495e+00 5.866532e-03 0
1.125495e+00 5.866532e-03 0
1.126459e+00 6.742940e-03 0
1.127284e+00 5.647978e-03 0
1.126258e+00 4.954665e-03 0
1.126258e+00 4.954665e-03 0
1.127284e+00 5.647978e-03 0
1.127910e+00 4.515659e-03 0
1.126850e+00 3.989867e-03 0
1.126850e+00 3.989867e-03 0
1.127910e+00 4.515659e-03 0
1.128363e+00 3.369757e-03 0
1.127289e+00 2.994541e-03 0
1.127289e+00 2.994541e-03 0
1.128363e+00 3.369757e-03 0
1.128671e+00 2.222784e-03 0
1.127592e+00 1.982793e-03 0
1.127592e+00 1.982793e-03 0
1.128671e+00 2.222784e-03 0
1.128848e+00 1.081592e-03 0
1.127768e+00 9.656225e-04 0
1.127768e+00 9.656225e-04 0
1.128848e+00 1.081592e-03 0
1.128904e+00 -5.687981e-05 0
1.127824e+00 -5.485773e-05 0
1.127824e+00 -5.485773e-05 0
1.128904e+00 -5.687981e-05 0
1.128844e+00 -1.195869e-03 0
1.127763e+00 -1.075693e-03 0
1.127763e+00 -1.075693e-03 0
1.128844e+00 -1.195869e-03 0
1.128663e+00 -2.339266e-03 0
1.127583e+00 -2.094659e-03 0
1.127583e+00 -2.094659e-03 0
1.128663e+00 -2.339266e-03 0
1.128351e+00 -3.487963e-03 0
1.127275e+00 -3.107262e-03 0
1.127275e+00 -3.107262e-03 0
1.128351e+00 -3.487963e-03 0
1.127890e+00 -4.636982e-03 0
1.126828e+00 -4.104624e-03 0
1.126828e+00 -4.104624e-03 0
1.127890e+00 -4.636982e-03 0
1.127259e+00 -5.774536e-03 0
1.126230e+00 -5.071636e-03 0
1.126230e+00 -5.071636e-03 0
1.127259e+00 -5.774536e-03 0
1.126425e+00 -6.873401e-03 0
1.125459e+00 -5.987171e-03 0
1.125459e+00 -5.987171e-03 0
1.126425e+00 -6.873401e-03 0
1.125362e+00 -7.898672e-03 0
1.124496e+00 -6.817177e-03 0
1.124496e+00 -6.817177e-03 0
1.125362e+00 -7.898672e-03 0
1.124018e+00 -8.801944e-03 0
1.123301e+00 -7.524139e-03 0
1.123301e+00 -7.524139e-03 0
1.124018e+00 -8.801944e-03 0
1.122299e+00 -9.522225e-03 0
1.121784e+00 -8.061444e-03 0
1.121784e+00 -8.061444e-03 0
1.122299e+00 -9.522225e-03 0
1.119974e+00 -9.998195e-03 0
1.119719e+00 -8.383975e-03 0
1.119719e+00 -8.383975e-03 0
1.119974e+00 -9.998195e-03 0
1.116484e+00 -1.016099e-02 0
1.116541e+00 -8.443296e-03 0
1.116541e+00 -8.443296e-03 0
1.116484e+00 -1.016099e-02 0
1.110515e+00 -9.951667e-03 0
1.110926e+00 -8.200416e-03 0
1.110926e+00 -8.200416e-03 0
1.110515e+00 -9.951667e-03 0
1.099208e+00 -9.329358e-03 0
1.099991e+00 -7.631380e-03 0
1.099991e+00 -7.631380e-03 0
1.099208e+00 -9.329358e-03 0
1.076866e+00 -8.284426e-03 0
1.078008e+00 -6.736244e-03 0
1.078008e+00 -6.736244e-03 0
1.076866e+00 -8.284426e-03 0
1.033345e+00 -6.852863e-03 0
1.034786e+00 -5.548844e-03 0
1.034786e+00 -5.548844e-03 0
1.033345e+00 -6.852863e-03 0
9.530384e-01 -5.132227e-03 0
9.546587e-01 -4.147888e-03 0
9.546587e-01 -4.147888e-03 0
9.530384e-01 -5.132227e-03 0
8.164740e-01 -3.297020e-03 0
8.180781e-01 -2.668481e-03 0
8.180781e-01 -2.668481e-03 0
8.164740e-01 -3.297020e-03 0
6.094023e-01 -1.663663e-03 0
6.108181e-01 -1.335990e-03 0
6.108181e-01 -1.335990e-03 0
6.094023e-01 -1.663663e-03 0
3.303707e-01 -4.587051e-04 0
3.311468e-01 -3.742806e-04 0
3.311468e-01 -3.742806e-04 0
3.303707e-01 -4.587051e-04 0
-3.555911e-03 4.628193e-05 0
-3.589304e-03 3.383604e-05 0
-3.552464e-03 -4.598893e-05 0
-3.502354e-03 -6.555369e-05 0
3.295246e-01 5.274318e-04 0
3.304726e-01 4.499855e-04 0
3.304726e-01 4.499855e-04 0
3.295246e-01 5.274318e-04 0
6.078963e-01 1.987259e-03 0
6.095525e-01 1.633218e-03 0
6.095525e-01 1.633218e-03 0
6.078963e-01 1.987259e-03 0
8.146616e-01 4.072574e-03 0
8.166432e-01 3.255258e-03 0
8.166432e-01 3.255258e-03 0
8.146616e-01 4.072574e-03 0
9.511400e-01 6.328032e-03 0
9.531289e-01 5.074890e-03 0
9.531289e-01 5.074890e-03 0
9.511400e-01 6.328032e-03 0
1.031700e+00 8.427455e-03 0
1.033442e+00 6.773669e-03 0
1.033442e+00 6.773669e-03 0
1.031700e+00 8.427455e-03 0
1.075631e+00 1.012841e-02 0
1.076974e+00 8.188576e-03 0
1.076974e+00 8.188576e-03 0
1.075631e+00 1.012841e-02 0
1.098444e+00 1.132244e-02 0
1.099319e+00 9.219158e-03 0
1.099319e+00 9.219158e-03 0
1.098444e+00 1.132244e-02 0
1.110223e+00 1.197031e-02 0
1.110621e+00 9.830645e-03 0
1.110621e+00 9.830645e-03 0
1.110223e+00 1.197031e-02 0
1.116621e+00 1.209805e-02 0
1.116579e+00 1.003254e-02 0
1.116579e+00 1.003254e-02 0
1.116621e+00 1.209805e-02 0
1.120474e+00 1.177170e-02 0
1.120057e+00 9.865439e-03 0
1.120057e+00 9.865439e-03 0
1.120474e+00 1.177170e-02 0
1.123088e+00 1.107239e-02 0
1.122372e+00 9.385843e-03 0
1.122372e+00 9.385843e-03 0
1.123088e+00 1.107239e-02 0
1.125012e+00 1.010601e-02 0
1.124076e+00 8.663705e-03 0
1.124076e+00 8.663705e-03 0
1.125012e+00 1.010601e-02 0
1.126493e+00 8.954547e-03 0
1.125407e+00 7.762652e-03 0
1.125407e+00 7.762652e-03 0
1.126493e+00 8.954547e-03 0
1.127631e+00 7.696435e-03 0
1.126459e+00 6.742940e-03 0
1.126459e+00 6.742940e-03 0
1.127631e+00 7.696435e-03 0
1.128501e+00 6.382800e-03 0
1.127284e+00 5.647978e-03 0
1.127284e+00 5.647978e-03 0
1.128501e+00 6.382800e-03 0
1.129139e+00 5.058769e-03 0
1.127910e+00 4.515659e-03 0
1.127910e+00 4.515659e-03 0
1.129139e+00 5.058769e-03 0
1.129584e+00 3.748284e-03 0
1.128363e+00 3.369757e-03 0
1.128363e+00 3.369757e-03 0
1.129584e+00 3.748284e-03 0
1.129882e+00 2.461342e-03 0
1.128671e+00 2.222784e-03 0
1.128671e+00 2.222784e-03 0
1.129882e+00 2.461342e-03 0
1.130048e+00 1.194821e-03 0
1.128848e+00 1.081592e-03 0
1.128848e+00 1.081592e-03 0
1.130048e+00 1.194821e-03 0
1.130100e+00 -5.898022e-05 0
1.128904e+00 -5.687981e-05 0
1.128904e+00 -5.687981e-05 0
1.130100e+00 -5.898022e-05 0
1.130044e+00 -1.313464e-03 0
1.128844e+00 -1.195869e-03 0
1.128844e+00 -1.195869e-03 0
1.130044e+00 -1.313464e-03 0
1.129875e+00 -2.581504e-03 0
1.128663e+00 -2.339266e-03 0
1.128663e+00 -2.339266e-03 0
1.129875e+00 -2.581504e-03 0
1.129576e+00 -3.872133e-03 0
1.128351e+00 -3.487963e-03 0
1.128351e+00 -3.487963e-03 0
1.129576e+00 -3.872133e-03 0
1.129121e+00 -5.186767e-03 0
1.127890e+00 -4.636982e-03 0
1.127890e+00 -4.636982e-03 0
1.129121e+00 -5.186767e-03 0
1.128481e+00 -6.515557e-03 0
1.127259e+00 -5.774536e-03 0
1.127259e+00 -5.774536e-03 0
1.128481e+00 -6.515557e-03 0
1.127605e+00 -7.837295e-03 0
1.126425e+00 -6.873401e-03 0
1.126425e+00 -6.873401e-03 0
1.127605e+00 -7.837295e-03 0
1.126451e+00 -9.105368e-03 0
1.125362e+00 -7.898672e-03 0
1.125362e+00 -7.898672e-03 0
1.126451e+00 -9.105368e-03 0
1.124956e+00 -1.026224e-02 0
1.124018e+00 -8.801944e-03 0
1.124018e+00 -8.801944e-03 0
1.124956e+00 -1.026224e-02 0
1.123015e+00 -1.122554e-02 0
1.122299e+00 -9.522225e-03 0
1.122299e+00 -9.522225e-03 0
1.123015e+00 -1.122554e-02 0
1.120389e+00 -1.191814e-02 0
1.119974e+00 -9.998195e-03 0
1.119974e+00 -9.998195e-03 0
1.120389e+00 -1.191814e-02 0
1.116521e+00 -1.224080e-02 0
1.116484e+00 -1.016099e-02 0
1.116484e+00 -1.016099e-02 0
1.116521e+00 -1.224080e-02 0
1.110110e+00 -1.210616e-02 0
1.110515e+00 -9.951667e-03 0
1.110515e+00 -9.951667e-03 0
1.110110e+00 -1.210616e-02 0
1.098324e+00 -1.144802e-02 0
1.099208e+00 -9.329358e-03 0
1.099208e+00 -9.329358e-03 0
1.098324e+00 -1.144802e-02 0
1.075511e+00 -1.024047e-02 0
1.076866e+00 -8.284426e-03 0
1.076866e+00 -8.284426e-03 0
1.075511e+00 -1.024047e-02 0
1.031588e+00 -8.519085e-03 0
1.033345e+00 -6.852863e-03 0
1.033345e+00 -6.852863e-03 0
1.031588e+00 -8.519085e-03 0
9.510305e-01 -6.404025e-03 0
9.530384e-01 -5.132227e-03 0
9.530384e-01 -5.132227e-03 0
9.510305e-01 -6.404025e-03 0
8.144719e-01 -4.120951e-03 0
8.164740e-01 -3.297020e-03 0
8.164740e-01 -3.297020e-03 0
8.144719e-01 -4.120951e-03 0
6.077051e-01 -2.028624e-03 0
6.094023e-01 -1.663663e-03 0
6.094023e-01 -1.663663e-03 0
6.077051e-01 -2.028624e-03 0
3.294100e-01 -5.376626e-04 0
3.303707e-01 -4.587051e-04 0
3.303707e-01 -4.587051e-04 0
3.294100e-01 -5.376626e-04 0
-3.506316e-03 6.580801e-05 0
-3.555911e-03 4.628193e-05 0
-3.502354e-03 -6.555369e-05 0
-3.427401e-03 -9.629795e-05 0
3.283381e-01 6.539984e-04 0
3.295246e-01 5.274318e-04 0
3.295246e-01 5.274318e-04 0
3.283381e-01 6.539984e-04 0
6.058126e-01 2.545739e-03 0
6.078963e-01 1.987259e-03 0
6.078963e-01 1.987259e-03 0
6.058126e-01 2.545739e-03 0
8.121617e-01 5.123928e-03 0
8.146616e-01 4.072574e-03 0
8.146616e-01 4.072574e-03 0
8.121617e-01 5.123928e-03 0
9.486829e-01 8.003487e-03 0
9.511400e-01 6.328032e-03 0
9.511400e-01 6.328032e-03 0
9.486829e-01 8.003487e-03 0
1.029584e+00 1.060820e-02 0
1.031700e+00 8.427455e-03 0
1.031700e+00 8.427455e-03 0
1.029584e+00 1.060820e-02 0
1.074050e+00 1.266554e-02 0
1.075631e+00 1.012841e-02 0
1.075631e+00 1.012841e-02 0
1.074050e+00 1.266554e-02 0
1.097480e+00 1.402476e-02 0
1.098444e+00 1.132244e-02 0
1.098444e+00 1.132244e-02 0
1.097480e+00 1.402476e-02 0
1.109870e+00 1.466302e-02 0
1.110223e+00 1.197031e-02 0
1.110223e+00 1.197031e-02 0
1.109870e+00 1.466302e-02 0
1.116815e+00 1.463745e-02 0
1.116621e+00 1.209805e-02 0
1.116621e+00 1.209805e-02 0
1.116815e+00 1.463745e-02 0
1.121120e+00 1.405478e-02 0
1.120474e+00 1.177170e-02 0
1.120474e+00 1.177170e-02 0
1.121120e+00 1.405478e-02 0
1.124074e+00 1.304077e-02 0
1.123088e+00 1.107239e-02 0
1.123088e+00 1.107239e-02 0
1.124074e+00 1.304077e-02 0
1.126233e+00 1.173502e-02 0
1.125012e+00 1.010601e-02 0
1.125012e+00 1.010601e-02 0
1.126233e+00 1.173502e-02 0
1.127850e+00 1.025260e-02 0
1.126493e+00 8.954547e-03 0
1.126493e+00 8.954547e-03 0
1.127850e+00 1.025260e-02 0
1.129055e+00 8.693091e-03 0
1.127631e+00 7.696435e-03 0
1.127631e+00 7.696435e-03 0
1.129055e+00 8.693091e-03 0
1.129937e+00 7.119703e-03 0
1.128501e+00 6.382800e-03 0
1.128501e+00 6.382800e-03 0
1.129937e+00 7.119703e-03 0
1.130552e+00 5.580853e-03 0
1.129139e+00 5.058769e-03 0
1.129139e+00 5.058769e-03 0
1.130552e+00 5.580853e-03 0
1.130961e+00 4.097894e-03 0
1.129584e+00 3.748284e-03 0
1.129584e+00 3.748284e-03 0
1.130961e+00 4.097894e-03 0
1.131220e+00 2.672874e-03 0
1.129882e+00 2.461342e-03 0
1.129882e+00 2.461342e-03 0
1.131220e+00 2.672874e-03 0
1.131362e+00 1.294511e-03 0
1.130048e+00 1.194821e-03 0
1.130048e+00 1.194821e-03 0
1.131362e+00 1.294511e-03 0
1.131406e+00 -5.915334e-05 0
1.130100e+00 -5.898022e-05 0
1.130100e+00 -5.898022e-05 0
1.131406e+00 -5.915334e-05 0
1.131361e+00 -1.413765e-03 0
1.130044e+00 -1.313464e-03 0
1.130044e+00 -1.313464e-03 0
1.131361e+00 -1.413765e-03 0
1.131219e+00 -2.795168e-03 0
1.129875e+00 -2.581504e-03 0
1.129875e+00 -2.581504e-03 0
1.131219e+00 -2.795168e-03 0
1.130958e+00 -4.224556e-03 0
1.129576e+00 -3.872133e-03 0
1.129576e+00 -3.872133e-03 0
1.130958e+00 -4.224556e-03 0
1.130541e+00 -5.713679e-03 0
1.129121e+00 -5.186767e-03 0
1.129121e+00 -5.186767e-03 0
1.130541e+00 -5.713679e-03 0
1.129924e+00 -7.262362e-03 0
1.128481e+00 -6.515557e-03 0
1.128481e+00 -6.515557e-03 0
1.129924e+00 -7.262362e-03 0
1.129033e+00 -8.844696e-03 0
1.127605e+00 -7.837295e-03 0
1.127605e+00 -7.837295e-03 0
1.129033e+00 -8.844696e-03 0
1.127819e+00 -1.041683e-02 0
1.126451e+00 -9.105368e-03 0
1.126451e+00 -9.105368e-03 0
1.127819e+00 -1.041683e-02 0
1.126181e+00 -1.190714e-02 0
1.124956e+00 -1.026224e-02 0
1.124956e+00 -1.026224e-02 0
1.126181e+00 -1.190714e-02 0
1.124003e+00 -1.321384e-02 0
1.123015e+00 -1.122554e-02 0
1.123015e+00 -1.122554e-02 0
1.124003e+00 -1.321384e-02 0
1.121033e+00 -1.422582e-02 0
1.120389e+00 -1.191814e-02 0
1.120389e+00 -1.191814e-02 0
1.121033e+00 -1.422582e-02 0
1.116710e+00 -1.480617e-02 0
1.116521e+00 -1.224080e-02 0
1.116521e+00 -1.224080e-02 0
1.116710e+00 -1.480617e-02 0
1.109747e+00 -1.482418e-02 0
1.110110e+00 -1.210616e-02 0
1.110110e+00 -1.210616e-02 0
1.109747e+00 -1.482418e-02 0
1.097347e+00 -1.417257e-02 0
1.098324e+00 -1.144802e-02 0
1.098324e+00 -1.144802e-02 0
1.097347e+00 -1.417257e-02 0
1.073915e+00 -1.279407e-02 0
1.075511e+00 -1.024047e-02 0
1.075511e+00 -1.024047e-02 0
1.073915e+00 -1.279407e-02 0
1.029455e+00 -1.071442e-02 0
1.031588e+00 -8.519085e-03 0
1.031588e+00 -8.519085e-03 0
1.029455e+00 -1.071442e-02 0
9.485561e-01 -8.077888e-03 0
9.510305e-01 -6.404025e-03 0
9.510305e-01 -6.404025e-03 0
9.485561e-01 -8.077888e-03 0
8.119486e-01 -5.179666e-03 0
8.144719e-01 -4.120951e-03 0
8.144719e-01 -4.120951e-03 0
8.119486e-01 -5.179666e-03 0
6.056228e-01 -2.577684e-03 0
6.077051e-01 -2.028624e-03 0
6.077051e-01 -2.028624e-03 0
6.056228e-01 -2.577684e-03 0
3.282087e-01 -6.660797e-04 0
3.294100e-01 -5.376626e-04 0
3.294100e-01 -5.376626e-04 0
3.282087e-01 -6.660797e-04 0
-3.432080e-03 9.641672e-05 0
-3.506316e-03 6.580801e-05 0
-3.427401e-03 -9.629795e-05 0
-3.316262e-03 -1.427157e-04 0
3.268307e-01 8.340831e-04 0
3.283381e-01 6.539984e-04 0
3.283381e-01 6.539984e-04 0
3.268307e-01 8.340831e-04 0
6.031835e-01 3.174692e-03 0
6.058126e-01 2.545739e-03 0
6.058126e-01 2.545739e-03 0
6.031835e-01 3.174692e-03 0
8.089747e-01 6.583918e-03 0
8.121617e-01 5.123928e-03 0
8.121617e-01 5.123928e-03 0
8.089747e-01 6.583918e-03 0
9.455660e-01 1.020922e-02 0
9.486829e-01 8.003487e-03 0
9.486829e-01 8.003487e-03 0
9.455660e-01 1.020922e-02 0
1.026973e+00 1.345440e-02 0
1.029584e+00 1.060820e-02 0
1.029584e+00 1.060820e-02 0
1.026973e+00 1.345440e-02 0
1.072190e+00 1.591355e-02 0
1.074050e+00 1.266554e-02 0
1.074050e+00 1.266554e-02 0
1.072190e+00 1.591355e-02 0
1.096453e+00 1.743127e-02 0
1.097480e+00 1.402476e-02 0
1.097480e+00 1.402476e-02 0
1.096453e+00 1.743127e-02 0
1.109640e+00 1.799781e-02 0
1.109870e+00 1.466302e-02 0
1.109870e+00 1.466302e-02 0
1.109640e+00 1.799781e-02 0
1.117274e+00 1.771851e-02 0
1.116815e+00 1.463745e-02 0
1.116815e+00 1.463745e-02 0
1.117274e+00 1.771851e-02 0
1.122119e+00 1.675948e-02 0
1.121120e+00 1.405478e-02 0
1.121120e+00 1.405478e-02 0
1.122119e+00 1.675948e-02 0
1.125453e+00 1.529925e-02 0
1.124074e+00 1.304077e-02 0
1.124074e+00 1.304077e-02 0
1.125453e+00 1.529925e-02 0
1.127843e+00 1.354490e-02 0
1.126233e+00 1.173502e-02 0
1.126233e+00 1.173502e-02 0
1.127843e+00 1.354490e-02 0
1.129569e+00 1.164147e-02 0
1.127850e+00 1.025260e-02 0
1.127850e+00 1.025260e-02 0
1.129569e+00 1.164147e-02 0
1.130790e+00 9.714363e-03 0
1.129055e+00 8.693091e-03 0
1.129055e+00 8.693091e-03 0
1.130790e+00 9.714363e-03 0
1.131629e+00 7.835837e-03 0
1.129937e+00 7.119703e-03 0
1.129937e+00 7.119703e-03 0
1.131629e+00 7.835837e-03 0
1.132167e+00 6.058726e-03 0
1.130552e+00 5.580853e-03 0
1.130552e+00 5.580853e-03 0
1.132167e+00 6.058726e-03 0
1.132490e+00 4.398127e-03 0
1.130961e+00 4.097894e-03 0
1.130961e+00 4.097894e-03 0
1.132490e+00 4.398127e-03 0
1.132677e+00 2.846863e-03 0
1.131220e+00 2.672874e-03 0
1.131220e+00 2.672874e-03 0
1.132677e+00 2.846863e-03 0
1.132772e+00 1.371262e-03 0
1.131362e+00 1.294511e-03 0
1.131362e+00 1.294511e-03 0
1.132772e+00 1.371262e-03 0
1.132799e+00 -5.999170e-05 0
1.131406e+00 -5.915334e-05 0
1.131406e+00 -5.915334e-05 0
1.132799e+00 -5.999170e-05 0
1.132772e+00 -1.492462e-03 0
1.131361e+00 -1.413765e-03 0
1.131361e+00 -1.413765e-03 0
1.132772e+00 -1.492462e-03 0
1.132681e+00 -2.969449e-03 0
1.131219e+00 -2.795168e-03 0
1.131219e+00 -2.795168e-03 0
1.132681e+00 -2.969449e-03 0
1.132494e+00 -4.528832e-03 0
1.130958e+00 -4.224556e-03 0
1.130958e+00 -4.224556e-03 0
1.132494e+00 -4.528832e-03 0
1.132163e+00 -6.197315e-03 0
1.130541e+00 -5.713679e-03 0
1.130541e+00 -5.713679e-03 0
1.132163e+00 -6.197315e-03 0
1.131626e+00 -7.983883e-03 0
1.129924e+00 -7.262362e-03 0
1.129924e+00 -7.262362e-03 0
1.131626e+00 -7.983883e-03 0
1.130779e+00 -9.876979e-03 0
1.129033e+00 -8.844696e-03 0
1.129033e+00 -8.844696e-03 0
1.130779e+00 -9.876979e-03 0
1.129551e+00 -1.182357e-02 0
1.127819e+00 -1.041683e-02 0
1.127819e+00 -1.041683e-02 0
1.129551e+00 -1.182357e-02 0
1.127800e+00 -1.374129e-02 0
1.126181e+00 -1.190714e-02 0
1.126181e+00 -1.190714e-02 0
1.127800e+00 -1.374129e-02 0
1.125387e+00 -1.549563e-02 0
1.124003e+00 -1.321384e-02 0
1.124003e+00 -1.321384e-02 0
1.125387e+00 -1.549563e-02 0
1.122032e+00 -1.694828e-02 0
1.121033e+00 -1.422582e-02 0
1.121033e+00 -1.422582e-02 0
1.122032e+00 -1.694828e-02 0
1.117165e+00 -1.790589e-02 0
1.116710e+00 -1.480617e-02 0
1.116710e+00 -1.480617e-02 0
1.117165e+00 -1.790589e-02 0
1.109510e+00 -1.817818e-02 0
1.109747e+00 -1.482418e-02 0
1.109747e+00 -1.482418e-02 0
1.109510e+00 -1.817818e-02 0
1.096307e+00 -1.759891e-02 0
1.097347e+00 -1.417257e-02 0
1.097347e+00 -1.417257e-02 0
1.096307e+00 -1.759891e-02 0
1.072038e+00 -1.606333e-02 0
1.073915e+00 -1.279407e-02 0
1.073915e+00 -1.279407e-02 0
1.072038e+00 -1.606333e-02 0
1.026825e+00 -1.357767e-02 0
1.029455e+00 -1.071442e-02 0
1.029455e+00 -1.071442e-02 0
1.026825e+00 -1.357767e-02 0
9.454165e-01 -1.031186e-02 0
9.485561e-01 -8.077888e-03 0
9.485561e-01 -8.077888e-03 0
9.454165e-01 -1.031186e-02 0
8.087345e-01 -6.647706e-03 0
8.119486e-01 -5.179666e-03 0
8.119486e-01 -5.179666e-03 0
8.087345e-01 -6.647706e-03 0
6.029846e-01 -3.237535e-03 0
6.056228e-01 -2.577684e-03 0
6.056228e-01 -2.577684e-03 0
6.029846e-01 -3.237535e-03 0
3.266844e-01 -8.481939e-04 0
3.282087e-01 -6.660797e-04 0
3.282087e-01 -6.660797e-04 0
3.266844e-01 -8.481939e-04 0
-3.321967e-03 1.425592e-04 0
-3.432080e-03 9.641672e-05 0
-3.316262e-03 -1.427157e-04 0
-3.156893e-03 -2.004944e-04 0
3.248731e-01 1.031671e-03 0
3.268307e-01 8.340831e-04 0
3.268307e-01 8.340831e-04 0
3.248731e-01 1.031671e-03 0
5.997670e-01 4.161115e-03 0
6.031835e-01 3.174692e-03 0
6.031835e-01 3.174692e-03 0
5.997670e-01 4.161115e-03 0
8.048710e-01 8.577640e-03 0
8.089747e-01 6.583918e-03 0
8.089747e-01 6.583918e-03 0
8.048710e-01 8.577640e-03 0
9.415767e-01 1.328302e-02 0
9.455660e-01 1.020922e-02 0
9.455660e-01 1.020922e-02 0
9.415767e-01 1.328302e-02 0
1.023750e+00 1.732390e-02 0
1.026973e+00 1.345440e-02 0
1.026973e+00 1.345440e-02 0
1.023750e+00 1.732390e-02 0
1.070032e+00 2.025286e-02 0
1.072190e+00 1.591355e-02 0
1.072190e+00 1.591355e-02 0
1.070032e+00 2.025286e-02 0
1.095432e+00 2.187011e-02 0
1.096453e+00 1.743127e-02 0
1.096453e+00 1.743127e-02 0
1.095432e+00 2.187011e-02 0
1.109667e+00 2.222392e-02 0
1.109640e+00 1.799781e-02 0
1.109640e+00 1.799781e-02 0
1.109667e+00 2.222392e-02 0
1.118163e+00 2.150137e-02 0
1.117274e+00 1.771851e-02 0
1.117274e+00 1.771851e-02 0
1.118163e+00 2.150137e-02 0
1.123642e+00 1.996093e-02 0
1.122119e+00 1.675948e-02 0
1.122119e+00 1.675948e-02 0
1.123642e+00 1.996093e-02 0
1.127378e+00 1.787088e-02 0
1.125453e+00 1.529925e-02 0
1.125453e+00 1.529925e-02 0
1.127378e+00 1.787088e-02 0
1.129970e+00 1.549922e-02 0
1.127843e+00 1.354490e-02 0
1.127843e+00 1.354490e-02 0
1.129970e+00 1.549922e-02 0
1.131741e+00 1.304552e-02 0
1.129569e+00 1.164147e-02 0
1.129569e+00 1.164147e-02 0
1.131741e+00 1.304552e-02 0
1.132896e+00 1.066396e-02 0
1.130790e+00 9.714363e-03 0
1.130790e+00 9.714363e-03 0
1.132896e+00 1.066396e-02 0
1.133610e+00 8.434967e-03 0
1.131629e+00 7.835837e-03 0
1.131629e+00 7.835837e-03 0
1.133610e+00 8.434967e-03 0
1.133991e+00 6.406990e-03 0
1.132167e+00 6.058726e-03 0
1.132167e+00 6.058726e-03 0
1.133991e+00 6.406990e-03 0
1.134158e+00 4.581430e-03 0
1.132490e+00 4.398127e-03 0
1.132490e+00 4.398127e-03 0
1.134158e+00 4.581430e-03 0
1.134223e+00 2.930826e-03 0
1.132677e+00 2.846863e-03 0
1.132677e+00 2.846863e-03 0
1.134223e+00 2.930826e-03 0
1.134242e+00 1.403847e-03 0
1.132772e+00 1.371262e-03 0
1.132772e+00 1.371262e-03 0
1.134242e+00 1.403847e-03 0
1.134242e+00 -5.748766e-05 0
1.132799e+00 -5.999170e-05 0
1.132799e+00 -5.999170e-05 0
1.134242e+00 -5.748766e-05 0
1.134244e+00 -1.520309e-03 0
1.132772e+00 -1.492462e-03 0
1.132772e+00 -1.492462e-03 0
1.134244e+00 -1.520309e-03 0
1.134233e+00 -3.050874e-03 0
1.132681e+00 -2.969449e-03 0
1.132681e+00 -2.969449e-03 0
1.134233e+00 -3.050874e-03 0
1.134171e+00 -4.709916e-03 0
1.132494e+00 -4.528832e-03 0
1.132494e+00 -4.528832e-03 0
1.134171e+00 -4.709916e-03 0
1.133993e+00 -6.546008e-03 0
1.132163e+00 -6.197315e-03 0
1.132163e+00 -6.197315e-03 0
1.133993e+00 -6.546008e-03 0
1.133622e+00 -8.587332e-03 0
1.131626e+00 -7.983883e-03 0
1.131626e+00 -7.983883e-03 0
1.133622e+00 -8.587332e-03 0
1.132900e+00 -1.083710e-02 0
1.130779e+00 -9.876979e-03 0
1.130779e+00 -9.876979e-03 0
1.132900e+00 -1.083710e-02 0
1.131746e+00 -1.324366e-02 0
1.129551e+00 -1.182357e-02 0
1.129551e+00 -1.182357e-02 0
1.131746e+00 -1.324366e-02 0
1.129941e+00 -1.571617e-02 0
1.127800e+00 -1.374129e-02 0
1.127800e+00 -1.374129e-02 0
1.129941e+00 -1.571617e-02 0
1.127321e+00 -1.809537e-02 0
1.125387e+00 -1.549563e-02 0
1.125387e+00 -1.549563e-02 0
1.127321e+00 -1.809537e-02 0
1.123558e+00 -2.018817e-02 0
1.122032e+00 -1.694828e-02 0
1.122032e+00 -1.694828e-02 0
1.123558e+00 -2.018817e-02 0
1.118054e+00 -2.173143e-02 0
1.117165e+00 -1.790589e-02 0
1.117165e+00 -1.790589e-02 0
1.118054e+00 -2.173143e-02 0
1.109533e+00 -2.244699e-02 0
1.109510e+00 -1.817818e-02 0
1.109510e+00 -1.817818e-02 0
1.109533e+00 -2.244699e-02 0
1.095279e+00 -2.207498e-02 0
1.096307e+00 -1.759891e-02 0
1.096307e+00 -1.759891e-02 0
1.095279e+00 -2.207498e-02 0
1.069867e+00 -2.042847e-02 0
1.072038e+00 -1.606333e-02 0
1.072038e+00 -1.606333e-02 0
1.069867e+00 -2.042847e-02 0
1.023580e+00 -1.746631e-02 0
1.026825e+00 -1.357767e-02 0
1.026825e+00 -1.357767e-02 0
1.023580e+00 -1.746631e-02 0
9.413961e-01 -1.337518e-02 0
9.454165e-01 -1.031186e-02 0
9.454165e-01 -1.031186e-02 0
9.413961e-01 -1.337518e-02 0
8.045997e-01 -8.648782e-03 0
8.087345e-01 -6.647706e-03 0
8.087345e-01 -6.647706e-03 0
8.045997e-01 -8.648782e-03 0
5.995300e-01 -4.237290e-03 0
6.029846e-01 -3.237535e-03 0
6.029846e-01 -3.237535e-03 0
5.995300e-01 -4.237290e-03 0
3.247077e-01 -1.047746e-03 0
3.266844e-01 -8.481939e-04 0
3.266844e-01 -8.481939e-04 0
3.247077e-01 -1.047746e-03 0
-3.164078e-03 1.997223e-04 0
-3.321967e-03 1.425592e-04 0
-3.156893e-03 -2.004944e-04 0
-2.942893e-03 -2.606680e-04 0
3.222633e-01 1.494893e-03 0
3.248731e-01 1.031671e-03 0
3.248731e-01 1.031671e-03 0
3.222633e-01 1.494893e-03 0
5.950250e-01 5.734383e-03 0
5.997670e-01 4.161115e-03 0
5.997670e-01 4.161115e-03 0
5.950250e-01 5.734383e-03 0
7.995396e-01 1.143962e-02 0
8.048710e-01 8.577640e-03 0
8.048710e-01 8.577640e-03 0
7.995396e-01 1.143962e-02 0
9.365671e-01 1.749946e-02 0
9.415767e-01 1.328302e-02 0
9.415767e-01 1.328302e-02 0
9.365671e-01 1.749946e-02 0
1.019852e+00 2.251989e-02 0
1.023750e+00 1.732390e-02 0
1.023750e+00 1.732390e-02 0
1.019852e+00 2.251989e-02 0
1.067611e+00 2.594184e-02 0
1.070032e+00 2.025286e-02 0
1.070032e+00 2.025286e-02 0
1.067611e+00 2.594184e-02 0
1.094533e+00 2.755974e-02 0
1.095432e+00 2.187011e-02 0
1.095432e+00 2.187011e-02 0
1.094533e+00 2.755974e-02 0
1.110119e+00 2.750632e-02 0
1.109667e+00 2.222392e-02 0
1.109667e+00 2.222392e-02 0
1.110119e+00 2.750632e-02 0
1.119676e+00 2.609141e-02 0
1.118163e+00 2.150137e-02 0
1.118163e+00 2.150137e-02 0
1.119676e+00 2.609141e-02 0
1.125883e+00 2.370722e-02 0
1.123642e+00 1.996093e-02 0
1.123642e+00 1.996093e-02 0
1.125883e+00 2.370722e-02 0
1.130024e+00 2.073950e-02 0
1.127378e+00 1.787088e-02 0
1.127378e+00 1.787088e-02 0
1.130024e+00 2.073950e-02 0
1.132757e+00 1.755191e-02 0
1.129970e+00 1.549922e-02 0
1.129970e+00 1.549922e-02 0
1.132757e+00 1.755191e-02 0
1.134468e+00 1.440208e-02 0
1.131741e+00 1.304552e-02 0
1.131741e+00 1.304552e-02 0
1.134468e+00 1.440208e-02 0
1.135435e+00 1.147442e-02 0
1.132896e+00 1.066396e-02 0
1.132896e+00 1.066396e-02 0
1.135435e+00 1.147442e-02 0
1.135903e+00 8.850171e-03 0
1.133610e+00 8.434967e-03 0
1.133610e+00 8.434967e-03 0
1.135903e+00 8.850171e-03 0
1.136018e+00 6.566457e-03 0
1.133991e+00 6.406990e-03 0
1.133991e+00 6.406990e-03 0
1.136018e+00 6.566457e-03 0
1.135943e+00 4.600993e-03 0
1.134158e+00 4.581430e-03 0
1.134158e+00 4.581430e-03 0
1.135943e+00 4.600993e-03 0
1.135823e+00 2.898237e-03 0
1.134223e+00 2.930826e-03 0
1.134223e+00 2.930826e-03 0
1.135823e+00 2.898237e-03 0
1.135727e+00 1.374601e-03 0
1.134242e+00 1.403847e-03 0
1.134242e+00 1.403847e-03 0
1.135727e+00 1.374601e-03 0
1.135689e+00 -5.443763e-05 0
1.134242e+00 -5.748766e-05 0
1.134242e+00 -5.748766e-05 0
1.135689e+00 -5.443763e-05 0
1.135732e+00 -1.485221e-03 0
1.134244e+00 -1.520309e-03 0
1.134244e+00 -1.520309e-03 0
1.135732e+00 -1.485221e-03 0
1.135841e+00 -3.012432e-03 0
1.134233e+00 -3.050874e-03 0
1.134233e+00 -3.050874e-03 0
1.135841e+00 -3.012432e-03 0
1.135968e+00 -4.726038e-03 0
1.134171e+00 -4.709916e-03 0
1.134171e+00 -4.709916e-03 0
1.135968e+00 -4.726038e-03 0
1.136031e+00 -6.704608e-03 0
1.133993e+00 -6.546008e-03 0
1.133993e+00 -6.546008e-03 0
1.136031e+00 -6.704608e-03 0
1.135933e+00 -9.009538e-03 0
1.133622e+00 -8.587332e-03 0
1.133622e+00 -8.587332e-03 0
1.135933e+00 -9.009538e-03 0
1.135460e+00 -1.165705e-02 0
1.132900e+00 -1.083710e-02 0
1.132900e+00 -1.083710e-02 0
1.135460e+00 -1.165705e-02 0
1.134502e+00 -1.461878e-02 0
1.131746e+00 -1.324366e-02 0
1.131746e+00 -1.324366e-02 0
1.134502e+00 -1.461878e-02 0
1.132748e+00 -1.779591e-02 0
1.129941e+00 -1.571617e-02 0
1.129941e+00 -1.571617e-02 0
1.132748e+00 -1.779591e-02 0
1.129984e+00 -2.099737e-02 0
1.127321e+00 -1.809537e-02 0
1.127321e+00 -1.809537e-02 0
1.129984e+00 -2.099737e-02 0
1.125806e+00 -2.397361e-02 0
1.123558e+00 -2.018817e-02 0
1.123558e+00 -2.018817e-02 0
1.125806e+00 -2.397361e-02 0
1.119566e+00 -2.636598e-02 0
1.118054e+00 -2.173143e-02 0
1.118054e+00 -2.173143e-02 0
1.119566e+00 -2.636598e-02 0
1.109977e+00 -2.777509e-02 0
1.109533e+00 -2.244699e-02 0
1.109533e+00 -2.244699e-02 0
1.109977e+00 -2.777509e-02 0
1.094364e+00 -2.780601e-02 0
1.095279e+00 -2.207498e-02 0
1.095279e+00 -2.207498e-02 0
1.094364e+00 -2.780601e-02 0
1.067424e+00 -2.614946e-02 0
1.069867e+00 -2.042847e-02 0
1.069867e+00 -2.042847e-02 0
1.067424e+00 -2.614946e-02 0
1.019655e+00 -2.268328e-02 0
1.023580e+00 -1.746631e-02 0
1.023580e+00 -1.746631e-02 0
1.019655e+00 -2.268328e-02 0
9.363552e-01 -1.759726e-02 0
9.413961e-01 -1.337518e-02 0
9.413961e-01 -1.337518e-02 0
9.363552e-01 -1.759726e-02 0
7.992328e-01 -1.151587e-02 0
8.045997e-01 -8.648782e-03 0
8.045997e-01 -8.648782e-03 0
7.992328e-01 -1.151587e-02 0
5.947553e-01 -5.815648e-03 0
5.995300e-01 -4.237290e-03 0
5.995300e-01 -4.237290e-03 0
5.947553e-01 -5.815648e-03 0
3.220776e-01 -1.511899e-03 0
3.247077e-01 -1.047746e-03 0
3.247077e-01 -1.047746e-03 0
3.220776e-01 -1.511899e-03 0
-2.952167e-03 2.589676e-04 0
-3.164078e-03 1.997223e-04 0
-2.942893e-03 -2.606680e-04 0
-2.684655e-03 -2.944362e-04 0
3.186927e-01 2.166722e-03 0
3.222633e-01 1.494893e-03 0
3.222633e-01 1.494893e-03 0
3.186927e-01 2.166722e-03 0
5.888766e-01 7.836113e-03 0
5.950250e-01 5.734383e-03 0
5.950250e-01 5.734383e-03 0
5.888766e-01 7.836113e-03 0
7.925763e-01 1.554421e-02 0
7.995396e-01 1.143962e-02 0
7.995396e-01 1.143962e-02 0
7.925763e-01 1.554421e-02 0
9.302213e-01 2.325474e-02 0
9.365671e-01 1.749946e-02 0
9.365671e-01 1.749946e-02 0
9.302213e-01 2.325474e-02 0
1.015154e+00 2.945949e-02 0
1.019852e+00 2.251989e-02 0
1.019852e+00 2.251989e-02 0
1.015154e+00 2.945949e-02 0
1.064983e+00 3.337024e-02 0
1.067611e+00 2.594184e-02 0
1.067611e+00 2.594184e-02 0
1.064983e+00 3.337024e-02 0
1.093956e+00 3.482886e-02 0
1.094533e+00 2.755974e-02 0
1.094533e+00 2.755974e-02 0
1.093956e+00 3.482886e-02 0
1.111289e+00 3.408748e-02 0
1.110119e+00 2.750632e-02 0
1.110119e+00 2.750632e-02 0
1.111289e+00 3.408748e-02 0
1.122143e+00 3.163521e-02 0
1.119676e+00 2.609141e-02 0
1.119676e+00 2.609141e-02 0
1.122143e+00 3.163521e-02 0
1.129162e+00 2.805343e-02 0
1.125883e+00 2.370722e-02 0
1.125883e+00 2.370722e-02 0
1.129162e+00 2.805343e-02 0
1.133663e+00 2.387781e-02 0
1.130024e+00 2.073950e-02 0
1.130024e+00 2.073950e-02 0
1.133663e+00 2.387781e-02 0
1.136407e+00 1.962615e-02 0
1.132757e+00 1.755191e-02 0
1.132757e+00 1.755191e-02 0
1.136407e+00 1.962615e-02 0
1.137916e+00 1.560666e-02 0
1.134468e+00 1.440208e-02 0
1.134468e+00 1.440208e-02 0
1.137916e+00 1.560666e-02 0
1.138478e+00 1.202822e-02 0
1.135435e+00 1.147442e-02 0
1.135435e+00 1.147442e-02 0
1.138478e+00 1.202822e-02 0
1.138526e+00 8.969881e-03 0
1.135903e+00 8.850171e-03 0
1.135903e+00 8.850171e-03 0
1.138526e+00 8.969881e-03 0
1.138225e+00 6.442007e-03 0
1.136018e+00 6.566457e-03 0
1.136018e+00 6.566457e-03 0
1.138225e+00 6.442007e-03 0
1.137792e+00 4.383212e-03 0
1.135943e+00 4.600993e-03 0
1.135943e+00 4.600993e-03 0
1.137792e+00 4.383212e-03 0
1.137417e+00 2.701800e-03 0
1.135823e+00 2.898237e-03 0
1.135823e+00 2.898237e-03 0
1.137417e+00 2.701800e-03 0
1.137150e+00 1.258597e-03 0
1.135727e+00 1.374601e-03 0
1.135727e+00 1.374601e-03 0
1.137150e+00 1.258597e-03 0
1.137058e+00 -5.114964e-05 0
1.135689e+00 -5.443763e-05 0
1.135689e+00 -5.443763e-05 0
1.137058e+00 -5.114964e-05 0
1.137159e+00 -1.363127e-03 0
1.135732e+00 -1.485221e-03 0
1.135732e+00 -1.485221e-03 0
1.137159e+00 -1.363127e-03 0
1.137434e+00 -2.806020e-03 0
1.135841e+00 -3.012432e-03 0
1.135841e+00 -3.012432e-03 0
1.137434e+00 -2.806020e-03 0
1.137831e+00 -4.506015e-03 0
1.135968e+00 -4.726038e-03 0
1.135968e+00 -4.726038e-03 0
1.137831e+00 -4.506015e-03 0
1.138253e+00 -6.581220e-03 0
1.136031e+00 -6.704608e-03 0
1.136031e+00 -6.704608e-03 0
1.138253e+00 -6.581220e-03 0
1.138580e+00 -9.130450e-03 0
1.135933e+00 -9.009538e-03 0
1.135933e+00 -9.009538e-03 0
1.138580e+00 -9.130450e-03 0
1.138563e+00 -1.221831e-02 0
1.135460e+00 -1.165705e-02 0
1.135460e+00 -1.165705e-02 0
1.138563e+00 -1.221831e-02 0
1.137961e+00 -1.584153e-02 0
1.134502e+00 -1.461878e-02 0
1.134502e+00 -1.461878e-02 0
1.137961e+00 -1.584153e-02 0
1.136429e+00 -1.990517e-02 0
1.132748e+00 -1.779591e-02 0
1.132748e+00 -1.779591e-02 0
1.136429e+00 -1.990517e-02 0
1.133648e+00 -2.417516e-02 0
1.129984e+00 -2.099737e-02 0
1.129984e+00 -2.099737e-02 0
1.133648e+00 -2.417516e-02 0
1.129097e+00 -2.834975e-02 0
1.125806e+00 -2.397361e-02 0
1.125806e+00 -2.397361e-02 0
1.129097e+00 -2.834975e-02 0
1.122037e+00 -3.194236e-02 0
1.119566e+00 -2.636598e-02 0
1.119566e+00 -2.636598e-02 0
1.122037e+00 -3.194236e-02 0
1.111139e+00 -3.438958e-02 0
1.109977e+00 -2.777509e-02 0
1.109977e+00 -2.777509e-02 0
1.111139e+00 -3.438958e-02 0
1.093765e+00 -3.510733e-02 0
1.094364e+00 -2.780601e-02 0
1.094364e+00 -2.780601e-02 0
1.093765e+00 -3.510733e-02 0
1.064764e+00 -3.360821e-02 0
1.067424e+00 -2.614946e-02 0
1.067424e+00 -2.614946e-02 0
1.064764e+00 -3.360821e-02 0
1.014920e+00 -2.964521e-02 0
1.019655e+00 -2.268328e-02 0
1.019655e+00 -2.268328e-02 0
1.014920e+00 -2.964521e-02 0
9.299698e-01 -2.339409e-02 0
9.363552e-01 -1.759726e-02 0
9.363552e-01 -1.759726e-02 0
9.299698e-01 -2.339409e-02 0
7.922294e-01 -1.562024e-02 0
7.992328e-01 -1.151587e-02 0
7.992328e-01 -1.151587e-02 0
7.922294e-01 -1.562024e-02 0
5.885379e-01 -7.932289e-03 0
5.947553e-01 -5.815648e-03 0
5.947553e-01 -5.815648e-03 0
5.885379e-01 -7.932289e-03 0
3.184871e-01 -2.183056e-03 0
3.220776e-01 -1.511899e-03 0
3.220776e-01 -1.511899e-03 0
3.184871e-01 -2.183056e-03 0
-2.696704e-03 2.915026e-04 0
-2.952167e-03 2.589676e-04 0
-2.684655e-03 -2.944362e-04 0
-2.423339e-03 -2.632989e-04 0
3.137304e-01 3.342800e-03 0
3.186927e-01 2.166722e-03 0
3.186927e-01 2.166722e-03 0
3.137304e-01 3.342800e-03 0
5.807614e-01 1.119655e-02 0
5.888766e-01 7.836113e-03 0
5.888766e-01 7.836113e-03 0
5.807614e-01 1.119655e-02 0
7.834676e-01 2.118034e-02 0
7.925763e-01 1.554421e-02 0
7.925763e-01 1.554421e-02 0
7.834676e-01 2.118034e-02 0
9.223125e-01 3.123758e-02 0
9.302213e-01 2.325474e-02 0
9.302213e-01 2.325474e-02 0
9.223125e-01 3.123758e-02 0
1.009597e+00 3.885391e-02 0
1.015154e+00 2.945949e-02 0
1.015154e+00 2.945949e-02 0
1.009597e+00 3.885391e-02 0
1.062261e+00 4.322228e-02 0
1.064983e+00 3.337024e-02 0
1.064983e+00 3.337024e-02 0
1.062261e+00 4.322228e-02 0
1.093959e+00 4.421997e-02 0
1.093956e+00 3.482886e-02 0
1.093956e+00 3.482886e-02 0
1.093959e+00 4.421997e-02 0
1.113526e+00 4.231934e-02 0
1.111289e+00 3.408748e-02 0
1.111289e+00 3.408748e-02 0
1.113526e+00 4.231934e-02 0
1.125945e+00 3.828470e-02 0
1.122143e+00 3.163521e-02 0
1.122143e+00 3.163521e-02 0
1.125945e+00 3.828470e-02 0
1.133835e+00 3.297499e-02 0
1.129162e+00 2.805343e-02 0
1.129162e+00 2.805343e-02 0
1.133835e+00 3.297499e-02 0
1.138597e+00 2.716920e-02 0
1.133663e+00 2.387781e-02 0
1.133663e+00 2.387781e-02 0
1.138597e+00 2.716920e-02 0
1.141149e+00 2.150420e-02 0
1.136407e+00 1.962615e-02 0
1.136407e+00 1.962615e-02 0
1.141149e+00 2.150420e-02 0
1.142138e+00 1.639491e-02 0
1.137916e+00 1.560666e-02 0
1.137916e+00 1.560666e-02 0
1.142138e+00 1.639491e-02 0
1.142094e+00 1.207308e-02 0
1.138478e+00 1.202822e-02 0
1.138478e+00 1.202822e-02 0
1.142094e+00 1.207308e-02 0
1.141478e+00 8.576369e-03 0
1.138526e+00 8.969881e-03 0
1.138526e+00 8.969881e-03 0
1.141478e+00 8.576369e-03 0
1.140571e+00 5.861664e-03 0
1.138225e+00 6.442007e-03 0
1.138225e+00 6.442007e-03 0
1.140571e+00 5.861664e-03 0
1.139641e+00 3.804539e-03 0
1.137792e+00 4.383212e-03 0
1.137792e+00 4.383212e-03 0
1.139641e+00 3.804539e-03 0
1.138894e+00 2.250101e-03 0
1.137417e+00 2.701800e-03 0
1.137417e+00 2.701800e-03 0
1.138894e+00 2.250101e-03 0
1.138417e+00 1.020984e-03 0
1.137150e+00 1.258597e-03 0
1.137150e+00 1.258597e-03 0
1.138417e+00 1.020984e-03 0
1.138254e+00 -4.183993e-05 0
1.137058e+00 -5.114964e-05 0
1.137058e+00 -5.114964e-05 0
1.138254e+00 -4.183993e-05 0
1.138431e+00 -1.106626e-03 0
1.137159e+00 -1.363127e-03 0
1.137159e+00 -1.363127e-03 0
1.138431e+00 -1.106626e-03 0
1.138931e+00 -2.338991e-03 0
1.137434e+00 -2.806020e-03 0
1.137434e+00 -2.806020e-03 0
1.138931e+00 -2.338991e-03 0
1.139696e+00 -3.907796e-03 0
1.137831e+00 -4.506015e-03 0
1.137831e+00 -4.506015e-03 0
1.139696e+00 -3.907796e-03 0
1.140622e+00 -5.982908e-03 0
1.138253e+00 -6.581220e-03 0
1.138253e+00 -6.581220e-03 0
1.140622e+00 -5.982908e-03 0
1.141564e+00 -8.730059e-03 0
1.138580e+00 -9.130450e-03 0
1.138580e+00 -9.130450e-03 0
1.141564e+00 -8.730059e-03 0
1.142186e+00 -1.226569e-02 0
1.138563e+00 -1.221831e-02 0
1.138563e+00 -1.221831e-02 0
1.142186e+00 -1.226569e-02 0
1.142260e+00 -1.664641e-02 0
1.137961e+00 -1.584153e-02 0
1.137961e+00 -1.584153e-02 0
1.142260e+00 -1.664641e-02 0
1.141214e+00 -2.180824e-02 0
1.136429e+00 -1.990517e-02 0
1.136429e+00 -1.990517e-02 0
1.141214e+00 -2.180824e-02 0
1.138621e+00 -2.751358e-02 0
1.133648e+00 -2.417516e-02 0
1.133648e+00 -2.417516e-02 0
1.138621e+00 -2.751358e-02 0
1.133792e+00 -3.335983e-02 0
1.129097e+00 -2.834975e-02 0
1.129097e+00 -2.834975e-02 0
1.133792e+00 -3.335983e-02 0
1.125842e+00 -3.870234e-02 0
1.122037e+00 -3.194236e-02 0
1.122037e+00 -3.194236e-02 0
1.125842e+00 -3.870234e-02 0
1.113358e+00 -4.274060e-02 0
1.111139e+00 -3.438958e-02 0
1.111139e+00 -3.438958e-02 0
1.113358e+00 -4.274060e-02 0
1.093730e+00 -4.460215e-02 0
1.093765e+00 -3.510733e-02 0
1.093765e+00 -3.510733e-02 0
1.093730e+00 -4.460215e-02 0
1.061991e+00 -4.352575e-02 0
1.064764e+00 -3.360821e-02 0
1.064764e+00 -3.360821e-02 0
1.061991e+00 -4.352575e-02 0
1.009318e+00 -3.905783e-02 0
1.014920e+00 -2.964521e-02 0
1.014920e+00 -2.964521e-02 0
1.009318e+00 -3.905783e-02 0
9.220351e-01 -3.132207e-02 0
9.299698e-01 -2.339409e-02 0
9.299698e-01 -2.339409e-02 0
9.220351e-01 -3.132207e-02 0
7.830761e-01 -2.124305e-02 0
7.922294e-01 -1.562024e-02 0
7.922294e-01 -1.562024e-02 0
7.830761e-01 -2.124305e-02 0
5.804334e-01 -1.122449e-02 0
5.885379e-01 -7.932289e-03 0
5.885379e-01 -7.932289e-03 0
5.804334e-01 -1.122449e-02 0
3.135087e-01 -3.353616e-03 0
3.184871e-01 -2.183056e-03 0
3.184871e-01 -2.183056e-03 0
3.135087e-01 -3.353616e-03 0
-2.438651e-03 2.591727e-04 0
-2.696704e-03 2.915026e-04 0
-2.423339e-03 -2.632989e-04 0
-2.497583e-03 -3.427806e-04 0
3.067712e-01 4.789087e-03 0
3.137304e-01 3.342800e-03 0
3.137304e-01 3.342800e-03 0
3.067712e-01 4.789087e-03 0
5.697657e-01 1.515045e-02 0
5.807614e-01 1.119655e-02 0
5.807614e-01 1.119655e-02 0
5.697657e-01 1.515045e-02 0
7.715796e-01 2.858852e-02 0
7.834676e-01 2.118034e-02 0
7.834676e-01 2.118034e-02 0
7.715796e-01 2.858852e-02 0
9.122536e-01 4.134021e-02 0
9.223125e-01 3.123758e-02 0
9.223125e-01 3.123758e-02 0
9.122536e-01 4.134021e-02 0
1.002990e+00 5.067788e-02 0
1.009597e+00 3.885391e-02 0
1.009597e+00 3.885391e-02 0
1.002990e+00 5.067788e-02 0
1.059613e+00 5.550604e-02 0
1.062261e+00 4.322228e-02 0
1.062261e+00 4.322228e-02 0
1.059613e+00 5.550604e-02 0
1.094988e+00 5.580290e-02 0
1.093959e+00 4.421997e-02 0
1.093959e+00 4.421997e-02 0
1.094988e+00 5.580290e-02 0
1.117440e+00 5.229746e-02 0
1.113526e+00 4.231934e-02 0
1.113526e+00 4.231934e-02 0
1.117440e+00 5.229746e-02 0
1.131736e+00 4.612224e-02 0
1.125945e+00 3.828470e-02 0
1.125945e+00 3.828470e-02 0
1.131736e+00 4.612224e-02 0
1.140505e+00 3.851607e-02 0
1.133835e+00 3.297499e-02 0
1.133835e+00 3.297499e-02 0
1.140505e+00 3.851607e-02 0
1.145297e+00 3.055281e-02 0
1.138597e+00 2.716920e-02 0
1.138597e+00 2.716920e-02 0
1.145297e+00 3.055281e-02 0
1.147295e+00 2.312291e-02 0
1.141149e+00 2.150420e-02 0
1.141149e+00 2.150420e-02 0
1.147295e+00 2.312291e-02 0
1.147387e+00 1.670719e-02 0
1.142138e+00 1.639491e-02 0
1.142138e+00 1.639491e-02 0
1.147387e+00 1.670719e-02 0
1.146320e+00 1.153184e-02 0
1.142094e+00 1.207308e-02 0
1.142094e+00 1.207308e-02 0
1.146320e+00 1.153184e-02 0
1.144723e+00 7.595355e-03 0
1.141478e+00 8.576369e-03 0
1.141478e+00 8.576369e-03 0
1.144723e+00 7.595355e-03 0
1.142958e+00 4.763213e-03 0
1.140571e+00 5.861664e-03 0
1.140571e+00 5.861664e-03 0
1.142958e+00 4.763213e-03 0
1.141352e+00 2.819106e-03 0
1.139641e+00 3.804539e-03 0
1.139641e+00 3.804539e-03 0
1.141352e+00 2.819106e-03 0
1.140132e+00 1.532776e-03 0
1.138894e+00 2.250101e-03 0
1.138894e+00 2.250101e-03 0
1.140132e+00 1.532776e-03 0
1.139379e+00 6.446460e-04 0
1.138417e+00 1.020984e-03 0
1.138417e+00 1.020984e-03 0
1.139379e+00 6.446460e-04 0
1.139126e+00 -3.350010e-05 0
1.138254e+00 -4.183993e-05 0
1.138254e+00 -4.183993e-05 0
1.139126e+00 -3.350010e-05 0
1.139398e+00 -7.141419e-04 0
1.138431e+00 -1.106626e-03 0
1.138431e+00 -1.106626e-03 0
1.139398e+00 -7.141419e-04 0
1.140180e+00 -1.601019e-03 0
1.138931e+00 -2.338991e-03 0
1.138931e+00 -2.338991e-03 0
1.140180e+00 -1.601019e-03 0
1.141426e+00 -2.910794e-03 0
1.139696e+00 -3.907796e-03 0
1.139696e+00 -3.907796e-03 0
1.141426e+00 -2.910794e-03 0
1.143032e+00 -4.877316e-03 0
1.140622e+00 -5.982908e-03 0
1.140622e+00 -5.982908e-03 0
1.143032e+00 -4.877316e-03 0
1.144847e+00 -7.741707e-03 0
1.141564e+00 -8.730059e-03 0
1.141564e+00 -8.730059e-03 0
1.144847e+00 -7.741707e-03 0
1.146461e+00 -1.172092e-02 0
1.142186e+00 -1.226569e-02 0
1.142186e+00 -1.226569e-02 0
1.146461e+00 -1.172092e-02 0
1.147581e+00 -1.696532e-02 0
1.142260e+00 -1.664641e-02 0
1.142260e+00 -1.664641e-02 0
1.147581e+00 -1.696532e-02 0
1.147423e+00 -2.346257e-02 0
1.141214e+00 -2.180824e-02 0
1.141214e+00 -2.180824e-02 0
1.147423e+00 -2.346257e-02 0
1.145381e+00 -3.095054e-02 0
1.138621e+00 -2.751358e-02 0
1.138621e+00 -2.751358e-02 0
1.145381e+00 -3.095054e-02 0
1.140499e+00 -3.894776e-02 0
1.133792e+00 -3.335983e-02 0
1.133792e+00 -3.335983e-02 0
1.140499e+00 -3.894776e-02 0
1.131653e+00 -4.659579e-02 0
1.125842e+00 -3.870234e-02 0
1.125842e+00 -3.870234e-02 0
1.131653e+00 -4.659579e-02 0
1.117261e+00 -5.277995e-02 0
1.113358e+00 -4.274060e-02 0
1.113358e+00 -4.274060e-02 0
1.117261e+00 -5.277995e-02 0
1.094713e+00 -5.624667e-02 0
1.093730e+00 -4.460215e-02 0
1.093730e+00 -4.460215e-02 0
1.094713e+00 -5.624667e-02 0
1.059267e+00 -5.585790e-02 0
1.061991e+00 -4.352575e-02 0
1.061991e+00 -4.352575e-02 0
1.059267e+00 -5.585790e-02 0
1.002631e+00 -5.089477e-02 0
1.009318e+00 -3.905783e-02 0
1.009318e+00 -3.905783e-02 0
1.002631e+00 -5.089477e-02 0
9.119174e-01 -4.145789e-02 0
9.220351e-01 -3.132207e-02 0
9.220351e-01 -3.132207e-02 0
9.119174e-01 -4.145789e-02 0
7.711406e-01 -2.862017e-02 0
7.830761e-01 -2.124305e-02 0
7.830761e-01 -2.124305e-02 0
7.711406e-01 -2.862017e-02 0
5.694306e-01 -1.520797e-02 0
5.804334e-01 -1.122449e-02 0
5.804334e-01 -1.122449e-02 0
5.694306e-01 -1.520797e-02 0
3.065441e-01 -4.786038e-03 0
3.135087e-01 -3.353616e-03 0
3.135087e-01 -3.353616e-03 0
3.065441e-01 -4.786038e-03 0
-2.515309e-03 3.379042e-04 0
-2.438651e-03 2.591727e-04 0
-2.497583e-03 -3.427806e-04 0
-2.737026e-03 -3.730495e-04 0
2.979520e-01 6.251110e-03 0
3.067712e-01 4.789087e-03 0
3.067712e-01 4.789087e-03 0
2.979520e-01 6.251110e-03 0
5.551962e-01 2.010336e-02 0
5.697657e-01 1.515045e-02 0
5.697657e-01 1.515045e-02 0
5.551962e-01 2.010336e-02 0
7.561343e-01 3.701581e-02 0
7.715796e-01 2.858852e-02 0
7.715796e-01 2.858852e-02 0
7.561343e-01 3.701581e-02 0
8.993100e-01 5.342333e-02 0
9.122536e-01 4.134021e-02 0
9.122536e-01 4.134021e-02 0
8.993100e-01 5.342333e-02 0
9.950990e-01 6.496561e-02 0
1.002990e+00 5.067788e-02 0
1.002990e+00 5.067788e-02 0
9.950990e-01 6.496561e-02 0
1.057355e+00 7.041236e-02 0
1.059613e+00 5.550604e-02 0
1.059613e+00 5.550604e-02 0
1.057355e+00 7.041236e-02 0
1.097750e+00 6.974743e-02 0
1.094988e+00 5.580290e-02 0
1.094988e+00 5.580290e-02 0
1.097750e+00 6.974743e-02 0
1.123953e+00 6.406218e-02 0
1.117440e+00 5.229746e-02 0
1.117440e+00 5.229746e-02 0
1.123953e+00 6.406218e-02 0
1.140482e+00 5.500041e-02 0
1.131736e+00 4.612224e-02 0
1.131736e+00 4.612224e-02 0
1.140482e+00 5.500041e-02 0
1.150012e+00 4.436921e-02 0
1.140505e+00 3.851607e-02 0
1.140505e+00 3.851607e-02 0
1.150012e+00 4.436921e-02 0
1.154440e+00 3.369649e-02 0
1.145297e+00 3.055281e-02 0
1.145297e+00 3.055281e-02 0
1.154440e+00 3.369649e-02 0
1.155287e+00 2.408415e-02 0
1.147295e+00 2.312291e-02 0
1.147295e+00 2.312291e-02 0
1.155287e+00 2.408415e-02 0
1.153846e+00 1.615333e-02 0
1.147387e+00 1.670719e-02 0
1.147387e+00 1.670719e-02 0
1.153846e+00 1.615333e-02 0
1.151184e+00 1.010119e-02 0
1.146320e+00 1.153184e-02 0
1.146320e+00 1.153184e-02 0
1.151184e+00 1.010119e-02 0
1.148112e+00 5.820881e-03 0
1.144723e+00 7.595355e-03 0
1.144723e+00 7.595355e-03 0
1.148112e+00 5.820881e-03 0
1.145182e+00 3.028560e-03 0
1.142958e+00 4.763213e-03 0
1.142958e+00 4.763213e-03 0
1.145182e+00 3.028560e-03 0
1.142730e+00 1.372891e-03 0
1.141352e+00 2.819106e-03 0
1.141352e+00 2.819106e-03 0
1.142730e+00 1.372891e-03 0
1.140926e+00 5.082810e-04 0
1.140132e+00 1.532776e-03 0
1.140132e+00 1.532776e-03 0
1.140926e+00 5.082810e-04 0
1.139836e+00 1.309520e-04 0
1.139379e+00 6.446460e-04 0
1.139379e+00 6.446460e-04 0
1.139836e+00 1.309520e-04 0
1.139481e+00 -1.775390e-05 0
1.139126e+00 -3.350010e-05 0
1.139126e+00 -3.350010e-05 0
1.139481e+00 -1.775390e-05 0
1.139862e+00 -1.680689e-04 0
1.139398e+00 -7.141419e-04 0
1.139398e+00 -7.141419e-04 0
1.139862e+00 -1.680689e-04 0
1.140978e+00 -5.511092e-04 0
1.140180e+00 -1.601019e-03 0
1.140180e+00 -1.601019e-03 0
1.140978e+00 -5.511092e-04 0
1.142814e+00 -1.428297e-03 0
1.141426e+00 -2.910794e-03 0
1.141426e+00 -2.910794e-03 0
1.142814e+00 -1.428297e-03 0
1.145300e+00 -3.107066e-03 0
1.143032e+00 -4.877316e-03 0
1.143032e+00 -4.877316e-03 0
1.145300e+00 -3.107066e-03 0
1.148266e+00 -5.937600e-03 0
1.144847e+00 -7.741707e-03 0
1.144847e+00 -7.741707e-03 0
1.148266e+00 -5.937600e-03 0
1.151370e+00 -1.027569e-02 0
1.146461e+00 -1.172092e-02 0
1.146461e+00 -1.172092e-02 0
1.151370e+00 -1.027569e-02 0
1.154052e+00 -1.640662e-02 0
1.147581e+00 -1.696532e-02 0
1.147581e+00 -1.696532e-02 0
1.154052e+00 -1.640662e-02 0
1.155488e+00 -2.443401e-02 0
1.147423e+00 -2.346257e-02 0
1.147423e+00 -2.346257e-02 0
1.155488e+00 -2.443401e-02 0
1.154602e+00 -3.415167e-02 0
1.145381e+00 -3.095054e-02 0
1.145381e+00 -3.095054e-02 0
1.154602e+00 -3.415167e-02 0
1.150087e+00 -4.492477e-02 0
1.140499e+00 -3.894776e-02 0
1.140499e+00 -3.894776e-02 0
1.150087e+00 -4.492477e-02 0
1.140417e+00 -5.562885e-02 0
1.131653e+00 -4.659579e-02 0
1.131653e+00 -4.659579e-02 0
1.140417e+00 -5.562885e-02 0
1.123692e+00 -6.471338e-02 0
1.117261e+00 -5.277995e-02 0
1.117261e+00 -5.277995e-02 0
1.123692e+00 -6.471338e-02 0
1.097264e+00 -7.033864e-02 0
1.094713e+00 -5.624667e-02 0
1.094713e+00 -5.624667e-02 0
1.097264e+00 -7.033864e-02 0
1.056679e+00 -7.084614e-02 0
1.059267e+00 -5.585790e-02 0
1.059267e+00 -5.585790e-02 0
1.056679e+00 -7.084614e-02 0
9.943561e-01 -6.517590e-02 0
1.002631e+00 -5.089477e-02 0
1.002631e+00 -5.089477e-02 0
9.943561e-01 -6.517590e-02 0
8.992463e-01 -5.347158e-02 0
9.119174e-01 -4.145789e-02 0
9.119174e-01 -4.145789e-02 0
8.992463e-01 -5.347158e-02 0
7.556498e-01 -3.698658e-02 0
7.711406e-01 -2.862017e-02 0
7.711406e-01 -2.862017e-02 0
7.556498e-01 -3.698658e-02 0
5.548970e-01 -2.005878e-02 0
5.694306e-01 -1.520797e-02 0
5.694306e-01 -1.520797e-02 0
5.548970e-01 -2.005878e-02 0
2.977352e-01 -6.225864e-03 0
3.065441e-01 -4.786038e-03 0
3.065441e-01 -4.786038e-03 0
2.977352e-01 -6.225864e-03 0
-2.752260e-03 3.685440e-04 0
-2.515309e-03 3.379042e-04 0
-2.737026e-03 -3.730495e-04 0
-3.287140e-03 -5.733651e-04 0
2.874264e-01 7.612403e-03 0
2.979520e-01 6.251110e-03 0
2.979520e-01 6.251110e-03 0
2.874264e-01 7.612403e-03 0
5.374062e-01 2.421233e-02 0
5.551962e-01 2.010336e-02 0
5.551962e-01 2.010336e-02 0
5.374062e-01 2.421233e-02 0
7.359790e-01 4.569386e-02 0
7.561343e-01 3.701581e-02 0
7.561343e-01 3.701581e-02 0
7.359790e-01 4.569386e-02 0
8.843054e-01 6.568666e-02 0
8.993100e-01 5.342333e-02 0
8.993100e-01 5.342333e-02 0
8.843054e-01 6.568666e-02 0
9.861838e-01 7.959788e-02 0
9.950990e-01 6.496561e-02 0
9.950990e-01 6.496561e-02 0
9.861838e-01 7.959788e-02 0
1.054882e+00 8.614701e-02 0
1.057355e+00 7.041236e-02 0
1.057355e+00 7.041236e-02 0
1.054882e+00 8.614701e-02 0
1.101649e+00 8.455300e-02 0
1.097750e+00 6.974743e-02 0
1.097750e+00 6.974743e-02 0
1.101649e+00 8.455300e-02 0
1.132529e+00 7.669374e-02 0
1.123953e+00 6.406218e-02 0
1.123953e+00 6.406218e-02 0
1.132529e+00 7.669374e-02 0
1.151723e+00 6.429210e-02 0
1.140482e+00 5.500041e-02 0
1.140482e+00 5.500041e-02 0
1.151723e+00 6.429210e-02 0
1.162043e+00 5.027447e-02 0
1.150012e+00 4.436921e-02 0
1.150012e+00 4.436921e-02 0
1.162043e+00 5.027447e-02 0
1.166003e+00 3.663000e-02 0
1.154440e+00 3.369649e-02 0
1.154440e+00 3.369649e-02 0
1.166003e+00 3.663000e-02 0
1.164975e+00 2.452712e-02 0
1.155287e+00 2.408415e-02 0
1.155287e+00 2.408415e-02 0
1.164975e+00 2.452712e-02 0
1.161585e+00 1.497808e-02 0
1.153846e+00 1.615333e-02 0
1.153846e+00 1.615333e-02 0
1.161585e+00 1.497808e-02 0
1.156766e+00 8.027441e-03 0
1.151184e+00 1.010119e-02 0
1.151184e+00 1.010119e-02 0
1.156766e+00 8.027441e-03 0
1.151742e+00 3.498785e-03 0
1.148112e+00 5.820881e-03 0
1.148112e+00 5.820881e-03 0
1.151742e+00 3.498785e-03 0
1.147350e+00 8.585385e-04 0
1.145182e+00 3.028560e-03 0
1.145182e+00 3.028560e-03 0
1.147350e+00 8.585385e-04 0
1.143805e+00 -3.855205e-04 0
1.142730e+00 1.372891e-03 0
1.142730e+00 1.372891e-03 0
1.143805e+00 -3.855205e-04 0
1.141289e+00 -7.029448e-04 0
1.140926e+00 5.082810e-04 0
1.140926e+00 5.082810e-04 0
1.141289e+00 -7.029448e-04 0
1.139809e+00 -4.748078e-04 0
1.139836e+00 1.309520e-04 0
1.139836e+00 1.309520e-04 0
1.139809e+00 -4.748078e-04 0
1.139333e+00 2.084025e-06 0
1.139481e+00 -1.775390e-05 0
1.139481e+00 -1.775390e-05 0
1.139333e+00 2.084025e-06 0
1.139839e+00 4.804087e-04 0
1.139862e+00 -1.680689e-04 0
1.139862e+00 -1.680689e-04 0
1.139839e+00 4.804087e-04 0
1.141355e+00 7.109079e-04 0
1.140978e+00 -5.511092e-04 0
1.140978e+00 -5.511092e-04 0
1.141355e+00 7.109079e-04 0
1.143914e+00 3.910603e-04 0
1.142814e+00 -1.428297e-03 0
1.142814e+00 -1.428297e-03 0
1.143914e+00 3.910603e-04 0
1.147512e+00 -8.687551e-04 0
1.145300e+00 -3.107066e-03 0
1.145300e+00 -3.107066e-03 0
1.147512e+00 -8.687551e-04 0
1.151962e+00 -3.549630e-03 0
1.148266e+00 -5.937600e-03 0
1.148266e+00 -5.937600e-03 0
1.151962e+00 -3.549630e-03 0
1.156954e+00 -8.202042e-03 0
1.151370e+00 -1.027569e-02 0
1.151370e+00 -1.027569e-02 0
1.156954e+00 -8.202042e-03 0
1.161770e+00 -1.522580e-02 0
1.154052e+00 -1.640662e-02 0
1.154052e+00 -1.640662e-02 0
1.161770e+00 -1.522580e-02 0
1.165307e+00 -2.494017e-02 0
1.155488e+00 -2.443401e-02 0
1.155488e+00 -2.443401e-02 0
1.165307e+00 -2.494017e-02 0
1.166069e+00 -3.705338e-02 0
1.154602e+00 -3.415167e-02 0
1.154602e+00 -3.415167e-02 0
1.166069e+00 -3.705338e-02 0
1.162492e+00 -5.106334e-02 0
1.150087e+00 -4.492477e-02 0
1.150087e+00 -4.492477e-02 0
1.162492e+00 -5.106334e-02 0
1.152014e+00 -6.523095e-02 0
1.140417e+00 -5.562885e-02 0
1.140417e+00 -5.562885e-02 0
1.152014e+00 -6.523095e-02 0
1.132635e+00 -7.732360e-02 0
1.123692e+00 -6.471338e-02 0
1.123692e+00 -6.471338e-02 0
1.132635e+00 -7.732360e-02 0
1.101560e+00 -8.540776e-02 0
1.097264e+00 -7.033864e-02 0
1.097264e+00 -7.033864e-02 0
1.101560e+00 -8.540776e-02 0
1.054626e+00 -8.666769e-02 0
1.056679e+00 -7.084614e-02 0
1.056679e+00 -7.084614e-02 0
1.054626e+00 -8.666769e-02 0
9.852599e-01 -7.988774e-02 0
9.943561e-01 -6.517590e-02 0
9.943561e-01 -6.517590e-02 0
9.852599e-01 -7.988774e-02 0
8.834118e-01 -6.539742e-02 0
8.992463e-01 -5.347158e-02 0
8.992463e-01 -5.347158e-02 0
8.834118e-01 -6.539742e-02 0
7.354380e-01 -4.558857e-02 0
7.556498e-01 -3.698658e-02 0
7.556498e-01 -3.698658e-02 0
7.354380e-01 -4.558857e-02 0
5.370556e-01 -2.414732e-02 0
5.548970e-01 -2.005878e-02 0
5.548970e-01 -2.005878e-02 0
5.370556e-01 -2.414732e-02 0
2.872414e-01 -7.548839e-03 0
2.977352e-01 -6.225864e-03 0
2.977352e-01 -6.225864e-03 0
2.872414e-01 -7.548839e-03 0
-3.294320e-03 5.687867e-04 0
-2.752260e-03 3.685440e-04 0
-3.287140e-03 -5.733651e-04 0
-3.482928e-03 -7.720233e-04 0
2.750656e-01 7.507777e-03 0
2.874264e-01 7.612403e-03 0
2.874264e-01 7.612403e-03 0
2.750656e-01 7.507777e-03 0
5.168707e-01 2.674309e-02 0
5.374062e-01 2.421233e-02 0
5.374062e-01 2.421233e-02 0
5.168707e-01 2.674309e-02 0
7.142784e-01 5.222567e-02 0
7.359790e-01 4.569386e-02 0
7.359790e-01 4.569386e-02 0
7.142784e-01 5.222567e-02 0
8.655380e-01 7.611210e-02 0
8.843054e-01 6.568666e-02 0
8.843054e-01 6.568666e-02 0
8.655380e-01 7.611210e-02 0
9.751853e-01 9.278469e-02 0
9.861838e-01 7.959788e-02 0
9.861838e-01 7.959788e-02 0
9.751853e-01 9.278469e-02 0
1.052567e+00 1.008538e-01 0
1.054882e+00 8.614701e-02 0
1.054882e+00 8.614701e-02 0
1.052567e+00 1.008538e-01 0
1.107059e+00 9.868221e-02 0
1.101649e+00 8.455300e-02 0
1.101649e+00 8.455300e-02 0
1.107059e+00 9.868221e-02 0
1.143643e+00 8.849172e-02 0
1.132529e+00 7.669374e-02 0
1.132529e+00 7.669374e-02 0
1.143643e+00 8.849172e-02 0
1.166041e+00 7.301740e-02 0
1.151723e+00 6.429210e-02 0
1.151723e+00 6.429210e-02 0
1.166041e+00 7.301740e-02 0
1.177158e+00 5.554344e-02 0
1.162043e+00 5.027447e-02 0
1.162043e+00 5.027447e-02 0
1.177158e+00 5.554344e-02 0
1.179781e+00 3.875277e-02 0
1.166003e+00 3.663000e-02 0
1.166003e+00 3.663000e-02 0
1.179781e+00 3.875277e-02 0
1.176671e+00 2.432601e-02 0
1.164975e+00 2.452712e-02 0
1.164975e+00 2.452712e-02 0
1.176671e+00 2.432601e-02 0
1.170334e+00 1.326968e-02 0
1.161585e+00 1.497808e-02 0
1.161585e+00 1.497808e-02 0
1.170334e+00 1.326968e-02 0
1.162803e+00 5.603509e-03 0
1.156766e+00 8.027441e-03 0
1.156766e+00 8.027441e-03 0
1.162803e+00 5.603509e-03 0
1.155505e+00 9.314158e-04 0
1.151742e+00 3.498785e-03 0
1.151742e+00 3.498785e-03 0
1.155505e+00 9.314158e-04 0
1.149274e+00 -1.427482e-03 0
1.147350e+00 8.585385e-04 0
1.147350e+00 8.585385e-04 0
1.149274e+00 -1.427482e-03 0
1.144475e+00 -2.172975e-03 0
1.143805e+00 -3.855205e-04 0
1.143805e+00 -3.855205e-04 0
1.144475e+00 -2.172975e-03 0
1.141166e+00 -1.903381e-03 0
1.141289e+00 -7.029448e-04 0
1.141289e+00 -7.029448e-04 0
1.141166e+00 -1.903381e-03 0
1.139258e+00 -1.069659e-03 0
1.139809e+00 -4.748078e-04 0
1.139809e+00 -4.748078e-04 0
1.139258e+00 -1.069659e-03 0
1.138647e+00 1.008377e-05 0
1.139333e+00 2.084025e-06 0
1.139333e+00 2.084025e-06 0
1.138647e+00 1.008377e-05 0
1.139291e+00 1.090942e-03 0
1.139839e+00 4.804087e-04 0
1.139839e+00 4.804087e-04 0
1.139291e+00 1.090942e-03 0
1.141239e+00 1.926691e-03 0
1.141355e+00 7.109079e-04 0
1.141355e+00 7.109079e-04 0
1.141239e+00 1.926691e-03 0
1.144604e+00 2.192093e-03 0
1.143914e+00 3.910603e-04 0
1.143914e+00 3.910603e-04 0
1.144604e+00 2.192093e-03 0
1.149474e+00 1.428967e-03 0
1.147512e+00 -8.687551e-04 0
1.147512e+00 -8.687551e-04 0
1.149474e+00 1.428967e-03 0
1.155790e+00 -9.733163e-04 0
1.151962e+00 -3.549630e-03 0
1.151962e+00 -3.549630e-03 0
1.155790e+00 -9.733163e-04 0
1.163182e+00 -5.720560e-03 0
1.156954e+00 -8.202042e-03 0
1.156954e+00 -8.202042e-03 0
1.163182e+00 -5.720560e-03 0
1.170792e+00 -1.349230e-02 0
1.161770e+00 -1.522580e-02 0
1.161770e+00 -1.522580e-02 0
1.170792e+00 -1.349230e-02 0
1.177161e+00 -2.473958e-02 0
1.165307e+00 -2.494017e-02 0
1.165307e+00 -2.494017e-02 0
1.177161e+00 -2.473958e-02 0
1.180236e+00 -3.927135e-02 0
1.166069e+00 -3.705338e-02 0
1.166069e+00 -3.705338e-02 0
1.180236e+00 -3.927135e-02 0
1.177483e+00 -5.633452e-02 0
1.162492e+00 -5.106334e-02 0
1.162492e+00 -5.106334e-02 0
1.177483e+00 -5.633452e-02 0
1.166113e+00 -7.396237e-02 0
1.152014e+00 -6.523095e-02 0
1.152014e+00 -6.523095e-02 0
1.166113e+00 -7.396237e-02 0
1.143357e+00 -8.937820e-02 0
1.132635e+00 -7.732360e-02 0
1.132635e+00 -7.732360e-02 0
1.143357e+00 -8.937820e-02 0
1.106347e+00 -9.959529e-02 0
1.101560e+00 -8.540776e-02 0
1.101560e+00 -8.540776e-02 0
1.106347e+00 -9.959529e-02 0
1.051418e+00 -1.014891e-01 0
1.054626e+00 -8.666769e-02 0
1.054626e+00 -8.666769e-02 0
1.051418e+00 -1.014891e-01 0
9.739468e-01 -9.292602e-02 0
9.852599e-01 -7.988774e-02 0
9.852599e-01 -7.988774e-02 0
9.739468e-01 -9.292602e-02 0
8.646510e-01 -7.590734e-02 0
8.834118e-01 -6.539742e-02 0
8.834118e-01 -6.539742e-02 0
8.646510e-01 -7.590734e-02 0
7.137015e-01 -5.204134e-02 0
7.354380e-01 -4.558857e-02 0
7.354380e-01 -4.558857e-02 0
7.137015e-01 -5.204134e-02 0
5.165436e-01 -2.657120e-02 0
5.370556e-01 -2.414732e-02 0
5.370556e-01 -2.414732e-02 0
5.165436e-01 -2.657120e-02 0
2.749238e-01 -7.403490e-03 0
2.872414e-01 -7.548839e-03 0
2.872414e-01 -7.548839e-03 0
2.749238e-01 -7.403490e-03 0
-3.473579e-03 7.704587e-04 0
-3.294320e-03 5.687867e-04 0
-3.482928e-03 -7.720233e-04 0
-1.042791e-03 -1.719678e-03 0
2.722470e-01 5.293410e-03 0
2.750656e-01 7.507777e-03 0
2.750656e-01 7.507777e-03 0
2.722470e-01 5.293410e-03 0
5.077904e-01 2.621315e-02 0
5.168707e-01 2.674309e-02 0
5.168707e-01 2.674309e-02 0
5.077904e-01 2.621315e-02 0
7.021611e-01 5.618696e-02 0
7.142784e-01 5.222567e-02 0
7.142784e-01 5.222567e-02 0
7.021611e-01 5.618696e-02 0
8.579001e-01 8.466016e-02 0
8.655380e-01 7.611210e-02 0
8.655380e-01 7.611210e-02 0
8.579001e-01 8.466016e-02 0
9.687640e-01 1.037008e-01 0
9.751853e-01 9.278469e-02 0
9.751853e-01 9.278469e-02 0
9.687640e-01 1.037008e-01 0
1.049187e+00 1.134068e-01 0
1.052567e+00 1.008538e-01 0
1.052567e+00 1.008538e-01 0
1.049187e+00 1.134068e-01 0
1.108267e+00 1.108086e-01 0
1.107059e+00 9.868221e-02 0
1.107059e+00 9.868221e-02 0
1.108267e+00 1.108086e-01 0
1.149633e+00 9.864963e-02 0
1.143643e+00 8.849172e-02 0
1.143643e+00 8.849172e-02 0
1.149633e+00 9.864963e-02 0
1.175773e+00 8.039672e-02 0
1.166041e+00 7.301740e-02 0
1.166041e+00 7.301740e-02 0
1.175773e+00 8.039672e-02 0
1.190964e+00 5.984017e-02 0
1.177158e+00 5.554344e-02 0
1.177158e+00 5.554344e-02 0
1.190964e+00 5.984017e-02 0
1.192059e+00 4.026355e-02 0
1.179781e+00 3.875277e-02 0
1.179781e+00 3.875277e-02 0
1.192059e+00 4.026355e-02 0
1.188058e+00 2.378979e-02 0
1.176671e+00 2.432601e-02 0
1.176671e+00 2.432601e-02 0
1.188058e+00 2.378979e-02 0
1.179635e+00 1.142657e-02 0
1.170334e+00 1.326968e-02 0
1.170334e+00 1.326968e-02 0
1.179635e+00 1.142657e-02 0
1.170205e+00 3.191726e-03 0
1.162803e+00 5.603509e-03 0
1.162803e+00 5.603509e-03 0
1.170205e+00 3.191726e-03 0
1.160456e+00 -1.514926e-03 0
1.155505e+00 9.314158e-04 0
1.155505e+00 9.314158e-04 0
1.160456e+00 -1.514926e-03 0
1.152343e+00 -3.560745e-03 0
1.149274e+00 -1.427482e-03 0
1.149274e+00 -1.427482e-03 0
1.152343e+00 -3.560745e-03 0
1.146208e+00 -3.816522e-03 0
1.144475e+00 -2.172975e-03 0
1.144475e+00 -2.172975e-03 0
1.146208e+00 -3.816522e-03 0
1.141726e+00 -2.996792e-03 0
1.141166e+00 -1.903381e-03 0
1.141166e+00 -1.903381e-03 0
1.141726e+00 -2.996792e-03 0
1.139222e+00 -1.610905e-03 0
1.139258e+00 -1.069659e-03 0
1.139258e+00 -1.069659e-03 0
1.139222e+00 -1.610905e-03 0
1.138430e+00 1.156577e-05 0
1.138647e+00 1.008377e-05 0
1.138647e+00 1.008377e-05 0
1.138430e+00 1.156577e-05 0
1.139303e+00 1.636618e-03 0
1.139291e+00 1.090942e-03 0
1.139291e+00 1.090942e-03 0
1.139303e+00 1.636618e-03 0
1.141902e+00 3.029505e-03 0
1.141239e+00 1.926691e-03 0
1.141239e+00 1.926691e-03 0
1.141902e+00 3.029505e-03 0
1.146364e+00 3.850831e-03 0
1.144604e+00 2.192093e-03 0
1.144604e+00 2.192093e-03 0
1.146364e+00 3.850831e-03 0
1.152784e+00 3.585314e-03 0
1.149474e+00 1.428967e-03 0
1.149474e+00 1.428967e-03 0
1.152784e+00 3.585314e-03 0
1.161239e+00 1.502490e-03 0
1.155790e+00 -9.733163e-04 0
1.155790e+00 -9.733163e-04 0
1.161239e+00 1.502490e-03 0
1.170666e+00 -3.271514e-03 0
1.163182e+00 -5.720560e-03 0
1.163182e+00 -5.720560e-03 0
1.170666e+00 -3.271514e-03 0
1.181258e+00 -1.163999e-02 0
1.170792e+00 -1.349230e-02 0
1.170792e+00 -1.349230e-02 0
1.181258e+00 -1.163999e-02 0
1.189798e+00 -2.418759e-02 0
1.177161e+00 -2.473958e-02 0
1.177161e+00 -2.473958e-02 0
1.189798e+00 -2.418759e-02 0
1.192604e+00 -4.085431e-02 0
1.180236e+00 -3.927135e-02 0
1.180236e+00 -3.927135e-02 0
1.192604e+00 -4.085431e-02 0
1.189362e+00 -6.064838e-02 0
1.177483e+00 -5.633452e-02 0
1.177483e+00 -5.633452e-02 0
1.189362e+00 -6.064838e-02 0
1.175598e+00 -8.138402e-02 0
1.166113e+00 -7.396237e-02 0
1.166113e+00 -7.396237e-02 0
1.175598e+00 -8.138402e-02 0
1.149109e+00 -9.972064e-02 0
1.143357e+00 -8.937820e-02 0
1.143357e+00 -8.937820e-02 0
1.149109e+00 -9.972064e-02 0
1.107342e+00 -1.118184e-01 0
1.106347e+00 -9.959529e-02 0
1.106347e+00 -9.959529e-02 0
1.107342e+00 -1.118184e-01 0
1.046296e+00 -1.141657e-01 0
1.051418e+00 -1.014891e-01 0
1.051418e+00 -1.014891e-01 0
1.046296e+00 -1.141657e-01 0
9.673897e-01 -1.036822e-01 0
9.739468e-01 -9.292602e-02 0
9.739468e-01 -9.292602e-02 0
9.673897e-01 -1.036822e-01 0
8.574367e-01 -8.444572e-02 0
8.646510e-01 -7.590734e-02 0
8.646510e-01 -7.590734e-02 0
8.574367e-01 -8.444572e-02 0
7.019589e-01 -5.593059e-02 0
7.137015e-01 -5.204134e-02 0
7.137015e-01 -5.204134e-02 0
7.019589e-01 -5.593059e-02 0
5.056538e-01 -2.598468e-02 0
5.165436e-01 -2.657120e-02 0
5.165436e-01 -2.657120e-02 0
5.056538e-01 -2.598468e-02 0
2.720760e-01 -5.154615e-03 0
2.749238e-01 -7.403490e-03 0
2.749238e-01 -7.403490e-03 0
2.720760e-01 -5.154615e-03 0
-1.031653e-03 1.730607e-03 0
-3.473579e-03 7.704587e-04 0

CELL_DATA 3200
SCALARS p FLOAT
LOOKUP_TABLE default
2.925417e+01
2.925411e+01
2.925418e+01
2.925421e+01
2.925418e+01
2.925417e+01
2.925417e+01
2.925417e+01
2.925417e+01
2.925417e+01
2.925417e+01
2.925417e+01
2.925416e+01
2.925416e+01
2.925416e+01
2.925416e+01
2.925416e+01
2.925416e+01
2.925416e+01
2.925417e+01
2.925417e+01
2.925417e+01
2.925417e+01
2.925418e+01
2.925418e+01
2.925418e+01
2.925419e+01
2.925419e+01
2.925420e+01
2.925420e+01
2.925420e+01
2.925421e+01
2.925421e+01
2.925421e+01
2.925421e+01
2.925422e+01
2.925425e+01
2.925422e+01
2.925415e+01
2.925422e+01
2.889584e+01
2.889594e+01
2.889584e+01
2.889573e+01
2.889583e+01
2.889583e+01
2.889583e+01
2.889583e+01
2.889583e+01
2.889583e+01
2.889583e+01
2.889582e+01
2.889582e+01
2.889582e+01
2.889582e+01
2.889582e+01
2.889582e+01
2.889583e+01
2.889583e+01
2.889583e+01
2.889583e+01
2.889583e+01
2.889584e+01
2.889584e+01
2.889584e+01
2.889585e+01
2.889585e+01
2.889586e+01
2.889586e+01
2.889586e+01
2.889587e+01
2.889587e+01
2.889588e+01
2.889588e+01
2.889588e+01
2.889588e+01
2.889578e+01
2.889589e+01
2.889600e+01
2.889589e+01
2.853746e+01
2.853726e+01
2.853750e+01
2.853774e+01
2.853751e+01
2.853749e+01
2.853749e+01
2.853749e+01
2.853749e+01
2.853749e+01
2.853749e+01
2.853749e+01
2.853749e+01
2.853749e+01
2.853749e+01
2.853749e+01
2.853749e+01
2.853749e+01
2.853749e+01
2.853749e+01
2.853750e+01
2.853750e+01
2.853750e+01
2.853751e+01
2.853751e+01
2.853751e+01
2.853752e+01
2.853752e+01
2.853752e+01
2.853753e+01
2.853753e+01
2.853754e+01
2.853754e+01
2.853754e+01
2.853755e+01
2.853756e+01
2.853780e+01
2.853755e+01
2.853731e+01
2.853752e+01
2.817916e+01
2.817926e+01
2.817915e+01
2.817904e+01
2.817915e+01
2.817915e+01
2.817915e+01
2.817915e+01
2.817915e+01
2.817915e+01
2.817915e+01
2.817915e+01
2.817915e+01
2.817915e+01
2.817915e+01
2.817915e+01
2.817915e+01
2.817915e+01
2.817916e+01
2.817916e+01
2.817916e+01
2.817916e+01
2.817917e+01
2.817917e+01
2.817917e+01
2.817918e+01
2.817918e+01
2.817919e+01
2.817919e+01
2.817919e+01
2.817920e+01
2.817920e+01
2.817920e+01
2.817921e+01
2.817921e+01
2.817921e+01
2.817910e+01
2.817921e+01
2.817933e+01
2.817922e+01
2.782081e+01
2.782081e+01
2.782081e+01
2.782080e+01
2.782081e+01
2.782081e+01
2.782081e+01
2.782081e+01
2.782081e+01
2.782081e+01
2.782081e+01
2.782081e+01
2.782081e+01
2.782081e+01
2.782081e+01
2.782081e+01
2.782082e+01
2.782082e+01
2.782082e+01
2.782082e+01
2.782083e+01
2.782083e+01
2.782083e+01
2.782084e+01
2.782084e+01
2.782084e+01
2.782085e+01
2.782085e+01
2.782085e+01
2.782086e+01
2.782086e+01
2.782087e+01
2.782087e+01
2.782087e+01
2.782087e+01
2.782087e+01
2.782087e+01
2.782088e+01
2.782088e+01
2.782088e+01
2.746247e+01
2.746247e+01
2.746247e+01
2.746246e+01
2.746247e+01
2.746247e+01
2.746247e+01
2.746247e+01
2.746247e+01
2.746247e+01
2.746247e+01
2.746247e+01
2.746247e+01
2.746247e+01
2.746247e+01
2.746248e+01
2.746248e+01
2.746248e+01
2.746248e+01
2.746249e+01
2.746249e+01
2.746249e+01
2.746250e+01
2.746250e+01
2.746250e+01
2.746251e+01
2.746251e+01
2.746252e+01
2.746252e+01
2.746252e+01
2.746253e+01
2.746253e+01
2.746253e+01
2.746254e+01
2.746254e+01
2.746254e+01
2.746253e+01
2.746254e+01
2.746254e+01
2.746254e+01
2.710414e+01
2.710424e+01
2.710412e+01
2.710401e+01
2.710412e+01
2.710413e+01
2.710413e+01
2.710413e+01
2.710413e+01
2.710413e+01
2.710413e+01
2.710413e+01
2.710413e+01
2.710414e+01
2.710414e+01
2.710414e+01
2.710414e+01
2.710414e+01
2.710415e+01
2.710415e+01
2.710415e+01
2.710416e+01
2.710416e+01
2.710417e+01
2.710417e+01
2.710417e+01
2.710418e+01
2.710418e+01
2.710419e+01
2.710419e+01
2.710419e+01
2.710420e+01
2.710420e+01
2.710420e+01
2.710420e+01
2.710420e+01
2.710409e+01
2.710420e+01
2.710432e+01
2.710422e+01
2.674576e+01
2.674555e+01
2.674579e+01
2.674603e+01
2.674580e+01
2.674579e+01
2.674579e+01
2.674579e+01
2.674579e+01
2.674579e+01
2.674579e+01
2.674579e+01
2.674579e+01
2.674580e+01
2.674580e+01
2.674580e+01
2.674580e+01
2.674581e+01
2.674581e+01
2.674581e+01
2.674582e+01
2.674582e+01
2.674583e+01
2.674583e+01
2.674583e+01
2.674584e+01
2.674584e+01
2.674585e+01
2.674585e+01
2.674585e+01
2.674586e+01
2.674586e+01
2.674586e+01
2.674587e+01
2.674587e+01
2.674588e+01
2.674612e+01
2.674588e+01
2.674564e+01
2.674585e+01
2.638745e+01
2.638756e+01
2.638744e+01
2.638733e+01
2.638744e+01
2.638745e+01
2.638745e+01
2.638745e+01
2.638745e+01
2.638745e+01
2.638745e+01
2.638745e+01
2.638746e+01
2.638746e+01
2.638746e+01
2.638746e+01
2.638747e+01
2.638747e+01
2.638747e+01
2.638748e+01
2.638748e+01
2.638749e+01
2.638749e+01
2.638750e+01
2.638750e+01
2.638750e+01
2.638751e+01
2.638751e+01
2.638752e+01
2.638752e+01
2.638752e+01
2.638753e+01
2.638753e+01
2.638753e+01
2.638754e+01
2.638753e+01
2.638742e+01
2.638754e+01
2.638765e+01
2.638755e+01
2.602910e+01
2.602910e+01
2.602910e+01
2.602909e+01
2.602910e+01
2.602910e+01
2.602910e+01
2.602911e+01
2.602911e+01
2.602911e+01
2.602911e+01
2.602911e+01
2.602912e+01
2.602912e+01
2.602912e+01
2.602913e+01
2.602913e+01
2.602913e+01
2.602914e+01
2.602914e+01
2.602915e+01
2.602915e+01
2.602916e+01
2.602916e+01
2.602916e+01
2.602917e+01
2.602917e+01
2.602918e+01
2.602918e+01
2.602919e+01
2.602919e+01
2.602919e+01
2.602920e+01
2.602920e+01
2.602920e+01
2.602920e+01
2.602920e+01
2.602920e+01
2.602921e+01
2.602920e+01
2.567076e+01
2.567076e+01
2.567076e+01
2.567075e+01
2.567076e+01
2.567076e+01
2.567076e+01
2.567076e+01
2.567077e+01
2.567077e+01
2.567077e+01
2.567077e+01
2.567078e+01
2.567078e+01
2.567078e+01
2.567079e+01
2.567079e+01
2.567080e+01
2.567080e+01
2.567080e+01
2.567081e+01
2.567081e+01
2.567082e+01
2.567082e+01
2.567083e+01
2.567083e+01
2.567084e+01
2.567084e+01
2.567085e+01
2.567085e+01
2.567086e+01
2.567086e+01
2.567086e+01
2.567087e+01
2.567087e+01
2.567087e+01
2.567086e+01
2.567087e+01
2.567087e+01
2.567087e+01
2.531242e+01
2.531253e+01
2.531241e+01
2.531230e+01
2.531241e+01
2.531242e+01
2.531242e+01
2.531242e+01
2.531243e+01
2.531243e+01
2.531243e+01
2.531243e+01
2.531244e+01
2.531244e+01
2.531244e+01
2.531245e+01
2.531245e+01
2.531246e+01
2.531246e+01
2.531247e+01
2.531247e+01
2.531248e+01
2.531248e+01
2.531249e+01
2.531249e+01
2.531250e+01
2.531251e+01
2.531251e+01
2.531252e+01
2.531252e+01
2.531252e+01
2.531253e+01
2.531253e+01
2.531253e+01
2.531254e+01
2.531253e+01
2.531242e+01
2.531254e+01
2.531265e+01
2.531255e+01
2.495405e+01
2.495384e+01
2.495408e+01
2.495432e+01
2.495409e+01
2.495408e+01
2.495408e+01
2.495408e+01
2.495408e+01
2.495409e+01
2.495409e+01
2.495409e+01
2.495410e+01
2.495410e+01
2.495411e+01
2.495411e+01
2.495411e+01
2.495412e+01
2.495413e+01
2.495413e+01
2.495414e+01
2.495414e+01
2.495415e+01
2.495415e+01
2.495416e+01
2.495417e+01
2.495417e+01
2.495418e+01
2.495418e+01
2.495419e+01
2.495419e+01
2.495420e+01
2.495420e+01
2.495420e+01
2.495421e+01
2.495422e+01
2.495445e+01
2.495421e+01
2.495397e+01
2.495418e+01
2.459574e+01
2.459584e+01
2.459573e+01
2.459562e+01
2.459573e+01
2.459574e+01
2.459574e+01
2.459574e+01
2.459574e+01
2.459575e+01
2.459575e+01
2.459575e+01
2.459576e+01
2.459576e+01
2.459577e+01
2.459577e+01
2.459578e+01
2.459578e+01
2.459579e+01
2.459579e+01
2.459580e+01
2.459581e+01
2.459581e+01
2.459582e+01
2.459583e+01
2.459583e+01
2.459584e+01
2.459584e+01
2.459585e+01
2.459586e+01
2.459586e+01
2.459586e+01
2.459587e+01
2.459587e+01
2.459587e+01
2.459587e+01
2.459576e+01
2.459588e+01
2.459599e+01
2.459588e+01
2.423738e+01
2.423739e+01
2.423739e+01
2.423738e+01
2.423739e+01
2.423739e+01
2.423739e+01
2.423740e+01
2.423740e+01
2.423740e+01
2.423741e+01
2.423741e+01
2.423742e+01
2.423742e+01
2.423743e+01
2.423743e+01
2.423744e+01
2.423744e+01
2.423745e+01
2.423746e+01
2.423746e+01
2.423747e+01
2.423748e+01
2.423748e+01
2.423749e+01
2.423750e+01
2.423750e+01
2.423751e+01
2.423752e+01
2.423752e+01
2.423753e+01
2.423753e+01
2.423754e+01
2.423754e+01
2.423754e+01
2.423754e+01
2.423754e+01
2.423754e+01
2.423755e+01
2.423754e+01
2.387903e+01
2.387904e+01
2.387904e+01
2.387904e+01
2.387905e+01
2.387905e+01
2.387905e+01
2.387905e+01
2.387906e+01
2.387906e+01
2.387907e+01
2.387907e+01
2.387908e+01
2.387908e+01
2.387909e+01
2.387909e+01
2.387910e+01
2.387910e+01
2.387911e+01
2.387912e+01
2.387913e+01
2.387913e+01
2.387914e+01
2.387915e+01
2.387916e+01
2.387916e+01
2.387917e+01
2.387918e+01
2.387919e+01
2.387919e+01
2.387920e+01
2.387920e+01
2.387921e+01
2.387921e+01
2.387921e+01
2.387921e+01
2.387921e+01
2.387921e+01
2.387921e+01
2.387921e+01
2.352070e+01
2.352080e+01
2.352070e+01
2.352067e+01
2.352070e+01
2.352070e+01
2.352071e+01
2.352071e+01
2.352072e+01
2.352072e+01
2.352072e+01
2.352073e+01
2.352073e+01
2.352074e+01
2.352075e+01
2.352075e+01
2.352076e+01
2.352076e+01
2.352077e+01
2.352078e+01
2.352079e+01
2.352080e+01
2.352080e+01
2.352081e+01
2.352082e+01
2.352083e+01
2.352084e+01
2.352085e+01
2.352085e+01
2.352086e+01
2.352087e+01
2.352087e+01
2.352088e+01
2.352088e+01
2.352088e+01
2.352088e+01
2.352085e+01
2.352089e+01
2.352099e+01
2.352088e+01
2.316232e+01
2.316211e+01
2.316234e+01
2.316240e+01
2.316235e+01
2.316236e+01
2.316236e+01
2.316237e+01
2.316237e+01
2.316238e+01
2.316238e+01
2.316239e+01
2.316239e+01
2.316240e+01
2.316240e+01
2.316241e+01
2.316242e+01
2.316243e+01
2.316243e+01
2.316244e+01
2.316245e+01
2.316246e+01
2.316247e+01
2.316248e+01
2.316249e+01
2.316250e+01
2.316251e+01
2.316252e+01
2.316252e+01
2.316253e+01
2.316254e+01
2.316254e+01
2.316255e+01
2.316255e+01
2.316255e+01
2.316255e+01
2.316260e+01
2.316254e+01
2.316231e+01
2.316252e+01
2.280402e+01
2.280413e+01
2.280401e+01
2.280398e+01
2.280402e+01
2.280402e+01
2.280402e+01
2.280403e+01
2.280403e+01
2.280403e+01
2.280404e+01
2.280404e+01
2.280405e+01
2.280406e+01
2.280406e+01
2.280407e+01
2.280408e+01
2.280409e+01
2.280409e+01
2.280410e+01
2.280411e+01
2.280412e+01
2.280413e+01
2.280414e+01
2.280415e+01
2.280416e+01
2.280417e+01
2.280418e+01
2.280419e+01
2.280420e+01
2.280421e+01
2.280422e+01
2.280422e+01
2.280423e+01
2.280423e+01
2.280423e+01
2.280420e+01
2.280424e+01
2.280435e+01
2.280424e+01
2.244568e+01
2.244579e+01
2.244567e+01
2.244556e+01
2.244567e+01
2.244568e+01
2.244568e+01
2.244568e+01
2.244569e+01
2.244569e+01
2.244570e+01
2.244570e+01
2.244571e+01
2.244571e+01
2.244572e+01
2.244573e+01
2.244574e+01
2.244574e+01
2.244575e+01
2.244576e+01
2.244577e+01
2.244578e+01
2.244580e+01
2.244581e+01
2.244582e+01
2.244583e+01
2.244584e+01
2.244585e+01
2.244586e+01
2.244587e+01
2.244588e+01
2.244589e+01
2.244590e+01
2.244590e+01
2.244591e+01
2.244591e+01
2.244580e+01
2.244591e+01
2.244603e+01
2.244592e+01
2.208730e+01
2.208709e+01
2.208733e+01
2.208758e+01
2.208735e+01
2.208733e+01
2.208734e+01
2.208734e+01
2.208734e+01
2.208735e+01
2.208735e+01
2.208736e+01
2.208736e+01
2.208737e+01
2.208738e+01
2.208739e+01
2.208739e+01
2.208740e+01
2.208741e+01
2.208742e+01
2.208744e+01
2.208745e+01
2.208746e+01
2.208747e+01
2.208749e+01
2.208750e+01
2.208751e+01
2.208752e+01
2.208753e+01
2.208755e+01
2.208756e+01
2.208756e+01
2.208757e+01
2.208758e+01
2.208759e+01
2.208760e+01
2.208784e+01
2.208759e+01
2.208736e+01
2.208757e+01
2.172900e+01
2.172920e+01
2.172898e+01
2.172884e+01
2.172898e+01
2.172899e+01
2.172899e+01
2.172900e+01
2.172900e+01
2.172900e+01
2.172901e+01
2.172902e+01
2.172902e+01
2.172903e+01
2.172903e+01
2.172904e+01
2.172905e+01
2.172906e+01
2.172907e+01
2.172908e+01
2.172910e+01
2.172911e+01
2.172912e+01
2.172914e+01
2.172915e+01
2.172917e+01
2.172918e+01
2.172919e+01
2.172921e+01
2.172922e+01
2.172923e+01
2.172924e+01
2.172925e+01
2.172926e+01
2.172926e+01
2.172926e+01
2.172912e+01
2.172927e+01
2.172949e+01
2.172928e+01
2.137060e+01
2.137039e+01
2.137062e+01
2.137068e+01
2.137063e+01
2.137064e+01
2.137065e+01
2.137065e+01
2.137066e+01
2.137066e+01
2.137067e+01
2.137067e+01
2.137068e+01
2.137068e+01
2.137069e+01
2.137070e+01
2.137071e+01
2.137072e+01
2.137073e+01
2.137074e+01
2.137076e+01
2.137077e+01
2.137079e+01
2.137080e+01
2.137082e+01
2.137083e+01
2.137085e+01
2.137086e+01
2.137088e+01
2.137089e+01
2.137091e+01
2.137092e+01
2.137093e+01
2.137093e+01
2.137094e+01
2.137094e+01
2.137099e+01
2.137093e+01
2.137071e+01
2.137091e+01
2.101229e+01
2.101240e+01
2.101229e+01
2.101226e+01
2.101229e+01
2.101230e+01
2.101230e+01
2.101231e+01
2.101231e+01
2.101232e+01
2.101232e+01
2.101233e+01
2.101233e+01
2.101234e+01
2.101235e+01
2.101235e+01
2.101236e+01
2.101237e+01
2.101239e+01
2.101240e+01
2.101241e+01
2.101243e+01
2.101245e+01
2.101246e+01
2.101248e+01
2.101250e+01
2.101252e+01
2.101254e+01
2.101255e+01
2.101257e+01
2.101258e+01
2.101260e+01
2.101261e+01
2.101262e+01
2.101262e+01
2.101263e+01
2.101259e+01
2.101263e+01
2.101274e+01
2.101263e+01
2.065394e+01
2.065406e+01
2.065394e+01
2.065383e+01
2.065395e+01
2.065396e+01
2.065396e+01
2.065396e+01
2.065397e+01
2.065397e+01
2.065398e+01
2.065398e+01
2.065399e+01
2.065399e+01
2.065400e+01
2.065401e+01
2.065402e+01
2.065403e+01
2.065404e+01
2.065406e+01
2.065407e+01
2.065409e+01
2.065411e+01
2.065413e+01
2.065415e+01
2.065417e+01
2.065419e+01
2.065421e+01
2.065423e+01
2.065425e+01
2.065426e+01
2.065428e+01
2.065429e+01
2.065430e+01
2.065431e+01
2.065431e+01
2.065420e+01
2.065431e+01
2.065443e+01
2.065432e+01
2.029556e+01
2.029536e+01
2.029560e+01
2.029585e+01
2.029562e+01
2.029561e+01
2.029562e+01
2.029562e+01
2.029562e+01
2.029563e+01
2.029563e+01
2.029563e+01
2.029564e+01
2.029565e+01
2.029565e+01
2.029566e+01
2.029567e+01
2.029568e+01
2.029570e+01
2.029571e+01
2.029573e+01
2.029575e+01
2.029577e+01
2.029579e+01
2.029581e+01
2.029584e+01
2.029586e+01
2.029588e+01
2.029590e+01
2.029593e+01
2.029594e+01
2.029596e+01
2.029598e+01
2.029599e+01
2.029600e+01
2.029602e+01
2.029625e+01
2.029601e+01
2.029576e+01
2.029596e+01
1.993725e+01
1.993747e+01
1.993725e+01
1.993711e+01
1.993726e+01
1.993727e+01
1.993727e+01
1.993728e+01
1.993728e+01
1.993728e+01
1.993728e+01
1.993729e+01
1.993729e+01
1.993730e+01
1.993730e+01
1.993731e+01
1.993732e+01
1.993733e+01
1.993735e+01
1.993737e+01
1.993738e+01
1.993741e+01
1.993743e+01
1.993745e+01
1.993748e+01
1.993750e+01
1.993753e+01
1.993756e+01
1.993758e+01
1.993761e+01
1.993763e+01
1.993765e+01
1.993766e+01
1.993768e+01
1.993769e+01
1.993769e+01
1.993755e+01
1.993769e+01
1.993791e+01
1.993769e+01
1.957885e+01
1.957866e+01
1.957889e+01
1.957895e+01
1.957891e+01
1.957892e+01
1.957893e+01
1.957893e+01
1.957893e+01
1.957894e+01
1.957894e+01
1.957894e+01
1.957894e+01
1.957895e+01
1.957895e+01
1.957896e+01
1.957897e+01
1.957898e+01
1.957900e+01
1.957902e+01
1.957904e+01
1.957906e+01
1.957909e+01
1.957911e+01
1.957914e+01
1.957917e+01
1.957920e+01
1.957923e+01
1.957926e+01
1.957929e+01
1.957931e+01
1.957934e+01
1.957935e+01
1.957937e+01
1.957938e+01
1.957938e+01
1.957943e+01
1.957937e+01
1.957914e+01
1.957933e+01
1.922054e+01
1.922066e+01
1.922056e+01
1.922053e+01
1.922058e+01
1.922058e+01
1.922059e+01
1.922059e+01
1.922059e+01
1.922059e+01
1.922059e+01
1.922059e+01
1.922059e+01
1.922060e+01
1.922060e+01
1.922061e+01
1.922062e+01
1.922063e+01
1.922065e+01
1.922066e+01
1.922069e+01
1.922071e+01
1.922074e+01
1.922077e+01
1.922080e+01
1.922084e+01
1.922087e+01
1.922091e+01
1.922094e+01
1.922097e+01
1.922100e+01
1.922103e+01
1.922105e+01
1.922107e+01
1.922108e+01
1.922108e+01
1.922105e+01
1.922109e+01
1.922119e+01
1.922107e+01
1.886220e+01
1.886233e+01
1.886222e+01
1.886212e+01
1.886223e+01
1.886224e+01
1.886225e+01
1.886225e+01
1.886225e+01
1.886225e+01
1.886224e+01
1.886224e+01
1.886224e+01
1.886224e+01
1.886225e+01
1.886225e+01
1.886226e+01
1.886227e+01
1.886229e+01
1.886231e+01
1.886233e+01
1.886236e+01
1.886239e+01
1.886243e+01
1.886247e+01
1.886250e+01
1.886254e+01
1.886258e+01
1.886262e+01
1.886266e+01
1.886269e+01
1.886272e+01
1.886275e+01
1.886277e+01
1.886279e+01
1.886279e+01
1.886268e+01
1.886279e+01
1.886290e+01
1.886277e+01
1.850382e+01
1.850363e+01
1.850388e+01
1.850414e+01
1.850392e+01
1.850391e+01
1.850391e+01
1.850391e+01
1.850391e+01
1.850390e+01
1.850390e+01
1.850389e+01
1.850389e+01
1.850389e+01
1.850389e+01
1.850389e+01
1.850390e+01
1.850391e+01
1.850393e+01
1.850395e+01
1.850398e+01
1.850401e+01
1.850404e+01
1.850408e+01
1.850413e+01
1.850417e+01
1.850422e+01
1.850426e+01
1.850431e+01
1.850435e+01
1.850439e+01
1.850442e+01
1.850445e+01
1.850448e+01
1.850450e+01
1.850452e+01
1.850476e+01
1.850451e+01
1.850426e+01
1.850444e+01
1.814552e+01
1.814575e+01
1.814554e+01
1.814541e+01
1.814556e+01
1.814557e+01
1.814557e+01
1.814557e+01
1.814557e+01
1.814556e+01
1.814555e+01
1.814554e+01
1.814554e+01
1.814553e+01
1.814553e+01
1.814553e+01
1.814554e+01
1.814555e+01
1.814556e+01
1.814559e+01
1.814562e+01
1.814565e+01
1.814569e+01
1.814574e+01
1.814578e+01
1.814584e+01
1.814589e+01
1.814594e+01
1.814599e+01
1.814604e+01
1.814609e+01
1.814613e+01
1.814617e+01
1.814619e+01
1.814621e+01
1.814622e+01
1.814608e+01
1.814622e+01
1.814643e+01
1.814620e+01
1.778713e+01
1.778695e+01
1.778719e+01
1.778726e+01
1.778723e+01
1.778724e+01
1.778724e+01
1.778724e+01
1.778723e+01
1.778722e+01
1.778720e+01
1.778719e+01
1.778718e+01
1.778717e+01
1.778716e+01
1.778716e+01
1.778717e+01
1.778718e+01
1.778719e+01
1.778722e+01
1.778725e+01
1.778729e+01
1.778733e+01
1.778738e+01
1.778744e+01
1.778750e+01
1.778756e+01
1.778762e+01
1.778768e+01
1.778774e+01
1.778779e+01
1.778784e+01
1.778788e+01
1.778791e+01
1.778794e+01
1.778795e+01
1.778799e+01
1.778793e+01
1.778769e+01
1.778787e+01
1.742883e+01
1.742897e+01
1.742888e+01
1.742886e+01
1.742891e+01
1.742891e+01
1.742891e+01
1.742890e+01
1.742889e+01
1.742888e+01
1.742886e+01
1.742884e+01
1.742882e+01
1.742881e+01
1.742879e+01
1.742879e+01
1.742879e+01
1.742880e+01
1.742881e+01
1.742884e+01
1.742887e+01
1.742892e+01
1.742897e+01
1.742903e+01
1.742909e+01
1.742916e+01
1.742923e+01
1.742930e+01
1.742937e+01
1.742944e+01
1.742951e+01
1.742956e+01
1.742961e+01
1.742965e+01
1.742967e+01
1.742969e+01
1.742966e+01
1.742969e+01
1.742978e+01
1.742963e+01
1.707051e+01
1.707065e+01
1.707056e+01
1.707047e+01
1.707059e+01
1.707060e+01
1.707059e+01
1.707058e+01
1.707056e+01
1.707054e+01
1.707051e+01
1.707049e+01
1.707046e+01
1.707044e+01
1.707042e+01
1.707041e+01
1.707041e+01
1.707041e+01
1.707043e+01
1.707045e+01
1.707049e+01
1.707054e+01
1.707060e+01
1.707066e+01
1.707074e+01
1.707082e+01
1.707090e+01
1.707098e+01
1.707107e+01
1.707115e+01
1.707122e+01
1.707129e+01
1.707135e+01
1.707139e+01
1.707143e+01
1.707144e+01
1.707133e+01
1.707144e+01
1.707153e+01
1.707138e+01
1.671215e+01
1.671198e+01
1.671225e+01
1.671252e+01
1.671230e+01
1.671229e+01
1.671228e+01
1.671226e+01
1.671223e+01
1.671220e+01
1.671217e+01
1.671213e+01
1.671210e+01
1.671206e+01
1.671204e+01
1.671202e+01
1.671201e+01
1.671202e+01
1.671203e+01
1.671206e+01
1.671210e+01
1.671215e+01
1.671222e+01
1.671229e+01
1.671238e+01
1.671247e+01
1.671257e+01
1.671267e+01
1.671276e+01
1.671286e+01
1.671295e+01
1.671303e+01
1.671309e+01
1.671315e+01
1.671319e+01
1.671323e+01
1.671346e+01
1.671320e+01
1.671294e+01
1.671310e+01
1.635387e+01
1.635413e+01
1.635395e+01
1.635383e+01
1.635398e+01
1.635398e+01
1.635397e+01
1.635394e+01
1.635391e+01
1.635387e+01
1.635382e+01
1.635378e+01
1.635373e+01
1.635369e+01
1.635365e+01
1.635362e+01
1.635361e+01
1.635361e+01
1.635362e+01
1.635365e+01
1.635369e+01
1.635375e+01
1.635383e+01
1.635391e+01
1.635401e+01
1.635412e+01
1.635423e+01
1.635435e+01
1.635447e+01
1.635458e+01
1.635468e+01
1.635478e+01
1.635486e+01
1.635492e+01
1.635497e+01
1.635499e+01
1.635485e+01
1.635498e+01
1.635517e+01
1.635491e+01
1.599551e+01
1.599537e+01
1.599564e+01
1.599572e+01
1.599569e+01
1.599569e+01
1.599567e+01
1.599564e+01
1.599560e+01
1.599554e+01
1.599548e+01
1.599542e+01
1.599536e+01
1.599530e+01
1.599525e+01
1.599521e+01
1.599519e+01
1.599518e+01
1.599519e+01
1.599522e+01
1.599527e+01
1.599534e+01
1.599542e+01
1.599552e+01
1.599564e+01
1.599576e+01
1.599590e+01
1.599603e+01
1.599617e+01
1.599630e+01
1.599643e+01
1.599654e+01
1.599663e+01
1.599671e+01
1.599676e+01
1.599679e+01
1.599684e+01
1.599677e+01
1.599650e+01
1.599664e+01
1.563726e+01
1.563744e+01
1.563738e+01
1.563738e+01
1.563743e+01
1.563742e+01
1.563739e+01
1.563735e+01
1.563729e+01
1.563722e+01
1.563714e+01
1.563706e+01
1.563698e+01
1.563691e+01
1.563684e+01
1.563679e+01
1.563676e+01
1.563674e+01
1.563675e+01
1.563678e+01
1.563683e+01
1.563691e+01
1.563700e+01
1.563712e+01
1.563725e+01
1.563740e+01
1.563756e+01
1.563772e+01
1.563788e+01
1.563804e+01
1.563818e+01
1.563832e+01
1.563843e+01
1.563852e+01
1.563859e+01
1.563862e+01
1.563860e+01
1.563861e+01
1.563867e+01
1.563849e+01
1.527898e+01
1.527918e+01
1.527913e+01
1.527905e+01
1.527918e+01
1.527917e+01
1.527913e+01
1.527907e+01
1.527900e+01
1.527891e+01
1.527881e+01
1.527870e+01
1.527860e+01
1.527851e+01
1.527842e+01
1.527835e+01
1.527830e+01
1.527828e+01
1.527828e+01
1.527831e+01
1.527837e+01
1.527845e+01
1.527856e+01
1.527870e+01
1.527886e+01
1.527903e+01
1.527921e+01
1.527940e+01
1.527959e+01
1.527978e+01
1.527995e+01
1.528011e+01
1.528025e+01
1.528036e+01
1.528044e+01
1.528048e+01
1.528038e+01
1.528047e+01
1.528053e+01
1.528032e+01
1.492069e+01
1.492059e+01
1.492090e+01
1.492119e+01
1.492097e+01
1.492094e+01
1.492089e+01
1.492081e+01
1.492071e+01
1.492060e+01
1.492047e+01
1.492034e+01
1.492021e+01
1.492009e+01
1.491998e+01
1.491989e+01
1.491983e+01
1.491979e+01
1.491978e+01
1.491981e+01
1.491987e+01
1.491997e+01
1.492010e+01
1.492026e+01
1.492044e+01
1.492064e+01
1.492086e+01
1.492109e+01
1.492131e+01
1.492154e+01
1.492174e+01
1.492193e+01
1.492209e+01
1.492223e+01
1.492232e+01
1.492239e+01
1.492264e+01
1.492236e+01
1.492206e+01
1.492215e+01
1.456250e+01
1.456284e+01
1.456270e+01
1.456261e+01
1.456276e+01
1.456273e+01
1.456267e+01
1.456257e+01
1.456245e+01
1.456231e+01
1.456215e+01
1.456198e+01
1.456182e+01
1.456166e+01
1.456153e+01
1.456141e+01
1.456132e+01
1.456127e+01
1.456126e+01
1.456128e+01
1.456135e+01
1.456146e+01
1.456161e+01
1.456179e+01
1.456201e+01
1.456224e+01
1.456250e+01
1.456277e+01
1.456304e+01
1.456330e+01
1.456355e+01
1.456378e+01
1.456397e+01
1.456413e+01
1.456424e+01
1.456430e+01
1.456418e+01
1.456429e+01
1.456443e+01
1.456409e+01
1.420425e+01
1.420420e+01
1.420452e+01
1.420464e+01
1.420460e+01
1.420456e+01
1.420448e+01
1.420436e+01
1.420421e+01
1.420403e+01
1.420383e+01
1.420362e+01
1.420342e+01
1.420322e+01
1.420304e+01
1.420290e+01
1.420278e+01
1.420271e+01
1.420269e+01
1.420271e+01
1.420278e+01
1.420291e+01
1.420308e+01
1.420329e+01
1.420355e+01
1.420383e+01
1.420413e+01
1.420445e+01
1.420477e+01
1.420509e+01
1.420538e+01
1.420565e+01
1.420588e+01
1.420607e+01
1.420621e+01
1.420628e+01
1.420635e+01
1.420626e+01
1.420594e+01
1.420598e+01
1.384613e+01
1.384642e+01
1.384643e+01
1.384645e+01
1.384649e+01
1.384644e+01
1.384634e+01
1.384618e+01
1.384599e+01
1.384576e+01
1.384552e+01
1.384526e+01
1.384500e+01
1.384476e+01
1.384454e+01
1.384435e+01
1.384420e+01
1.384411e+01
1.384407e+01
1.384409e+01
1.384417e+01
1.384431e+01
1.384451e+01
1.384476e+01
1.384505e+01
1.384539e+01
1.384575e+01
1.384613e+01
1.384651e+01
1.384689e+01
1.384724e+01
1.384756e+01
1.384784e+01
1.384807e+01
1.384823e+01
1.384833e+01
1.384832e+01
1.384832e+01
1.384831e+01
1.384802e+01
1.348802e+01
1.348834e+01
1.348837e+01
1.348833e+01
1.348844e+01
1.348838e+01
1.348824e+01
1.348805e+01
1.348780e+01
1.348752e+01
1.348721e+01
1.348689e+01
1.348658e+01
1.348627e+01
1.348599e+01
1.348576e+01
1.348557e+01
1.348545e+01
1.348539e+01
1.348540e+01
1.348549e+01
1.348565e+01
1.348588e+01
1.348618e+01
1.348653e+01
1.348692e+01
1.348735e+01
1.348780e+01
1.348826e+01
1.348871e+01
1.348913e+01
1.348951e+01
1.348985e+01
1.349012e+01
1.349032e+01
1.349044e+01
1.349037e+01
1.349043e+01
1.349041e+01
1.349008e+01
1.312993e+01
1.312998e+01
1.313039e+01
1.313072e+01
1.313048e+01
1.313037e+01
1.313020e+01
1.312996e+01
1.312966e+01
1.312931e+01
1.312893e+01
1.312853e+01
1.312814e+01
1.312776e+01
1.312741e+01
1.312712e+01
1.312688e+01
1.312672e+01
1.312664e+01
1.312664e+01
1.312674e+01
1.312692e+01
1.312719e+01
1.312754e+01
1.312795e+01
1.312842e+01
1.312893e+01
1.312947e+01
1.313002e+01
1.313055e+01
1.313106e+01
1.313152e+01
1.313192e+01
1.313225e+01
1.313249e+01
1.313265e+01
1.313293e+01
1.313263e+01
1.313223e+01
1.313217e+01
1.277199e+01
1.277250e+01
1.277248e+01
1.277243e+01
1.277255e+01
1.277244e+01
1.277223e+01
1.277193e+01
1.277155e+01
1.277112e+01
1.277065e+01
1.277017e+01
1.276968e+01
1.276921e+01
1.276878e+01
1.276841e+01
1.276812e+01
1.276791e+01
1.276780e+01
1.276780e+01
1.276790e+01
1.276811e+01
1.276843e+01
1.276883e+01
1.276932e+01
1.276988e+01
1.277049e+01
1.277113e+01
1.277178e+01
1.277242e+01
1.277303e+01
1.277358e+01
1.277407e+01
1.277446e+01
1.277475e+01
1.277492e+01
1.277484e+01
1.277492e+01
1.277495e+01
1.277443e+01
1.241405e+01
1.241420e+01
1.241466e+01
1.241482e+01
1.241475e+01
1.241461e+01
1.241434e+01
1.241397e+01
1.241351e+01
1.241298e+01
1.241240e+01
1.241180e+01
1.241120e+01
1.241062e+01
1.241009e+01
1.240964e+01
1.240927e+01
1.240900e+01
1.240886e+01
1.240884e+01
1.240895e+01
1.240920e+01
1.240956e+01
1.241004e+01
1.241063e+01
1.241129e+01
1.241202e+01
1.241278e+01
1.241356e+01
1.241432e+01
1.241505e+01
1.241572e+01
1.241630e+01
1.241677e+01
1.241712e+01
1.241734e+01
1.241745e+01
1.241732e+01
1.241687e+01
1.241671e+01
1.205630e+01
1.205684e+01
1.205700e+01
1.205708e+01
1.205708e+01
1.205689e+01
1.205656e+01
1.205610e+01
1.205553e+01
1.205488e+01
1.205417e+01
1.205343e+01
1.205270e+01
1.205199e+01
1.205134e+01
1.205077e+01
1.205031e+01
1.204998e+01
1.204979e+01
1.204976e+01
1.204988e+01
1.205016e+01
1.205059e+01
1.205116e+01
1.205185e+01
1.205264e+01
1.205350e+01
1.205442e+01
1.205535e+01
1.205627e+01
1.205714e+01
1.205794e+01
1.205864e+01
1.205921e+01
1.205963e+01
1.205990e+01
1.205995e+01
1.205990e+01
1.205974e+01
1.205920e+01
1.169865e+01
1.169927e+01
1.169948e+01
1.169950e+01
1.169955e+01
1.169932e+01
1.169890e+01
1.169834e+01
1.169764e+01
1.169684e+01
1.169597e+01
1.169507e+01
1.169416e+01
1.169329e+01
1.169249e+01
1.169179e+01
1.169123e+01
1.169081e+01
1.169057e+01
1.169051e+01
1.169065e+01
1.169097e+01
1.169147e+01
1.169215e+01
1.169297e+01
1.169391e+01
1.169494e+01
1.169604e+01
1.169715e+01
1.169825e+01
1.169930e+01
1.170026e+01
1.170110e+01
1.170179e+01
1.170231e+01
1.170262e+01
1.170262e+01
1.170263e+01
1.170243e+01
1.170181e+01
1.134112e+01
1.134152e+01
1.134214e+01
1.134254e+01
1.134223e+01
1.134191e+01
1.134140e+01
1.134070e+01
1.133985e+01
1.133887e+01
1.133781e+01
1.133670e+01
1.133559e+01
1.133453e+01
1.133355e+01
1.133269e+01
1.133199e+01
1.133147e+01
1.133116e+01
1.133108e+01
1.133122e+01
1.133160e+01
1.133219e+01
1.133299e+01
1.133396e+01
1.133509e+01
1.133632e+01
1.133763e+01
1.133897e+01
1.134029e+01
1.134155e+01
1.134270e+01
1.134371e+01
1.134455e+01
1.134517e+01
1.134557e+01
1.134595e+01
1.134558e+01
1.134497e+01
1.134456e+01
1.098386e+01
1.098479e+01
1.098502e+01
1.098505e+01
1.098508e+01
1.098471e+01
1.098408e+01
1.098323e+01
1.098218e+01
1.098099e+01
1.097969e+01
1.097834e+01
1.097698e+01
1.097568e+01
1.097448e+01
1.097343e+01
1.097256e+01
1.097193e+01
1.097154e+01
1.097142e+01
1.097157e+01
1.097201e+01
1.097271e+01
1.097365e+01
1.097481e+01
1.097615e+01
1.097763e+01
1.097920e+01
1.098080e+01
1.098239e+01
1.098390e+01
1.098529e+01
1.098651e+01
1.098751e+01
1.098826e+01
1.098872e+01
1.098876e+01
1.098877e+01
1.098855e+01
1.098761e+01
1.062674e+01
1.062739e+01
1.062815e+01
1.062840e+01
1.062822e+01
1.062776e+01
1.062699e+01
1.062594e+01
1.062466e+01
1.062320e+01
1.062162e+01
1.061997e+01
1.061832e+01
1.061673e+01
1.061527e+01
1.061398e+01
1.061292e+01
1.061213e+01
1.061164e+01
1.061147e+01
1.061164e+01
1.061215e+01
1.061297e+01
1.061410e+01
1.061548e+01
1.061708e+01
1.061885e+01
1.062073e+01
1.062265e+01
1.062456e+01
1.062637e+01
1.062805e+01
1.062951e+01
1.063072e+01
1.063162e+01
1.063219e+01
1.063245e+01
1.063223e+01
1.063149e+01
1.063082e+01
1.026999e+01
1.027112e+01
1.027164e+01
1.027183e+01
1.027169e+01
1.027111e+01
1.027016e+01
1.026888e+01
1.026733e+01
1.026555e+01
1.026362e+01
1.026161e+01
1.025960e+01
1.025766e+01
1.025587e+01
1.025430e+01
1.025300e+01
1.025203e+01
1.025142e+01
1.025120e+01
1.025138e+01
1.025197e+01
1.025295e+01
1.025428e+01
1.025593e+01
1.025785e+01
1.025997e+01
1.026222e+01
1.026453e+01
1.026681e+01
1.026900e+01
1.027101e+01
1.027277e+01
1.027423e+01
1.027532e+01
1.027601e+01
1.027624e+01
1.027610e+01
1.027559e+01
1.027444e+01
9.913551e+00
9.914875e+00
9.915510e+00
9.915659e+00
9.915536e+00
9.914829e+00
9.913668e+00
9.912106e+00
9.910206e+00
9.908040e+00
9.905691e+00
9.903247e+00
9.900801e+00
9.898445e+00
9.896265e+00
9.894345e+00
9.892757e+00
9.891561e+00
9.890805e+00
9.890519e+00
9.890720e+00
9.891406e+00
9.892560e+00
9.894147e+00
9.896118e+00
9.898410e+00
9.900948e+00
9.903648e+00
9.906418e+00
9.909166e+00
9.911794e+00
9.914214e+00
9.916339e+00
9.918094e+00
9.919417e+00
9.920251e+00
9.920464e+00
9.920367e+00
9.919748e+00
9.918404e+00
9.557481e+00
9.558727e+00
9.559858e+00
9.560407e+00
9.559878e+00
9.558988e+00
9.557569e+00
9.555665e+00
9.553351e+00
9.550716e+00
9.547859e+00
9.544888e+00
9.541915e+00
9.539049e+00
9.536398e+00
9.534059e+00
9.532121e+00
9.530657e+00
9.529721e+00
9.529352e+00
9.529570e+00
9.530373e+00
9.531739e+00
9.533628e+00
9.535982e+00
9.538725e+00
9.541767e+00
9.545007e+00
9.548335e+00
9.551638e+00
9.554801e+00
9.557714e+00
9.560275e+00
9.562392e+00
9.563988e+00
9.565017e+00
9.565646e+00
9.565156e+00
9.564041e+00
9.562774e+00
9.201982e+00
9.203928e+00
9.204771e+00
9.204974e+00
9.204743e+00
9.203678e+00
9.201948e+00
9.199631e+00
9.196817e+00
9.193614e+00
9.190142e+00
9.186533e+00
9.182920e+00
9.179439e+00
9.176217e+00
9.173374e+00
9.171014e+00
9.169223e+00
9.168070e+00
9.167601e+00
9.167836e+00
9.168776e+00
9.170396e+00
9.172646e+00
9.175458e+00
9.178741e+00
9.182388e+00
9.186277e+00
9.190277e+00
9.194250e+00
9.198057e+00
9.201566e+00
9.204651e+00
9.207203e+00
9.209128e+00
9.210347e+00
9.210689e+00
9.210550e+00
9.209726e+00
9.207756e+00
8.846988e+00
8.848864e+00
8.850356e+00
8.850824e+00
8.850319e+00
8.849012e+00
8.846909e+00
8.844092e+00
8.840671e+00
8.836779e+00
8.832562e+00
8.828179e+00
8.823794e+00
8.819569e+00
8.815658e+00
8.812205e+00
8.809335e+00
8.807151e+00
8.805736e+00
8.805142e+00
8.805397e+00
8.806499e+00
8.808420e+00
8.811102e+00
8.814462e+00
8.818393e+00
8.822767e+00
8.827437e+00
8.832246e+00
8.837026e+00
8.841612e+00
8.845840e+00
8.849559e+00
8.852636e+00
8.854955e+00
8.856432e+00
8.857058e+00
8.856662e+00
8.855191e+00
8.853288e+00
8.492795e+00
8.495403e+00
8.496815e+00
8.497264e+00
8.496732e+00
8.495136e+00
8.492576e+00
8.489152e+00
8.484996e+00
8.480268e+00
8.475148e+00
8.469828e+00
8.464508e+00
8.459383e+00
8.454641e+00
8.450453e+00
8.446969e+00
8.444313e+00
8.442580e+00
8.441835e+00
8.442111e+00
8.443405e+00
8.445684e+00
8.448880e+00
8.452895e+00
8.457602e+00
8.462848e+00
8.468459e+00
8.474242e+00
8.479998e+00
8.485523e+00
8.490621e+00
8.495107e+00
8.498818e+00
8.501617e+00
8.503401e+00
8.504068e+00
8.503699e+00
8.502310e+00
8.499672e+00
8.139425e+00
8.142539e+00
8.144256e+00
8.144727e+00
8.144144e+00
8.142210e+00
8.139099e+00
8.134939e+00
8.129890e+00
8.124149e+00
8.117933e+00
8.111478e+00
8.105027e+00
8.098816e+00
8.093071e+00
8.087998e+00
8.083776e+00
8.080551e+00
8.078437e+00
8.077509e+00
8.077806e+00
8.079326e+00
8.082030e+00
8.085839e+00
8.090637e+00
8.096274e+00
8.102567e+00
8.109308e+00
8.116266e+00
8.123199e+00
8.129861e+00
8.136011e+00
8.141424e+00
8.145902e+00
8.149279e+00
8.151423e+00
8.152156e+00
8.151774e+00
8.150082e+00
8.146936e+00
7.787041e+00
7.790460e+00
7.792916e+00
7.793869e+00
7.792803e+00
7.790438e+00
7.786662e+00
7.781609e+00
7.775476e+00
7.768502e+00
7.760955e+00
7.753124e+00
7.745303e+00
7.737781e+00
7.730828e+00
7.724692e+00
7.719583e+00
7.715676e+00
7.713105e+00
7.711957e+00
7.712276e+00
7.714063e+00
7.717270e+00
7.721807e+00
7.727538e+00
7.734287e+00
7.741837e+00
7.749938e+00
7.758314e+00
7.766671e+00
7.774709e+00
7.782135e+00
7.788673e+00
7.794080e+00
7.798152e+00
7.800750e+00
7.801985e+00
7.801131e+00
7.798703e+00
7.795247e+00
7.435954e+00
7.440551e+00
7.443028e+00
7.443757e+00
7.442898e+00
7.440065e+00
7.435487e+00
7.429352e+00
7.421900e+00
7.413427e+00
7.404262e+00
7.394760e+00
7.385282e+00
7.376176e+00
7.367771e+00
7.360358e+00
7.354189e+00
7.349469e+00
7.346351e+00
7.344938e+00
7.345281e+00
7.347380e+00
7.351182e+00
7.356582e+00
7.363424e+00
7.371500e+00
7.380555e+00
7.390293e+00
7.400380e+00
7.410461e+00
7.420169e+00
7.429144e+00
7.437046e+00
7.443575e+00
7.448484e+00
7.451580e+00
7.452627e+00
7.452009e+00
7.449565e+00
7.444926e+00
7.086237e+00
7.091366e+00
7.094884e+00
7.096039e+00
7.094823e+00
7.091403e+00
7.085857e+00
7.078404e+00
7.069343e+00
7.059039e+00
7.047903e+00
7.036371e+00
7.024885e+00
7.013870e+00
7.003718e+00
6.994778e+00
6.987345e+00
6.981657e+00
6.977889e+00
6.976160e+00
6.976528e+00
6.978992e+00
6.983494e+00
6.989913e+00
6.998072e+00
7.007731e+00
7.018591e+00
7.030297e+00
7.042452e+00
7.054622e+00
7.066360e+00
7.077221e+00
7.086785e+00
7.094679e+00
7.100597e+00
7.104313e+00
7.105741e+00
7.104712e+00
7.101229e+00
7.096054e+00
6.738336e+00
6.744954e+00
6.748911e+00
6.750278e+00
6.748953e+00
6.744836e+00
6.738114e+00
6.729053e+00
6.718025e+00
6.705482e+00
6.691939e+00
6.677937e+00
6.664018e+00
6.650700e+00
6.638453e+00
6.627691e+00
6.618758e+00
6.611924e+00
6.607389e+00
6.605286e+00
6.605679e+00
6.608567e+00
6.613887e+00
6.621506e+00
6.631222e+00
6.642762e+00
6.655777e+00
6.669852e+00
6.684507e+00
6.699215e+00
6.713427e+00
6.726590e+00
6.738183e+00
6.747740e+00
6.754882e+00
6.759331e+00
6.760898e+00
6.759674e+00
6.755758e+00
6.749086e+00
6.392450e+00
6.400545e+00
6.405486e+00
6.407209e+00
6.405763e+00
6.400834e+00
6.392687e+00
6.381660e+00
6.368215e+00
6.352925e+00
6.336435e+00
6.319421e+00
6.302551e+00
6.286457e+00
6.271705e+00
6.258777e+00
6.248071e+00
6.239891e+00
6.234459e+00
6.231916e+00
6.232334e+00
6.235712e+00
6.241982e+00
6.251001e+00
6.262549e+00
6.276318e+00
6.291907e+00
6.308829e+00
6.326508e+00
6.344305e+00
6.361540e+00
6.377525e+00
6.391604e+00
6.403192e+00
6.411814e+00
6.417124e+00
6.418844e+00
6.417284e+00
6.412390e+00
6.404236e+00
6.048937e+00
6.058598e+00
6.065186e+00
6.067859e+00
6.065913e+00
6.059996e+00
6.050116e+00
6.036668e+00
6.020241e+00
6.001564e+00
5.981451e+00
5.960754e+00
5.940303e+00
5.920869e+00
5.903126e+00
5.887639e+00
5.874855e+00
5.865108e+00
5.858635e+00
5.855584e+00
5.856026e+00
5.859962e+00
5.867323e+00
5.877965e+00
5.891652e+00
5.908047e+00
5.926701e+00
5.947041e+00
5.968386e+00
5.989953e+00
6.010899e+00
6.030359e+00
6.047503e+00
6.061587e+00
6.072010e+00
6.078359e+00
6.080621e+00
6.078135e+00
6.071604e+00
6.061874e+00
5.708318e+00
5.720808e+00
5.728651e+00
5.731798e+00
5.730092e+00
5.723067e+00
5.711074e+00
5.694638e+00
5.674514e+00
5.651640e+00
5.627056e+00
5.601844e+00
5.577042e+00
5.553591e+00
5.532294e+00
5.513799e+00
5.498601e+00
5.487053e+00
5.479391e+00
5.475759e+00
5.476223e+00
5.480786e+00
5.489386e+00
5.501885e+00
5.518048e+00
5.537521e+00
5.559808e+00
5.584254e+00
5.610044e+00
5.636226e+00
5.661746e+00
5.685503e+00
5.706440e+00
5.723602e+00
5.736216e+00
5.743741e+00
5.745811e+00
5.742883e+00
5.735106e+00
5.722538e+00
5.370878e+00
5.386121e+00
5.396697e+00
5.401269e+00
5.399382e+00
5.391022e+00
5.376430e+00
5.356268e+00
5.331518e+00
5.303404e+00
5.273275e+00
5.242513e+00
5.212421e+00
5.184151e+00
5.158653e+00
5.136658e+00
5.118693e+00
5.105107e+00
5.096115e+00
5.091835e+00
5.092318e+00
5.097571e+00
5.107547e+00
5.122136e+00
5.141128e+00
5.164176e+00
5.190750e+00
5.220111e+00
5.251300e+00
5.283148e+00
5.314333e+00
5.343450e+00
5.369131e+00
5.390127e+00
5.405434e+00
5.414370e+00
5.416680e+00
5.412364e+00
5.401868e+00
5.386538e+00
5.037264e+00
5.057016e+00
5.070415e+00
5.076667e+00
5.075025e+00
5.065107e+00
5.047300e+00
5.022457e+00
4.991877e+00
4.957177e+00
4.920126e+00
4.882510e+00
4.845978e+00
4.811940e+00
4.781507e+00
4.755486e+00
4.734404e+00
4.718566e+00
4.708126e+00
4.703145e+00
4.703644e+00
4.709630e+00
4.721093e+00
4.737982e+00
4.760154e+00
4.787303e+00
4.818903e+00
4.854142e+00
4.891895e+00
4.930731e+00
4.968978e+00
5.004824e+00
5.036474e+00
5.062278e+00
5.080916e+00
5.091503e+00
5.093643e+00
5.087693e+00
5.074393e+00
5.054545e+00
4.707853e+00
4.733291e+00
4.751032e+00
4.759808e+00
4.758668e+00
4.746949e+00
4.725131e+00
4.694354e+00
4.656359e+00
4.613300e+00
4.567545e+00
4.521425e+00
4.477042e+00
4.436121e+00
4.399949e+00
4.369374e+00
4.344868e+00
4.326626e+00
4.314674e+00
4.308971e+00
4.309480e+00
4.316208e+00
4.329211e+00
4.348545e+00
4.374197e+00
4.405980e+00
4.443419e+00
4.485661e+00
4.531407e+00
4.578904e+00
4.626022e+00
4.670396e+00
4.709626e+00
4.741518e+00
4.764300e+00
4.776812e+00
4.778535e+00
4.770123e+00
4.752507e+00
4.726970e+00
4.383130e+00
4.416117e+00
4.440296e+00
4.453128e+00
4.452592e+00
4.438710e+00
4.411816e+00
4.373409e+00
4.325863e+00
4.272090e+00
4.215299e+00
4.158578e+00
4.104620e+00
4.055540e+00
4.012786e+00
3.977187e+00
3.949065e+00
3.928393e+00
3.914975e+00
3.908587e+00
3.909095e+00
3.916511e+00
3.930993e+00
3.952786e+00
3.982106e+00
4.018988e+00
4.063115e+00
4.113655e+00
4.169138e+00
4.227424e+00
4.285780e+00
4.341079e+00
4.390062e+00
4.429776e+00
4.457803e+00
4.472603e+00
4.473831e+00
4.461431e+00
4.437424e+00
4.404339e+00
4.063696e+00
4.108127e+00
4.140381e+00
4.158230e+00
4.159592e+00
4.143257e+00
4.109893e+00
4.061564e+00
4.001554e+00
3.933904e+00
3.862994e+00
3.792974e+00
3.727331e+00
3.668632e+00
3.618464e+00
3.577518e+00
3.545802e+00
3.522899e+00
3.508236e+00
3.501298e+00
3.501794e+00
3.509741e+00
3.525459e+00
3.549496e+00
3.582447e+00
3.624750e+00
3.676406e+00
3.736716e+00
3.804078e+00
3.875886e+00
3.948604e+00
4.018030e+00
4.079721e+00
4.129578e+00
4.164270e+00
4.181704e+00
4.181155e+00
4.163833e+00
4.131806e+00
4.087298e+00
3.750095e+00
3.809670e+00
3.854216e+00
3.879914e+00
3.883780e+00
3.864494e+00
3.822738e+00
3.761316e+00
3.684790e+00
3.598902e+00
3.509743e+00
3.422952e+00
3.343061e+00
3.273174e+00
3.214909e+00
3.168616e+00
3.133730e+00
3.109174e+00
3.093777e+00
3.086578e+00
3.087045e+00
3.095198e+00
3.111613e+00
3.137288e+00
3.173432e+00
3.221148e+00
3.281014e+00
3.352686e+00
3.434519e+00
3.523370e+00
3.614641e+00
3.702620e+00
3.781137e+00
3.844377e+00
3.887704e+00
3.908265e+00
3.905358e+00
3.880292e+00
3.836049e+00
3.776444e+00
3.444210e+00
3.525217e+00
3.585701e+00
3.622212e+00
3.630397e+00
3.607757e+00
3.555030e+00
3.476077e+00
3.377345e+00
3.267143e+00
3.154114e+00
3.046020e+00
2.948785e+00
2.866087e+00
2.799377e+00
2.748281e+00
2.711278e+00
2.686272e+00
2.671129e+00
2.664209e+00
2.664627e+00
2.672410e+00
2.688490e+00
2.714568e+00
2.752821e+00
2.805390e+00
2.873821e+00
2.958495e+00
3.057939e+00
3.168426e+00
3.283944e+00
3.396630e+00
3.497737e+00
3.578849e+00
3.633427e+00
3.657562e+00
3.650504e+00
3.614745e+00
3.554654e+00
3.473711e+00
3.151567e+00
3.258152e+00
3.339648e+00
3.391621e+00
3.406665e+00
3.380477e+00
3.313286e+00
3.210383e+00
3.081292e+00
2.938173e+00
2.793535e+00
2.658210e+00
2.539975e+00
2.442983e+00
2.368118e+00
2.313831e+00
2.276889e+00
2.253522e+00
2.240257e+00
2.234483e+00
2.234825e+00
2.241315e+00
2.255390e+00
2.279730e+00
2.317872e+00
2.373652e+00
2.450356e+00
2.549540e+00
2.670314e+00
2.808445e+00
2.956048e+00
3.102146e+00
3.234080e+00
3.339555e+00
3.408929e+00
3.436884e+00
3.423122e+00
3.372023e+00
3.291021e+00
3.184650e+00
2.872746e+00
3.013411e+00
3.121960e+00
3.196463e+00
3.222733e+00
3.193247e+00
3.106642e+00
2.970423e+00
2.798966e+00
2.610525e+00
2.423536e+00
2.253249e+00
2.109786e+00
1.997605e+00
1.916398e+00
1.862123e+00
1.828951e+00
1.810683e+00
1.801899e+00
1.798648e+00
1.798882e+00
1.802638e+00
1.812036e+00
1.831108e+00
1.865370e+00
1.921112e+00
2.004243e+00
2.118854e+00
2.265231e+00
2.438846e+00
2.629430e+00
2.821512e+00
2.996454e+00
3.135819e+00
3.224978e+00
3.256487e+00
3.231585e+00
3.158022e+00
3.050089e+00
2.909806e+00
2.598122e+00
2.785097e+00
2.936175e+00
3.045737e+00
3.092133e+00
3.061249e+00
2.948779e+00
2.765444e+00
2.533563e+00
2.281491e+00
2.036848e+00
1.821362e+00
1.648149e+00
1.521388e+00
1.437753e+00
1.389265e+00
1.366035e+00
1.358327e+00
1.358003e+00
1.359336e+00
1.359428e+00
1.358316e+00
1.358978e+00
1.367231e+00
1.391340e+00
1.441183e+00
1.526790e+00
1.656236e+00
1.832836e+00
2.052324e+00
2.301427e+00
2.558043e+00
2.794295e+00
2.981680e+00
3.097151e+00
3.130048e+00
3.084910e+00
2.976285e+00
2.825849e+00
2.639467e+00
2.311887e+00
2.569650e+00
2.782880e+00
2.949971e+00
3.034673e+00
3.010480e+00
2.864311e+00
2.611698e+00
2.290202e+00
1.945451e+00
1.620262e+00
1.346087e+00
1.139079e+00
1.001123e+00
9.232445e-01
8.907868e-01
8.875285e-01
8.987070e-01
9.126553e-01
9.215090e-01
9.214260e-01
9.124313e-01
8.984418e-01
8.874252e-01
8.912083e-01
9.247757e-01
1.004587e+00
1.145462e+00
1.356431e+00
1.635472e+00
1.966140e+00
2.316715e+00
2.643573e+00
2.901130e+00
3.051779e+00
3.077496e+00
2.993908e+00
2.827382e+00
2.614660e+00
2.357573e+00
1.965744e+00
2.335248e+00
2.681391e+00
2.966418e+00
3.116305e+00
3.110592e+00
2.902148e+00
2.531841e+00
2.064246e+00
1.577966e+00
1.139894e+00
7.930455e-01
5.542389e-01
4.175530e-01
3.630270e-01
3.646676e-01
3.970001e-01
4.388397e-01
4.746365e-01
4.946823e-01
4.944011e-01
4.738005e-01
4.374841e-01
3.952576e-01
3.628659e-01
3.618828e-01
4.179808e-01
5.576946e-01
8.012356e-01
1.154193e+00
1.599397e+00
2.093096e+00
2.567741e+00
2.944102e+00
3.160011e+00
3.164502e+00
3.015167e+00
2.730504e+00
2.384516e+00
2.015342e+00
1.924844e+00
2.494322e+00
3.036164e+00
3.418329e+00
3.486832e+00
3.435632e+00
2.964335e+00
2.362655e+00
1.668776e+00
1.010251e+00
4.714464e-01
9.067849e-02
-1.297941e-01
-2.168450e-01
-2.093625e-01
-1.473031e-01
-6.436008e-02
1.475038e-02
7.447488e-02
1.060790e-01
1.056909e-01
7.334487e-02
1.260356e-02
-6.750464e-02
-1.513486e-01
-2.136737e-01
-2.209934e-01
-1.316945e-01
9.428643e-02
4.812425e-01
1.029015e+00
1.697626e+00
2.401349e+00
3.010383e+00
3.504014e+00
3.537066e+00
3.469460e+00
3.086747e+00
2.544173e+00
1.973918e+00
