SERIE 0.00500 0.000000 -0.000000
SERIE 0.01000 62.150178 -0.128927
SERIE 0.01500 32.494029 -0.065484
SERIE 0.02000 48.044162 -0.098933
SERIE 0.02500 56.219554 -0.112813
SERIE 0.03000 62.106744 -0.124211
SERIE 0.03500 66.832956 -0.132642
SERIE 0.04000 70.358945 -0.134899
SERIE 0.04500 72.652780 -0.137312
SERIE 0.05000 73.744045 -0.134803
SERIE 0.05500 73.676657 -0.129586
SERIE 0.06000 72.504710 -0.121645
SERIE 0.06500 70.306747 -0.111041
SERIE 0.07000 67.167894 -0.098113
SERIE 0.07500 63.189220 -0.083095
SERIE 0.08000 58.473354 -0.066407
SERIE 0.08500 53.130487 -0.048410
SERIE 0.09000 47.273076 -0.029511
SERIE 0.09500 41.025942 -0.010090
SERIE 0.10000 34.495269 0.009347
SERIE 0.10500 27.804764 0.028545
SERIE 0.11000 21.071425 0.047288
SERIE 0.11500 14.393908 0.065032
SERIE 0.12000 7.880208 0.081341
SERIE 0.12500 1.619831 0.096404
SERIE 0.13000 -4.294810 0.109476
SERIE 0.13500 -9.796989 0.120854
SERIE 0.14000 -14.816661 0.130147
SERIE 0.14500 -19.300150 0.137393
SERIE 0.15000 -23.205302 0.142368
SERIE 0.15500 -26.502372 0.145115
SERIE 0.16000 -29.166303 0.145649
SERIE 0.16500 -31.191319 0.144489
SERIE 0.17000 -32.578222 0.140593
SERIE 0.17500 -33.336784 0.135392
SERIE 0.18000 -33.487839 0.128322
SERIE 0.18500 -33.060852 0.119802
SERIE 0.19000 -32.091863 0.110055
SERIE 0.19500 -30.623843 0.099247
SERIE 0.20000 -28.705532 0.087747
SERIE 0.20500 -26.392187 0.075458
SERIE 0.21000 -23.738529 0.063187
SERIE 0.21500 -20.805535 0.050806
SERIE 0.22000 -17.652356 0.038688
SERIE 0.22500 -14.343763 0.027037
SERIE 0.23000 -10.937677 0.016034
SERIE 0.23500 -7.492798 0.005907
SERIE 0.24000 -4.066812 -0.003217
SERIE 0.24500 -0.711703 -0.011213
SERIE 0.25000 2.521175 -0.017929
SERIE 0.25500 5.587877 -0.023245
SERIE 0.26000 8.448986 -0.027225
SERIE 0.26500 11.070927 -0.029703
SERIE 0.27000 13.421968 -0.030736
SERIE 0.27500 15.480410 -0.030326
SERIE 0.28000 17.227199 -0.028474
SERIE 0.28500 18.651040 -0.025350
SERIE 0.29000 19.746421 -0.020693
SERIE 0.29500 20.512286 -0.015131
SERIE 0.30000 20.953008 -0.008361
SERIE 0.30500 21.078234 -0.000736
SERIE 0.31000 20.902935 0.007696
SERIE 0.31500 20.443952 0.016747
SERIE 0.32000 19.722928 0.026258
SERIE 0.32500 18.764515 0.036048
SERIE 0.33000 17.596031 0.046005
SERIE 0.33500 16.246032 0.055955
SERIE 0.34000 14.744246 0.065743
SERIE 0.34500 13.122722 0.075249
SERIE 0.35000 11.412310 0.084355
SERIE 0.35500 9.644646 0.092902
SERIE 0.36000 7.850129 0.100831
SERIE 0.36500 6.057889 0.108028
SERIE 0.37000 4.297205 0.114441
SERIE 0.37500 2.593339 0.119980
SERIE 0.38000 0.970838 0.124601
SERIE 0.38500 -0.550435 0.128328
SERIE 0.39000 -1.950493 0.131149
SERIE 0.39500 -3.212534 0.133045
SERIE 0.40000 -4.324685 0.134016
SERIE 0.40500 -5.276378 0.134168
SERIE 0.41000 -6.061582 0.133494
SERIE 0.41500 -6.674610 0.132014
SERIE 0.42000 -7.115743 0.129883
SERIE 0.42500 -7.385919 0.127116
SERIE 0.43000 -7.489982 0.123831
SERIE 0.43500 -7.433730 0.120076
SERIE 0.44000 -7.226619 0.115995
SERIE 0.44500 -6.879488 0.111642
SERIE 0.45000 -6.404423 0.107125
SERIE 0.45500 -5.815551 0.102531
SERIE 0.46000 -5.127700 0.097957
SERIE 0.46500 -4.356673 0.093505
SERIE 0.47000 -3.518684 0.089244
SERIE 0.47500 -2.630932 0.085249
SERIE 0.48000 -1.708672 0.081606
SERIE 0.48500 -0.769444 0.078374
SERIE 0.49000 0.171629 0.075576
SERIE 0.49500 1.099884 0.073299
SERIE 0.50000 2.000336 0.071541
SERIE 0.50500 2.861299 0.070365
SERIE 0.51000 2.615087 0.288465
SERIE 0.51500 2.649865 0.543168
SERIE 0.52000 2.995716 0.682169
SERIE 0.52500 3.221682 0.821922
SERIE 0.53000 3.358236 0.943830
SERIE 0.53500 3.425423 1.042404
SERIE 0.54000 3.428339 1.116504
SERIE 0.54500 3.374379 1.165255
SERIE 0.55000 3.269984 1.188015
SERIE 0.55500 3.123465 1.184427
SERIE 0.56000 2.942940 1.154737
SERIE 0.56500 2.736863 1.099598
SERIE 0.57000 2.513139 1.020257
SERIE 0.57500 2.279735 0.918378
SERIE 0.58000 2.043709 0.796096
SERIE 0.58500 1.811692 0.656027
SERIE 0.59000 1.589252 0.501204
SERIE 0.59500 1.381293 0.335104
SERIE 0.60000 1.191610 0.161347
SERIE 0.60500 1.023078 -0.016132
SERIE 0.61000 0.877895 -0.193268
SERIE 0.61500 0.756820 -0.366093
SERIE 0.62000 0.660598 -0.530750
SERIE 0.62500 0.588545 -0.683524
SERIE 0.63000 0.539898 -0.821101
SERIE 0.63500 0.513076 -0.940514
SERIE 0.64000 0.506322 -1.039351
SERIE 0.64500 0.517668 -1.115716
SERIE 0.65000 0.544589 -1.168243
SERIE 0.65500 0.584872 -1.196232
SERIE 0.66000 0.635978 -1.199526
SERIE 0.66500 0.695775 -1.178632
SERIE 0.67000 0.761860 -1.134445
SERIE 0.67500 0.832323 -1.068503
SERIE 0.68000 0.905170 -0.982696
SERIE 0.68500 0.978824 -0.879364
SERIE 0.69000 1.051816 -0.761042
SERIE 0.69500 1.122879 -0.630568
SERIE 0.70000 1.191113 -0.490891
SERIE 0.70500 1.255571 -0.345003
SERIE 0.71000 1.315777 -0.195922
SERIE 0.71500 1.371286 -0.046542
SERIE 0.72000 1.421733 0.100402
SERIE 0.72500 1.466978 0.242343
SERIE 0.73000 1.507114 0.377030
SERIE 0.73500 1.542073 0.502444
SERIE 0.74000 1.571916 0.616948
SERIE 0.74500 1.596928 0.719190
SERIE 0.75000 1.617230 0.808238
SERIE 0.75500 1.633100 0.883434
SERIE 0.76000 1.644757 0.944533
SERIE 0.76500 1.652437 0.991565
SERIE 0.77000 1.656428 1.024874
SERIE 0.77500 1.657002 1.045071
SERIE 0.78000 1.654444 1.052999
SERIE 0.78500 1.649026 1.049718
SERIE 0.79000 1.641019 1.036427
SERIE 0.79500 1.630763 1.014455
SERIE 0.80000 1.618543 0.985213
SERIE 0.80500 1.604700 0.950156
SERIE 0.81000 1.589587 0.910742
SERIE 0.81500 1.573496 0.868418
SERIE 0.82000 1.556849 0.824558
SERIE 0.82500 1.539953 0.780467
SERIE 0.83000 1.523211 0.737355
SERIE 0.83500 1.506928 0.696314
SERIE 0.84000 1.491479 0.658295
SERIE 0.84500 1.477164 0.624113
SERIE 0.85000 1.464330 0.594445
SERIE 0.85500 1.453225 0.569819
SERIE 0.86000 1.444076 0.550621
SERIE 0.86500 1.437127 0.537073
SERIE 0.87000 1.432514 0.529304
SERIE 0.87500 1.430366 0.527288
SERIE 0.88000 1.430738 0.530900
SERIE 0.88500 1.433649 0.539909
SERIE 0.89000 1.439119 0.553991
SERIE 0.89500 1.447008 0.572762
SERIE 0.90000 1.457232 0.595755
SERIE 0.90500 1.469622 0.622472
SERIE 0.91000 1.483999 0.652376
SERIE 0.91500 1.500107 0.684913
SERIE 0.92000 1.517687 0.719514
SERIE 0.92500 1.536517 0.755610
SERIE 0.93000 1.556261 0.792665
SERIE 0.93500 1.576626 0.830128
SERIE 0.94000 1.597338 0.867519
SERIE 0.94500 1.618121 0.904362
SERIE 0.95000 1.638656 0.940249
SERIE 0.95500 1.658734 0.974795
SERIE 0.96000 1.678096 1.007690
SERIE 0.96500 1.696538 1.038664
SERIE 0.97000 1.713876 1.067493
SERIE 0.97500 1.729979 1.094024
SERIE 0.98000 1.744729 1.118148
SERIE 0.98500 1.758058 1.139795
SERIE 0.99000 1.769900 1.158966
SERIE 0.99500 1.780291 1.175679
SERIE 1.00000 1.789235 1.190017
SERIE 1.00500 1.796801 1.202083
SERIE 1.01000 1.848187 1.267330
SERIE 1.01500 1.895642 1.342124
SERIE 1.02000 1.949892 1.436250
SERIE 1.02500 2.005346 1.550405
SERIE 1.03000 2.059753 1.681101
SERIE 1.03500 2.111712 1.824804
SERIE 1.04000 2.159157 1.977296
SERIE 1.04500 2.201704 2.133932
SERIE 1.05000 2.239072 2.289954
SERIE 1.05500 2.271182 2.440937
SERIE 1.06000 2.298398 2.582760
SERIE 1.06500 2.321420 2.711855
SERIE 1.07000 2.340998 2.825403
SERIE 1.07500 2.357806 2.921372
SERIE 1.08000 2.372790 2.998417
SERIE 1.08500 2.386578 3.055943
SERIE 1.09000 2.399571 3.094092
SERIE 1.09500 2.411944 3.113359
SERIE 1.10000 2.423773 3.114860
SERIE 1.10500 2.434780 3.099973
SERIE 1.11000 2.444673 3.070329
SERIE 1.11500 2.452957 3.027722
SERIE 1.12000 2.459170 2.974021
SERIE 1.12500 2.462816 2.911169
SERIE 1.13000 2.463594 2.841052
SERIE 1.13500 2.461223 2.765532
SERIE 1.14000 2.455615 2.686368
SERIE 1.14500 2.446862 2.605207
SERIE 1.15000 2.435155 2.523593
SERIE 1.15500 2.420861 2.442923
SERIE 1.16000 2.404415 2.364443
SERIE 1.16500 2.386408 2.289268
SERIE 1.17000 2.367440 2.218349
SERIE 1.17500 2.348123 2.152501
SERIE 1.18000 2.329145 2.092358
SERIE 1.18500 2.311108 2.038430
SERIE 1.19000 2.294581 1.991052
SERIE 1.19500 2.280087 1.950455
SERIE 1.20000 2.268069 1.916707
SERIE 1.20500 2.258851 1.889751
SERIE 1.21000 2.252712 1.869463
SERIE 1.21500 2.249793 1.855569
SERIE 1.22000 2.250200 1.847740
SERIE 1.22500 2.253886 1.845561
SERIE 1.23000 2.260751 1.848577
SERIE 1.23500 2.270642 1.856262
SERIE 1.24000 2.283304 1.868080
SERIE 1.24500 2.298441 1.883457
SERIE 1.25000 2.315729 1.901816
SERIE 1.25500 2.334775 1.922576
SERIE 1.26000 2.355198 1.945165
SERIE 1.26500 2.376581 1.969016
SERIE 1.27000 2.398526 1.993604
SERIE 1.27500 2.420626 2.018414
SERIE 1.28000 2.442514 2.042978
SERIE 1.28500 2.463829 2.066857
SERIE 1.29000 2.484266 2.089664
SERIE 1.29500 2.503537 2.111047
SERIE 1.30000 2.521419 2.130715
SERIE 1.30500 2.537718 2.148422
SERIE 1.31000 2.552307 2.163978
SERIE 1.31500 2.565093 2.177233
SERIE 1.32000 2.576040 2.188093
SERIE 1.32500 2.585150 2.196508
SERIE 1.33000 2.592476 2.202469
SERIE 1.33500 2.598101 2.206015
SERIE 1.34000 2.602137 2.207218
SERIE 1.34500 2.604747 2.206170
SERIE 1.35000 2.606092 2.203023
SERIE 1.35500 2.606355 2.197913
SERIE 1.36000 2.605752 2.191036
SERIE 1.36500 2.604456 2.182587
SERIE 1.37000 2.602693 2.172763
SERIE 1.37500 2.600661 2.161786
SERIE 1.38000 2.598548 2.149869
SERIE 1.38500 2.596524 2.137230
SERIE 1.39000 2.594770 2.124073
SERIE 1.39500 2.593409 2.110614
SERIE 1.40000 2.592574 2.097029
SERIE 1.40500 2.592357 2.083504
SERIE 1.41000 2.592857 2.070271
SERIE 1.41500 2.594104 2.057441
SERIE 1.42000 2.596142 2.045119
SERIE 1.42500 2.598993 2.033400
SERIE 1.43000 2.602629 2.022363
SERIE 1.43500 2.607036 2.012066
SERIE 1.44000 2.612165 2.002548
SERIE 1.44500 2.617954 1.993834
SERIE 1.45000 2.624339 1.985919
SERIE 1.45500 2.631237 1.978801
SERIE 1.46000 2.638570 1.972448
SERIE 1.46500 2.646233 1.966818
SERIE 1.47000 2.654157 1.961852
SERIE 1.47500 2.662224 1.957491
SERIE 1.48000 2.670360 1.953662
SERIE 1.48500 2.678468 1.950290
SERIE 1.49000 2.686490 1.947293
SERIE 1.49500 2.694333 1.944599
SERIE 1.50000 2.701943 1.942127
SERIE 1.50500 2.709267 1.939799
SERIE 1.51000 2.862726 1.779331
SERIE 1.51500 2.734507 1.843496
SERIE 1.52000 2.758356 1.787610
SERIE 1.52500 2.750756 1.744182
SERIE 1.53000 2.732596 1.703244
SERIE 1.53500 2.709608 1.661294
SERIE 1.54000 2.682572 1.618851
SERIE 1.54500 2.652369 1.576485
SERIE 1.55000 2.620132 1.534599
SERIE 1.55500 2.586837 1.493604
SERIE 1.56000 2.553580 1.454002
SERIE 1.56500 2.521266 1.415971
SERIE 1.57000 2.490758 1.379877
SERIE 1.57500 2.462808 1.345990
SERIE 1.58000 2.438013 1.314556
SERIE 1.58500 2.416911 1.285742
SERIE 1.59000 2.399797 1.259700
SERIE 1.59500 2.386922 1.236537
SERIE 1.60000 2.378350 1.216321
SERIE 1.60500 2.374044 1.199077
SERIE 1.61000 2.373834 1.184826
SERIE 1.61500 2.377447 1.173525
SERIE 1.62000 2.384537 1.165075
SERIE 1.62500 2.394694 1.159370
SERIE 1.63000 2.407464 1.156266
SERIE 1.63500 2.422367 1.155608
SERIE 1.64000 2.438864 1.157188
SERIE 1.64500 2.456444 1.160763
SERIE 1.65000 2.474607 1.166106
SERIE 1.65500 2.492876 1.172933
SERIE 1.66000 2.510823 1.180933
SERIE 1.66500 2.528063 1.189833
SERIE 1.67000 2.544274 1.199312
SERIE 1.67500 2.559203 1.209059
SERIE 1.68000 2.572622 1.218767
SERIE 1.68500 2.584444 1.228137
SERIE 1.69000 2.594545 1.236900
SERIE 1.69500 2.602925 1.244804
SERIE 1.70000 2.609582 1.251625
SERIE 1.70500 2.614616 1.257159
SERIE 1.71000 2.618123 1.261245
SERIE 1.71500 2.620241 1.263766
SERIE 1.72000 2.621133 1.264624
SERIE 1.72500 2.620963 1.263782
SERIE 1.73000 2.619929 1.261213
SERIE 1.73500 2.618225 1.256964
SERIE 1.74000 2.616019 1.251088
SERIE 1.74500 2.613488 1.243679
SERIE 1.75000 2.610782 1.234857
SERIE 1.75500 2.608064 1.224771
SERIE 1.76000 2.605461 1.213588
SERIE 1.76500 2.603096 1.201493
SERIE 1.77000 2.601035 1.188685
SERIE 1.77500 2.599356 1.175366
SERIE 1.78000 2.598116 1.161740
SERIE 1.78500 2.597342 1.148011
SERIE 1.79000 2.597068 1.134381
SERIE 1.79500 2.597301 1.121039
SERIE 1.80000 2.598030 1.108155
SERIE 1.80500 2.599226 1.095883
SERIE 1.81000 2.600867 1.084354
SERIE 1.81500 2.602942 1.073681
SERIE 1.82000 2.605395 1.063959
SERIE 1.82500 2.608197 1.055252
SERIE 1.83000 2.611318 1.047602
SERIE 1.83500 2.614698 1.041032
SERIE 1.84000 2.618312 1.035545
SERIE 1.84500 2.622122 1.031118
SERIE 1.85000 2.626096 1.027718
SERIE 1.85500 2.630197 1.025284
SERIE 1.86000 2.634404 1.023753
SERIE 1.86500 2.638693 1.023046
SERIE 1.87000 2.643039 1.023081
SERIE 1.87500 2.647430 1.023765
SERIE 1.88000 2.651841 1.025009
SERIE 1.88500 2.656258 1.026720
SERIE 1.89000 2.660668 1.028804
SERIE 1.89500 2.665055 1.031179
SERIE 1.90000 2.669412 1.033762
SERIE 1.90500 2.673717 1.036480
SERIE 1.91000 2.677967 1.039264
SERIE 1.91500 2.682137 1.042057
SERIE 1.92000 2.686223 1.044805
SERIE 1.92500 2.690226 1.047471
SERIE 1.93000 2.694131 1.050023
SERIE 1.93500 2.697930 1.052438
SERIE 1.94000 2.701623 1.054707
SERIE 1.94500 2.705198 1.056820
SERIE 1.95000 2.708657 1.058784
SERIE 1.95500 2.712001 1.060603
SERIE 1.96000 2.715236 1.062294
SERIE 1.96500 2.718355 1.063875
SERIE 1.97000 2.721372 1.065367
SERIE 1.97500 2.724286 1.066796
SERIE 1.98000 2.727116 1.068187
SERIE 1.98500 2.729882 1.069569
SERIE 1.99000 2.732586 1.070972
SERIE 1.99500 2.735242 1.072422
SERIE 2.00000 2.737868 1.073947
SERIE 2.00500 2.740485 1.075573
SERIE 2.01000 3.022385 0.846858
SERIE 2.01500 2.932461 1.075695
SERIE 2.02000 3.045196 1.099307
SERIE 2.02500 3.126463 1.168262
SERIE 2.03000 3.198475 1.259797
SERIE 2.03500 3.263923 1.362542
SERIE 2.04000 3.320996 1.472260
SERIE 2.04500 3.368323 1.585429
SERIE 2.05000 3.405475 1.698429
SERIE 2.05500 3.431654 1.808184
SERIE 2.06000 3.447031 1.912022
SERIE 2.06500 3.452559 2.007683
SERIE 2.07000 3.448864 2.093508
SERIE 2.07500 3.437522 2.168363
SERIE 2.08000 3.420287 2.231329
SERIE 2.08500 3.398566 2.282284
SERIE 2.09000 3.374045 2.321211
SERIE 2.09500 3.348162 2.348506
SERIE 2.10000 3.322209 2.364722
SERIE 2.10500 3.297161 2.370634
SERIE 2.11000 3.273765 2.367127
SERIE 2.11500 3.252570 2.355188
SERIE 2.12000 3.233720 2.335901
SERIE 2.12500 3.217334 2.310314
SERIE 2.13000 3.203368 2.279513
SERIE 2.13500 3.191701 2.244575
SERIE 2.14000 3.182186 2.206484
SERIE 2.14500 3.174580 2.166239
SERIE 2.15000 3.168700 2.124746
SERIE 2.15500 3.164399 2.082852
SERIE 2.16000 3.161451 2.041369
SERIE 2.16500 3.159714 2.000959
SERIE 2.17000 3.159128 1.962266
SERIE 2.17500 3.159483 1.925866
SERIE 2.18000 3.160695 1.892269
SERIE 2.18500 3.162762 1.861933
SERIE 2.19000 3.165463 1.835205
SERIE 2.19500 3.168730 1.812398
SERIE 2.20000 3.172429 1.793740
SERIE 2.20500 3.176457 1.779370
SERIE 2.21000 3.180724 1.769349
SERIE 2.21500 3.185136 1.763650
SERIE 2.22000 3.189577 1.762169
SERIE 2.22500 3.194014 1.764713
SERIE 2.23000 3.198402 1.771011
SERIE 2.23500 3.202715 1.780777
SERIE 2.24000 3.206958 1.793612
SERIE 2.24500 3.211167 1.809128
SERIE 2.25000 3.215373 1.826879
SERIE 2.25500 3.219609 1.846435
SERIE 2.26000 3.223933 1.867353
SERIE 2.26500 3.228393 1.889197
SERIE 2.27000 3.233035 1.911561
SERIE 2.27500 3.237920 1.934060
SERIE 2.28000 3.243034 1.956355
SERIE 2.28500 3.248394 1.978123
SERIE 2.29000 3.253975 1.999113
SERIE 2.29500 3.259780 2.019098
SERIE 2.30000 3.265723 2.037908
SERIE 2.30500 3.271757 2.055412
SERIE 2.31000 3.277800 2.071513
SERIE 2.31500 3.283777 2.086167
SERIE 2.32000 3.289584 2.099360
SERIE 2.32500 3.295131 2.111111
SERIE 2.33000 3.300353 2.121466
SERIE 2.33500 3.305136 2.130499
SERIE 2.34000 3.309453 2.138303
SERIE 2.34500 3.313216 2.144991
SERIE 2.35000 3.316404 2.150671
SERIE 2.35500 3.318989 2.155470
SERIE 2.36000 3.320954 2.159514
SERIE 2.36500 3.322328 2.162927
SERIE 2.37000 3.323139 2.165838
SERIE 2.37500 3.323411 2.168364
SERIE 2.38000 3.323230 2.170614
SERIE 2.38500 3.322652 2.172692
SERIE 2.39000 3.321766 2.174690
SERIE 2.39500 3.320651 2.176692
SERIE 2.40000 3.319396 2.178771
SERIE 2.40500 3.318097 2.180991
SERIE 2.41000 3.316832 2.183402
SERIE 2.41500 3.315695 2.186053
SERIE 2.42000 3.314742 2.188968
SERIE 2.42500 3.314042 2.192172
SERIE 2.43000 3.313644 2.195679
SERIE 2.43500 3.313583 2.199496
SERIE 2.44000 3.313890 2.203618
SERIE 2.44500 3.314573 2.208038
SERIE 2.45000 3.315632 2.212745
SERIE 2.45500 3.317062 2.217718
SERIE 2.46000 3.318827 2.222941
SERIE 2.46500 3.320904 2.228387
SERIE 2.47000 3.323248 2.234034
SERIE 2.47500 3.325813 2.239855
SERIE 2.48000 3.328551 2.245820
SERIE 2.48500 3.331399 2.251900
SERIE 2.49000 3.334315 2.258079
SERIE 2.49500 3.337229 2.264310
SERIE 2.50000 3.340108 2.270586
SERIE 2.50500 3.342881 2.276860
SERIE 2.51000 15.488218 2.421627
SERIE 2.51500 18.503189 -2.329810
SERIE 2.52000 23.110167 -4.857373
SERIE 2.52500 27.333963 -6.856938
SERIE 2.53000 30.940653 -8.607175
SERIE 2.53500 33.935400 -10.099212
SERIE 2.54000 36.303128 -11.326908
SERIE 2.54500 38.037509 -12.287698
SERIE 2.55000 39.136315 -12.983082
SERIE 2.55500 39.617561 -13.416627
SERIE 2.56000 39.502401 -13.591205
SERIE 2.56500 38.818380 -13.516829
SERIE 2.57000 37.606069 -13.208991
SERIE 2.57500 35.910274 -12.685123
SERIE 2.58000 33.779182 -11.966074
SERIE 2.58500 31.268725 -11.075184
SERIE 2.59000 28.441787 -10.035672
SERIE 2.59500 25.353942 -8.873207
SERIE 2.60000 22.071225 -7.613382
SERIE 2.60500 18.654328 -6.282267
SERIE 2.61000 15.167074 -4.907057
SERIE 2.61500 11.666121 -3.512268
SERIE 2.62000 8.206372 -2.125460
SERIE 2.62500 4.845675 -0.768047
SERIE 2.63000 1.623713 0.535415
SERIE 2.63500 -1.409193 1.765475
SERIE 2.64000 -4.220525 2.903649
SERIE 2.64500 -6.773029 3.934345
SERIE 2.65000 -9.042678 4.845359
SERIE 2.65500 -11.011780 5.626272
SERIE 2.66000 -12.657911 6.271081
SERIE 2.66500 -13.978161 6.775401
SERIE 2.67000 -14.964084 7.138286
SERIE 2.67500 -15.621367 7.361042
SERIE 2.68000 -15.953305 7.447590
SERIE 2.68500 -15.972902 7.403617
SERIE 2.69000 -15.694581 7.237314
SERIE 2.69500 -15.138148 6.958260
SERIE 2.70000 -14.326685 6.577833
SERIE 2.70500 -13.286185 6.108504
SERIE 2.71000 -12.044929 5.563012
SERIE 2.71500 -10.632910 4.955158
SERIE 2.72000 -9.080733 4.298829
SERIE 2.72500 -7.420211 3.607784
SERIE 2.73000 -5.682691 2.895576
SERIE 2.73500 -3.899387 2.174983
SERIE 2.74000 -2.101210 1.458598
SERIE 2.74500 -0.315881 0.757545
SERIE 2.75000 1.427760 0.082409
SERIE 2.75500 3.104228 -0.557566
SERIE 2.76000 4.692208 -1.154158
SERIE 2.76500 6.170315 -1.700416
SERIE 2.77000 7.520387 -2.190277
SERIE 2.77500 8.728133 -2.619320
SERIE 2.78000 9.781794 -2.984183
SERIE 2.78500 10.671765 -3.282795
SERIE 2.79000 11.394592 -3.514014
SERIE 2.79500 11.944896 -3.678064
SERIE 2.80000 12.323815 -3.775948
SERIE 2.80500 12.533522 -3.809766
SERIE 2.81000 12.579891 -3.782474
SERIE 2.81500 12.470174 -3.697769
SERIE 2.82000 12.213404 -3.559985
SERIE 2.82500 11.821553 -3.374136
SERIE 2.83000 11.307603 -3.145615
SERIE 2.83500 10.685229 -2.880199
SERIE 2.84000 9.970172 -2.583934
SERIE 2.84500 9.178476 -2.263224
SERIE 2.85000 8.325267 -1.924124
SERIE 2.85500 7.428231 -1.573381
SERIE 2.86000 6.502900 -1.217117
SERIE 2.86500 5.565262 -0.861460
SERIE 2.87000 4.630756 -0.512073
SERIE 2.87500 3.714221 -0.174374
SERIE 2.88000 2.828572 0.146829
SERIE 2.88500 1.986204 0.447000
SERIE 2.89000 1.198808 0.722297
SERIE 2.89500 0.475597 0.969539
SERIE 2.90000 -0.175322 1.185901
SERIE 2.90500 -0.746792 1.369356
SERIE 2.91000 -1.234409 1.518656
SERIE 2.91500 -1.633987 1.632549
SERIE 2.92000 -1.943911 1.711357
SERIE 2.92500 -2.163685 1.755075
SERIE 2.93000 -2.294105 1.764908
SERIE 2.93500 -2.337659 1.742132
SERIE 2.94000 -2.297852 1.688781
SERIE 2.94500 -2.179490 1.607146
SERIE 2.95000 -1.988012 1.499914
SERIE 2.95500 -1.730328 1.369959
SERIE 2.96000 -1.413503 1.220532
SERIE 2.96500 -1.045579 1.055023
SERIE 2.97000 -0.634731 0.876903
SERIE 2.97500 -0.189596 0.689649
SERIE 2.98000 0.281262 0.496740
SERIE 2.98500 0.769171 0.301574
SERIE 2.99000 1.265520 0.107400
SERIE 2.99500 1.762246 -0.082681
SERIE 3.00000 2.251716 -0.265786
SERIE 3.00500 2.725981 -0.439205
SERIE 3.01000 3.941138 -0.517383
SERIE 3.01500 4.136953 -0.511483
SERIE 3.02000 4.808446 -0.471431
SERIE 3.02500 5.367550 -0.370034
SERIE 3.03000 5.857649 -0.215461
SERIE 3.03500 6.285786 -0.014964
SERIE 3.04000 6.646228 0.224513
SERIE 3.04500 6.935536 0.495602
SERIE 3.05000 7.153240 0.789752
SERIE 3.05500 7.300301 1.097716
SERIE 3.06000 7.378338 1.409563
SERIE 3.06500 7.389998 1.715403
SERIE 3.07000 7.338468 2.005214
SERIE 3.07500 7.227316 2.269954
SERIE 3.08000 7.061718 2.500870
SERIE 3.08500 6.846985 2.691404
SERIE 3.09000 6.588656 2.836189
SERIE 3.09500 6.293663 2.931526
SERIE 3.10000 5.968483 2.975958
SERIE 3.10500 5.619756 2.969546
SERIE 3.11000 5.254613 2.913874
SERIE 3.11500 4.879344 2.812097
SERIE 3.12000 4.500293 2.668646
SERIE 3.12500 4.123463 2.488271
SERIE 3.13000 3.754596 2.277117
SERIE 3.13500 3.398853 2.041323
SERIE 3.14000 3.060696 1.787495
SERIE 3.14500 2.744371 1.522046
SERIE 3.15000 2.453687 1.251140
SERIE 3.15500 2.191378 0.981084
SERIE 3.16000 1.959982 0.717182
SERIE 3.16500 1.761865 0.464622
SERIE 3.17000 1.597576 0.227803
SERIE 3.17500 1.468596 0.010400
SERIE 3.18000 1.374498 -0.184577
SERIE 3.18500 1.315354 -0.354741
SERIE 3.19000 1.290063 -0.498620
SERIE 3.19500 1.297280 -0.615217
SERIE 3.20000 1.335295 -0.704339
SERIE 3.20500 1.401905 -0.766159
SERIE 3.21000 1.494495 -0.801545
SERIE 3.21500 1.610567 -0.811656
SERIE 3.22000 1.746986 -0.798138
SERIE 3.22500 1.900353 -0.762847
SERIE 3.23000 2.068292 -0.707831
SERIE 3.23500 2.247031 -0.635506
SERIE 3.24000 2.433682 -0.548163
SERIE 3.24500 2.624798 -0.448197
SERIE 3.25000 2.817414 -0.338016
SERIE 3.25500 3.008776 -0.220049
SERIE 3.26000 3.195833 -0.096453
SERIE 3.26500 3.376235 0.030495
SERIE 3.27000 3.547617 0.158769
SERIE 3.27500 3.708026 0.286497
SERIE 3.28000 3.855654 0.411803
SERIE 3.28500 3.988816 0.533143
SERIE 3.29000 4.106431 0.648998
SERIE 3.29500 4.207395 0.758195
SERIE 3.30000 4.291076 0.859484
SERIE 3.30500 4.356999 0.951995
SERIE 3.31000 4.405115 1.034905
SERIE 3.31500 4.435402 1.107569
SERIE 3.32000 4.448363 1.169564
SERIE 3.32500 4.444606 1.220604
SERIE 3.33000 4.424949 1.260562
SERIE 3.33500 4.390436 1.289493
SERIE 3.34000 4.342345 1.307541
SERIE 3.34500 4.282067 1.315062
SERIE 3.35000 4.211098 1.312521
SERIE 3.35500 4.131025 1.300486
SERIE 3.36000 4.043525 1.279660
SERIE 3.36500 3.950332 1.250855
SERIE 3.37000 3.853114 1.214898
SERIE 3.37500 3.753691 1.172815
SERIE 3.38000 3.653647 1.125542
SERIE 3.38500 3.554631 1.074094
SERIE 3.39000 3.458157 1.019664
SERIE 3.39500 3.365699 0.963105
SERIE 3.40000 3.278499 0.905614
SERIE 3.40500 3.197779 0.848129
SERIE 3.41000 3.124492 0.791600
SERIE 3.41500 3.059499 0.736946
SERIE 3.42000 3.003429 0.684942
SERIE 3.42500 2.956785 0.636339
SERIE 3.43000 2.919841 0.591762
SERIE 3.43500 2.892755 0.551742
SERIE 3.44000 2.875463 0.516715
SERIE 3.44500 2.867767 0.487008
SERIE 3.45000 2.869333 0.462838
SERIE 3.45500 2.879675 0.444324
SERIE 3.46000 2.898185 0.431488
SERIE 3.46500 2.924160 0.424243
SERIE 3.47000 2.956788 0.422443
SERIE 3.47500 2.995204 0.425824
SERIE 3.48000 3.038500 0.434086
SERIE 3.48500 3.085681 0.446837
SERIE 3.49000 3.135781 0.463674
SERIE 3.49500 3.187859 0.484108
SERIE 3.50000 3.240866 0.507662
SERIE 3.50500 3.293978 0.533782
SERIE 3.51000 3.775730 0.317053
SERIE 3.51500 3.643994 0.452775
SERIE 3.52000 3.797792 0.407897
SERIE 3.52500 3.893265 0.388886
SERIE 3.53000 3.964567 0.375071
SERIE 3.53500 4.019124 0.361606
SERIE 3.54000 4.058022 0.348696
SERIE 3.54500 4.081302 0.336546
SERIE 3.55000 4.088911 0.325126
SERIE 3.55500 4.081370 0.314507
SERIE 3.56000 4.059474 0.304654
SERIE 3.56500 4.024138 0.295577
SERIE 3.57000 3.976515 0.287224
SERIE 3.57500 3.917862 0.279612
SERIE 3.58000 3.849698 0.272717
SERIE 3.58500 3.773366 0.266559
SERIE 3.59000 3.690647 0.261064
SERIE 3.59500 3.603030 0.256274
SERIE 3.60000 3.512206 0.252167
SERIE 3.60500 3.419782 0.248745
SERIE 3.61000 3.327333 0.245980
SERIE 3.61500 3.236301 0.243869
SERIE 3.62000 3.148166 0.242385
SERIE 3.62500 3.064270 0.241484
SERIE 3.63000 2.985690 0.241127
SERIE 3.63500 2.913565 0.241252
SERIE 3.64000 2.848730 0.241794
SERIE 3.64500 2.792007 0.242695
SERIE 3.65000 2.743878 0.243872
SERIE 3.65500 2.704733 0.245238
SERIE 3.66000 2.674841 0.246704
SERIE 3.66500 2.654247 0.248180
SERIE 3.67000 2.642860 0.249576
SERIE 3.67500 2.640423 0.250788
SERIE 3.68000 2.646610 0.251752
SERIE 3.68500 2.660869 0.252371
SERIE 3.69000 2.682619 0.252561
SERIE 3.69500 2.711162 0.252273
SERIE 3.70000 2.745715 0.251448
SERIE 3.70500 2.785473 0.250053
SERIE 3.71000 2.829548 0.248068
SERIE 3.71500 2.877085 0.245488
SERIE 3.72000 2.927133 0.242311
SERIE 3.72500 2.978798 0.238579
SERIE 3.73000 3.031205 0.234290
SERIE 3.73500 3.083522 0.229530
SERIE 3.74000 3.134935 0.224325
SERIE 3.74500 3.184656 0.218743
SERIE 3.75000 3.232100 0.212862
SERIE 3.75500 3.276573 0.206750
SERIE 3.76000 3.317615 0.200495
SERIE 3.76500 3.354683 0.194169
SERIE 3.77000 3.387534 0.187858
SERIE 3.77500 3.415761 0.181632
SERIE 3.78000 3.439293 0.175591
SERIE 3.78500 3.457932 0.169777
SERIE 3.79000 3.471704 0.164264
SERIE 3.79500 3.480633 0.159103
SERIE 3.80000 3.484855 0.154340
SERIE 3.80500 3.484531 0.150009
SERIE 3.81000 3.479927 0.146142
SERIE 3.81500 3.471344 0.142755
SERIE 3.82000 3.459118 0.139857
SERIE 3.82500 3.443623 0.137445
SERIE 3.83000 3.425261 0.135513
SERIE 3.83500 3.404487 0.134047
SERIE 3.84000 3.381739 0.133031
SERIE 3.84500 3.357438 0.132433
SERIE 3.85000 3.332070 0.132233
SERIE 3.85500 3.306070 0.132384
SERIE 3.86000 3.279871 0.132846
SERIE 3.86500 3.253853 0.133579
SERIE 3.87000 3.228460 0.134529
SERIE 3.87500 3.203981 0.135650
SERIE 3.88000 3.180771 0.136901
SERIE 3.88500 3.159131 0.138240
SERIE 3.89000 3.139275 0.139606
SERIE 3.89500 3.121438 0.140971
SERIE 3.90000 3.105785 0.142292
SERIE 3.90500 3.092447 0.143550
SERIE 3.91000 3.081504 0.144700
SERIE 3.91500 3.073010 0.145726
SERIE 3.92000 3.066963 0.146611
SERIE 3.92500 3.063318 0.147326
SERIE 3.93000 3.062034 0.147865
SERIE 3.93500 3.062987 0.148217
SERIE 3.94000 3.066067 0.148369
SERIE 3.94500 3.071118 0.148320
SERIE 3.95000 3.077989 0.148063
SERIE 3.95500 3.086462 0.147604
SERIE 3.96000 3.096343 0.146938
SERIE 3.96500 3.107398 0.146077
SERIE 3.97000 3.119415 0.145018
SERIE 3.97500 3.132150 0.143781
SERIE 3.98000 3.145402 0.142374
SERIE 3.98500 3.158935 0.140817
SERIE 3.99000 3.172555 0.139113
SERIE 3.99500 3.186025 0.137295
SERIE 4.00000 3.199176 0.135367
SERIE 4.00500 3.211845 0.133359
SERIE 4.01000 3.875310 0.031597
SERIE 4.01500 3.532221 0.060716
SERIE 4.02000 3.691742 0.026922
SERIE 4.02500 3.761812 0.003074
SERIE 4.03000 3.802907 -0.018753
SERIE 4.03500 3.828309 -0.039612
SERIE 4.04000 3.838380 -0.059526
SERIE 4.04500 3.833623 -0.077990
SERIE 4.05000 3.814555 -0.095182
SERIE 4.05500 3.782306 -0.110807
SERIE 4.06000 3.737996 -0.124795
SERIE 4.06500 3.682870 -0.137140
SERIE 4.07000 3.618269 -0.147831
SERIE 4.07500 3.545732 -0.156821
SERIE 4.08000 3.466707 -0.164112
SERIE 4.08500 3.382855 -0.169743
SERIE 4.09000 3.295795 -0.173708
SERIE 4.09500 3.207036 -0.176060
SERIE 4.10000 3.118116 -0.176890
SERIE 4.10500 3.030533 -0.176241
SERIE 4.11000 2.945606 -0.174209
SERIE 4.11500 2.864566 -0.170894
SERIE 4.12000 2.788521 -0.166399
SERIE 4.12500 2.718469 -0.160735
SERIE 4.13000 2.655286 -0.154122
SERIE 4.13500 2.599645 -0.146677
SERIE 4.14000 2.552014 -0.138604
SERIE 4.14500 2.512873 -0.130069
SERIE 4.15000 2.482358 -0.121265
SERIE 4.15500 2.460601 -0.112376
SERIE 4.16000 2.447546 -0.103612
SERIE 4.16500 2.442987 -0.095153
SERIE 4.17000 2.446601 -0.087122
SERIE 4.17500 2.457913 -0.079710
SERIE 4.18000 2.476425 -0.073032
SERIE 4.18500 2.501504 -0.067196
SERIE 4.19000 2.532438 -0.062309
SERIE 4.19500 2.568463 -0.058446
SERIE 4.20000 2.608801 -0.055668
SERIE 4.20500 2.652617 -0.054009
SERIE 4.21000 2.699071 -0.053486
SERIE 4.21500 2.747341 -0.054115
SERIE 4.22000 2.796678 -0.055880
SERIE 4.22500 2.846117 -0.058733
SERIE 4.23000 2.895050 -0.062643
SERIE 4.23500 2.942631 -0.067504
SERIE 4.24000 2.988264 -0.073224
SERIE 4.24500 3.031319 -0.079671
SERIE 4.25000 3.071278 -0.086719
SERIE 4.25500 3.107644 -0.094268
SERIE 4.26000 3.140121 -0.102145
SERIE 4.26500 3.168348 -0.110204
SERIE 4.27000 3.192119 -0.118336
SERIE 4.27500 3.211322 -0.126426
SERIE 4.28000 3.225913 -0.134355
SERIE 4.28500 3.235923 -0.142019
SERIE 4.29000 3.241470 -0.149318
SERIE 4.29500 3.242712 -0.156180
SERIE 4.30000 3.239889 -0.162528
SERIE 4.30500 3.233268 -0.168311
SERIE 4.31000 3.223180 -0.173465
SERIE 4.31500 3.209994 -0.177964
SERIE 4.32000 3.194106 -0.181786
SERIE 4.32500 3.175915 -0.184920
SERIE 4.33000 3.155869 -0.187370
SERIE 4.33500 3.134379 -0.189160
SERIE 4.34000 3.111898 -0.190322
SERIE 4.34500 3.088860 -0.190899
SERIE 4.35000 3.065681 -0.190936
SERIE 4.35500 3.042755 -0.190487
SERIE 4.36000 3.020474 -0.189610
SERIE 4.36500 2.999167 -0.188373
SERIE 4.37000 2.979135 -0.186803
SERIE 4.37500 2.960656 -0.184996
SERIE 4.38000 2.943990 -0.182999
SERIE 4.38500 2.929327 -0.180889
SERIE 4.39000 2.916822 -0.178714
SERIE 4.39500 2.906602 -0.176555
SERIE 4.40000 2.898722 -0.174442
SERIE 4.40500 2.893236 -0.172442
SERIE 4.41000 2.890132 -0.170603
SERIE 4.41500 2.889355 -0.168952
SERIE 4.42000 2.890831 -0.167516
SERIE 4.42500 2.894459 -0.166321
SERIE 4.43000 2.900110 -0.165391
SERIE 4.43500 2.907628 -0.164746
SERIE 4.44000 2.916823 -0.164380
SERIE 4.44500 2.927507 -0.164298
SERIE 4.45000 2.939485 -0.164484
SERIE 4.45500 2.952516 -0.164930
SERIE 4.46000 2.966380 -0.165614
SERIE 4.46500 2.980856 -0.166504
SERIE 4.47000 2.995699 -0.167583
SERIE 4.47500 3.010688 -0.168840
SERIE 4.48000 3.025601 -0.170236
SERIE 4.48500 3.040231 -0.171740
SERIE 4.49000 3.054407 -0.173325
SERIE 4.49500 3.067947 -0.174972
SERIE 4.50000 3.080712 -0.176644
SERIE 4.50500 3.092572 -0.178323
SERIE 4.51000 3.775224 0.009600
SERIE 4.51500 3.449008 -0.075527
SERIE 4.52000 3.623347 -0.020830
SERIE 4.52500 3.710938 0.013317
SERIE 4.53000 3.771337 0.041822
SERIE 4.53500 3.816981 0.067959
SERIE 4.54000 3.848443 0.091109
SERIE 4.54500 3.865621 0.110870
SERIE 4.55000 3.869063 0.127023
SERIE 4.55500 3.859520 0.139410
SERIE 4.56000 3.837869 0.147900
SERIE 4.56500 3.805086 0.152525
SERIE 4.57000 3.762329 0.153391
SERIE 4.57500 3.710755 0.150578
SERIE 4.58000 3.651792 0.144400
SERIE 4.58500 3.586697 0.135102
SERIE 4.59000 3.516820 0.122975
SERIE 4.59500 3.443440 0.108389
SERIE 4.60000 3.367971 0.091750
SERIE 4.60500 3.291699 0.073436
SERIE 4.61000 3.215846 0.053872
SERIE 4.61500 3.141576 0.033470
SERIE 4.62000 3.069981 0.012660
SERIE 4.62500 3.002167 -0.008177
SERIE 4.63000 2.938796 -0.028676
SERIE 4.63500 2.880881 -0.048486
SERIE 4.64000 2.828906 -0.067291
SERIE 4.64500 2.783465 -0.084835
SERIE 4.65000 2.744965 -0.100838
SERIE 4.65500 2.713636 -0.115170
SERIE 4.66000 2.689659 -0.127646
SERIE 4.66500 2.673077 -0.138148
SERIE 4.67000 2.663782 -0.146632
SERIE 4.67500 2.661566 -0.153062
SERIE 4.68000 2.666170 -0.157438
SERIE 4.68500 2.677141 -0.159841
SERIE 4.69000 2.694040 -0.160340
SERIE 4.69500 2.716328 -0.159066
SERIE 4.70000 2.743396 -0.156129
SERIE 4.70500 2.774604 -0.151705
SERIE 4.71000 2.809245 -0.145967
SERIE 4.71500 2.846613 -0.139096
SERIE 4.72000 2.885999 -0.131306
SERIE 4.72500 2.926674 -0.122799
SERIE 4.73000 2.967946 -0.113809
SERIE 4.73500 3.009138 -0.104500
SERIE 4.74000 3.049611 -0.095107
SERIE 4.74500 3.088801 -0.085772
SERIE 4.75000 3.126146 -0.076699
SERIE 4.75500 3.161176 -0.068009
SERIE 4.76000 3.193420 -0.059867
SERIE 4.76500 3.222566 -0.052384
SERIE 4.77000 3.248292 -0.045662
SERIE 4.77500 3.270406 -0.039771
SERIE 4.78000 3.288724 -0.034784
SERIE 4.78500 3.303150 -0.030757
SERIE 4.79000 3.313697 -0.027691
SERIE 4.79500 3.320373 -0.025595
SERIE 4.80000 3.323318 -0.024461
SERIE 4.80500 3.322651 -0.024269
SERIE 4.81000 3.318592 -0.024981
SERIE 4.81500 3.311387 -0.026556
SERIE 4.82000 3.301304 -0.028926
SERIE 4.82500 3.288672 -0.032017
SERIE 4.83000 3.273819 -0.035759
SERIE 4.83500 3.257089 -0.040081
SERIE 4.84000 3.238846 -0.044883
SERIE 4.84500 3.219478 -0.050088
SERIE 4.85000 3.199325 -0.055599
SERIE 4.85500 3.178801 -0.061318
SERIE 4.86000 3.158226 -0.067169
SERIE 4.86500 3.137941 -0.073069
SERIE 4.87000 3.118282 -0.078925
SERIE 4.87500 3.099510 -0.084682
SERIE 4.88000 3.081914 -0.090257
SERIE 4.88500 3.065697 -0.095592
SERIE 4.89000 3.051053 -0.100640
SERIE 4.89500 3.038173 -0.105348
SERIE 4.90000 3.027141 -0.109678
SERIE 4.90500 3.018080 -0.113603
SERIE 4.91000 3.011028 -0.117090
SERIE 4.91500 3.006002 -0.120133
SERIE 4.92000 3.002995 -0.122729
SERIE 4.92500 3.001962 -0.124864
SERIE 4.93000 3.002835 -0.126544
SERIE 4.93500 3.005516 -0.127789
SERIE 4.94000 3.009871 -0.128615
SERIE 4.94500 3.015760 -0.129041
SERIE 4.95000 3.023039 -0.129103
SERIE 4.95500 3.031507 -0.128829
SERIE 4.96000 3.040995 -0.128255
SERIE 4.96500 3.051293 -0.127436
SERIE 4.97000 3.062229 -0.126384
SERIE 4.97500 3.073588 -0.125167
SERIE 4.98000 3.085189 -0.123816
SERIE 4.98500 3.096836 -0.122369
SERIE 4.99000 3.108363 -0.120875
SERIE 4.99500 3.119582 -0.119375
SERIE 5.00000 3.130359 -0.117900
SERIE 5.00500 3.140532 -0.116495
SERIE 5.01000 3.154693 -0.130168
SERIE 5.01500 3.165160 -0.135618
SERIE 5.02000 3.176072 -0.143706
SERIE 5.02500 3.185613 -0.152545
SERIE 5.03000 3.194085 -0.161345
SERIE 5.03500 3.201639 -0.169898
SERIE 5.04000 3.207763 -0.177627
SERIE 5.04500 3.212681 -0.183991
SERIE 5.05000 3.216205 -0.188494
SERIE 5.05500 3.218425 -0.190766
SERIE 5.06000 3.219389 -0.190576
SERIE 5.06500 3.219090 -0.187882
SERIE 5.07000 3.217664 -0.182823
SERIE 5.07500 3.215171 -0.175708
SERIE 5.08000 3.211756 -0.166945
SERIE 5.08500 3.207514 -0.156973
SERIE 5.09000 3.202569 -0.146313
SERIE 5.09500 3.197053 -0.135372
SERIE 5.10000 3.191092 -0.124571
SERIE 5.10500 3.184816 -0.114230
SERIE 5.11000 3.178344 -0.104582
SERIE 5.11500 3.171798 -0.095793
SERIE 5.12000 3.165278 -0.087930
SERIE 5.12500 3.158890 -0.081027
SERIE 5.13000 3.152738 -0.075019
SERIE 5.13500 3.146880 -0.069868
SERIE 5.14000 3.141406 -0.065454
SERIE 5.14500 3.136364 -0.061692
SERIE 5.15000 3.131830 -0.058477
SERIE 5.15500 3.127822 -0.055742
SERIE 5.16000 3.124386 -0.053404
SERIE 5.16500 3.121550 -0.051438
SERIE 5.17000 3.119330 -0.049813
SERIE 5.17500 3.117733 -0.048537
SERIE 5.18000 3.116757 -0.047623
SERIE 5.18500 3.116388 -0.047102
SERIE 5.19000 3.116610 -0.046995
SERIE 5.19500 3.117393 -0.047336
SERIE 5.20000 3.118702 -0.048140
SERIE 5.20500 3.120491 -0.049417
SERIE 5.21000 3.122718 -0.051141
SERIE 5.21500 3.125319 -0.053293
SERIE 5.22000 3.128241 -0.055811
SERIE 5.22500 3.131418 -0.058642
SERIE 5.23000 3.134796 -0.061694
SERIE 5.23500 3.138302 -0.064886
SERIE 5.24000 3.141877 -0.068120
SERIE 5.24500 3.145457 -0.071302
SERIE 5.25000 3.148988 -0.074343
SERIE 5.25500 3.152412 -0.077167
SERIE 5.26000 3.155689 -0.079700
SERIE 5.26500 3.158764 -0.081899
SERIE 5.27000 3.161602 -0.083706
SERIE 5.27500 3.164178 -0.085125
SERIE 5.28000 3.166456 -0.086116
SERIE 5.28500 3.168420 -0.086709
SERIE 5.29000 3.170054 -0.086894
SERIE 5.29500 3.171350 -0.086709
SERIE 5.30000 3.172308 -0.086166
SERIE 5.30500 3.172919 -0.085306
SERIE 5.31000 3.173198 -0.084145
SERIE 5.31500 3.173159 -0.082741
SERIE 5.32000 3.172810 -0.081093
SERIE 5.32500 3.172169 -0.079258
SERIE 5.33000 3.171270 -0.077245
SERIE 5.33500 3.170125 -0.075094
SERIE 5.34000 3.168768 -0.072817
SERIE 5.34500 3.167229 -0.070457
SERIE 5.35000 3.165536 -0.068021
SERIE 5.35500 3.163717 -0.065545
SERIE 5.36000 3.161819 -0.063051
SERIE 5.36500 3.159860 -0.060571
SERIE 5.37000 3.157871 -0.058120
SERIE 5.37500 3.155896 -0.055739
SERIE 5.38000 3.153949 -0.053444
SERIE 5.38500 3.152066 -0.051259
SERIE 5.39000 3.150270 -0.049219
SERIE 5.39500 3.148582 -0.047332
SERIE 5.40000 3.147019 -0.045623
SERIE 5.40500 3.145601 -0.044111
SERIE 5.41000 3.144341 -0.042798
SERIE 5.41500 3.143240 -0.041694
SERIE 5.42000 3.142319 -0.040800
SERIE 5.42500 3.141571 -0.040115
SERIE 5.43000 3.140993 -0.039632
SERIE 5.43500 3.140595 -0.039341
SERIE 5.44000 3.140360 -0.039231
SERIE 5.44500 3.140285 -0.039277
SERIE 5.45000 3.140360 -0.039474
SERIE 5.45500 3.140569 -0.039798
SERIE 5.46000 3.140901 -0.040222
SERIE 5.46500 3.141340 -0.040737
SERIE 5.47000 3.141873 -0.041312
SERIE 5.47500 3.142475 -0.041931
SERIE 5.48000 3.143136 -0.042582
SERIE 5.48500 3.143838 -0.043233
SERIE 5.49000 3.144557 -0.043876
SERIE 5.49500 3.145290 -0.044495
SERIE 5.50000 3.146011 -0.045077
SERIE 5.50500 3.146701 -0.045610
SERIE 5.51000 3.201691 -0.267086
SERIE 5.51500 3.188553 -0.136737
SERIE 5.52000 3.204643 -0.190794
SERIE 5.52500 3.217608 -0.215511
SERIE 5.53000 3.226602 -0.231590
SERIE 5.53500 3.234885 -0.243209
SERIE 5.54000 3.241479 -0.249992
SERIE 5.54500 3.246650 -0.251827
SERIE 5.55000 3.250228 -0.248995
SERIE 5.55500 3.252286 -0.241947
SERIE 5.56000 3.252849 -0.231196
SERIE 5.56500 3.251916 -0.217232
SERIE 5.57000 3.249642 -0.200612
SERIE 5.57500 3.246123 -0.181773
SERIE 5.58000 3.241467 -0.161159
SERIE 5.58500 3.235787 -0.139184
SERIE 5.59000 3.229257 -0.116221
SERIE 5.59500 3.221975 -0.092687
SERIE 5.60000 3.214079 -0.068942
SERIE 5.60500 3.205760 -0.045354
SERIE 5.61000 3.197134 -0.022329
SERIE 5.61500 3.188309 -0.000171
SERIE 5.62000 3.179453 0.020807
SERIE 5.62500 3.170694 0.040246
SERIE 5.63000 3.162154 0.057982
SERIE 5.63500 3.153930 0.073772
SERIE 5.64000 3.146138 0.087415
SERIE 5.64500 3.138854 0.098877
SERIE 5.65000 3.132171 0.107992
SERIE 5.65500 3.126126 0.114819
SERIE 5.66000 3.120778 0.119283
SERIE 5.66500 3.116181 0.121523
SERIE 5.67000 3.112338 0.121522
SERIE 5.67500 3.109262 0.119489
SERIE 5.68000 3.106977 0.115462
SERIE 5.68500 3.105450 0.109688
SERIE 5.69000 3.104666 0.102259
SERIE 5.69500 3.104593 0.093467
SERIE 5.70000 3.105208 0.083423
SERIE 5.70500 3.106437 0.072438
SERIE 5.71000 3.108245 0.060635
SERIE 5.71500 3.110569 0.048344
SERIE 5.72000 3.113342 0.035685
SERIE 5.72500 3.116492 0.022959
SERIE 5.73000 3.119960 0.010299
SERIE 5.73500 3.123657 -0.002034
SERIE 5.74000 3.127531 -0.013957
SERIE 5.74500 3.131486 -0.025208
SERIE 5.75000 3.135491 -0.035742
SERIE 5.75500 3.139440 -0.045353
SERIE 5.76000 3.143300 -0.054020
SERIE 5.76500 3.146978 -0.061581
SERIE 5.77000 3.150466 -0.068063
SERIE 5.77500 3.153675 -0.073345
SERIE 5.78000 3.156589 -0.077504
SERIE 5.78500 3.159157 -0.080448
SERIE 5.79000 3.161364 -0.082298
SERIE 5.79500 3.163177 -0.083003
SERIE 5.80000 3.164595 -0.082707
SERIE 5.80500 3.165601 -0.081395
SERIE 5.81000 3.166201 -0.079233
SERIE 5.81500 3.166395 -0.076233
SERIE 5.82000 3.166203 -0.072581
SERIE 5.82500 3.165624 -0.068299
SERIE 5.83000 3.164712 -0.063586
SERIE 5.83500 3.163473 -0.058495
SERIE 5.84000 3.161935 -0.053136
SERIE 5.84500 3.160143 -0.047690
SERIE 5.85000 3.158144 -0.042164
SERIE 5.85500 3.155949 -0.036771
SERIE 5.86000 3.153629 -0.031528
SERIE 5.86500 3.151206 -0.026541
SERIE 5.87000 3.148729 -0.021938
SERIE 5.87500 3.146230 -0.017709
SERIE 5.88000 3.143761 -0.014007
SERIE 5.88500 3.141339 -0.010820
SERIE 5.89000 3.139019 -0.008182
SERIE 5.89500 3.136817 -0.006188
SERIE 5.90000 3.134758 -0.004791
SERIE 5.90500 3.132879 -0.004003
SERIE 5.91000 3.131191 -0.003875
SERIE 5.91500 3.129710 -0.004331
SERIE 5.92000 3.128445 -0.005357
SERIE 5.92500 3.127410 -0.006966
SERIE 5.93000 3.126605 -0.009073
SERIE 5.93500 3.126023 -0.011632
SERIE 5.94000 3.125681 -0.014646
SERIE 5.94500 3.125541 -0.018010
SERIE 5.95000 3.125621 -0.021658
SERIE 5.95500 3.125886 -0.025605
SERIE 5.96000 3.126336 -0.029717
SERIE 5.96500 3.126943 -0.033945
SERIE 5.97000 3.127687 -0.038287
SERIE 5.97500 3.128555 -0.042622
SERIE 5.98000 3.129522 -0.046912
SERIE 5.98500 3.130565 -0.051150
SERIE 5.99000 3.131659 -0.055241
SERIE 5.99500 3.132790 -0.059138
SERIE 6.00000 3.133931 -0.062866
SERIE 6.00500 3.135061 -0.066340
SERIE 6.01000 3.171966 0.021914
SERIE 6.01500 3.151617 -0.019247
SERIE 6.02000 3.156598 0.004437
SERIE 6.02500 3.160102 0.018374
SERIE 6.03000 3.159283 0.028608
SERIE 6.03500 3.158281 0.036989
SERIE 6.04000 3.156098 0.043263
SERIE 6.04500 3.152722 0.047410
SERIE 6.05000 3.149050 0.049358
SERIE 6.05500 3.144287 0.049117
SERIE 6.06000 3.139052 0.046732
SERIE 6.06500 3.133308 0.042300
SERIE 6.07000 3.127040 0.035963
SERIE 6.07500 3.120565 0.027881
SERIE 6.08000 3.113864 0.018227
SERIE 6.08500 3.107115 0.007192
SERIE 6.09000 3.100388 -0.005044
SERIE 6.09500 3.093819 -0.018234
SERIE 6.10000 3.087474 -0.032222
SERIE 6.10500 3.081496 -0.046690
SERIE 6.11000 3.075949 -0.061519
SERIE 6.11500 3.070871 -0.076442
SERIE 6.12000 3.066416 -0.091209
SERIE 6.12500 3.062588 -0.105690
SERIE 6.13000 3.059420 -0.119667
SERIE 6.13500 3.056946 -0.132966
SERIE 6.14000 3.055181 -0.145453
SERIE 6.14500 3.054087 -0.157004
SERIE 6.15000 3.053694 -0.167501
SERIE 6.15500 3.053944 -0.176879
SERIE 6.16000 3.054829 -0.185073
SERIE 6.16500 3.056268 -0.192063
SERIE 6.17000 3.058224 -0.197849
SERIE 6.17500 3.060632 -0.202400
SERIE 6.18000 3.063426 -0.205758
SERIE 6.18500 3.066568 -0.207962
SERIE 6.19000 3.069958 -0.209067
SERIE 6.19500 3.073546 -0.209139
SERIE 6.20000 3.077287 -0.208252
SERIE 6.20500 3.081106 -0.206517
SERIE 6.21000 3.084944 -0.204022
SERIE 6.21500 3.088761 -0.200866
SERIE 6.22000 3.092505 -0.197170
SERIE 6.22500 3.096123 -0.193044
SERIE 6.23000 3.099582 -0.188601
SERIE 6.23500 3.102858 -0.183958
SERIE 6.24000 3.105903 -0.179225
SERIE 6.24500 3.108702 -0.174498
SERIE 6.25000 3.111241 -0.169879
SERIE 6.25500 3.113493 -0.165462
SERIE 6.26000 3.115439 -0.161336
SERIE 6.26500 3.117085 -0.157567
SERIE 6.27000 3.118414 -0.154231
SERIE 6.27500 3.119434 -0.151371
SERIE 6.28000 3.120142 -0.149044
SERIE 6.28500 3.120542 -0.147282
SERIE 6.29000 3.120656 -0.146106
SERIE 6.29500 3.120483 -0.145541
SERIE 6.30000 3.120046 -0.145587
SERIE 6.30500 3.119361 -0.146235
SERIE 6.31000 3.118452 -0.147481
SERIE 6.31500 3.117343 -0.149290
SERIE 6.32000 3.116060 -0.151639
SERIE 6.32500 3.114642 -0.154483
SERIE 6.33000 3.113110 -0.157782
SERIE 6.33500 3.111494 -0.161483
SERIE 6.34000 3.109847 -0.165523
SERIE 6.34500 3.108178 -0.169857
SERIE 6.35000 3.106535 -0.174414
SERIE 6.35500 3.104938 -0.179136
SERIE 6.36000 3.103415 -0.183960
SERIE 6.36500 3.101997 -0.188825
SERIE 6.37000 3.100700 -0.193673
SERIE 6.37500 3.099542 -0.198449
SERIE 6.38000 3.098539 -0.203100
SERIE 6.38500 3.097699 -0.207588
SERIE 6.39000 3.097031 -0.211866
SERIE 6.39500 3.096531 -0.215912
SERIE 6.40000 3.096210 -0.219683
SERIE 6.40500 3.096061 -0.223164
SERIE 6.41000 3.096072 -0.226334
SERIE 6.41500 3.096250 -0.229176
SERIE 6.42000 3.096571 -0.231689
SERIE 6.42500 3.097034 -0.233866
SERIE 6.43000 3.097615 -0.235725
SERIE 6.43500 3.098312 -0.237263
SERIE 6.44000 3.099099 -0.238500
SERIE 6.44500 3.099962 -0.239449
SERIE 6.45000 3.100889 -0.240131
SERIE 6.45500 3.101859 -0.240575
SERIE 6.46000 3.102858 -0.240806
SERIE 6.46500 3.103862 -0.240858
SERIE 6.47000 3.104866 -0.240756
SERIE 6.47500 3.105846 -0.240534
SERIE 6.48000 3.106791 -0.240230
SERIE 6.48500 3.107690 -0.239866
SERIE 6.49000 3.108527 -0.239480
SERIE 6.49500 3.109300 -0.239094
SERIE 6.50000 3.109993 -0.238749
SERIE 6.50500 3.110608 -0.238456
SERIE 6.51000 3.187696 -0.122646
SERIE 6.51500 3.202823 -0.205482
SERIE 6.52000 3.235889 -0.183581
SERIE 6.52500 3.265406 -0.182284
SERIE 6.53000 3.292583 -0.188245
SERIE 6.53500 3.317593 -0.198388
SERIE 6.54000 3.340550 -0.211978
SERIE 6.54500 3.360972 -0.228596
SERIE 6.55000 3.378947 -0.247416
SERIE 6.55500 3.394116 -0.267928
SERIE 6.56000 3.406279 -0.289723
SERIE 6.56500 3.415411 -0.312292
SERIE 6.57000 3.421501 -0.335408
SERIE 6.57500 3.424619 -0.358711
SERIE 6.58000 3.424858 -0.381828
SERIE 6.58500 3.422314 -0.404477
SERIE 6.59000 3.417224 -0.426297
SERIE 6.59500 3.409697 -0.446959
SERIE 6.60000 3.400052 -0.466185
SERIE 6.60500 3.388422 -0.483732
SERIE 6.61000 3.375159 -0.499419
SERIE 6.61500 3.360496 -0.513088
SERIE 6.62000 3.344662 -0.524616
SERIE 6.62500 3.328002 -0.533981
SERIE 6.63000 3.310760 -0.541135
SERIE 6.63500 3.293196 -0.546111
SERIE 6.64000 3.275601 -0.548965
SERIE 6.64500 3.258165 -0.549780
SERIE 6.65000 3.241204 -0.548674
SERIE 6.65500 3.224853 -0.545795
SERIE 6.66000 3.209335 -0.541283
SERIE 6.66500 3.194824 -0.535339
SERIE 6.67000 3.181482 -0.528132
SERIE 6.67500 3.169403 -0.519893
SERIE 6.68000 3.158703 -0.510800
SERIE 6.68500 3.149481 -0.501077
SERIE 6.69000 3.141749 -0.490921
SERIE 6.69500 3.135587 -0.480533
SERIE 6.70000 3.130917 -0.470077
SERIE 6.70500 3.127775 -0.459769
SERIE 6.71000 3.126118 -0.449751
SERIE 6.71500 3.125855 -0.440182
SERIE 6.72000 3.126965 -0.431189
SERIE 6.72500 3.129302 -0.422894
SERIE 6.73000 3.132787 -0.415386
SERIE 6.73500 3.137302 -0.408757
SERIE 6.74000 3.142698 -0.403058
SERIE 6.74500 3.148851 -0.398342
SERIE 6.75000 3.155621 -0.394615
SERIE 6.75500 3.162851 -0.391903
SERIE 6.76000 3.170397 -0.390181
SERIE 6.76500 3.178115 -0.389430
SERIE 6.77000 3.185875 -0.389618
SERIE 6.77500 3.193523 -0.390690
SERIE 6.78000 3.200944 -0.392571
SERIE 6.78500 3.208025 -0.395207
SERIE 6.79000 3.214654 -0.398505
SERIE 6.79500 3.220731 -0.402403
SERIE 6.80000 3.226192 -0.406781
SERIE 6.80500 3.230956 -0.411570
SERIE 6.81000 3.234977 -0.416665
SERIE 6.81500 3.238210 -0.421981
SERIE 6.82000 3.240638 -0.427417
SERIE 6.82500 3.242239 -0.432893
SERIE 6.83000 3.243031 -0.438313
SERIE 6.83500 3.243020 -0.443604
SERIE 6.84000 3.242245 -0.448681
SERIE 6.84500 3.240732 -0.453481
SERIE 6.85000 3.238540 -0.457940
SERIE 6.85500 3.235731 -0.462010
SERIE 6.86000 3.232370 -0.465637
SERIE 6.86500 3.228522 -0.468792
SERIE 6.87000 3.224274 -0.471444
SERIE 6.87500 3.219704 -0.473576
SERIE 6.88000 3.214890 -0.475170
SERIE 6.88500 3.209915 -0.476234
SERIE 6.89000 3.204859 -0.476768
SERIE 6.89500 3.199802 -0.476789
SERIE 6.90000 3.194817 -0.476319
SERIE 6.90500 3.189969 -0.475386
SERIE 6.91000 3.185327 -0.474017
SERIE 6.91500 3.180946 -0.472265
SERIE 6.92000 3.176879 -0.470160
SERIE 6.92500 3.173166 -0.467758
SERIE 6.93000 3.169846 -0.465093
SERIE 6.93500 3.166937 -0.462230
SERIE 6.94000 3.164473 -0.459209
SERIE 6.94500 3.162446 -0.456088
SERIE 6.95000 3.160876 -0.452913
SERIE 6.95500 3.159755 -0.449730
SERIE 6.96000 3.159067 -0.446590
SERIE 6.96500 3.158801 -0.443528
SERIE 6.97000 3.158931 -0.440589
SERIE 6.97500 3.159430 -0.437805
SERIE 6.98000 3.160267 -0.435205
SERIE 6.98500 3.161403 -0.432819
SERIE 6.99000 3.162801 -0.430663
SERIE 6.99500 3.164418 -0.428758
SERIE 7.00000 3.166212 -0.427110
SERIE 7.00500 3.168144 -0.425723
SERIE 7.01000 3.329935 -0.634787
SERIE 7.01500 3.237146 -0.522975
SERIE 7.02000 3.273799 -0.570564
SERIE 7.02500 3.285083 -0.590013
SERIE 7.03000 3.289574 -0.600248
SERIE 7.03500 3.289430 -0.605946
SERIE 7.04000 3.285299 -0.607208
SERIE 7.04500 3.277162 -0.604136
SERIE 7.05000 3.265436 -0.597074
SERIE 7.05500 3.250295 -0.586313
SERIE 7.06000 3.232421 -0.572194
SERIE 7.06500 3.212102 -0.555111
SERIE 7.07000 3.189841 -0.535426
SERIE 7.07500 3.166141 -0.513599
SERIE 7.08000 3.141465 -0.490045
SERIE 7.08500 3.116224 -0.465190
SERIE 7.09000 3.090910 -0.439481
SERIE 7.09500 3.065910 -0.413342
SERIE 7.10000 3.041613 -0.387178
SERIE 7.10500 3.018277 -0.361403
SERIE 7.11000 2.996344 -0.336372
SERIE 7.11500 2.975996 -0.312420
SERIE 7.12000 2.957514 -0.289850
SERIE 7.12500 2.941045 -0.268901
SERIE 7.13000 2.926754 -0.249804
SERIE 7.13500 2.914738 -0.232714
SERIE 7.14000 2.905113 -0.217775
SERIE 7.14500 2.897850 -0.205035
SERIE 7.15000 2.892946 -0.194586
SERIE 7.15500 2.890430 -0.186410
SERIE 7.16000 2.890131 -0.180427
SERIE 7.16500 2.892024 -0.176646
SERIE 7.17000 2.895947 -0.174933
SERIE 7.17500 2.901778 -0.175166
SERIE 7.18000 2.909325 -0.177207
SERIE 7.18500 2.918385 -0.180872
SERIE 7.19000 2.928775 -0.185971
SERIE 7.19500 2.940256 -0.192285
SERIE 7.20000 2.952618 -0.199616
SERIE 7.20500 2.965664 -0.207745
SERIE 7.21000 2.979162 -0.216457
SERIE 7.21500 2.992902 -0.225524
SERIE 7.22000 3.006698 -0.234728
SERIE 7.22500 3.020346 -0.243850
SERIE 7.23000 3.033680 -0.252692
SERIE 7.23500 3.046534 -0.261087
SERIE 7.24000 3.058771 -0.268864
SERIE 7.24500 3.070247 -0.275886
SERIE 7.25000 3.080859 -0.282030
SERIE 7.25500 3.090524 -0.287196
SERIE 7.26000 3.099165 -0.291317
SERIE 7.26500 3.106722 -0.294333
SERIE 7.27000 3.113131 -0.296186
SERIE 7.27500 3.118394 -0.296884
SERIE 7.28000 3.122480 -0.296421
SERIE 7.28500 3.125414 -0.294821
SERIE 7.29000 3.127222 -0.292123
SERIE 7.29500 3.127932 -0.288378
SERIE 7.30000 3.127600 -0.283661
SERIE 7.30500 3.126285 -0.278045
SERIE 7.31000 3.124071 -0.271629
SERIE 7.31500 3.121053 -0.264510
SERIE 7.32000 3.117327 -0.256787
SERIE 7.32500 3.112991 -0.248587
SERIE 7.33000 3.108160 -0.240000
SERIE 7.33500 3.102948 -0.231161
SERIE 7.34000 3.097464 -0.222157
SERIE 7.34500 3.091826 -0.213110
SERIE 7.35000 3.086152 -0.204109
SERIE 7.35500 3.080528 -0.195255
SERIE 7.36000 3.075083 -0.186635
SERIE 7.36500 3.069886 -0.178327
SERIE 7.37000 3.065041 -0.170399
SERIE 7.37500 3.060622 -0.162905
SERIE 7.38000 3.056677 -0.155902
SERIE 7.38500 3.053276 -0.149416
SERIE 7.39000 3.050462 -0.143484
SERIE 7.39500 3.048267 -0.138122
SERIE 7.40000 3.046704 -0.133331
SERIE 7.40500 3.045785 -0.129117
SERIE 7.41000 3.045511 -0.125452
SERIE 7.41500 3.045865 -0.122327
SERIE 7.42000 3.046827 -0.119704
SERIE 7.42500 3.048358 -0.117556
SERIE 7.43000 3.050434 -0.115836
SERIE 7.43500 3.052993 -0.114501
SERIE 7.44000 3.055988 -0.113497
SERIE 7.44500 3.059366 -0.112771
SERIE 7.45000 3.063066 -0.112264
SERIE 7.45500 3.067015 -0.111926
SERIE 7.46000 3.071164 -0.111692
SERIE 7.46500 3.075435 -0.111518
SERIE 7.47000 3.079773 -0.111339
SERIE 7.47500 3.084115 -0.111109
SERIE 7.48000 3.088399 -0.110773
SERIE 7.48500 3.092574 -0.110294
SERIE 7.49000 3.096592 -0.109625
SERIE 7.49500 3.100396 -0.108732
SERIE 7.50000 3.103959 -0.107587
SERIE 7.50500 3.107241 -0.106164
SERIE 7.51000 3.422165 -0.435776
SERIE 7.51500 3.269651 -0.282490
SERIE 7.52000 3.348517 -0.368657
SERIE 7.52500 3.386953 -0.415797
SERIE 7.53000 3.413165 -0.449641
SERIE 7.53500 3.432307 -0.477011
SERIE 7.54000 3.444763 -0.497504
SERIE 7.54500 3.450461 -0.510863
SERIE 7.55000 3.450121 -0.517327
SERIE 7.55500 3.443500 -0.516940
SERIE 7.56000 3.431385 -0.510085
SERIE 7.56500 3.414252 -0.497079
SERIE 7.57000 3.392555 -0.478493
SERIE 7.57500 3.366913 -0.454734
SERIE 7.58000 3.338029 -0.426521
SERIE 7.58500 3.306425 -0.394388
SERIE 7.59000 3.272902 -0.359036
SERIE 7.59500 3.238042 -0.321137
SERIE 7.60000 3.202414 -0.281303
SERIE 7.60500 3.166731 -0.240254
SERIE 7.61000 3.131499 -0.198515
SERIE 7.61500 3.097228 -0.156814
SERIE 7.62000 3.064428 -0.115730
SERIE 7.62500 3.033539 -0.075835
SERIE 7.63000 3.004952 -0.037586
SERIE 7.63500 2.978899 -0.001467
SERIE 7.64000 2.955739 0.032142
SERIE 7.64500 2.935618 0.062891
SERIE 7.65000 2.918742 0.090503
SERIE 7.65500 2.905126 0.114766
SERIE 7.66000 2.894953 0.135553
SERIE 7.66500 2.888012 0.152787
SERIE 7.67000 2.884376 0.166450
SERIE 7.67500 2.883877 0.176539
SERIE 7.68000 2.886415 0.183221
SERIE 7.68500 2.891807 0.186573
SERIE 7.69000 2.899839 0.186828
SERIE 7.69500 2.910246 0.184220
SERIE 7.70000 2.922789 0.178987
SERIE 7.70500 2.937211 0.171451
SERIE 7.71000 2.953183 0.161944
SERIE 7.71500 2.970414 0.150781
SERIE 7.72000 2.988615 0.138320
SERIE 7.72500 3.007469 0.124909
SERIE 7.73000 3.026672 0.110892
SERIE 7.73500 3.045978 0.096593
SERIE 7.74000 3.065042 0.082362
SERIE 7.74500 3.083627 0.068513
SERIE 7.75000 3.101469 0.055318
SERIE 7.75500 3.118368 0.043029
SERIE 7.76000 3.134095 0.031910
SERIE 7.76500 3.148463 0.022131
SERIE 7.77000 3.161358 0.013887
SERIE 7.77500 3.172644 0.007311
SERIE 7.78000 3.182206 0.002493
SERIE 7.78500 3.190016 -0.000504
SERIE 7.79000 3.196037 -0.001625
SERIE 7.79500 3.200259 -0.000894
SERIE 7.80000 3.202714 0.001678
SERIE 7.80500 3.203444 0.006023
SERIE 7.81000 3.202534 0.012057
SERIE 7.81500 3.200084 0.019681
SERIE 7.82000 3.196207 0.028760
SERIE 7.82500 3.191044 0.039160
SERIE 7.83000 3.184761 0.050712
SERIE 7.83500 3.177497 0.063253
SERIE 7.84000 3.169442 0.076593
SERIE 7.84500 3.160763 0.090567
SERIE 7.85000 3.151638 0.104981
SERIE 7.85500 3.142248 0.119668
SERIE 7.86000 3.132763 0.134438
SERIE 7.86500 3.123358 0.149152
SERIE 7.87000 3.114169 0.163613
SERIE 7.87500 3.105377 0.177714
SERIE 7.88000 3.097071 0.191300
SERIE 7.88500 3.089413 0.204267
SERIE 7.89000 3.082475 0.216500
SERIE 7.89500 3.076354 0.227936
SERIE 7.90000 3.071127 0.238489
SERIE 7.90500 3.066830 0.248131
SERIE 7.91000 3.063492 0.256812
SERIE 7.91500 3.061146 0.264534
SERIE 7.92000 3.059769 0.271288
SERIE 7.92500 3.059348 0.277103
SERIE 7.93000 3.059869 0.281995
SERIE 7.93500 3.061266 0.286018
SERIE 7.94000 3.063504 0.289221
SERIE 7.94500 3.066491 0.291674
SERIE 7.95000 3.070167 0.293449
SERIE 7.95500 3.074440 0.294626
SERIE 7.96000 3.079230 0.295290
SERIE 7.96500 3.084429 0.295531
SERIE 7.97000 3.089956 0.295436
SERIE 7.97500 3.095697 0.295102
SERIE 7.98000 3.101574 0.294619
SERIE 7.98500 3.107478 0.294071
SERIE 7.99000 3.113337 0.293545
SERIE 7.99500 3.119052 0.293121
SERIE 8.00000 3.124565 0.292871
SERIE 8.00500 3.129779 0.292867
SERIE 8.01000 3.167601 0.209882
SERIE 8.01500 3.158662 0.246351
SERIE 8.02000 3.172665 0.221989
SERIE 8.02500 3.184229 0.209184
SERIE 8.03000 3.192669 0.198548
SERIE 8.03500 3.200571 0.190610
SERIE 8.04000 3.207576 0.185380
SERIE 8.04500 3.212921 0.182629
SERIE 8.05000 3.216860 0.182568
SERIE 8.05500 3.219825 0.185240
SERIE 8.06000 3.221360 0.190415
SERIE 8.06500 3.221602 0.198086
SERIE 8.07000 3.220928 0.207918
SERIE 8.07500 3.219155 0.219810
SERIE 8.08000 3.216328 0.233498
SERIE 8.08500 3.212869 0.248757
SERIE 8.09000 3.208465 0.265285
SERIE 8.09500 3.203477 0.282829
SERIE 8.10000 3.197964 0.301254
SERIE 8.10500 3.192077 0.320091
SERIE 8.11000 3.185923 0.339252
SERIE 8.11500 3.179477 0.358421
SERIE 8.12000 3.173071 0.377392
SERIE 8.12500 3.166663 0.395944
SERIE 8.13000 3.160426 0.413880
SERIE 8.13500 3.154395 0.431023
SERIE 8.14000 3.148638 0.447214
SERIE 8.14500 3.143365 0.462323
SERIE 8.15000 3.138502 0.476213
SERIE 8.15500 3.134141 0.488836
SERIE 8.16000 3.130400 0.500079
SERIE 8.16500 3.127207 0.509916
SERIE 8.17000 3.124622 0.518333
SERIE 8.17500 3.122708 0.525336
SERIE 8.18000 3.121401 0.530936
SERIE 8.18500 3.120726 0.535192
SERIE 8.19000 3.120700 0.538171
SERIE 8.19500 3.121237 0.539938
SERIE 8.20000 3.122340 0.540604
SERIE 8.20500 3.123985 0.540272
SERIE 8.21000 3.126093 0.539060
SERIE 8.21500 3.128635 0.537106
SERIE 8.22000 3.131557 0.534531
SERIE 8.22500 3.134791 0.531474
SERIE 8.23000 3.138294 0.528057
SERIE 8.23500 3.141995 0.524439
SERIE 8.24000 3.145837 0.520720
SERIE 8.24500 3.149763 0.517042
SERIE 8.25000 3.153718 0.513514
SERIE 8.25500 3.157631 0.510243
SERIE 8.26000 3.161464 0.507328
SERIE 8.26500 3.165172 0.504852
SERIE 8.27000 3.168700 0.502889
SERIE 8.27500 3.172006 0.501505
SERIE 8.28000 3.175072 0.500736
SERIE 8.28500 3.177867 0.500625
SERIE 8.29000 3.180343 0.501196
SERIE 8.29500 3.182519 0.502452
SERIE 8.30000 3.184363 0.504399
SERIE 8.30500 3.185864 0.507013
SERIE 8.31000 3.187038 0.510276
SERIE 8.31500 3.187882 0.514156
SERIE 8.32000 3.188407 0.518596
SERIE 8.32500 3.188626 0.523556
SERIE 8.33000 3.188564 0.528975
SERIE 8.33500 3.188236 0.534788
SERIE 8.34000 3.187672 0.540930
SERIE 8.34500 3.186896 0.547327
SERIE 8.35000 3.185943 0.553922
SERIE 8.35500 3.184847 0.560624
SERIE 8.36000 3.183623 0.567380
SERIE 8.36500 3.182323 0.574115
SERIE 8.37000 3.180975 0.580763
SERIE 8.37500 3.179601 0.587276
SERIE 8.38000 3.178229 0.593578
SERIE 8.38500 3.176912 0.599639
SERIE 8.39000 3.175637 0.605403
SERIE 8.39500 3.174467 0.610836
SERIE 8.40000 3.173397 0.615910
SERIE 8.40500 3.172456 0.620590
SERIE 8.41000 3.171663 0.624871
SERIE 8.41500 3.171015 0.628730
SERIE 8.42000 3.170551 0.632172
SERIE 8.42500 3.170240 0.635192
SERIE 8.43000 3.170120 0.637801
SERIE 8.43500 3.170166 0.640012
SERIE 8.44000 3.170392 0.641844
SERIE 8.44500 3.170784 0.643324
SERIE 8.45000 3.171339 0.644470
SERIE 8.45500 3.172041 0.645325
SERIE 8.46000 3.172879 0.645912
SERIE 8.46500 3.173855 0.646270
SERIE 8.47000 3.174930 0.646434
SERIE 8.47500 3.176106 0.646443
SERIE 8.48000 3.177364 0.646328
SERIE 8.48500 3.178676 0.646136
SERIE 8.49000 3.180033 0.645888
SERIE 8.49500 3.181425 0.645629
SERIE 8.50000 3.182822 0.645386
SERIE 8.50500 3.184213 0.645180
SERIE 8.51000 3.229317 0.563723
SERIE 8.51500 3.247084 0.520886
SERIE 8.52000 3.279920 0.444561
SERIE 8.52500 3.311252 0.363353
SERIE 8.53000 3.345874 0.279731
SERIE 8.53500 3.378412 0.199695
SERIE 8.54000 3.411204 0.127352
SERIE 8.54500 3.441687 0.066620
SERIE 8.55000 3.470061 0.020693
SERIE 8.55500 3.495659 -0.009642
SERIE 8.56000 3.518161 -0.024017
SERIE 8.56500 3.537673 -0.023702
SERIE 8.57000 3.553992 -0.010659
SERIE 8.57500 3.567172 0.012686
SERIE 8.58000 3.577379 0.043764
SERIE 8.58500 3.584591 0.080046
SERIE 8.59000 3.589208 0.119481
SERIE 8.59500 3.591082 0.160396
SERIE 8.60000 3.590581 0.201777
SERIE 8.60500 3.587728 0.243016
SERIE 8.61000 3.582624 0.283988
SERIE 8.61500 3.575505 0.324820
SERIE 8.62000 3.566492 0.365727
SERIE 8.62500 3.555797 0.407002
SERIE 8.63000 3.543571 0.448768
SERIE 8.63500 3.530135 0.491022
SERIE 8.64000 3.515671 0.533502
SERIE 8.64500 3.500559 0.575779
SERIE 8.65000 3.485016 0.617232
SERIE 8.65500 3.469353 0.657105
SERIE 8.66000 3.453939 0.694667
SERIE 8.66500 3.438972 0.729162
SERIE 8.67000 3.424725 0.759930
SERIE 8.67500 3.411472 0.786503
SERIE 8.68000 3.399385 0.808509
SERIE 8.68500 3.388585 0.825886
SERIE 8.69000 3.379192 0.838589
SERIE 8.69500 3.371314 0.846878
SERIE 8.70000 3.364989 0.851051
SERIE 8.70500 3.360202 0.851498
SERIE 8.71000 3.356961 0.848687
SERIE 8.71500 3.355245 0.843063
SERIE 8.72000 3.354970 0.835086
SERIE 8.72500 3.356073 0.825178
SERIE 8.73000 3.358459 0.813728
SERIE 8.73500 3.362013 0.801068
SERIE 8.74000 3.366623 0.787523
SERIE 8.74500 3.372179 0.773348
SERIE 8.75000 3.378543 0.758833
SERIE 8.75500 3.385558 0.744225
SERIE 8.76000 3.393111 0.729764
SERIE 8.76500 3.401013 0.715715
SERIE 8.77000 3.409141 0.702322
SERIE 8.77500 3.417357 0.689848
SERIE 8.78000 3.425506 0.678534
SERIE 8.78500 3.433432 0.668622
SERIE 8.79000 3.441050 0.660324
SERIE 8.79500 3.448202 0.653806
SERIE 8.80000 3.454802 0.649214
SERIE 8.80500 3.460744 0.646646
SERIE 8.81000 3.466029 0.646111
SERIE 8.81500 3.470496 0.647694
SERIE 8.82000 3.474172 0.651251
SERIE 8.82500 3.477020 0.656762
SERIE 8.83000 3.479033 0.664090
SERIE 8.83500 3.480199 0.673091
SERIE 8.84000 3.480550 0.683589
SERIE 8.84500 3.480100 0.695403
SERIE 8.85000 3.478899 0.708331
SERIE 8.85500 3.476996 0.722174
SERIE 8.86000 3.474434 0.736726
SERIE 8.86500 3.471277 0.751785
SERIE 8.87000 3.467585 0.767150
SERIE 8.87500 3.463437 0.782640
SERIE 8.88000 3.458911 0.798054
SERIE 8.88500 3.454050 0.813221
SERIE 8.89000 3.448970 0.827978
SERIE 8.89500 3.443711 0.842161
SERIE 8.90000 3.438366 0.855633
SERIE 8.90500 3.433015 0.868264
SERIE 8.91000 3.427694 0.879944
SERIE 8.91500 3.422493 0.890572
SERIE 8.92000 3.417469 0.900080
SERIE 8.92500 3.412652 0.908407
SERIE 8.93000 3.408106 0.915519
SERIE 8.93500 3.403864 0.921401
SERIE 8.94000 3.399956 0.926069
SERIE 8.94500 3.396407 0.929532
SERIE 8.95000 3.393251 0.931832
SERIE 8.95500 3.390483 0.933044
SERIE 8.96000 3.388102 0.933239
SERIE 8.96500 3.386107 0.932514
SERIE 8.97000 3.384480 0.930963
SERIE 8.97500 3.383201 0.928700
SERIE 8.98000 3.382219 0.925844
SERIE 8.98500 3.381528 0.922505
SERIE 8.99000 3.381100 0.918779
SERIE 8.99500 3.380902 0.914788
SERIE 9.00000 3.380897 0.910628
SERIE 9.00500 3.381051 0.906399
SERIE 9.01000 3.418977 0.753925
SERIE 9.01500 3.390954 0.821480
SERIE 9.02000 3.397785 0.778605
SERIE 9.02500 3.394845 0.752104
SERIE 9.03000 3.387582 0.731889
SERIE 9.03500 3.378739 0.713196
SERIE 9.04000 3.367048 0.696742
SERIE 9.04500 3.352566 0.682765
SERIE 9.05000 3.336162 0.671449
SERIE 9.05500 3.318237 0.663162
SERIE 9.06000 3.298789 0.657935
SERIE 9.06500 3.278189 0.655878
SERIE 9.07000 3.256996 0.656844
SERIE 9.07500 3.235560 0.660673
SERIE 9.08000 3.214155 0.666991
SERIE 9.08500 3.193180 0.675493
SERIE 9.09000 3.172878 0.685754
SERIE 9.09500 3.153641 0.697466
SERIE 9.10000 3.135508 0.710231
SERIE 9.10500 3.118898 0.723735
SERIE 9.11000 3.103850 0.737658
SERIE 9.11500 3.090605 0.751750
SERIE 9.12000 3.079184 0.765632
SERIE 9.12500 3.069659 0.779157
SERIE 9.13000 3.062114 0.792003
SERIE 9.13500 3.056509 0.803976
SERIE 9.14000 3.052808 0.814826
SERIE 9.14500 3.050915 0.824365
SERIE 9.15000 3.050778 0.832411
SERIE 9.15500 3.052234 0.838833
SERIE 9.16000 3.055156 0.843487
SERIE 9.16500 3.059397 0.846340
SERIE 9.17000 3.064760 0.847321
SERIE 9.17500 3.071085 0.846436
SERIE 9.18000 3.078216 0.843678
SERIE 9.18500 3.085967 0.839099
SERIE 9.19000 3.094151 0.832766
SERIE 9.19500 3.102606 0.824773
SERIE 9.20000 3.111152 0.815233
SERIE 9.20500 3.119630 0.804294
SERIE 9.21000 3.127887 0.792096
SERIE 9.21500 3.135774 0.778797
SERIE 9.22000 3.143191 0.764564
SERIE 9.22500 3.150009 0.749580
SERIE 9.23000 3.156142 0.734014
SERIE 9.23500 3.161521 0.718045
SERIE 9.24000 3.166069 0.701825
SERIE 9.24500 3.169760 0.685546
SERIE 9.25000 3.172562 0.669352
SERIE 9.25500 3.174486 0.653376
SERIE 9.26000 3.175523 0.637771
SERIE 9.26500 3.175699 0.622639
SERIE 9.27000 3.175085 0.608096
SERIE 9.27500 3.173668 0.594225
SERIE 9.28000 3.171531 0.581096
SERIE 9.28500 3.168767 0.568765
SERIE 9.29000 3.165390 0.557259
SERIE 9.29500 3.161526 0.546613
SERIE 9.30000 3.157251 0.536814
SERIE 9.30500 3.152635 0.527870
SERIE 9.31000 3.147765 0.519753
SERIE 9.31500 3.142762 0.512419
SERIE 9.32000 3.137662 0.505833
SERIE 9.32500 3.132587 0.499917
SERIE 9.33000 3.127584 0.494630
SERIE 9.33500 3.122745 0.489880
SERIE 9.34000 3.118131 0.485597
SERIE 9.34500 3.113788 0.481698
SERIE 9.35000 3.109782 0.478099
SERIE 9.35500 3.106159 0.474717
SERIE 9.36000 3.102946 0.471464
SERIE 9.36500 3.100176 0.468264
SERIE 9.37000 3.097873 0.465026
SERIE 9.37500 3.096049 0.461687
SERIE 9.38000 3.094705 0.458168
SERIE 9.38500 3.093845 0.454409
SERIE 9.39000 3.093463 0.450354
SERIE 9.39500 3.093547 0.445963
SERIE 9.40000 3.094065 0.441189
SERIE 9.40500 3.095013 0.436004
SERIE 9.41000 3.096342 0.430387
SERIE 9.41500 3.098006 0.424320
SERIE 9.42000 3.099990 0.417800
SERIE 9.42500 3.102236 0.410828
SERIE 9.43000 3.104706 0.403409
SERIE 9.43500 3.107359 0.395557
SERIE 9.44000 3.110161 0.387300
SERIE 9.44500 3.113061 0.378661
SERIE 9.45000 3.116039 0.369668
SERIE 9.45500 3.119021 0.360368
SERIE 9.46000 3.122002 0.350790
SERIE 9.46500 3.124918 0.340986
SERIE 9.47000 3.127746 0.330990
SERIE 9.47500 3.130467 0.320854
SERIE 9.48000 3.133036 0.310620
SERIE 9.48500 3.135435 0.300327
SERIE 9.49000 3.137659 0.290027
SERIE 9.49500 3.139671 0.279753
SERIE 9.50000 3.141490 0.269543
SERIE 9.50500 3.143078 0.259443
SERIE 9.51000 3.216060 0.057276
SERIE 9.51500 3.227536 0.109560
SERIE 9.52000 3.263128 0.036819
SERIE 9.52500 3.296755 -0.015738
SERIE 9.53000 3.328357 -0.062283
SERIE 9.53500 3.359299 -0.104585
SERIE 9.54000 3.388007 -0.141524
SERIE 9.54500 3.415029 -0.171920
SERIE 9.55000 3.438636 -0.195661
SERIE 9.55500 3.459151 -0.212329
SERIE 9.56000 3.476077 -0.222587
SERIE 9.56500 3.489610 -0.226023
SERIE 9.57000 3.499629 -0.223880
SERIE 9.57500 3.506469 -0.216711
SERIE 9.58000 3.510085 -0.205302
SERIE 9.58500 3.510844 -0.190547
SERIE 9.59000 3.508860 -0.173091
SERIE 9.59500 3.504432 -0.153741
SERIE 9.60000 3.497837 -0.132994
SERIE 9.60500 3.489342 -0.111458
SERIE 9.61000 3.479144 -0.089439
SERIE 9.61500 3.467526 -0.067413
SERIE 9.62000 3.454767 -0.045575
SERIE 9.62500 3.441167 -0.024326
SERIE 9.63000 3.426866 -0.003860
SERIE 9.63500 3.412292 0.015508
SERIE 9.64000 3.397614 0.033510
SERIE 9.64500 3.383139 0.049850
SERIE 9.65000 3.369132 0.064368
SERIE 9.65500 3.355857 0.076749
SERIE 9.66000 3.343541 0.086849
SERIE 9.66500 3.332325 0.094527
SERIE 9.67000 3.322483 0.099662
SERIE 9.67500 3.314057 0.102198
SERIE 9.68000 3.307184 0.102160
SERIE 9.68500 3.301915 0.099617
SERIE 9.69000 3.298299 0.094670
SERIE 9.69500 3.296314 0.087509
SERIE 9.70000 3.295930 0.078307
SERIE 9.70500 3.297107 0.067337
SERIE 9.71000 3.299717 0.054798
SERIE 9.71500 3.303741 0.040937
SERIE 9.72000 3.308970 0.026043
SERIE 9.72500 3.315340 0.010343
SERIE 9.73000 3.322692 -0.005886
SERIE 9.73500 3.330848 -0.022444
SERIE 9.74000 3.339646 -0.039044
SERIE 9.74500 3.349047 -0.055513
SERIE 9.75000 3.358741 -0.071630
SERIE 9.75500 3.368679 -0.087224
SERIE 9.76000 3.378667 -0.102092
SERIE 9.76500 3.388564 -0.116111
SERIE 9.77000 3.398230 -0.129112
SERIE 9.77500 3.407554 -0.141014
SERIE 9.78000 3.416387 -0.151693
SERIE 9.78500 3.424655 -0.161098
SERIE 9.79000 3.432234 -0.169159
SERIE 9.79500 3.439074 -0.175875
SERIE 9.80000 3.445059 -0.181214
SERIE 9.80500 3.450180 -0.185209
SERIE 9.81000 3.454398 -0.187876
SERIE 9.81500 3.457690 -0.189306
SERIE 9.82000 3.460072 -0.189532
SERIE 9.82500 3.461554 -0.188677
SERIE 9.83000 3.462152 -0.186815
SERIE 9.83500 3.461914 -0.184097
SERIE 9.84000 3.460892 -0.180615
SERIE 9.84500 3.459135 -0.176509
SERIE 9.85000 3.456714 -0.171917
SERIE 9.85500 3.453710 -0.166961
SERIE 9.86000 3.450184 -0.161773
SERIE 9.86500 3.446203 -0.156487
SERIE 9.87000 3.441879 -0.151208
SERIE 9.87500 3.437271 -0.146068
SERIE 9.88000 3.432445 -0.141168
SERIE 9.88500 3.427524 -0.136607
SERIE 9.89000 3.422536 -0.132483
SERIE 9.89500 3.417582 -0.128868
SERIE 9.90000 3.412729 -0.125839
SERIE 9.90500 3.408033 -0.123432
SERIE 9.91000 3.403564 -0.121715
SERIE 9.91500 3.399365 -0.120708
SERIE 9.92000 3.395467 -0.120443
SERIE 9.92500 3.391951 -0.120911
SERIE 9.93000 3.388834 -0.122130
SERIE 9.93500 3.386106 -0.124053
SERIE 9.94000 3.383822 -0.126672
SERIE 9.94500 3.381988 -0.129943
SERIE 9.95000 3.380610 -0.133832
SERIE 9.95500 3.379649 -0.138267
SERIE 9.96000 3.379123 -0.143197
SERIE 9.96500 3.378979 -0.148552
SERIE 9.97000 3.379200 -0.154262
SERIE 9.97500 3.379755 -0.160275
SERIE 9.98000 3.380573 -0.166500
SERIE 9.98500 3.381651 -0.172920
SERIE 9.99000 3.382913 -0.179444
SERIE 9.99500 3.384308 -0.186019
SERIE 10.00000 3.385804 -0.192580
SERIE 10.00500 3.387358 -0.199087
SERIE 10.01000 3.456775 -0.421943
SERIE 10.01500 3.400343 -0.292641
SERIE 10.02000 3.410695 -0.342473
SERIE 10.02500 3.403754 -0.360341
SERIE 10.03000 3.392774 -0.369243
SERIE 10.03500 3.377642 -0.373776
SERIE 10.04000 3.359365 -0.373716
SERIE 10.04500 3.338348 -0.368696
SERIE 10.05000 3.314665 -0.358951
SERIE 10.05500 3.288801 -0.344685
SERIE 10.06000 3.261368 -0.326493
SERIE 10.06500 3.232920 -0.304950
SERIE 10.07000 3.203738 -0.280733
SERIE 10.07500 3.174496 -0.254549
SERIE 10.08000 3.145698 -0.226993
SERIE 10.08500 3.117643 -0.198716
SERIE 10.09000 3.090872 -0.170165
SERIE 10.09500 3.065611 -0.141872
SERIE 10.10000 3.042296 -0.114353
SERIE 10.10500 3.021082 -0.088011
SERIE 10.11000 3.002291 -0.063311
SERIE 10.11500 2.986025 -0.040626
SERIE 10.12000 2.972428 -0.020311
SERIE 10.12500 2.961555 -0.002654
SERIE 10.13000 2.953407 0.012154
SERIE 10.13500 2.947977 0.023920
SERIE 10.14000 2.945128 0.032539
SERIE 10.14500 2.944778 0.037949
SERIE 10.15000 2.946766 0.040153
SERIE 10.15500 2.950913 0.039195
SERIE 10.16000 2.956997 0.035168
SERIE 10.16500 2.964786 0.028208
SERIE 10.17000 2.974072 0.018486
SERIE 10.17500 2.984561 0.006222
SERIE 10.18000 2.996055 -0.008380
SERIE 10.18500 3.008246 -0.025024
SERIE 10.19000 3.020935 -0.043449
SERIE 10.19500 3.033844 -0.063357
SERIE 10.20000 3.046736 -0.084437
SERIE 10.20500 3.059444 -0.106374
SERIE 10.21000 3.071704 -0.128865
SERIE 10.21500 3.083341 -0.151603
SERIE 10.22000 3.094212 -0.174293
SERIE 10.22500 3.104174 -0.196674
SERIE 10.23000 3.113030 -0.218474
SERIE 10.23500 3.120827 -0.239454
SERIE 10.24000 3.127384 -0.259421
SERIE 10.24500 3.132713 -0.278192
SERIE 10.25000 3.136755 -0.295618
SERIE 10.25500 3.139521 -0.311546
SERIE 10.26000 3.141010 -0.325912
SERIE 10.26500 3.141292 -0.338629
SERIE 10.27000 3.140396 -0.349679
SERIE 10.27500 3.138408 -0.359052
SERIE 10.28000 3.135392 -0.366768
SERIE 10.28500 3.131457 -0.372878
SERIE 10.29000 3.126716 -0.377473
SERIE 10.29500 3.121267 -0.380623
SERIE 10.30000 3.115252 -0.382460
SERIE 10.30500 3.108775 -0.383103
SERIE 10.31000 3.101973 -0.382696
SERIE 10.31500 3.094985 -0.381399
SERIE 10.32000 3.087901 -0.379349
SERIE 10.32500 3.080872 -0.376736
SERIE 10.33000 3.073975 -0.373689
SERIE 10.33500 3.067347 -0.370382
SERIE 10.34000 3.061049 -0.366969
SERIE 10.34500 3.055172 -0.363596
SERIE 10.35000 3.049810 -0.360393
SERIE 10.35500 3.044992 -0.357511
SERIE 10.36000 3.040802 -0.355040
SERIE 10.36500 3.037264 -0.353094
SERIE 10.37000 3.034395 -0.351746
SERIE 10.37500 3.032228 -0.351085
SERIE 10.38000 3.030761 -0.351156
SERIE 10.38500 3.029988 -0.351997
SERIE 10.39000 3.029901 -0.353632
SERIE 10.39500 3.030471 -0.356079
SERIE 10.40000 3.031661 -0.359325
SERIE 10.40500 3.033432 -0.363354
SERIE 10.41000 3.035728 -0.368136
SERIE 10.41500 3.038507 -0.373626
SERIE 10.42000 3.041710 -0.379771
SERIE 10.42500 3.045286 -0.386509
SERIE 10.43000 3.049173 -0.393774
SERIE 10.43500 3.053313 -0.401484
SERIE 10.44000 3.057625 -0.409562
SERIE 10.44500 3.062065 -0.417925
SERIE 10.45000 3.066563 -0.426481
SERIE 10.45500 3.071055 -0.435156
SERIE 10.46000 3.075496 -0.443853
SERIE 10.46500 3.079831 -0.452495
SERIE 10.47000 3.084012 -0.461005
SERIE 10.47500 3.087998 -0.469312
SERIE 10.48000 3.091762 -0.477344
SERIE 10.48500 3.095269 -0.485048
SERIE 10.49000 3.098483 -0.492371
SERIE 10.49500 3.101407 -0.499271
SERIE 10.50000 3.104018 -0.505704
SERIE 10.50500 3.106296 -0.511649
SERIE 10.51000 3.243291 -0.934961
SERIE 10.51500 3.244579 -0.738457
SERIE 10.52000 3.304374 -0.855184
SERIE 10.52500 3.353586 -0.921211
SERIE 10.53000 3.400179 -0.969265
SERIE 10.53500 3.444795 -1.007870
SERIE 10.54000 3.487033 -1.035130
SERIE 10.54500 3.525996 -1.051477
SERIE 10.55000 3.561648 -1.056863
SERIE 10.55500 3.594198 -1.051727
SERIE 10.56000 3.622506 -1.037234
SERIE 10.56500 3.646947 -1.013877
SERIE 10.57000 3.667292 -0.982821
SERIE 10.57500 3.683268 -0.945186
SERIE 10.58000 3.695042 -0.901878
SERIE 10.58500 3.702541 -0.854044
SERIE 10.59000 3.705818 -0.802748
SERIE 10.59500 3.705115 -0.748876
SERIE 10.60000 3.700625 -0.693516
SERIE 10.60500 3.692535 -0.637331
SERIE 10.61000 3.681261 -0.581325
SERIE 10.61500 3.667220 -0.526146
SERIE 10.62000 3.650770 -0.472610
SERIE 10.62500 3.632441 -0.421304
SERIE 10.63000 3.612585 -0.372838
SERIE 10.63500 3.591657 -0.327701
SERIE 10.64000 3.570151 -0.286339
SERIE 10.64500 3.548467 -0.249179
SERIE 10.65000 3.526924 -0.216490
SERIE 10.65500 3.506021 -0.188484
SERIE 10.66000 3.486013 -0.165296
SERIE 10.66500 3.467221 -0.146941
SERIE 10.67000 3.449912 -0.133406
SERIE 10.67500 3.434321 -0.124556
SERIE 10.68000 3.420585 -0.120165
SERIE 10.68500 3.408840 -0.119966
SERIE 10.69000 3.399245 -0.123602
SERIE 10.69500 3.391868 -0.130725
SERIE 10.70000 3.386650 -0.140882
SERIE 10.70500 3.383653 -0.153608
SERIE 10.71000 3.382804 -0.168445
SERIE 10.71500 3.384089 -0.184906
SERIE 10.72000 3.387336 -0.202526
SERIE 10.72500 3.392494 -0.220843
SERIE 10.73000 3.399347 -0.239400
SERIE 10.73500 3.407738 -0.257774
SERIE 10.74000 3.417466 -0.275514
SERIE 10.74500 3.428307 -0.292291
SERIE 10.75000 3.440051 -0.307729
SERIE 10.75500 3.452491 -0.321548
SERIE 10.76000 3.465374 -0.333473
SERIE 10.76500 3.478518 -0.343275
SERIE 10.77000 3.491699 -0.350770
SERIE 10.77500 3.504763 -0.355831
SERIE 10.78000 3.517421 -0.358355
SERIE 10.78500 3.529585 -0.358301
SERIE 10.79000 3.541064 -0.355641
SERIE 10.79500 3.551713 -0.350457
SERIE 10.80000 3.561436 -0.342777
SERIE 10.80500 3.570076 -0.332732
SERIE 10.81000 3.577564 -0.320459
SERIE 10.81500 3.583882 -0.306121
SERIE 10.82000 3.588928 -0.289920
SERIE 10.82500 3.592707 -0.272067
SERIE 10.83000 3.595195 -0.252782
SERIE 10.83500 3.596417 -0.232338
SERIE 10.84000 3.596417 -0.210967
SERIE 10.84500 3.595265 -0.188933
SERIE 10.85000 3.592977 -0.166488
SERIE 10.85500 3.589706 -0.143879
SERIE 10.86000 3.585462 -0.121355
SERIE 10.86500 3.580402 -0.099121
SERIE 10.87000 3.574624 -0.077406
SERIE 10.87500 3.568232 -0.056396
SERIE 10.88000 3.561369 -0.036267
SERIE 10.88500 3.554129 -0.017152
SERIE 10.89000 3.546631 0.000825
SERIE 10.89500 3.538997 0.017576
SERIE 10.90000 3.531346 0.033021
SERIE 10.90500 3.523770 0.047117
SERIE 10.91000 3.516326 0.059877
SERIE 10.91500 3.509112 0.071274
SERIE 10.92000 3.502187 0.081358
SERIE 10.92500 3.495617 0.090128
SERIE 10.93000 3.489450 0.097628
SERIE 10.93500 3.483719 0.103956
SERIE 10.94000 3.478458 0.109189
SERIE 10.94500 3.473672 0.113434
SERIE 10.95000 3.469414 0.116763
SERIE 10.95500 3.465670 0.119309
SERIE 10.96000 3.462480 0.121189
SERIE 10.96500 3.459782 0.122541
SERIE 10.97000 3.457600 0.123473
SERIE 10.97500 3.455887 0.124106
SERIE 10.98000 3.454625 0.124558
SERIE 10.98500 3.453784 0.124946
SERIE 10.99000 3.453329 0.125387
SERIE 10.99500 3.453192 0.125992
SERIE 11.00000 3.453339 0.126849
SERIE 11.00500 3.453732 0.128038
SERIE 11.01000 3.554021 0.110817
SERIE 11.01500 3.452103 0.190741
SERIE 11.02000 3.444892 0.219396
SERIE 11.02500 3.409891 0.260623
SERIE 11.03000 3.365751 0.308862
SERIE 11.03500 3.313747 0.358070
SERIE 11.04000 3.256868 0.408593
SERIE 11.04500 3.197351 0.458750
SERIE 11.05000 3.135595 0.507835
SERIE 11.05500 3.074050 0.555444
SERIE 11.06000 3.012874 0.601138
SERIE 11.06500 2.954068 0.644543
SERIE 11.07000 2.898014 0.685245
SERIE 11.07500 2.845517 0.723258
SERIE 11.08000 2.797266 0.757777
SERIE 11.08500 2.753434 0.788625
SERIE 11.09000 2.714689 0.815286
SERIE 11.09500 2.680367 0.837356
SERIE 11.10000 2.651590 0.854559
SERIE 11.10500 2.627696 0.866599
SERIE 11.11000 2.609024 0.873328
SERIE 11.11500 2.595705 0.874816
SERIE 11.12000 2.587088 0.871168
SERIE 11.12500 2.583310 0.862613
SERIE 11.13000 2.583914 0.849610
SERIE 11.13500 2.588975 0.832652
SERIE 11.14000 2.597810 0.812329
SERIE 11.14500 2.610290 0.789310
SERIE 11.15000 2.625959 0.764290
SERIE 11.15500 2.644394 0.737970
SERIE 11.16000 2.665145 0.711014
SERIE 11.16500 2.687863 0.684069
SERIE 11.17000 2.711865 0.657692
SERIE 11.17500 2.736783 0.632435
SERIE 11.18000 2.762260 0.608731
SERIE 11.18500 2.787590 0.586939
SERIE 11.19000 2.812380 0.567415
SERIE 11.19500 2.836414 0.550350
SERIE 11.20000 2.858965 0.535890
SERIE 11.20500 2.879914 0.524136
SERIE 11.21000 2.898792 0.515109
SERIE 11.21500 2.915437 0.508778
SERIE 11.22000 2.929585 0.505108
SERIE 11.22500 2.941030 0.503942
SERIE 11.23000 2.949761 0.505189
SERIE 11.23500 2.955663 0.508681
SERIE 11.24000 2.958747 0.514209
SERIE 11.24500 2.959107 0.521639
SERIE 11.25000 2.956816 0.530729
SERIE 11.25500 2.952021 0.541269
SERIE 11.26000 2.944910 0.553057
SERIE 11.26500 2.935730 0.565860
SERIE 11.27000 2.924679 0.579454
SERIE 11.27500 2.912039 0.593628
SERIE 11.28000 2.898079 0.608168
SERIE 11.28500 2.883059 0.622854
SERIE 11.29000 2.867324 0.637484
SERIE 11.29500 2.851088 0.651845
SERIE 11.30000 2.834640 0.665757
SERIE 11.30500 2.818236 0.679052
SERIE 11.31000 2.802162 0.691568
SERIE 11.31500 2.786557 0.703165
SERIE 11.32000 2.771695 0.713721
SERIE 11.32500 2.757713 0.723145
SERIE 11.33000 2.744809 0.731353
SERIE 11.33500 2.733129 0.738286
SERIE 11.34000 2.722707 0.743908
SERIE 11.34500 2.713716 0.748214
SERIE 11.35000 2.706152 0.751205
SERIE 11.35500 2.700117 0.752922
SERIE 11.36000 2.695635 0.753394
SERIE 11.36500 2.692657 0.752711
SERIE 11.37000 2.691186 0.750930
SERIE 11.37500 2.691184 0.748147
SERIE 11.38000 2.692522 0.744451
SERIE 11.38500 2.695182 0.739953
SERIE 11.39000 2.699074 0.734751
SERIE 11.39500 2.704056 0.728979
SERIE 11.40000 2.710017 0.722750
SERIE 11.40500 2.716837 0.716174
SERIE 11.41000 2.724353 0.709371
SERIE 11.41500 2.732466 0.702439
SERIE 11.42000 2.740993 0.695491
SERIE 11.42500 2.749805 0.688617
SERIE 11.43000 2.758776 0.681907
SERIE 11.43500 2.767787 0.675436
SERIE 11.44000 2.776724 0.669276
SERIE 11.44500 2.785475 0.663483
SERIE 11.45000 2.793906 0.658092
SERIE 11.45500 2.801944 0.653187
SERIE 11.46000 2.809527 0.648743
SERIE 11.46500 2.816570 0.644809
SERIE 11.47000 2.823046 0.641405
SERIE 11.47500 2.828889 0.638482
SERIE 11.48000 2.834061 0.636096
SERIE 11.48500 2.838571 0.634186
SERIE 11.49000 2.842392 0.632773
SERIE 11.49500 2.845558 0.631812
SERIE 11.50000 2.848087 0.631280
SERIE 11.50500 2.849990 0.631134
SERIE 11.51000 3.021044 0.648859
SERIE 11.51500 2.944891 0.610810
SERIE 11.52000 2.997986 0.605602
SERIE 11.52500 3.027497 0.590124
SERIE 11.53000 3.055944 0.570653
SERIE 11.53500 3.079701 0.548535
SERIE 11.54000 3.101900 0.524145
SERIE 11.54500 3.121707 0.497889
SERIE 11.55000 3.138410 0.470254
SERIE 11.55500 3.152409 0.441662
SERIE 11.56000 3.163706 0.412556
SERIE 11.56500 3.172228 0.383284
SERIE 11.57000 3.178162 0.354264
SERIE 11.57500 3.181678 0.325837
SERIE 11.58000 3.182902 0.298354
SERIE 11.58500 3.182124 0.272088
SERIE 11.59000 3.179449 0.247412
SERIE 11.59500 3.175259 0.224507
SERIE 11.60000 3.169734 0.203618
SERIE 11.60500 3.163172 0.184915
SERIE 11.61000 3.155806 0.168508
SERIE 11.61500 3.147905 0.154511
SERIE 11.62000 3.139764 0.142914
SERIE 11.62500 3.131557 0.133712
SERIE 11.63000 3.123507 0.126843
SERIE 11.63500 3.115834 0.122203
SERIE 11.64000 3.108692 0.119615
SERIE 11.64500 3.102255 0.118952
SERIE 11.65000 3.096623 0.120015
SERIE 11.65500 3.091915 0.122592
SERIE 11.66000 3.088191 0.126459
SERIE 11.66500 3.085567 0.131381
SERIE 11.67000 3.084034 0.137138
SERIE 11.67500 3.083588 0.143493
SERIE 11.68000 3.084272 0.150221
SERIE 11.68500 3.086009 0.157095
SERIE 11.69000 3.088783 0.163929
SERIE 11.69500 3.092554 0.170523
SERIE 11.70000 3.097211 0.176705
SERIE 11.70500 3.102691 0.182318
SERIE 11.71000 3.108916 0.187231
SERIE 11.71500 3.115778 0.191324
SERIE 11.72000 3.123159 0.194516
SERIE 11.72500 3.130946 0.196736
SERIE 11.73000 3.139047 0.197943
SERIE 11.73500 3.147330 0.198091
SERIE 11.74000 3.155675 0.197189
SERIE 11.74500 3.163954 0.195234
SERIE 11.75000 3.172082 0.192273
SERIE 11.75500 3.179950 0.188366
SERIE 11.76000 3.187455 0.183539
SERIE 11.76500 3.194536 0.177916
SERIE 11.77000 3.201080 0.171541
SERIE 11.77500 3.207063 0.164546
SERIE 11.78000 3.212433 0.157015
SERIE 11.78500 3.217112 0.149074
SERIE 11.79000 3.221093 0.140818
SERIE 11.79500 3.224340 0.132395
SERIE 11.80000 3.226867 0.123871
SERIE 11.80500 3.228654 0.115403
SERIE 11.81000 3.229712 0.107042
SERIE 11.81500 3.230073 0.098940
SERIE 11.82000 3.229777 0.091144
SERIE 11.82500 3.228855 0.083776
SERIE 11.83000 3.227360 0.076879
SERIE 11.83500 3.225340 0.070524
SERIE 11.84000 3.222872 0.064779
SERIE 11.84500 3.219985 0.059642
SERIE 11.85000 3.216762 0.055198
SERIE 11.85500 3.213268 0.051412
SERIE 11.86000 3.209563 0.048328
SERIE 11.86500 3.205718 0.045954
SERIE 11.87000 3.201790 0.044252
SERIE 11.87500 3.197849 0.043227
SERIE 11.88000 3.193968 0.042868
SERIE 11.88500 3.190182 0.043113
SERIE 11.89000 3.186561 0.043948
SERIE 11.89500 3.183140 0.045312
SERIE 11.90000 3.179956 0.047149
SERIE 11.90500 3.177052 0.049422
SERIE 11.91000 3.174440 0.052057
SERIE 11.91500 3.172170 0.054987
SERIE 11.92000 3.170243 0.058167
SERIE 11.92500 3.168655 0.061506
SERIE 11.93000 3.167427 0.065001
SERIE 11.93500 3.166565 0.068525
SERIE 11.94000 3.166030 0.072065
SERIE 11.94500 3.165845 0.075549
SERIE 11.95000 3.165973 0.078949
SERIE 11.95500 3.166402 0.082186
SERIE 11.96000 3.167091 0.085242
SERIE 11.96500 3.168022 0.088082
SERIE 11.97000 3.169187 0.090678
SERIE 11.97500 3.170515 0.092985
SERIE 11.98000 3.171985 0.095010
SERIE 11.98500 3.173561 0.096737
SERIE 11.99000 3.175219 0.098144
SERIE 11.99500 3.176908 0.099256
SERIE 12.00000 3.178611 0.100042
SERIE 12.00500 3.180282 0.100528
SERIE 12.01000 3.421870 0.102115
SERIE 12.01500 3.456627 0.114125
SERIE 12.02000 3.590007 0.112346
SERIE 12.02500 3.709312 0.112914
SERIE 12.03000 3.815843 0.111796
SERIE 12.03500 3.910523 0.109566
SERIE 12.04000 3.990812 0.106218
SERIE 12.04500 4.057834 0.102034
SERIE 12.05000 4.112160 0.097302
SERIE 12.05500 4.154742 0.092124
SERIE 12.06000 4.187663 0.086732
SERIE 12.06500 4.211451 0.081200
SERIE 12.07000 4.226511 0.075699
SERIE 12.07500 4.233177 0.070281
SERIE 12.08000 4.231260 0.065105
SERIE 12.08500 4.220889 0.060134
SERIE 12.09000 4.202122 0.055478
SERIE 12.09500 4.175437 0.051154
SERIE 12.10000 4.141458 0.047171
SERIE 12.10500 4.101046 0.043550
SERIE 12.11000 4.055214 0.040260
SERIE 12.11500 4.005077 0.037289
SERIE 12.12000 3.951779 0.034593
SERIE 12.12500 3.896323 0.032151
SERIE 12.13000 3.839893 0.029912
SERIE 12.13500 3.783320 0.027855
SERIE 12.14000 3.727599 0.025902
SERIE 12.14500 3.673401 0.024016
SERIE 12.15000 3.621599 0.022153
SERIE 12.15500 3.572764 0.020252
SERIE 12.16000 3.527499 0.018281
SERIE 12.16500 3.486349 0.016224
SERIE 12.17000 3.449729 0.014023
SERIE 12.17500 3.417929 0.011656
SERIE 12.18000 3.391279 0.009144
SERIE 12.18500 3.369876 0.006438
SERIE 12.19000 3.353747 0.003540
SERIE 12.19500 3.342946 0.000443
SERIE 12.20000 3.337317 -0.002857
SERIE 12.20500 3.336619 -0.006346
SERIE 12.21000 3.340696 -0.010025
SERIE 12.21500 3.349109 -0.013878
SERIE 12.22000 3.361586 -0.017890
SERIE 12.22500 3.377647 -0.022047
SERIE 12.23000 3.396862 -0.026333
SERIE 12.23500 3.418735 -0.030710
SERIE 12.24000 3.442807 -0.035192
SERIE 12.24500 3.468522 -0.039742
SERIE 12.25000 3.495408 -0.044343
SERIE 12.25500 3.522900 -0.048964
SERIE 12.26000 3.550630 -0.053602
SERIE 12.26500 3.578049 -0.058241
SERIE 12.27000 3.604705 -0.062856
SERIE 12.27500 3.630302 -0.067447
SERIE 12.28000 3.654364 -0.071987
SERIE 12.28500 3.676679 -0.076474
SERIE 12.29000 3.696858 -0.080896
SERIE 12.29500 3.714804 -0.085280
SERIE 12.30000 3.730236 -0.089602
SERIE 12.30500 3.743084 -0.093864
SERIE 12.31000 3.753218 -0.098072
SERIE 12.31500 3.760639 -0.102222
SERIE 12.32000 3.765329 -0.106327
SERIE 12.32500 3.767349 -0.110383
SERIE 12.33000 3.766770 -0.114399
SERIE 12.33500 3.763725 -0.118385
SERIE 12.34000 3.758374 -0.122343
SERIE 12.34500 3.750887 -0.126288
SERIE 12.35000 3.741482 -0.130223
SERIE 12.35500 3.730378 -0.134156
SERIE 12.36000 3.717810 -0.138089
SERIE 12.36500 3.704039 -0.142034
SERIE 12.37000 3.689306 -0.145996
SERIE 12.37500 3.673885 -0.149977
SERIE 12.38000 3.658030 -0.153983
SERIE 12.38500 3.641979 -0.158016
SERIE 12.39000 3.625978 -0.162069
SERIE 12.39500 3.610259 -0.166147
SERIE 12.40000 3.595010 -0.170254
SERIE 12.40500 3.580463 -0.174369
SERIE 12.41000 3.566756 -0.178513
SERIE 12.41500 3.554064 -0.182654
SERIE 12.42000 3.542487 -0.186815
SERIE 12.42500 3.532145 -0.190960
SERIE 12.43000 3.523125 -0.195110
SERIE 12.43500 3.515470 -0.199233
SERIE 12.44000 3.509208 -0.203348
SERIE 12.44500 3.504353 -0.207420
SERIE 12.45000 3.500902 -0.211473
SERIE 12.45500 3.498790 -0.215477
SERIE 12.46000 3.497989 -0.219451
SERIE 12.46500 3.498415 -0.223374
SERIE 12.47000 3.499985 -0.227260
SERIE 12.47500 3.502591 -0.231088
SERIE 12.48000 3.506127 -0.234872
SERIE 12.48500 3.510464 -0.238598
SERIE 12.49000 3.515491 -0.242277
SERIE 12.49500 3.521060 -0.245899
SERIE 12.50000 3.527046 -0.249480
SERIE 12.50500 3.533319 -0.252999
SERIE 12.51000 4.270330 -0.294084
SERIE 12.51500 3.898482 -0.209394
SERIE 12.52000 4.081022 -0.190272
SERIE 12.52500 4.163145 -0.162173
SERIE 12.53000 4.214368 -0.134817
SERIE 12.53500 4.247020 -0.112564
SERIE 12.54000 4.263486 -0.095110
SERIE 12.54500 4.261860 -0.081961
SERIE 12.55000 4.244006 -0.072341
SERIE 12.55500 4.211458 -0.065067
SERIE 12.56000 4.165016 -0.059512
SERIE 12.56500 4.106481 -0.055434
SERIE 12.57000 4.037233 -0.052751
SERIE 12.57500 3.958746 -0.051646
SERIE 12.58000 3.872708 -0.052314
SERIE 12.58500 3.780697 -0.055009
SERIE 12.59000 3.684371 -0.059920
SERIE 12.59500 3.585235 -0.066932
SERIE 12.60000 3.484921 -0.076067
SERIE 12.60500 3.385017 -0.087080
SERIE 12.61000 3.286827 -0.099824
SERIE 12.61500 3.191912 -0.113989
SERIE 12.62000 3.101442 -0.129319
SERIE 12.62500 3.016546 -0.145557
SERIE 12.63000 2.938260 -0.162473
SERIE 12.63500 2.867292 -0.179836
SERIE 12.64000 2.804517 -0.197426
SERIE 12.64500 2.750172 -0.215035
SERIE 12.65000 2.704923 -0.232429
SERIE 12.65500 2.668848 -0.249418
SERIE 12.66000 2.641995 -0.265774
SERIE 12.66500 2.624345 -0.281306
SERIE 12.67000 2.615723 -0.295819
SERIE 12.67500 2.615691 -0.309142
SERIE 12.68000 2.623817 -0.321145
SERIE 12.68500 2.639504 -0.331712
SERIE 12.69000 2.662106 -0.340715
SERIE 12.69500 2.690846 -0.348136
SERIE 12.70000 2.724954 -0.353884
SERIE 12.70500 2.763603 -0.357951
SERIE 12.71000 2.805976 -0.360335
SERIE 12.71500 2.851081 -0.361074
SERIE 12.72000 2.898108 -0.360240
SERIE 12.72500 2.946233 -0.357890
SERIE 12.73000 2.994504 -0.354128
SERIE 12.73500 3.042235 -0.349125
SERIE 12.74000 3.088657 -0.342938
SERIE 12.74500 3.133040 -0.335728
SERIE 12.75000 3.174777 -0.327706
SERIE 12.75500 3.213382 -0.318965
SERIE 12.76000 3.248300 -0.309707
SERIE 12.76500 3.279226 -0.300115
SERIE 12.77000 3.305765 -0.290338
SERIE 12.77500 3.327746 -0.280560
SERIE 12.78000 3.345008 -0.270959
SERIE 12.78500 3.357492 -0.261685
SERIE 12.79000 3.365216 -0.252863
SERIE 12.79500 3.368306 -0.244624
SERIE 12.80000 3.366912 -0.237087
SERIE 12.80500 3.361297 -0.230338
SERIE 12.81000 3.351722 -0.224460
SERIE 12.81500 3.338527 -0.219525
SERIE 12.82000 3.322098 -0.215575
SERIE 12.82500 3.302846 -0.212634
SERIE 12.83000 3.281206 -0.210707
SERIE 12.83500 3.257648 -0.209794
SERIE 12.84000 3.232649 -0.209850
SERIE 12.84500 3.206673 -0.210822
SERIE 12.85000 3.180140 -0.212656
SERIE 12.85500 3.153561 -0.215250
SERIE 12.86000 3.127319 -0.218540
SERIE 12.86500 3.101823 -0.222415
SERIE 12.87000 3.077460 -0.226794
SERIE 12.87500 3.054549 -0.231547
SERIE 12.88000 3.033384 -0.236599
SERIE 12.88500 3.014222 -0.241822
SERIE 12.89000 2.997283 -0.247124
SERIE 12.89500 2.982685 -0.252393
SERIE 12.90000 2.970580 -0.257550
SERIE 12.90500 2.961049 -0.262502
SERIE 12.91000 2.954118 -0.267177
SERIE 12.91500 2.949773 -0.271508
SERIE 12.92000 2.947978 -0.275433
SERIE 12.92500 2.948651 -0.278909
SERIE 12.93000 2.951644 -0.281878
SERIE 12.93500 2.956824 -0.284327
SERIE 12.94000 2.964013 -0.286241
SERIE 12.94500 2.972995 -0.287607
SERIE 12.95000 2.983558 -0.288439
SERIE 12.95500 2.995481 -0.288742
SERIE 12.96000 3.008502 -0.288547
SERIE 12.96500 3.022376 -0.287884
SERIE 12.97000 3.036877 -0.286785
SERIE 12.97500 3.051737 -0.285294
SERIE 12.98000 3.066728 -0.283465
SERIE 12.98500 3.081630 -0.281344
SERIE 12.99000 3.096215 -0.278979
SERIE 12.99500 3.110290 -0.276424
SERIE 13.00000 3.123673 -0.273730
SERIE 13.00500 3.136210 -0.270947
SERIE 13.01000 5.204785 -0.562181
SERIE 13.01500 4.218965 -0.367366
SERIE 13.02000 4.748789 -0.418737
SERIE 13.02500 5.025312 -0.434460
SERIE 13.03000 5.219442 -0.440123
SERIE 13.03500 5.373975 -0.444066
SERIE 13.04000 5.487791 -0.445715
SERIE 13.04500 5.559912 -0.445894
SERIE 13.05000 5.592701 -0.443454
SERIE 13.05500 5.586576 -0.439341
SERIE 13.06000 5.543614 -0.432967
SERIE 13.06500 5.466712 -0.424493
SERIE 13.07000 5.358272 -0.414499
SERIE 13.07500 5.221273 -0.402934
SERIE 13.08000 5.059765 -0.390334
SERIE 13.08500 4.876206 -0.376674
SERIE 13.09000 4.675465 -0.362613
SERIE 13.09500 4.461062 -0.348211
SERIE 13.10000 4.236415 -0.333803
SERIE 13.10500 4.006008 -0.319739
SERIE 13.11000 3.773468 -0.306292
SERIE 13.11500 3.542420 -0.293642
SERIE 13.12000 3.316506 -0.282369
SERIE 13.12500 3.099083 -0.272266
SERIE 13.13000 2.892651 -0.263907
SERIE 13.13500 2.700540 -0.257292
SERIE 13.14000 2.524563 -0.252573
SERIE 13.14500 2.366789 -0.249833
SERIE 13.15000 2.229150 -0.249113
SERIE 13.15500 2.112256 -0.250379
SERIE 13.16000 2.017324 -0.253561
SERIE 13.16500 1.944628 -0.258610
SERIE 13.17000 1.894104 -0.265318
SERIE 13.17500 1.865661 -0.273567
SERIE 13.18000 1.858509 -0.283095
SERIE 13.18500 1.871840 -0.293689
SERIE 13.19000 1.904161 -0.305063
SERIE 13.19500 1.954338 -0.316940
SERIE 13.20000 2.020435 -0.329029
SERIE 13.20500 2.100726 -0.341049
SERIE 13.21000 2.193127 -0.352705
SERIE 13.21500 2.295652 -0.363743
SERIE 13.22000 2.406098 -0.373923
SERIE 13.22500 2.522348 -0.383027
SERIE 13.23000 2.642252 -0.390875
SERIE 13.23500 2.763650 -0.397343
SERIE 13.24000 2.884809 -0.402271
SERIE 13.24500 3.003538 -0.405668
SERIE 13.25000 3.118144 -0.407381
SERIE 13.25500 3.227121 -0.407558
SERIE 13.26000 3.328809 -0.406151
SERIE 13.26500 3.422259 -0.403241
SERIE 13.27000 3.506175 -0.398941
SERIE 13.27500 3.579767 -0.393341
SERIE 13.28000 3.642375 -0.386616
SERIE 13.28500 3.693596 -0.378905
SERIE 13.29000 3.733126 -0.370412
SERIE 13.29500 3.760971 -0.361252
SERIE 13.30000 3.777282 -0.351664
SERIE 13.30500 3.782316 -0.341800
SERIE 13.31000 3.776682 -0.331811
SERIE 13.31500 3.760908 -0.321918
SERIE 13.32000 3.735791 -0.312225
SERIE 13.32500 3.702192 -0.302885
SERIE 13.33000 3.661021 -0.294008
SERIE 13.33500 3.613378 -0.285688
SERIE 13.34000 3.560252 -0.277998
SERIE 13.34500 3.502868 -0.271000
SERIE 13.35000 3.442250 -0.264726
SERIE 13.35500 3.379569 -0.259208
SERIE 13.36000 3.315907 -0.254431
SERIE 13.36500 3.252373 -0.250418
SERIE 13.37000 3.189972 -0.247084
SERIE 13.37500 3.129568 -0.244489
SERIE 13.38000 3.072166 -0.242509
SERIE 13.38500 3.018430 -0.241111
SERIE 13.39000 2.969096 -0.240232
SERIE 13.39500 2.924758 -0.239796
SERIE 13.40000 2.885815 -0.239751
SERIE 13.40500 2.852710 -0.239998
SERIE 13.41000 2.825649 -0.240477
SERIE 13.41500 2.804747 -0.241104
SERIE 13.42000 2.790079 -0.241807
SERIE 13.42500 2.781577 -0.242525
SERIE 13.43000 2.779080 -0.243205
SERIE 13.43500 2.782363 -0.243784
SERIE 13.44000 2.791059 -0.244202
SERIE 13.44500 2.804806 -0.244430
SERIE 13.45000 2.823156 -0.244425
SERIE 13.45500 2.845581 -0.244169
SERIE 13.46000 2.871574 -0.243643
SERIE 13.46500 2.900528 -0.242827
SERIE 13.47000 2.931915 -0.241704
SERIE 13.47500 2.965063 -0.240285
SERIE 13.48000 2.999435 -0.238566
SERIE 13.48500 3.034437 -0.236548
SERIE 13.49000 3.069507 -0.234242
SERIE 13.49500 3.104089 -0.231671
SERIE 13.50000 3.137738 -0.228822
SERIE 13.50500 3.169929 -0.225748
SERIE 13.51000 3.394668 -0.043166
SERIE 13.51500 3.328844 -0.174849
SERIE 13.52000 3.402098 -0.146147
SERIE 13.52500 3.452641 -0.146980
SERIE 13.53000 3.487586 -0.157171
SERIE 13.53500 3.516163 -0.172427
SERIE 13.54000 3.536361 -0.191817
SERIE 13.54500 3.549672 -0.214865
SERIE 13.55000 3.554652 -0.241606
SERIE 13.55500 3.553348 -0.271319
SERIE 13.56000 3.545010 -0.303614
SERIE 13.56500 3.530624 -0.337737
SERIE 13.57000 3.510619 -0.373181
SERIE 13.57500 3.485655 -0.409083
SERIE 13.58000 3.456276 -0.445003
SERIE 13.58500 3.423338 -0.480189
SERIE 13.59000 3.387583 -0.514127
SERIE 13.59500 3.349674 -0.546364
SERIE 13.60000 3.310445 -0.576410
SERIE 13.60500 3.270695 -0.603970
SERIE 13.61000 3.230987 -0.628709
SERIE 13.61500 3.192015 -0.650398
SERIE 13.62000 3.154429 -0.668859
SERIE 13.62500 3.118709 -0.683951
SERIE 13.63000 3.085365 -0.695612
SERIE 13.63500 3.054774 -0.703809
SERIE 13.64000 3.027256 -0.708565
SERIE 13.64500 3.003221 -0.709941
SERIE 13.65000 2.982697 -0.708070
SERIE 13.65500 2.965920 -0.703118
SERIE 13.66000 2.952996 -0.695234
SERIE 13.66500 2.943817 -0.684707
SERIE 13.67000 2.938399 -0.671768
SERIE 13.67500 2.936641 -0.656691
SERIE 13.68000 2.938313 -0.639802
SERIE 13.68500 2.943298 -0.621375
SERIE 13.69000 2.951257 -0.601758
SERIE 13.69500 2.961940 -0.581266
SERIE 13.70000 2.975045 -0.560175
SERIE 13.70500 2.990227 -0.538882
SERIE 13.71000 3.007144 -0.517611
SERIE 13.71500 3.025432 -0.496659
SERIE 13.72000 3.044707 -0.476300
SERIE 13.72500 3.064686 -0.456804
SERIE 13.73000 3.084947 -0.438313
SERIE 13.73500 3.105178 -0.421092
SERIE 13.74000 3.125037 -0.405246
SERIE 13.74500 3.144294 -0.390931
SERIE 13.75000 3.162601 -0.378231
SERIE 13.75500 3.179774 -0.367221
SERIE 13.76000 3.195617 -0.357938
SERIE 13.76500 3.209938 -0.350354
SERIE 13.77000 3.222573 -0.344476
SERIE 13.77500 3.233443 -0.340252
SERIE 13.78000 3.242477 -0.337560
SERIE 13.78500 3.249589 -0.336346
SERIE 13.79000 3.254798 -0.336461
SERIE 13.79500 3.258111 -0.337772
SERIE 13.80000 3.259545 -0.340118
SERIE 13.80500 3.259174 -0.343329
SERIE 13.81000 3.257137 -0.347236
SERIE 13.81500 3.253494 -0.351659
SERIE 13.82000 3.248414 -0.356432
SERIE 13.82500 3.242069 -0.361363
SERIE 13.83000 3.234610 -0.366292
SERIE 13.83500 3.226235 -0.371050
SERIE 13.84000 3.217092 -0.375502
SERIE 13.84500 3.207400 -0.379510
SERIE 13.85000 3.197308 -0.382956
SERIE 13.85500 3.187001 -0.385724
SERIE 13.86000 3.176619 -0.387729
SERIE 13.86500 3.166380 -0.388913
SERIE 13.87000 3.156414 -0.389172
SERIE 13.87500 3.146859 -0.388478
SERIE 13.88000 3.137817 -0.386790
SERIE 13.88500 3.129443 -0.384124
SERIE 13.89000 3.121812 -0.380449
SERIE 13.89500 3.115042 -0.375796
SERIE 13.90000 3.109151 -0.370198
SERIE 13.90500 3.104220 -0.363715
SERIE 13.91000 3.100262 -0.356395
SERIE 13.91500 3.097283 -0.348311
SERIE 13.92000 3.095293 -0.339523
SERIE 13.92500 3.094283 -0.330115
SERIE 13.93000 3.094242 -0.320171
SERIE 13.93500 3.095084 -0.309797
SERIE 13.94000 3.096772 -0.299069
SERIE 13.94500 3.099247 -0.288111
SERIE 13.95000 3.102445 -0.276972
SERIE 13.95500 3.106304 -0.265781
SERIE 13.96000 3.110696 -0.254593
SERIE 13.96500 3.115566 -0.243508
SERIE 13.97000 3.120824 -0.232580
SERIE 13.97500 3.126367 -0.221903
SERIE 13.98000 3.132113 -0.211530
SERIE 13.98500 3.137986 -0.201524
SERIE 13.99000 3.143854 -0.191922
SERIE 13.99500 3.149650 -0.182757
SERIE 14.00000 3.155317 -0.174069
SERIE 14.00500 3.160740 -0.165870
SERIE 14.01000 3.473356 0.069074
SERIE 14.01500 3.322766 -0.046243
SERIE 14.02000 3.400225 0.009665
SERIE 14.02500 3.438561 0.036707
SERIE 14.03000 3.464865 0.054359
SERIE 14.03500 3.483896 0.067777
SERIE 14.04000 3.495610 0.076848
SERIE 14.04500 3.500628 0.082100
SERIE 14.05000 3.498795 0.083457
SERIE 14.05500 3.491186 0.081223
SERIE 14.06000 3.477505 0.075690
SERIE 14.06500 3.458389 0.067198
SERIE 14.07000 3.434640 0.056176
SERIE 14.07500 3.406783 0.043002
SERIE 14.08000 3.375414 0.028132
SERIE 14.08500 3.341470 0.011971
SERIE 14.09000 3.305321 -0.005067
SERIE 14.09500 3.267986 -0.022559
SERIE 14.10000 3.229992 -0.040184
SERIE 14.10500 3.191981 -0.057555
SERIE 14.11000 3.154657 -0.074464
SERIE 14.11500 3.118604 -0.090528
SERIE 14.12000 3.084366 -0.105497
SERIE 14.12500 3.052372 -0.119206
SERIE 14.13000 3.023112 -0.131395
SERIE 14.13500 2.996884 -0.141932
SERIE 14.14000 2.974043 -0.150619
SERIE 14.14500 2.954759 -0.157415
SERIE 14.15000 2.939183 -0.162227
SERIE 14.15500 2.927417 -0.164985
SERIE 14.16000 2.919399 -0.165730
SERIE 14.16500 2.915199 -0.164420
SERIE 14.17000 2.914612 -0.161142
SERIE 14.17500 2.917487 -0.155938
SERIE 14.18000 2.923602 -0.148942
SERIE 14.18500 2.932729 -0.140254
SERIE 14.19000 2.944568 -0.129989
SERIE 14.19500 2.958761 -0.118359
SERIE 14.20000 2.975039 -0.105502
SERIE 14.20500 2.992925 -0.091601
SERIE 14.21000 3.012155 -0.076894
SERIE 14.21500 3.032313 -0.061530
SERIE 14.22000 3.053040 -0.045721
SERIE 14.22500 3.073939 -0.029698
SERIE 14.23000 3.094689 -0.013595
SERIE 14.23500 3.115003 0.002362
SERIE 14.24000 3.134523 0.018014
SERIE 14.24500 3.153040 0.033191
SERIE 14.25000 3.170232 0.047753
SERIE 14.25500 3.185985 0.061556
SERIE 14.26000 3.200062 0.074495
SERIE 14.26500 3.212349 0.086478
SERIE 14.27000 3.222800 0.097412
SERIE 14.27500 3.231261 0.107272
SERIE 14.28000 3.237792 0.115991
SERIE 14.28500 3.242317 0.123573
SERIE 14.29000 3.244958 0.130028
SERIE 14.29500 3.245711 0.135371
SERIE 14.30000 3.244690 0.139652
SERIE 14.30500 3.242022 0.142918
SERIE 14.31000 3.237841 0.145228
SERIE 14.31500 3.232267 0.146690
SERIE 14.32000 3.225500 0.147365
SERIE 14.32500 3.217697 0.147374
SERIE 14.33000 3.209029 0.146813
SERIE 14.33500 3.199690 0.145795
SERIE 14.34000 3.189885 0.144434
SERIE 14.34500 3.179765 0.142839
SERIE 14.35000 3.169540 0.141103
SERIE 14.35500 3.159328 0.139365
SERIE 14.36000 3.149373 0.137690
SERIE 14.36500 3.139744 0.136193
SERIE 14.37000 3.130626 0.134949
SERIE 14.37500 3.122120 0.134045
SERIE 14.38000 3.114349 0.133545
SERIE 14.38500 3.107380 0.133515
SERIE 14.39000 3.101284 0.133987
SERIE 14.39500 3.096147 0.135018
SERIE 14.40000 3.091966 0.136612
SERIE 14.40500 3.088789 0.138797
SERIE 14.41000 3.086599 0.141561
SERIE 14.41500 3.085399 0.144905
SERIE 14.42000 3.085164 0.148805
SERIE 14.42500 3.085848 0.153251
SERIE 14.43000 3.087419 0.158197
SERIE 14.43500 3.089788 0.163601
SERIE 14.44000 3.092910 0.169410
SERIE 14.44500 3.096663 0.175594
SERIE 14.45000 3.101021 0.182070
SERIE 14.45500 3.105845 0.188806
SERIE 14.46000 3.111048 0.195715
SERIE 14.46500 3.116545 0.202743
SERIE 14.47000 3.122230 0.209817
SERIE 14.47500 3.128018 0.216894
SERIE 14.48000 3.133814 0.223907
SERIE 14.48500 3.139534 0.230803
SERIE 14.49000 3.145092 0.237540
SERIE 14.49500 3.150426 0.244072
SERIE 14.50000 3.155467 0.250350
SERIE 14.50500 3.160136 0.256359
SERIE 14.51000 3.297290 0.462036
SERIE 14.51500 3.314956 0.344474
SERIE 14.52000 3.390694 0.387873
SERIE 14.52500 3.466745 0.402765
SERIE 14.53000 3.541107 0.408883
SERIE 14.53500 3.615326 0.411245
SERIE 14.54000 3.687816 0.410125
SERIE 14.54500 3.757605 0.405997
SERIE 14.55000 3.823129 0.399090
SERIE 14.55500 3.884042 0.389903
SERIE 14.56000 3.939476 0.378761
SERIE 14.56500 3.988962 0.365990
SERIE 14.57000 4.031928 0.351953
SERIE 14.57500 4.068077 0.337110
SERIE 14.58000 4.097001 0.321785
SERIE 14.58500 4.118668 0.306374
SERIE 14.59000 4.132991 0.291191
SERIE 14.59500 4.140150 0.276622
SERIE 14.60000 4.140209 0.262991
SERIE 14.60500 4.133564 0.250618
SERIE 14.61000 4.120592 0.239746
SERIE 14.61500 4.101769 0.230637
SERIE 14.62000 4.077710 0.223494
SERIE 14.62500 4.049040 0.218498
SERIE 14.63000 4.016307 0.215807
SERIE 14.63500 3.980379 0.215526
SERIE 14.64000 3.941838 0.217730
SERIE 14.64500 3.901492 0.222397
SERIE 14.65000 3.860021 0.229531
SERIE 14.65500 3.818166 0.239036
SERIE 14.66000 3.776568 0.250850
SERIE 14.66500 3.735937 0.264803
SERIE 14.67000 3.696882 0.280765
SERIE 14.67500 3.659944 0.298499
SERIE 14.68000 3.625545 0.317847
SERIE 14.68500 3.594213 0.338544
SERIE 14.69000 3.566209 0.360356
SERIE 14.69500 3.541868 0.383037
SERIE 14.70000 3.521306 0.406336
SERIE 14.70500 3.504689 0.429991
SERIE 14.71000 3.492060 0.453770
SERIE 14.71500 3.483427 0.477426
SERIE 14.72000 3.478642 0.500730
SERIE 14.72500 3.477593 0.523473
SERIE 14.73000 3.480088 0.545457
SERIE 14.73500 3.485872 0.566510
SERIE 14.74000 3.494678 0.586470
SERIE 14.74500 3.506138 0.605211
SERIE 14.75000 3.519959 0.622619
SERIE 14.75500 3.535812 0.638595
SERIE 14.76000 3.553278 0.653063
SERIE 14.76500 3.572030 0.665990
SERIE 14.77000 3.591717 0.677353
SERIE 14.77500 3.611918 0.687154
SERIE 14.78000 3.632320 0.695430
SERIE 14.78500 3.652574 0.702258
SERIE 14.79000 3.672333 0.707689
SERIE 14.79500 3.691365 0.711854
SERIE 14.80000 3.709346 0.714841
SERIE 14.80500 3.726060 0.716792
SERIE 14.81000 3.741272 0.717852
SERIE 14.81500 3.754862 0.718169
SERIE 14.82000 3.766590 0.717881
SERIE 14.82500 3.776448 0.717168
SERIE 14.83000 3.784314 0.716154
SERIE 14.83500 3.790142 0.714986
SERIE 14.84000 3.793957 0.713827
SERIE 14.84500 3.795730 0.712789
SERIE 14.85000 3.795563 0.711998
SERIE 14.85500 3.793508 0.711565
SERIE 14.86000 3.789692 0.711546
SERIE 14.86500 3.784223 0.712103
SERIE 14.87000 3.777269 0.713209
SERIE 14.87500 3.768964 0.714988
SERIE 14.88000 3.759501 0.717448
SERIE 14.88500 3.749035 0.720614
SERIE 14.89000 3.737769 0.724495
SERIE 14.89500 3.725916 0.729085
SERIE 14.90000 3.713632 0.734363
SERIE 14.90500 3.701098 0.740294
SERIE 14.91000 3.688501 0.746833
SERIE 14.91500 3.676035 0.753938
SERIE 14.92000 3.663829 0.761529
SERIE 14.92500 3.652045 0.769566
SERIE 14.93000 3.640812 0.777945
SERIE 14.93500 3.630228 0.786616
SERIE 14.94000 3.620397 0.795476
SERIE 14.94500 3.611393 0.804447
SERIE 14.95000 3.603307 0.813457
SERIE 14.95500 3.596143 0.822410
SERIE 14.96000 3.589933 0.831231
SERIE 14.96500 3.584720 0.839851
SERIE 14.97000 3.580480 0.848198
SERIE 14.97500 3.577178 0.856204
SERIE 14.98000 3.574813 0.863824
SERIE 14.98500 3.573311 0.871005
SERIE 14.99000 3.572607 0.877692
SERIE 14.99500 3.572667 0.883866
SERIE 15.00000 3.573388 0.889490
SERIE 15.00500 3.574665 0.894544
SERIE 15.01000 4.001660 0.807346
SERIE 15.01500 3.870466 0.872737
SERIE 15.02000 4.028752 0.862774
SERIE 15.02500 4.141399 0.868187
SERIE 15.03000 4.242073 0.875554
SERIE 15.03500 4.335326 0.881975
SERIE 15.04000 4.418262 0.886463
SERIE 15.04500 4.487766 0.888737
SERIE 15.05000 4.542660 0.888626
SERIE 15.05500 4.582575 0.886357
SERIE 15.06000 4.607173 0.882342
SERIE 15.06500 4.617161 0.877344
SERIE 15.07000 4.613169 0.871686
SERIE 15.07500 4.596491 0.865868
SERIE 15.08000 4.568248 0.860172
SERIE 15.08500 4.529405 0.854684
SERIE 15.09000 4.481551 0.849534
SERIE 15.09500 4.425770 0.844647
SERIE 15.10000 4.363084 0.839989
SERIE 15.10500 4.294816 0.835519
SERIE 15.11000 4.222224 0.831184
SERIE 15.11500 4.146458 0.826980
SERIE 15.12000 4.068802 0.822901
SERIE 15.12500 3.990513 0.819097
SERIE 15.13000 3.912838 0.815623
SERIE 15.13500 3.836886 0.812573
SERIE 15.14000 3.763848 0.810034
SERIE 15.14500 3.694693 0.808121
SERIE 15.15000 3.630460 0.806811
SERIE 15.15500 3.571905 0.806239
SERIE 15.16000 3.519744 0.806251
SERIE 15.16500 3.474565 0.806899
SERIE 15.17000 3.436678 0.808074
SERIE 15.17500 3.406428 0.809708
SERIE 15.18000 3.383931 0.811659
SERIE 15.18500 3.369133 0.813841
SERIE 15.19000 3.361921 0.816127
SERIE 15.19500 3.362038 0.818384
SERIE 15.20000 3.369135 0.820516
SERIE 15.20500 3.382711 0.822421
SERIE 15.21000 3.402247 0.823989
SERIE 15.21500 3.427166 0.825167
SERIE 15.22000 3.456749 0.825861
SERIE 15.22500 3.490307 0.826029
SERIE 15.23000 3.527104 0.825622
SERIE 15.23500 3.566401 0.824614
SERIE 15.24000 3.607338 0.822989
SERIE 15.24500 3.649340 0.820728
SERIE 15.25000 3.691486 0.817908
SERIE 15.25500 3.733244 0.814475
SERIE 15.26000 3.773900 0.810522
SERIE 15.26500 3.812826 0.806093
SERIE 15.27000 3.849544 0.801251
SERIE 15.27500 3.883532 0.796071
SERIE 15.28000 3.914382 0.790628
SERIE 15.28500 3.941696 0.785009
SERIE 15.29000 3.965304 0.779291
SERIE 15.29500 3.984949 0.773551
SERIE 15.30000 4.000541 0.767877
SERIE 15.30500 4.011959 0.762314
SERIE 15.31000 4.019304 0.756966
SERIE 15.31500 4.022583 0.751861
SERIE 15.32000 4.021970 0.747058
SERIE 15.32500 4.017627 0.742603
SERIE 15.33000 4.009786 0.738524
SERIE 15.33500 3.998759 0.734845
SERIE 15.34000 3.984831 0.731581
SERIE 15.34500 3.968344 0.728736
SERIE 15.35000 3.949671 0.726296
SERIE 15.35500 3.929197 0.724261
SERIE 15.36000 3.907263 0.722597
SERIE 15.36500 3.884325 0.721289
SERIE 15.37000 3.860714 0.720305
SERIE 15.37500 3.836828 0.719609
SERIE 15.38000 3.813027 0.719154
SERIE 15.38500 3.789631 0.718901
SERIE 15.39000 3.767008 0.718818
SERIE 15.39500 3.745409 0.718828
SERIE 15.40000 3.725124 0.718909
SERIE 15.40500 3.706344 0.718991
SERIE 15.41000 3.689312 0.719046
SERIE 15.41500 3.674150 0.719021
SERIE 15.42000 3.660995 0.718870
SERIE 15.42500 3.649951 0.718562
SERIE 15.43000 3.641064 0.718059
SERIE 15.43500 3.634356 0.717330
SERIE 15.44000 3.629815 0.716352
SERIE 15.44500 3.627390 0.715107
SERIE 15.45000 3.627015 0.713585
SERIE 15.45500 3.628568 0.711772
SERIE 15.46000 3.631957 0.709660
SERIE 15.46500 3.636988 0.707255
SERIE 15.47000 3.643528 0.704548
SERIE 15.47500 3.651370 0.701552
SERIE 15.48000 3.660350 0.698271
SERIE 15.48500 3.670232 0.694733
SERIE 15.49000 3.680852 0.690938
SERIE 15.49500 3.691972 0.686919
SERIE 15.50000 3.703410 0.682677
SERIE 15.50500 3.714971 0.678249
SERIE 15.51000 4.483865 0.787980
SERIE 15.51500 4.096217 0.808271
SERIE 15.52000 4.293339 0.880144
SERIE 15.52500 4.384437 0.952139
SERIE 15.53000 4.442737 1.025406
SERIE 15.53500 4.482595 1.098905
SERIE 15.54000 4.504598 1.171037
SERIE 15.54500 4.508746 1.240764
SERIE 15.55000 4.496157 1.307343
SERIE 15.55500 4.467596 1.369620
SERIE 15.56000 4.425082 1.427104
SERIE 15.56500 4.368849 1.479337
SERIE 15.57000 4.300768 1.525313
SERIE 15.57500 4.222579 1.564830
SERIE 15.58000 4.136111 1.597355
SERIE 15.58500 4.042429 1.622741
SERIE 15.59000 3.943551 1.640750
SERIE 15.59500 3.841349 1.651422
SERIE 15.60000 3.737058 1.655079
SERIE 15.60500 3.632801 1.651764
SERIE 15.61000 3.529812 1.641977
SERIE 15.61500 3.430061 1.626163
SERIE 15.62000 3.334455 1.604776
SERIE 15.62500 3.244518 1.578358
SERIE 15.63000 3.161516 1.547486
SERIE 15.63500 3.086030 1.512797
SERIE 15.64000 3.019097 1.475013
SERIE 15.64500 2.961256 1.434719
SERIE 15.65000 2.912781 1.392567
SERIE 15.65500 2.874282 1.349256
SERIE 15.66000 2.845475 1.305432
SERIE 15.66500 2.826470 1.261651
SERIE 15.67000 2.817020 1.218505
SERIE 15.67500 2.816713 1.176533
SERIE 15.68000 2.825149 1.136166
SERIE 15.68500 2.841452 1.097899
SERIE 15.69000 2.865173 1.061996
SERIE 15.69500 2.895346 1.028808
SERIE 15.70000 2.931137 0.998552
SERIE 15.70500 2.971727 0.971448
SERIE 15.71000 3.015975 0.947559
SERIE 15.71500 3.063107 0.926987
SERIE 15.72000 3.112074 0.909709
SERIE 15.72500 3.162041 0.895685
SERIE 15.73000 3.212036 0.884816
SERIE 15.73500 3.261249 0.876923
SERIE 15.74000 3.308901 0.871835
SERIE 15.74500 3.354209 0.869332
SERIE 15.75000 3.396588 0.869085
SERIE 15.75500 3.435445 0.870880
SERIE 15.76000 3.470294 0.874383
SERIE 15.76500 3.500705 0.879287
SERIE 15.77000 3.526459 0.885238
SERIE 15.77500 3.547182 0.891941
SERIE 15.78000 3.562967 0.899034
SERIE 15.78500 3.573597 0.906210
SERIE 15.79000 3.579205 0.913145
SERIE 15.79500 3.579917 0.919557
SERIE 15.80000 3.575923 0.925163
SERIE 15.80500 3.567456 0.929721
SERIE 15.81000 3.554847 0.932990
SERIE 15.81500 3.538532 0.934803
SERIE 15.82000 3.518886 0.934963
SERIE 15.82500 3.496210 0.933361
SERIE 15.83000 3.471267 0.929891
SERIE 15.83500 3.444269 0.924505
SERIE 15.84000 3.415803 0.917171
SERIE 15.84500 3.386359 0.907873
SERIE 15.85000 3.356402 0.896675
SERIE 15.85500 3.326398 0.883587
SERIE 15.86000 3.296791 0.868726
SERIE 15.86500 3.267989 0.852173
SERIE 15.87000 3.240372 0.834074
SERIE 15.87500 3.214265 0.814563
SERIE 15.88000 3.189943 0.793792
SERIE 15.88500 3.167714 0.771934
SERIE 15.89000 3.147738 0.749141
SERIE 15.89500 3.130209 0.725614
SERIE 15.90000 3.115248 0.701536
SERIE 15.90500 3.102933 0.677061
SERIE 15.91000 3.093239 0.652414
SERIE 15.91500 3.086248 0.627756
SERIE 15.92000 3.081787 0.603259
SERIE 15.92500 3.079884 0.579056
SERIE 15.93000 3.080339 0.555318
SERIE 15.93500 3.083063 0.532171
SERIE 15.94000 3.087862 0.509719
SERIE 15.94500 3.094508 0.488047
SERIE 15.95000 3.102840 0.467266
SERIE 15.95500 3.112610 0.447394
SERIE 15.96000 3.123596 0.428499
SERIE 15.96500 3.135484 0.410619
SERIE 15.97000 3.148093 0.393779
SERIE 15.97500 3.161147 0.377955
SERIE 15.98000 3.174419 0.363121
SERIE 15.98500 3.187663 0.349251
SERIE 15.99000 3.200632 0.336256
SERIE 15.99500 3.213148 0.324096
SERIE 16.00000 3.225060 0.312685
SERIE 16.00500 3.236159 0.301949
SERIE 16.01000 4.713754 0.163594
SERIE 16.01500 3.485530 0.282463
SERIE 16.02000 4.096670 0.409848
SERIE 16.02500 4.418274 0.534826
SERIE 16.03000 4.623639 0.643537
SERIE 16.03500 4.751995 0.729668
SERIE 16.04000 4.801503 0.789093
SERIE 16.04500 4.773883 0.818045
SERIE 16.05000 4.674606 0.814649
SERIE 16.05500 4.514453 0.779508
SERIE 16.06000 4.304593 0.714629
SERIE 16.06500 4.058340 0.622866
SERIE 16.07000 3.789106 0.508444
SERIE 16.07500 3.508381 0.375259
SERIE 16.08000 3.226838 0.227194
SERIE 16.08500 2.952764 0.067983
SERIE 16.09000 2.692919 -0.099224
SERIE 16.09500 2.452065 -0.271580
SERIE 16.10000 2.234249 -0.446569
SERIE 16.10500 2.041824 -0.621734
SERIE 16.11000 1.876980 -0.794846
SERIE 16.11500 1.740788 -0.963317
SERIE 16.12000 1.634268 -1.124878
SERIE 16.12500 1.558178 -1.277123
SERIE 16.13000 1.512185 -1.417412
SERIE 16.13500 1.495910 -1.543578
SERIE 16.14000 1.508390 -1.653545
SERIE 16.14500 1.547956 -1.745604
SERIE 16.15000 1.612374 -1.818389
SERIE 16.15500 1.698904 -1.871141
SERIE 16.16000 1.804174 -1.903455
SERIE 16.16500 1.925083 -1.915576
SERIE 16.17000 2.057496 -1.907943
SERIE 16.17500 2.197948 -1.881738
SERIE 16.18000 2.342778 -1.838244
SERIE 16.18500 2.488862 -1.779150
SERIE 16.19000 2.633014 -1.706365
SERIE 16.19500 2.772555 -1.621860
SERIE 16.20000 2.905629 -1.527803
SERIE 16.20500 3.030072 -1.426296
SERIE 16.21000 3.144921 -1.319564
SERIE 16.21500 3.248997 -1.209581
SERIE 16.22000 3.341790 -1.098507
SERIE 16.22500 3.422931 -0.988194
SERIE 16.23000 3.492643 -0.880471
SERIE 16.23500 3.550892 -0.776978
SERIE 16.24000 3.598449 -0.679167
SERIE 16.24500 3.635653 -0.588312
SERIE 16.25000 3.663581 -0.505407
SERIE 16.25500 3.683035 -0.431329
SERIE 16.26000 3.695031 -0.366589
SERIE 16.26500 3.700720 -0.311614
SERIE 16.27000 3.701232 -0.266512
SERIE 16.27500 3.697706 -0.231124
SERIE 16.28000 3.691302 -0.205249
SERIE 16.28500 3.683073 -0.188360
SERIE 16.29000 3.674078 -0.179888
SERIE 16.29500 3.665191 -0.179051
SERIE 16.30000 3.657255 -0.185037
SERIE 16.30500 3.650977 -0.196937
SERIE 16.31000 3.646919 -0.213770
SERIE 16.31500 3.645583 -0.234551
SERIE 16.32000 3.647323 -0.258285
SERIE 16.32500 3.652367 -0.284024
SERIE 16.33000 3.660779 -0.310876
SERIE 16.33500 3.672753 -0.337987
SERIE 16.34000 3.688135 -0.364583
SERIE 16.34500 3.706836 -0.389982
SERIE 16.35000 3.728754 -0.413595
SERIE 16.35500 3.753663 -0.434922
SERIE 16.36000 3.781326 -0.453594
SERIE 16.36500 3.811439 -0.469336
SERIE 16.37000 3.843785 -0.481939
SERIE 16.37500 3.878032 -0.491407
SERIE 16.38000 3.913871 -0.497687
SERIE 16.38500 3.950993 -0.500915
SERIE 16.39000 3.989056 -0.501270
SERIE 16.39500 4.027967 -0.499001
SERIE 16.40000 4.067229 -0.494366
SERIE 16.40500 4.106787 -0.487735
SERIE 16.41000 4.146402 -0.479369
SERIE 16.41500 4.185909 -0.469714
SERIE 16.42000 4.225009 -0.459094
SERIE 16.42500 4.263657 -0.447905
SERIE 16.43000 4.301714 -0.436509
SERIE 16.43500 4.339015 -0.425295
SERIE 16.44000 4.375630 -0.414485
SERIE 16.44500 4.411321 -0.404424
SERIE 16.45000 4.446097 -0.395359
SERIE 16.45500 4.479927 -0.387394
SERIE 16.46000 4.512748 -0.380791
SERIE 16.46500 4.544615 -0.375556
SERIE 16.47000 4.575418 -0.371854
SERIE 16.47500 4.605202 -0.369638
SERIE 16.48000 4.633926 -0.368976
SERIE 16.48500 4.661568 -0.369743
SERIE 16.49000 4.688077 -0.371990
SERIE 16.49500 4.713618 -0.375511
SERIE 16.50000 4.738061 -0.380295
SERIE 16.50500 4.761499 -0.386117
SERIE 16.51000 12.859995 5.980499
SERIE 16.51500 11.748486 3.551502
SERIE 16.52000 13.435625 3.730116
SERIE 16.52500 15.216484 4.153697
SERIE 16.53000 16.764096 4.491600
SERIE 16.53500 18.078017 4.759536
SERIE 16.54000 19.138810 4.959804
SERIE 16.54500 19.936544 5.092654
SERIE 16.55000 20.472433 5.158492
SERIE 16.55500 20.735446 5.158320
SERIE 16.56000 20.735982 5.094323
SERIE 16.56500 20.478321 4.966165
SERIE 16.57000 19.977024 4.776420
SERIE 16.57500 19.250922 4.530768
SERIE 16.58000 18.323723 4.232221
SERIE 16.58500 17.219149 3.887538
SERIE 16.59000 15.966052 3.503423
SERIE 16.59500 14.590517 3.086446
SERIE 16.60000 13.127713 2.643841
SERIE 16.60500 11.605744 2.181625
SERIE 16.61000 10.050139 1.706711
SERIE 16.61500 8.495253 1.225885
SERIE 16.62000 6.963929 0.744818
SERIE 16.62500 5.480629 0.271068
SERIE 16.63000 4.067172 -0.191951
SERIE 16.63500 2.744273 -0.636592
SERIE 16.64000 1.525419 -1.059862
SERIE 16.64500 0.427283 -1.455489
SERIE 16.65000 -0.540684 -1.820914
SERIE 16.65500 -1.371262 -2.150207
SERIE 16.66000 -2.058934 -2.441191
SERIE 16.66500 -2.599510 -2.690392
SERIE 16.67000 -2.994070 -2.895840
SERIE 16.67500 -3.245055 -3.055630
SERIE 16.68000 -3.355227 -3.168776
SERIE 16.68500 -3.332121 -3.235169
SERIE 16.69000 -3.182629 -3.254919
SERIE 16.69500 -2.916887 -3.229317
SERIE 16.70000 -2.545482 -3.160229
SERIE 16.70500 -2.079986 -3.050238
SERIE 16.71000 -1.533210 -2.902523
SERIE 16.71500 -0.918606 -2.720988
SERIE 16.72000 -0.249059 -2.509961
SERIE 16.72500 0.460149 -2.274129
SERIE 16.73000 1.197107 -2.018446
SERIE 16.73500 1.947561 -1.747947
SERIE 16.74000 2.698408 -1.467982
SERIE 16.74500 3.437649 -1.183778
SERIE 16.75000 4.154574 -0.900040
SERIE 16.75500 4.837224 -0.622263
SERIE 16.76000 5.478216 -0.354392
SERIE 16.76500 6.068348 -0.101090
SERIE 16.77000 6.601488 0.134070
SERIE 16.77500 7.071211 0.347781
SERIE 16.78000 7.474938 0.537317
SERIE 16.78500 7.808598 0.700763
SERIE 16.79000 8.071013 0.836119
SERIE 16.79500 8.261907 0.942828
SERIE 16.80000 8.381706 1.020171
SERIE 16.80500 8.432516 1.068410
SERIE 16.81000 8.417245 1.088202
SERIE 16.81500 8.339307 1.080672
SERIE 16.82000 8.203502 1.047343
SERIE 16.82500 8.014804 0.990165
SERIE 16.83000 7.778861 0.911432
SERIE 16.83500 7.501658 0.813612
SERIE 16.84000 7.189759 0.699409
SERIE 16.84500 6.849552 0.571601
SERIE 16.85000 6.487844 0.433240
SERIE 16.85500 6.111152 0.287116
SERIE 16.86000 5.726037 0.136271
SERIE 16.86500 5.338650 -0.016685
SERIE 16.87000 4.955397 -0.168601
SERIE 16.87500 4.581204 -0.317437
SERIE 16.88000 4.221672 -0.460582
SERIE 16.88500 3.881415 -0.595853
SERIE 16.89000 3.564296 -0.721522
SERIE 16.89500 3.274197 -0.835881
SERIE 16.90000 3.013880 -0.937578
SERIE 16.90500 2.785707 -1.025615
SERIE 16.91000 2.591304 -1.099093
SERIE 16.91500 2.431899 -1.157628
SERIE 16.92000 2.307977 -1.200897
SERIE 16.92500 2.219667 -1.228926
SERIE 16.93000 2.165951 -1.241989
SERIE 16.93500 2.145949 -1.240550
SERIE 16.94000 2.158185 -1.225395
SERIE 16.94500 2.200789 -1.197253
SERIE 16.95000 2.271540 -1.157268
SERIE 16.95500 2.367796 -1.106603
SERIE 16.96000 2.486758 -1.046497
SERIE 16.96500 2.625402 -0.978414
SERIE 16.97000 2.780486 -0.903688
SERIE 16.97500 2.948906 -0.823822
SERIE 16.98000 3.127211 -0.740296
SERIE 16.98500 3.312248 -0.654513
SERIE 16.99000 3.500572 -0.567905
SERIE 16.99500 3.689354 -0.481845
SERIE 17.00000 3.875533 -0.397560
SERIE 17.00500 4.056249 -0.316234
SERIE 17.01000 5.796918 0.241027
SERIE 17.01500 5.153187 0.030228
SERIE 17.02000 5.673699 0.246480
SERIE 17.02500 5.975175 0.383200
SERIE 17.03000 6.183983 0.487352
SERIE 17.03500 6.336879 0.570956
SERIE 17.04000 6.429210 0.633925
SERIE 17.04500 6.463271 0.676854
SERIE 17.05000 6.439871 0.700427
SERIE 17.05500 6.363025 0.705513
SERIE 17.06000 6.236660 0.692976
SERIE 17.06500 6.065435 0.664428
SERIE 17.07000 5.855300 0.620788
SERIE 17.07500 5.611457 0.563049
SERIE 17.08000 5.340196 0.493166
SERIE 17.08500 5.047332 0.412285
SERIE 17.09000 4.738549 0.322462
SERIE 17.09500 4.420087 0.225151
SERIE 17.10000 4.096576 0.122223
SERIE 17.10500 3.773448 0.015867
SERIE 17.11000 3.455712 -0.092502
SERIE 17.11500 3.147590 -0.200434
SERIE 17.12000 2.853218 -0.306774
SERIE 17.12500 2.576192 -0.409458
SERIE 17.13000 2.319813 -0.507160
SERIE 17.13500 2.087029 -0.598518
SERIE 17.14000 1.880311 -0.682299
SERIE 17.14500 1.701172 -0.757664
SERIE 17.15000 1.551203 -0.823601
SERIE 17.15500 1.431228 -0.879744
SERIE 17.16000 1.341615 -0.925388
SERIE 17.16500 1.282052 -0.960511
SERIE 17.17000 1.251870 -0.984874
SERIE 17.17500 1.250203 -0.998601
SERIE 17.18000 1.275388 -1.001914
SERIE 17.18500 1.325456 -0.995260
SERIE 17.19000 1.398399 -0.979074
SERIE 17.19500 1.491815 -0.954067
SERIE 17.20000 1.602838 -0.920981
SERIE 17.20500 1.728951 -0.880649
SERIE 17.21000 1.867151 -0.834051
SERIE 17.21500 2.014614 -0.782030
SERIE 17.22000 2.168366 -0.725868
SERIE 17.22500 2.325621 -0.666342
SERIE 17.23000 2.483541 -0.604770
SERIE 17.23500 2.639774 -0.541954
SERIE 17.24000 2.791606 -0.479084
SERIE 17.24500 2.937006 -0.417065
SERIE 17.25000 3.073765 -0.356871
SERIE 17.25500 3.200352 -0.299332
SERIE 17.26000 3.315126 -0.245259
SERIE 17.26500 3.416643 -0.195266
SERIE 17.27000 3.504708 -0.150047
SERIE 17.27500 3.577718 -0.110152
SERIE 17.28000 3.635825 -0.075819
SERIE 17.28500 3.678825 -0.047434
SERIE 17.29000 3.706609 -0.025177
SERIE 17.29500 3.719607 -0.009098
SERIE 17.30000 3.718368 0.000775
SERIE 17.30500 3.703581 0.004601
SERIE 17.31000 3.676226 0.002554
SERIE 17.31500 3.637314 -0.005059
SERIE 17.32000 3.588071 -0.017871
SERIE 17.32500 3.529796 -0.035462
SERIE 17.33000 3.463886 -0.057332
SERIE 17.33500 3.391723 -0.082981
SERIE 17.34000 3.314807 -0.111812
SERIE 17.34500 3.234583 -0.143235
SERIE 17.35000 3.152517 -0.176659
SERIE 17.35500 3.070020 -0.211434
SERIE 17.36000 2.988471 -0.246936
SERIE 17.36500 2.909052 -0.282635
SERIE 17.37000 2.833160 -0.317907
SERIE 17.37500 2.761599 -0.352242
SERIE 17.38000 2.695574 -0.385105
SERIE 17.38500 2.635807 -0.416066
SERIE 17.39000 2.582985 -0.444694
SERIE 17.39500 2.537734 -0.470639
SERIE 17.40000 2.500375 -0.493656
SERIE 17.40500 2.471296 -0.513397
SERIE 17.41000 2.450572 -0.529828
SERIE 17.41500 2.438272 -0.542729
SERIE 17.42000 2.434232 -0.552077
SERIE 17.42500 2.438216 -0.557914
SERIE 17.43000 2.449925 -0.560214
SERIE 17.43500 2.468874 -0.559142
SERIE 17.44000 2.494524 -0.554844
SERIE 17.44500 2.526315 -0.547497
SERIE 17.45000 2.563462 -0.537331
SERIE 17.45500 2.605330 -0.524623
SERIE 17.46000 2.651121 -0.509669
SERIE 17.46500 2.700058 -0.492756
SERIE 17.47000 2.751296 -0.474231
SERIE 17.47500 2.804097 -0.454436
SERIE 17.48000 2.857625 -0.433662
SERIE 17.48500 2.911248 -0.412255
SERIE 17.49000 2.964067 -0.390571
SERIE 17.49500 3.015576 -0.368878
SERIE 17.50000 3.065065 -0.347496
SERIE 17.50500 3.111964 -0.326719
SERIE 17.51000 5.118735 0.705160
SERIE 17.51500 4.256853 0.181390
SERIE 17.52000 4.824125 0.444849
SERIE 17.52500 5.153729 0.577283
SERIE 17.53000 5.404145 0.674613
SERIE 17.53500 5.609743 0.756672
SERIE 17.54000 5.768072 0.823790
SERIE 17.54500 5.878133 0.874427
SERIE 17.55000 5.937616 0.907155
SERIE 17.55500 5.950425 0.921444
SERIE 17.56000 5.917852 0.916306
SERIE 17.56500 5.843846 0.891598
SERIE 17.57000 5.732300 0.848173
SERIE 17.57500 5.588013 0.787471
SERIE 17.58000 5.414807 0.711552
SERIE 17.58500 5.217924 0.622770
SERIE 17.59000 5.001187 0.523953
SERIE 17.59500 4.769954 0.418074
SERIE 17.60000 4.527587 0.307400
SERIE 17.60500 4.279177 0.194702
SERIE 17.61000 4.028172 0.081991
SERIE 17.61500 3.778889 -0.028698
SERIE 17.62000 3.534593 -0.135793
SERIE 17.62500 3.299033 -0.237798
SERIE 17.63000 3.074995 -0.333558
SERIE 17.63500 2.865578 -0.421968
SERIE 17.64000 2.672799 -0.502115
SERIE 17.64500 2.499144 -0.573106
SERIE 17.65000 2.346360 -0.634192
SERIE 17.65500 2.215484 -0.684902
SERIE 17.66000 2.107852 -0.724771
SERIE 17.66500 2.023809 -0.753582
SERIE 17.67000 1.963718 -0.771195
SERIE 17.67500 1.927443 -0.777828
SERIE 17.68000 1.914610 -0.773840
SERIE 17.68500 1.924390 -0.759661
SERIE 17.69000 1.955745 -0.736019
SERIE 17.69500 2.007332 -0.703717
SERIE 17.70000 2.077604 -0.663705
SERIE 17.70500 2.164831 -0.616965
SERIE 17.71000 2.266899 -0.564630
SERIE 17.71500 2.381582 -0.507824
SERIE 17.72000 2.506760 -0.447654
SERIE 17.72500 2.639951 -0.385307
SERIE 17.73000 2.778710 -0.321843
SERIE 17.73500 2.920884 -0.258311
SERIE 17.74000 3.063909 -0.195742
SERIE 17.74500 3.205638 -0.134988
SERIE 17.75000 3.343857 -0.077027
SERIE 17.75500 3.476885 -0.022435
SERIE 17.76000 3.602466 0.027951
SERIE 17.76500 3.719481 0.073714
SERIE 17.77000 3.826351 0.114347
SERIE 17.77500 3.921732 0.149492
SERIE 17.78000 4.005040 0.178958
SERIE 17.78500 4.075488 0.202592
SERIE 17.79000 4.132476 0.220361
SERIE 17.79500 4.176004 0.232364
SERIE 17.80000 4.206084 0.238759
SERIE 17.80500 4.222818 0.239787
SERIE 17.81000 4.226758 0.235800
SERIE 17.81500 4.218497 0.227181
SERIE 17.82000 4.198797 0.214406
SERIE 17.82500 4.168610 0.197957
SERIE 17.83000 4.128891 0.178355
SERIE 17.83500 4.080861 0.156147
SERIE 17.84000 4.025701 0.131891
SERIE 17.84500 3.964694 0.106167
SERIE 17.85000 3.899101 0.079513
SERIE 17.85500 3.830257 0.052509
SERIE 17.86000 3.759490 0.025625
SERIE 17.86500 3.688007 -0.000595
SERIE 17.87000 3.617046 -0.025732
SERIE 17.87500 3.547790 -0.049391
SERIE 17.88000 3.481310 -0.071173
SERIE 17.88500 3.418445 -0.090799
SERIE 17.89000 3.360190 -0.107962
SERIE 17.89500 3.307292 -0.122492
SERIE 17.90000 3.260277 -0.134221
SERIE 17.90500 3.219677 -0.143064
SERIE 17.91000 3.185932 -0.148937
SERIE 17.91500 3.159183 -0.151864
SERIE 17.92000 3.139629 -0.151875
SERIE 17.92500 3.127188 -0.149085
SERIE 17.93000 3.121795 -0.143596
SERIE 17.93500 3.123172 -0.135581
SERIE 17.94000 3.130997 -0.125244
SERIE 17.94500 3.144871 -0.112802
SERIE 17.95000 3.164270 -0.098496
SERIE 17.95500 3.188734 -0.082578
SERIE 17.96000 3.217421 -0.065351
SERIE 17.96500 3.250053 -0.047037
SERIE 17.97000 3.285505 -0.027977
SERIE 17.97500 3.323535 -0.008415
SERIE 17.98000 3.363027 0.011366
SERIE 17.98500 3.403615 0.031117
SERIE 17.99000 3.444441 0.050565
SERIE 17.99500 3.484902 0.069488
SERIE 18.00000 3.524416 0.087696
SERIE 18.00500 3.562366 0.104961
SERIE 18.01000 3.963668 0.095720
SERIE 18.01500 3.915259 0.180772
SERIE 18.02000 4.079865 0.225725
SERIE 18.02500 4.211523 0.281993
SERIE 18.03000 4.325642 0.342695
SERIE 18.03500 4.424739 0.403115
SERIE 18.04000 4.508429 0.460854
SERIE 18.04500 4.574099 0.514571
SERIE 18.05000 4.620614 0.563065
SERIE 18.05500 4.647239 0.605160
SERIE 18.06000 4.654863 0.640993
SERIE 18.06500 4.645588 0.670738
SERIE 18.07000 4.619542 0.694644
SERIE 18.07500 4.579282 0.712982
SERIE 18.08000 4.526210 0.726125
SERIE 18.08500 4.462124 0.734446
SERIE 18.09000 4.388614 0.738323
SERIE 18.09500 4.307449 0.737978
SERIE 18.10000 4.220179 0.733699
SERIE 18.10500 4.128112 0.725750
SERIE 18.11000 4.032854 0.714330
SERIE 18.11500 3.935860 0.699885
SERIE 18.12000 3.838596 0.682700
SERIE 18.12500 3.742153 0.663207
SERIE 18.13000 3.648159 0.641738
SERIE 18.13500 3.557547 0.618935
SERIE 18.14000 3.471417 0.595086
SERIE 18.14500 3.390884 0.570676
SERIE 18.15000 3.316559 0.546271
SERIE 18.15500 3.249343 0.522190
SERIE 18.16000 3.189708 0.498835
SERIE 18.16500 3.137919 0.476553
SERIE 18.17000 3.094454 0.455656
SERIE 18.17500 3.059269 0.436434
SERIE 18.18000 3.032381 0.419069
SERIE 18.18500 3.013688 0.403809
SERIE 18.19000 3.002916 0.390752
SERIE 18.19500 2.999655 0.379995
SERIE 18.20000 3.003525 0.371582
SERIE 18.20500 3.014042 0.365547
SERIE 18.21000 3.030541 0.361863
SERIE 18.21500 3.052389 0.360451
SERIE 18.22000 3.078952 0.361217
SERIE 18.22500 3.109474 0.364016
SERIE 18.23000 3.143265 0.368700
SERIE 18.23500 3.179607 0.375080
SERIE 18.24000 3.217663 0.382957
SERIE 18.24500 3.256828 0.392096
SERIE 18.25000 3.296373 0.402289
SERIE 18.25500 3.335566 0.413267
SERIE 18.26000 3.373910 0.424816
SERIE 18.26500 3.410690 0.436680
SERIE 18.27000 3.445508 0.448651
SERIE 18.27500 3.477780 0.460485
SERIE 18.28000 3.507191 0.471979
SERIE 18.28500 3.533324 0.482950
SERIE 18.29000 3.555950 0.493243
SERIE 18.29500 3.574898 0.502690
SERIE 18.30000 3.590044 0.511171
SERIE 18.30500 3.601299 0.518572
SERIE 18.31000 3.608621 0.524802
SERIE 18.31500 3.612101 0.529806
SERIE 18.32000 3.611891 0.533536
SERIE 18.32500 3.608136 0.535983
SERIE 18.33000 3.601090 0.537155
SERIE 18.33500 3.591030 0.537059
SERIE 18.34000 3.578229 0.535733
SERIE 18.34500 3.563056 0.533230
SERIE 18.35000 3.545839 0.529618
SERIE 18.35500 3.526991 0.525001
SERIE 18.36000 3.506876 0.519458
SERIE 18.36500 3.485920 0.513105
SERIE 18.37000 3.464448 0.506059
SERIE 18.37500 3.442904 0.498428
SERIE 18.38000 3.421597 0.490364
SERIE 18.38500 3.400890 0.481964
SERIE 18.39000 3.381086 0.473384
SERIE 18.39500 3.362475 0.464744
SERIE 18.40000 3.345302 0.456152
SERIE 18.40500 3.329766 0.447731
SERIE 18.41000 3.316058 0.439569
SERIE 18.41500 3.304309 0.431763
SERIE 18.42000 3.294591 0.424401
SERIE 18.42500 3.286986 0.417543
SERIE 18.43000 3.281528 0.411253
SERIE 18.43500 3.278181 0.405568
SERIE 18.44000 3.276907 0.400509
SERIE 18.44500 3.277617 0.396093
SERIE 18.45000 3.280206 0.392318
SERIE 18.45500 3.284529 0.389181
SERIE 18.46000 3.290472 0.386661
SERIE 18.46500 3.297800 0.384715
SERIE 18.47000 3.306369 0.383320
SERIE 18.47500 3.315940 0.382400
SERIE 18.48000 3.326344 0.381916
SERIE 18.48500 3.337320 0.381800
SERIE 18.49000 3.348701 0.381991
SERIE 18.49500 3.360237 0.382419
SERIE 18.50000 3.371752 0.383024
SERIE 18.50500 3.383057 0.383726
SERIE 18.51000 3.805421 0.545178
SERIE 18.51500 3.574510 0.426066
SERIE 18.52000 3.665707 0.451049
SERIE 18.52500 3.697303 0.445607
SERIE 18.53000 3.707506 0.431244
SERIE 18.53500 3.703542 0.412083
SERIE 18.54000 3.688754 0.389000
SERIE 18.54500 3.661578 0.362331
SERIE 18.55000 3.624355 0.332752
SERIE 18.55500 3.577658 0.300296
SERIE 18.56000 3.522949 0.265954
SERIE 18.56500 3.461287 0.230120
SERIE 18.57000 3.394116 0.193213
SERIE 18.57500 3.322911 0.155710
SERIE 18.58000 3.248767 0.118166
SERIE 18.58500 3.173243 0.081037
SERIE 18.59000 3.097473 0.044794
SERIE 18.59500 3.022673 0.009793
SERIE 18.60000 2.950009 -0.023548
SERIE 18.60500 2.880529 -0.054952
SERIE 18.61000 2.815239 -0.084107
SERIE 18.61500 2.754728 -0.110792
SERIE 18.62000 2.699750 -0.134830
SERIE 18.62500 2.650876 -0.156086
SERIE 18.63000 2.608637 -0.174502
SERIE 18.63500 2.573309 -0.190053
SERIE 18.64000 2.545033 -0.202765
SERIE 18.64500 2.523954 -0.212699
SERIE 18.65000 2.509985 -0.219967
SERIE 18.65500 2.503071 -0.224690
SERIE 18.66000 2.502885 -0.227063
SERIE 18.66500 2.509135 -0.227264
SERIE 18.67000 2.521390 -0.225553
SERIE 18.67500 2.539207 -0.222163
SERIE 18.68000 2.562018 -0.217347
SERIE 18.68500 2.589275 -0.211375
SERIE 18.69000 2.620362 -0.204545
SERIE 18.69500 2.654593 -0.197118
SERIE 18.70000 2.691318 -0.189398
SERIE 18.70500 2.729901 -0.181614
SERIE 18.71000 2.769655 -0.174078
SERIE 18.71500 2.809939 -0.166968
SERIE 18.72000 2.850127 -0.160545
SERIE 18.72500 2.889642 -0.155002
SERIE 18.73000 2.927985 -0.150485
SERIE 18.73500 2.964544 -0.147126
SERIE 18.74000 2.999013 -0.145088
SERIE 18.74500 3.030895 -0.144442
SERIE 18.75000 3.059881 -0.145249
SERIE 18.75500 3.085742 -0.147534
SERIE 18.76000 3.108180 -0.151306
SERIE 18.76500 3.127145 -0.156553
SERIE 18.77000 3.142499 -0.163235
SERIE 18.77500 3.154218 -0.171276
SERIE 18.78000 3.162336 -0.180610
SERIE 18.78500 3.166930 -0.191139
SERIE 18.79000 3.168172 -0.202747
SERIE 18.79500 3.166192 -0.215316
SERIE 18.80000 3.161234 -0.228703
SERIE 18.80500 3.153570 -0.242787
SERIE 18.81000 3.143473 -0.257405
SERIE 18.81500 3.131274 -0.272423
SERIE 18.82000 3.117287 -0.287696
SERIE 18.82500 3.101883 -0.303069
SERIE 18.83000 3.085394 -0.318419
SERIE 18.83500 3.068166 -0.333606
SERIE 18.84000 3.050564 -0.348506
SERIE 18.84500 3.032918 -0.363009
SERIE 18.85000 3.015554 -0.377019
SERIE 18.85500 2.998774 -0.390433
SERIE 18.86000 2.982859 -0.403190
SERIE 18.86500 2.968072 -0.415206
SERIE 18.87000 2.954617 -0.426465
SERIE 18.87500 2.942701 -0.436902
SERIE 18.88000 2.932475 -0.446507
SERIE 18.88500 2.924066 -0.455277
SERIE 18.89000 2.917545 -0.463221
SERIE 18.89500 2.912977 -0.470364
SERIE 18.90000 2.910392 -0.476725
SERIE 18.90500 2.909733 -0.482357
SERIE 18.91000 2.911009 -0.487278
SERIE 18.91500 2.914111 -0.491582
SERIE 18.92000 2.918968 -0.495299
SERIE 18.92500 2.925449 -0.498516
SERIE 18.93000 2.933399 -0.501289
SERIE 18.93500 2.942698 -0.503708
SERIE 18.94000 2.953125 -0.505833
SERIE 18.94500 2.964527 -0.507755
SERIE 18.95000 2.976718 -0.509532
SERIE 18.95500 2.989459 -0.511264
SERIE 18.96000 3.002593 -0.512995
SERIE 18.96500 3.015938 -0.514804
SERIE 18.97000 3.029278 -0.516736
SERIE 18.97500 3.042482 -0.518848
SERIE 18.98000 3.055357 -0.521184
SERIE 18.98500 3.067761 -0.523772
SERIE 18.99000 3.079569 -0.526662
SERIE 18.99500 3.090655 -0.529864
SERIE 19.00000 3.100910 -0.533404
SERIE 19.00500 3.110256 -0.537285
SERIE 19.01000 4.536574 0.638235
SERIE 19.01500 3.911635 0.023148
SERIE 19.02000 4.301272 0.300577
SERIE 19.02500 4.527205 0.430670
SERIE 19.03000 4.695579 0.514104
SERIE 19.03500 4.835325 0.576086
SERIE 19.04000 4.946628 0.617391
SERIE 19.04500 5.026623 0.638963
SERIE 19.05000 5.078074 0.641639
SERIE 19.05500 5.100276 0.626989
SERIE 19.06000 5.095137 0.596517
SERIE 19.06500 5.063763 0.551416
SERIE 19.07000 5.008359 0.493480
SERIE 19.07500 4.930723 0.423781
SERIE 19.08000 4.833006 0.343781
SERIE 19.08500 4.718014 0.255045
SERIE 19.09000 4.588507 0.158892
SERIE 19.09500 4.447170 0.056977
SERIE 19.10000 4.296763 -0.049154
SERIE 19.10500 4.140242 -0.157815
SERIE 19.11000 3.980516 -0.267262
SERIE 19.11500 3.819895 -0.375701
SERIE 19.12000 3.660975 -0.481485
SERIE 19.12500 3.506303 -0.582686
SERIE 19.13000 3.358024 -0.678013
SERIE 19.13500 3.217752 -0.765904
SERIE 19.14000 3.087409 -0.845165
SERIE 19.14500 2.968540 -0.914951
SERIE 19.15000 2.862331 -0.974149
SERIE 19.15500 2.769595 -1.022733
SERIE 19.16000 2.691328 -1.060089
SERIE 19.16500 2.627972 -1.086339
SERIE 19.17000 2.579730 -1.101652
SERIE 19.17500 2.546694 -1.106383
SERIE 19.18000 2.528625 -1.101068
SERIE 19.18500 2.525139 -1.086389
SERIE 19.19000 2.535625 -1.063184
SERIE 19.19500 2.559405 -1.032238
SERIE 19.20000 2.595421 -0.994509
SERIE 19.20500 2.642672 -0.950921
SERIE 19.21000 2.699923 -0.902456
SERIE 19.21500 2.765886 -0.850144
SERIE 19.22000 2.839262 -0.794928
SERIE 19.22500 2.918462 -0.737874
SERIE 19.23000 3.002239 -0.679935
SERIE 19.23500 3.089072 -0.622025
SERIE 19.24000 3.177485 -0.565093
SERIE 19.24500 3.266113 -0.509932
SERIE 19.25000 3.353683 -0.457350
SERIE 19.25500 3.438909 -0.408064
SERIE 19.26000 3.520545 -0.362687
SERIE 19.26500 3.597660 -0.321805
SERIE 19.27000 3.669263 -0.285777
SERIE 19.27500 3.734543 -0.255017
SERIE 19.28000 3.792787 -0.229712
SERIE 19.28500 3.843493 -0.209979
SERIE 19.29000 3.886235 -0.195871
SERIE 19.29500 3.920723 -0.187260
SERIE 19.30000 3.946891 -0.183992
SERIE 19.30500 3.964752 -0.185807
SERIE 19.31000 3.974402 -0.192392
SERIE 19.31500 3.976135 -0.203322
SERIE 19.32000 3.970359 -0.218179
SERIE 19.32500 3.957527 -0.236448
SERIE 19.33000 3.938266 -0.257617
SERIE 19.33500 3.913172 -0.281211
SERIE 19.34000 3.882973 -0.306613
SERIE 19.34500 3.848447 -0.333331
SERIE 19.35000 3.810341 -0.360835
SERIE 19.35500 3.769464 -0.388600
SERIE 19.36000 3.726649 -0.416154
SERIE 19.36500 3.682673 -0.443033
SERIE 19.37000 3.638373 -0.468807
SERIE 19.37500 3.594444 -0.493105
SERIE 19.38000 3.551604 -0.515595
SERIE 19.38500 3.510517 -0.535964
SERIE 19.39000 3.471761 -0.553991
SERIE 19.39500 3.435848 -0.569444
SERIE 19.40000 3.403218 -0.582203
SERIE 19.40500 3.374245 -0.592174
SERIE 19.41000 3.349239 -0.599309
SERIE 19.41500 3.328374 -0.603632
SERIE 19.42000 3.311815 -0.605189
SERIE 19.42500 3.299602 -0.604077
SERIE 19.43000 3.291743 -0.600423
SERIE 19.43500 3.288102 -0.594409
SERIE 19.44000 3.288547 -0.586223
SERIE 19.44500 3.292901 -0.576094
SERIE 19.45000 3.300824 -0.564239
SERIE 19.45500 3.312037 -0.550923
SERIE 19.46000 3.326170 -0.536414
SERIE 19.46500 3.342848 -0.520993
SERIE 19.47000 3.361664 -0.504939
SERIE 19.47500 3.382171 -0.488525
SERIE 19.48000 3.403974 -0.472035
SERIE 19.48500 3.426675 -0.455704
SERIE 19.49000 3.449841 -0.439791
SERIE 19.49500 3.473090 -0.424496
SERIE 19.50000 3.496030 -0.410022
SERIE 19.50500 3.518266 -0.396567
SERIE 19.51000 3.771852 -0.774472
SERIE 19.51500 3.647820 -0.501940
SERIE 19.52000 3.713719 -0.569912
SERIE 19.52500 3.742290 -0.577521
SERIE 19.53000 3.755849 -0.566520
SERIE 19.53500 3.762120 -0.546417
SERIE 19.54000 3.759400 -0.518051
SERIE 19.54500 3.747573 -0.482283
SERIE 19.55000 3.728214 -0.440624
SERIE 19.55500 3.701094 -0.394547
SERIE 19.56000 3.666620 -0.345321
SERIE 19.56500 3.626438 -0.294398
SERIE 19.57000 3.579781 -0.242858
SERIE 19.57500 3.529620 -0.191692
SERIE 19.58000 3.475530 -0.141703
SERIE 19.58500 3.419211 -0.093523
SERIE 19.59000 3.361701 -0.047669
SERIE 19.59500 3.303785 -0.004589
SERIE 19.60000 3.246708 0.035455
SERIE 19.60500 3.191399 0.072201
SERIE 19.61000 3.138699 0.105453
SERIE 19.61500 3.089159 0.135029
SERIE 19.62000 3.043747 0.160729
SERIE 19.62500 3.002804 0.182501
SERIE 19.63000 2.966733 0.200162
SERIE 19.63500 2.935910 0.213704
SERIE 19.64000 2.910425 0.223056
SERIE 19.64500 2.890407 0.228229
SERIE 19.65000 2.875858 0.229259
SERIE 19.65500 2.866654 0.226343
SERIE 19.66000 2.862571 0.219565
SERIE 19.66500 2.863460 0.209221
SERIE 19.67000 2.868899 0.195577
SERIE 19.67500 2.878575 0.178938
SERIE 19.68000 2.892138 0.159725
SERIE 19.68500 2.909069 0.138320
SERIE 19.69000 2.928930 0.115145
SERIE 19.69500 2.951268 0.090630
SERIE 19.70000 2.975507 0.065232
SERIE 19.70500 3.001253 0.039379
SERIE 19.71000 3.027896 0.013493
SERIE 19.71500 3.055023 -0.012063
SERIE 19.72000 3.082088 -0.036896
SERIE 19.72500 3.108736 -0.060723
SERIE 19.73000 3.134474 -0.083238
SERIE 19.73500 3.158990 -0.104199
SERIE 19.74000 3.181954 -0.123413
SERIE 19.74500 3.203108 -0.140685
SERIE 19.75000 3.222109 -0.155922
SERIE 19.75500 3.238770 -0.169023
SERIE 19.76000 3.252983 -0.179948
SERIE 19.76500 3.264621 -0.188713
SERIE 19.77000 3.273571 -0.195332
SERIE 19.77500 3.279819 -0.199887
SERIE 19.78000 3.283454 -0.202460
SERIE 19.78500 3.284457 -0.203185
SERIE 19.79000 3.283004 -0.202196
SERIE 19.79500 3.279207 -0.199666
SERIE 19.80000 3.273289 -0.195784
SERIE 19.80500 3.265402 -0.190756
SERIE 19.81000 3.255774 -0.184795
SERIE 19.81500 3.244640 -0.178112
SERIE 19.82000 3.232261 -0.170906
SERIE 19.82500 3.218871 -0.163419
SERIE 19.83000 3.204727 -0.155851
SERIE 19.83500 3.190088 -0.148398
SERIE 19.84000 3.175178 -0.141269
SERIE 19.84500 3.160281 -0.134629
SERIE 19.85000 3.145587 -0.128648
SERIE 19.85500 3.131373 -0.123451
SERIE 19.86000 3.117784 -0.119176
SERIE 19.86500 3.105017 -0.115912
SERIE 19.87000 3.093253 -0.113732
SERIE 19.87500 3.082574 -0.112688
SERIE 19.88000 3.073118 -0.112812
SERIE 19.88500 3.064997 -0.114107
SERIE 19.89000 3.058232 -0.116587
SERIE 19.89500 3.052905 -0.120194
SERIE 19.90000 3.048978 -0.124933
SERIE 19.90500 3.046469 -0.130705
SERIE 19.91000 3.045367 -0.137478
SERIE 19.91500 3.045603 -0.145141
SERIE 19.92000 3.047150 -0.153617
SERIE 19.92500 3.049919 -0.162799
SERIE 19.93000 3.053809 -0.172584
SERIE 19.93500 3.058716 -0.182857
SERIE 19.94000 3.064530 -0.193498
SERIE 19.94500 3.071115 -0.204386
SERIE 19.95000 3.078372 -0.215424
SERIE 19.95500 3.086140 -0.226479
SERIE 19.96000 3.094329 -0.237454
SERIE 19.96500 3.102744 -0.248242
SERIE 19.97000 3.111317 -0.258759
SERIE 19.97500 3.119909 -0.268909
SERIE 19.98000 3.128398 -0.278629
SERIE 19.98500 3.136659 -0.287850
SERIE 19.99000 3.144579 -0.296502
SERIE 19.99500 3.152094 -0.304537
SERIE 20.00000 3.159131 -0.311926
SERIE 20.00500 3.165582 -0.318643
SERIE 20.01000 3.596865 -0.354756
SERIE 20.01500 3.472205 -0.336432
SERIE 20.02000 3.619008 -0.332394
SERIE 20.02500 3.720983 -0.322912
SERIE 20.03000 3.811874 -0.308909
SERIE 20.03500 3.895131 -0.292219
SERIE 20.04000 3.970214 -0.273798
SERIE 20.04500 4.034902 -0.254121
SERIE 20.05000 4.090056 -0.233953
SERIE 20.05500 4.134664 -0.213662
SERIE 20.06000 4.168550 -0.193783
SERIE 20.06500 4.191890 -0.174747
SERIE 20.07000 4.205057 -0.156804
SERIE 20.07500 4.208570 -0.140416
SERIE 20.08000 4.202815 -0.125693
SERIE 20.08500 4.188610 -0.112954
SERIE 20.09000 4.166485 -0.102394
SERIE 20.09500 4.137372 -0.094144
SERIE 20.10000 4.102039 -0.088284
SERIE 20.10500 4.061338 -0.084840
SERIE 20.11000 4.016217 -0.083787
SERIE 20.11500 3.967642 -0.085073
SERIE 20.12000 3.916453 -0.088589
SERIE 20.12500 3.863634 -0.094184
SERIE 20.13000 3.810186 -0.101701
SERIE 20.13500 3.756808 -0.110893
SERIE 20.14000 3.704458 -0.121543
SERIE 20.14500 3.653856 -0.133395
SERIE 20.15000 3.605760 -0.146191
SERIE 20.15500 3.560739 -0.159652
SERIE 20.16000 3.519379 -0.173536
SERIE 20.16500 3.482020 -0.187575
SERIE 20.17000 3.449161 -0.201508
SERIE 20.17500 3.421022 -0.215117
SERIE 20.18000 3.397779 -0.228197
SERIE 20.18500 3.379512 -0.240536
SERIE 20.19000 3.366233 -0.251995
SERIE 20.19500 3.357905 -0.262376
SERIE 20.20000 3.354290 -0.271570
SERIE 20.20500 3.355246 -0.279470
SERIE 20.21000 3.360471 -0.285974
SERIE 20.21500 3.369628 -0.291085
SERIE 20.22000 3.382412 -0.294727
SERIE 20.22500 3.398391 -0.296927
SERIE 20.23000 3.417111 -0.297680
SERIE 20.23500 3.438189 -0.297027
SERIE 20.24000 3.461086 -0.295034
SERIE 20.24500 3.485440 -0.291750
SERIE 20.25000 3.510687 -0.287278
SERIE 20.25500 3.536421 -0.281690
SERIE 20.26000 3.562231 -0.275150
SERIE 20.26500 3.587625 -0.267714
SERIE 20.27000 3.612299 -0.259537
SERIE 20.27500 3.635863 -0.250729
SERIE 20.28000 3.657995 -0.241436
SERIE 20.28500 3.678438 -0.231785
SERIE 20.29000 3.696944 -0.221899
SERIE 20.29500 3.713341 -0.211907
SERIE 20.30000 3.727449 -0.201932
SERIE 20.30500 3.739156 -0.192076
SERIE 20.31000 3.748418 -0.182467
SERIE 20.31500 3.755159 -0.173176
SERIE 20.32000 3.759440 -0.164287
SERIE 20.32500 3.761272 -0.155876
SERIE 20.33000 3.760754 -0.147994
SERIE 20.33500 3.758011 -0.140685
SERIE 20.34000 3.753197 -0.133975
SERIE 20.34500 3.746473 -0.127869
SERIE 20.35000 3.738032 -0.122411
SERIE 20.35500 3.728046 -0.117556
SERIE 20.36000 3.716727 -0.113303
SERIE 20.36500 3.704345 -0.109639
SERIE 20.37000 3.691120 -0.106527
SERIE 20.37500 3.677270 -0.103927
SERIE 20.38000 3.663034 -0.101784
SERIE 20.38500 3.648601 -0.100046
SERIE 20.39000 3.634226 -0.098647
SERIE 20.39500 3.620073 -0.097534
SERIE 20.40000 3.606311 -0.096638
SERIE 20.40500 3.593092 -0.095915
SERIE 20.41000 3.580555 -0.095298
SERIE 20.41500 3.568846 -0.094766
SERIE 20.42000 3.558081 -0.094255
SERIE 20.42500 3.548341 -0.093716
SERIE 20.43000 3.539701 -0.093103
SERIE 20.43500 3.532204 -0.092386
SERIE 20.44000 3.525887 -0.091529
SERIE 20.44500 3.520740 -0.090492
SERIE 20.45000 3.516732 -0.089222
SERIE 20.45500 3.513860 -0.087705
SERIE 20.46000 3.512081 -0.085928
SERIE 20.46500 3.511323 -0.083858
SERIE 20.47000 3.511545 -0.081490
SERIE 20.47500 3.512709 -0.078875
SERIE 20.48000 3.514684 -0.075984
SERIE 20.48500 3.517379 -0.072821
SERIE 20.49000 3.520710 -0.069398
SERIE 20.49500 3.524552 -0.065741
SERIE 20.50000 3.528780 -0.061854
SERIE 20.50500 3.533282 -0.057765
SERIE 20.51000 3.620934 0.004739
SERIE 20.51500 3.571993 -0.036423
SERIE 20.52000 3.592288 -0.028456
SERIE 20.52500 3.595352 -0.032334
SERIE 20.53000 3.591847 -0.041946
SERIE 20.53500 3.581676 -0.055238
SERIE 20.54000 3.565877 -0.072528
SERIE 20.54500 3.544798 -0.093208
SERIE 20.55000 3.518975 -0.116992
SERIE 20.55500 3.488822 -0.142617
SERIE 20.56000 3.455762 -0.169836
SERIE 20.56500 3.420149 -0.197901
SERIE 20.57000 3.382755 -0.226081
SERIE 20.57500 3.344256 -0.253889
SERIE 20.58000 3.305255 -0.280760
SERIE 20.58500 3.266343 -0.306308
SERIE 20.59000 3.227955 -0.330135
SERIE 20.59500 3.190689 -0.351879
SERIE 20.60000 3.154963 -0.371299
SERIE 20.60500 3.121273 -0.388154
SERIE 20.61000 3.090018 -0.402260
SERIE 20.61500 3.061481 -0.413535
SERIE 20.62000 3.036128 -0.421899
SERIE 20.62500 3.014119 -0.427363
SERIE 20.63000 2.995699 -0.429932
SERIE 20.63500 2.980973 -0.429764
SERIE 20.64000 2.970035 -0.426963
SERIE 20.64500 2.962877 -0.421736
SERIE 20.65000 2.959343 -0.414320
SERIE 20.65500 2.959402 -0.404957
SERIE 20.66000 2.962831 -0.393918
SERIE 20.66500 2.969376 -0.381483
SERIE 20.67000 2.978796 -0.367981
SERIE 20.67500 2.990770 -0.353704
SERIE 20.68000 3.005000 -0.338960
SERIE 20.68500 3.021103 -0.324053
SERIE 20.69000 3.038726 -0.309247
SERIE 20.69500 3.057549 -0.294839
SERIE 20.70000 3.077144 -0.281081
SERIE 20.70500 3.097151 -0.268173
SERIE 20.71000 3.117308 -0.256323
SERIE 20.71500 3.137209 -0.245714
SERIE 20.72000 3.156538 -0.236465
SERIE 20.72500 3.175083 -0.228682
SERIE 20.73000 3.192536 -0.222417
SERIE 20.73500 3.208703 -0.217706
SERIE 20.74000 3.223380 -0.214564
SERIE 20.74500 3.236427 -0.212948
SERIE 20.75000 3.247715 -0.212797
SERIE 20.75500 3.257172 -0.214056
SERIE 20.76000 3.264736 -0.216623
SERIE 20.76500 3.270382 -0.220364
SERIE 20.77000 3.274145 -0.225189
SERIE 20.77500 3.276049 -0.230911
SERIE 20.78000 3.276151 -0.237403
SERIE 20.78500 3.274601 -0.244506
SERIE 20.79000 3.271475 -0.252062
SERIE 20.79500 3.266954 -0.259898
SERIE 20.80000 3.261110 -0.267913
SERIE 20.80500 3.254181 -0.275916
SERIE 20.81000 3.246301 -0.283772
SERIE 20.81500 3.237673 -0.291380
SERIE 20.82000 3.228463 -0.298599
SERIE 20.82500 3.218873 -0.305308
SERIE 20.83000 3.209083 -0.311453
SERIE 20.83500 3.199269 -0.316925
SERIE 20.84000 3.189591 -0.321665
SERIE 20.84500 3.180255 -0.325636
SERIE 20.85000 3.171348 -0.328789
SERIE 20.85500 3.163033 -0.331106
SERIE 20.86000 3.155414 -0.332591
SERIE 20.86500 3.148586 -0.333238
SERIE 20.87000 3.142637 -0.333058
SERIE 20.87500 3.137629 -0.332097
SERIE 20.88000 3.133603 -0.330374
SERIE 20.88500 3.130591 -0.327961
SERIE 20.89000 3.128603 -0.324872
SERIE 20.89500 3.127639 -0.321210
SERIE 20.90000 3.127683 -0.317006
SERIE 20.90500 3.128685 -0.312361
SERIE 20.91000 3.130596 -0.307312
SERIE 20.91500 3.133361 -0.301971
SERIE 20.92000 3.136897 -0.296387
SERIE 20.92500 3.141131 -0.290658
SERIE 20.93000 3.145968 -0.284837
SERIE 20.93500 3.151336 -0.279006
SERIE 20.94000 3.157118 -0.273218
SERIE 20.94500 3.163230 -0.267547
SERIE 20.95000 3.169576 -0.262046
SERIE 20.95500 3.176066 -0.256755
SERIE 20.96000 3.182607 -0.251724
SERIE 20.96500 3.189111 -0.246992
SERIE 20.97000 3.195499 -0.242598
SERIE 20.97500 3.201686 -0.238533
SERIE 20.98000 3.207621 -0.234834
SERIE 20.98500 3.213226 -0.231502
SERIE 20.99000 3.218460 -0.228530
SERIE 20.99500 3.223268 -0.225917
SERIE 21.00000 3.227630 -0.223644
SERIE 21.00500 3.231507 -0.221692
SERIE 21.01000 3.406325 -0.259742
SERIE 21.01500 3.333765 -0.247235
SERIE 21.02000 3.385445 -0.261293
SERIE 21.02500 3.409559 -0.272458
SERIE 21.03000 3.428315 -0.281758
SERIE 21.03500 3.442555 -0.290318
SERIE 21.04000 3.450999 -0.296897
SERIE 21.04500 3.454833 -0.301739
SERIE 21.05000 3.454527 -0.304499
SERIE 21.05500 3.449244 -0.305240
SERIE 21.06000 3.439811 -0.303812
SERIE 21.06500 3.426553 -0.300386
SERIE 21.07000 3.409976 -0.294957
SERIE 21.07500 3.390401 -0.287693
SERIE 21.08000 3.368390 -0.278743
SERIE 21.08500 3.344568 -0.268236
SERIE 21.09000 3.319303 -0.256364
SERIE 21.09500 3.293249 -0.243276
SERIE 21.10000 3.266828 -0.229181
SERIE 21.10500 3.240550 -0.214227
SERIE 21.11000 3.214813 -0.198636
SERIE 21.11500 3.190059 -0.182605
SERIE 21.12000 3.166703 -0.166323
SERIE 21.12500 3.144933 -0.149984
SERIE 21.13000 3.125190 -0.133775
SERIE 21.13500 3.107509 -0.117872
SERIE 21.14000 3.092257 -0.102462
SERIE 21.14500 3.079455 -0.087692
SERIE 21.15000 3.069173 -0.073710
SERIE 21.15500 3.061470 -0.060633
SERIE 21.16000 3.056383 -0.048564
SERIE 21.16500 3.053777 -0.037578
SERIE 21.17000 3.053614 -0.027730
SERIE 21.17500 3.055811 -0.019072
SERIE 21.18000 3.060172 -0.011621
SERIE 21.18500 3.066513 -0.005360
SERIE 21.19000 3.074636 -0.000298
SERIE 21.19500 3.084351 0.003633
SERIE 21.20000 3.095381 0.006492
SERIE 21.20500 3.107487 0.008349
SERIE 21.21000 3.120444 0.009289
SERIE 21.21500 3.134007 0.009408
SERIE 21.22000 3.147892 0.008807
SERIE 21.22500 3.161904 0.007617
SERIE 21.23000 3.175800 0.005926
SERIE 21.23500 3.189359 0.003882
SERIE 21.24000 3.202406 0.001573
SERIE 21.24500 3.214738 -0.000848
SERIE 21.25000 3.226230 -0.003310
SERIE 21.25500 3.236731 -0.005681
SERIE 21.26000 3.246129 -0.007882
SERIE 21.26500 3.254350 -0.009820
SERIE 21.27000 3.261318 -0.011414
SERIE 21.27500 3.266990 -0.012599
SERIE 21.28000 3.271347 -0.013320
SERIE 21.28500 3.274422 -0.013526
SERIE 21.29000 3.276207 -0.013185
SERIE 21.29500 3.276734 -0.012280
SERIE 21.30000 3.276087 -0.010798
SERIE 21.30500 3.274314 -0.008749
SERIE 21.31000 3.271516 -0.006136
SERIE 21.31500 3.267793 -0.002985
SERIE 21.32000 3.263246 0.000671
SERIE 21.32500 3.257988 0.004802
SERIE 21.33000 3.252137 0.009357
SERIE 21.33500 3.245826 0.014288
SERIE 21.34000 3.239155 0.019539
SERIE 21.34500 3.232270 0.025062
SERIE 21.35000 3.225266 0.030795
SERIE 21.35500 3.218271 0.036676
SERIE 21.36000 3.211370 0.042648
SERIE 21.36500 3.204686 0.048648
SERIE 21.37000 3.198278 0.054624
SERIE 21.37500 3.192282 0.060524
SERIE 21.38000 3.186749 0.066298
SERIE 21.38500 3.181718 0.071915
SERIE 21.39000 3.177271 0.077285
SERIE 21.39500 3.173445 0.082447
SERIE 21.40000 3.170255 0.087319
SERIE 21.40500 3.167722 0.091882
SERIE 21.41000 3.165847 0.096121
SERIE 21.41500 3.164626 0.100031
SERIE 21.42000 3.164051 0.103589
SERIE 21.42500 3.164080 0.106805
SERIE 21.43000 3.164714 0.109667
SERIE 21.43500 3.165901 0.112183
SERIE 21.44000 3.167593 0.114366
SERIE 21.44500 3.169742 0.116220
SERIE 21.45000 3.172306 0.117773
SERIE 21.45500 3.175197 0.119038
SERIE 21.46000 3.178369 0.120058
SERIE 21.46500 3.181762 0.120824
SERIE 21.47000 3.185308 0.121395
SERIE 21.47500 3.188945 0.121789
SERIE 21.48000 3.192610 0.122033
SERIE 21.48500 3.196248 0.122172
SERIE 21.49000 3.199808 0.122222
SERIE 21.49500 3.203220 0.122227
SERIE 21.50000 3.206450 0.122206
SERIE 21.50500 3.209455 0.122187
SERIE 21.51000 3.491111 0.183427
SERIE 21.51500 3.363381 0.233024
SERIE 21.52000 3.434996 0.284540
SERIE 21.52500 3.474264 0.341388
SERIE 21.53000 3.501246 0.401649
SERIE 21.53500 3.522538 0.464278
SERIE 21.54000 3.537304 0.527881
SERIE 21.54500 3.546046 0.590913
SERIE 21.55000 3.547558 0.652109
SERIE 21.55500 3.543757 0.710335
SERIE 21.56000 3.533257 0.764483
SERIE 21.56500 3.517668 0.813912
SERIE 21.57000 3.496661 0.857880
SERIE 21.57500 3.471021 0.895870
SERIE 21.58000 3.441291 0.927592
SERIE 21.58500 3.408062 0.952670
SERIE 21.59000 3.371955 0.971070
SERIE 21.59500 3.333770 0.982803
SERIE 21.60000 3.294189 0.988039
SERIE 21.60500 3.253939 0.987048
SERIE 21.61000 3.213625 0.980173
SERIE 21.61500 3.174090 0.967959
SERIE 21.62000 3.135835 0.950890
SERIE 21.62500 3.099546 0.929594
SERIE 21.63000 3.065714 0.904690
SERIE 21.63500 3.034782 0.876838
SERIE 21.64000 3.007215 0.846712
SERIE 21.64500 2.983270 0.814936
SERIE 21.65000 2.963237 0.782160
SERIE 21.65500 2.947203 0.749004
SERIE 21.66000 2.935291 0.716058
SERIE 21.66500 2.927434 0.683911
SERIE 21.67000 2.923628 0.653010
SERIE 21.67500 2.923713 0.623822
SERIE 21.68000 2.927500 0.596749
SERIE 21.68500 2.934732 0.572149
SERIE 21.69000 2.945135 0.550305
SERIE 21.69500 2.958325 0.531424
SERIE 21.70000 2.974010 0.515698
SERIE 21.70500 2.991755 0.503207
SERIE 21.71000 3.011178 0.494005
SERIE 21.71500 3.031867 0.488067
SERIE 21.72000 3.053398 0.485313
SERIE 21.72500 3.075363 0.485613
SERIE 21.73000 3.097382 0.488814
SERIE 21.73500 3.119110 0.494729
SERIE 21.74000 3.140138 0.503078
SERIE 21.74500 3.160212 0.513619
SERIE 21.75000 3.179044 0.526084
SERIE 21.75500 3.196375 0.540133
SERIE 21.76000 3.212036 0.555479
SERIE 21.76500 3.225851 0.571758
SERIE 21.77000 3.237681 0.588695
SERIE 21.77500 3.247482 0.605946
SERIE 21.78000 3.255203 0.623234
SERIE 21.78500 3.260828 0.640256
SERIE 21.79000 3.264372 0.656760
SERIE 21.79500 3.265905 0.672485
SERIE 21.80000 3.265510 0.687211
SERIE 21.80500 3.263313 0.700728
SERIE 21.81000 3.259438 0.712880
SERIE 21.81500 3.254067 0.723510
SERIE 21.82000 3.247351 0.732528
SERIE 21.82500 3.239478 0.739853
SERIE 21.83000 3.230649 0.745424
SERIE 21.83500 3.221055 0.749234
SERIE 21.84000 3.210906 0.751292
SERIE 21.84500 3.200373 0.751622
SERIE 21.85000 3.189646 0.750294
SERIE 21.85500 3.178921 0.747382
SERIE 21.86000 3.168369 0.742985
SERIE 21.86500 3.158140 0.737226
SERIE 21.87000 3.148396 0.730224
SERIE 21.87500 3.139252 0.722132
SERIE 21.88000 3.130838 0.713093
SERIE 21.88500 3.123249 0.703264
SERIE 21.89000 3.116586 0.692822
SERIE 21.89500 3.110894 0.681902
SERIE 21.90000 3.106233 0.670671
SERIE 21.90500 3.102640 0.659298
SERIE 21.91000 3.100103 0.647915
SERIE 21.91500 3.098647 0.636659
SERIE 21.92000 3.098232 0.625663
SERIE 21.92500 3.098828 0.615045
SERIE 21.93000 3.100365 0.604904
SERIE 21.93500 3.102799 0.595335
SERIE 21.94000 3.106055 0.586407
SERIE 21.94500 3.110038 0.578179
SERIE 21.95000 3.114667 0.570705
SERIE 21.95500 3.119837 0.564006
SERIE 21.96000 3.125456 0.558094
SERIE 21.96500 3.131423 0.552978
SERIE 21.97000 3.137638 0.548642
SERIE 21.97500 3.143995 0.545055
SERIE 21.98000 3.150400 0.542191
SERIE 21.98500 3.156766 0.539997
SERIE 21.99000 3.162999 0.538423
SERIE 21.99500 3.169015 0.537399
SERIE 22.00000 3.174744 0.536867
SERIE 22.00500 3.180116 0.536741
SERIE 22.01000 3.570573 0.592959
SERIE 22.01500 3.464342 0.490638
SERIE 22.02000 3.612399 0.471032
SERIE 22.02500 3.725557 0.431718
SERIE 22.03000 3.829963 0.384793
SERIE 22.03500 3.929352 0.334383
SERIE 22.04000 4.020716 0.281086
SERIE 22.04500 4.105028 0.226010
SERIE 22.05000 4.179564 0.169939
SERIE 22.05500 4.244202 0.113474
SERIE 22.06000 4.298882 0.057800
SERIE 22.06500 4.342958 0.003376
SERIE 22.07000 4.376662 -0.048881
SERIE 22.07500 4.399779 -0.098385
SERIE 22.08000 4.412634 -0.144392
SERIE 22.08500 4.415443 -0.186555
SERIE 22.09000 4.408868 -0.224417
SERIE 22.09500 4.393317 -0.257728
SERIE 22.10000 4.369577 -0.286303
SERIE 22.10500 4.338432 -0.310011
SERIE 22.11000 4.300702 -0.328833
SERIE 22.11500 4.257413 -0.342788
SERIE 22.12000 4.209537 -0.352029
SERIE 22.12500 4.158066 -0.356673
SERIE 22.13000 4.104127 -0.357007
SERIE 22.13500 4.048531 -0.353288
SERIE 22.14000 3.992595 -0.345827
SERIE 22.14500 3.936976 -0.334940
SERIE 22.15000 3.882680 -0.321063
SERIE 22.15500 3.830647 -0.304507
SERIE 22.16000 3.781446 -0.285813
SERIE 22.16500 3.735905 -0.265339
SERIE 22.17000 3.694541 -0.243593
SERIE 22.17500 3.657843 -0.220958
SERIE 22.18000 3.626177 -0.197890
SERIE 22.18500 3.599837 -0.174791
SERIE 22.19000 3.579090 -0.152053
SERIE 22.19500 3.563787 -0.130065
SERIE 22.20000 3.554036 -0.109105
SERIE 22.20500 3.549689 -0.089518
SERIE 22.21000 3.550588 -0.071525
SERIE 22.21500 3.556377 -0.055358
SERIE 22.22000 3.566765 -0.041171
SERIE 22.22500 3.581290 -0.029099
SERIE 22.23000 3.599491 -0.019205
SERIE 22.23500 3.620852 -0.011537
SERIE 22.24000 3.644789 -0.006064
SERIE 22.24500 3.670818 -0.002751
SERIE 22.25000 3.698347 -0.001526
SERIE 22.25500 3.726741 -0.002261
SERIE 22.26000 3.755596 -0.004835
SERIE 22.26500 3.784288 -0.009083
SERIE 22.27000 3.812384 -0.014829
SERIE 22.27500 3.839373 -0.021839
SERIE 22.28000 3.864864 -0.029946
SERIE 22.28500 3.888467 -0.038851
SERIE 22.29000 3.909891 -0.048436
SERIE 22.29500 3.928842 -0.058451
SERIE 22.30000 3.945118 -0.068660
SERIE 22.30500 3.958563 -0.078880
SERIE 22.31000 3.969074 -0.088918
SERIE 22.31500 3.976597 -0.098589
SERIE 22.32000 3.981137 -0.107723
SERIE 22.32500 3.982701 -0.116169
SERIE 22.33000 3.981432 -0.123795
SERIE 22.33500 3.977409 -0.130470
SERIE 22.34000 3.970784 -0.136112
SERIE 22.34500 3.961800 -0.140637
SERIE 22.35000 3.950590 -0.143962
SERIE 22.35500 3.937466 -0.146072
SERIE 22.36000 3.922613 -0.146952
SERIE 22.36500 3.906340 -0.146599
SERIE 22.37000 3.888867 -0.145040
SERIE 22.37500 3.870472 -0.142300
SERIE 22.38000 3.851466 -0.138446
SERIE 22.38500 3.832055 -0.133558
SERIE 22.39000 3.812551 -0.127701
SERIE 22.39500 3.793186 -0.120983
SERIE 22.40000 3.774206 -0.113503
SERIE 22.40500 3.755794 -0.105367
SERIE 22.41000 3.738194 -0.096689
SERIE 22.41500 3.721539 -0.087554
SERIE 22.42000 3.706036 -0.078063
SERIE 22.42500 3.691796 -0.068332
SERIE 22.43000 3.678917 -0.058468
SERIE 22.43500 3.667495 -0.048527
SERIE 22.44000 3.657612 -0.038648
SERIE 22.44500 3.649242 -0.028896
SERIE 22.45000 3.642403 -0.019405
SERIE 22.45500 3.637087 -0.010239
SERIE 22.46000 3.633203 -0.001467
SERIE 22.46500 3.630699 0.006849
SERIE 22.47000 3.629471 0.014647
SERIE 22.47500 3.629422 0.021909
SERIE 22.48000 3.630401 0.028613
SERIE 22.48500 3.632272 0.034741
SERIE 22.49000 3.634893 0.040295
SERIE 22.49500 3.638111 0.045257
SERIE 22.50000 3.641774 0.049673
SERIE 22.50500 3.645767 0.053540
SERIE 22.51000 3.962188 -0.017073
SERIE 22.51500 3.782975 -0.040758
SERIE 22.52000 3.850059 -0.109404
SERIE 22.52500 3.872891 -0.189824
SERIE 22.53000 3.874070 -0.286575
SERIE 22.53500 3.869346 -0.398564
SERIE 22.54000 3.854686 -0.522581
SERIE 22.54500 3.832434 -0.654529
SERIE 22.55000 3.800124 -0.790238
SERIE 22.55500 3.761910 -0.924703
SERIE 22.56000 3.716388 -1.053794
SERIE 22.56500 3.663020 -1.172761
SERIE 22.57000 3.603855 -1.278014
SERIE 22.57500 3.541273 -1.366235
SERIE 22.58000 3.473704 -1.435325
SERIE 22.58500 3.404116 -1.483112
SERIE 22.59000 3.332683 -1.509556
SERIE 22.59500 3.260395 -1.514241
SERIE 22.60000 3.188845 -1.497772
SERIE 22.60500 3.118954 -1.461487
SERIE 22.61000 3.052043 -1.407030
SERIE 22.61500 2.988618 -1.336843
SERIE 22.62000 2.929962 -1.253091
SERIE 22.62500 2.876833 -1.158442
SERIE 22.63000 2.829700 -1.055288
SERIE 22.63500 2.789530 -0.946317
SERIE 22.64000 2.755602 -0.833827
SERIE 22.64500 2.728940 -0.719848
SERIE 22.65000 2.709608 -0.606739
SERIE 22.65500 2.696882 -0.495941
SERIE 22.66000 2.690852 -0.389141
SERIE 22.66500 2.691335 -0.287660
SERIE 22.67000 2.697487 -0.192508
SERIE 22.67500 2.709249 -0.104575
SERIE 22.68000 2.725646 -0.024657
SERIE 22.68500 2.746227 0.046869
SERIE 22.69000 2.770353 0.109367
SERIE 22.69500 2.797242 0.162814
SERIE 22.70000 2.826452 0.207274
SERIE 22.70500 2.856984 0.242321
SERIE 22.71000 2.888673 0.268180
SERIE 22.71500 2.920324 0.285302
SERIE 22.72000 2.951941 0.293654
SERIE 22.72500 2.982634 0.293745
SERIE 22.73000 3.012121 0.285972
SERIE 22.73500 3.039816 0.270812
SERIE 22.74000 3.065545 0.248858
SERIE 22.74500 3.088942 0.220716
SERIE 22.75000 3.109785 0.187064
SERIE 22.75500 3.127822 0.148609
SERIE 22.76000 3.143037 0.106178
SERIE 22.76500 3.155235 0.060522
SERIE 22.77000 3.164460 0.012523
SERIE 22.77500 3.170652 -0.037007
SERIE 22.78000 3.173969 -0.087207
SERIE 22.78500 3.174390 -0.137237
SERIE 22.79000 3.172133 -0.186301
SERIE 22.79500 3.167303 -0.233646
SERIE 22.80000 3.160162 -0.278556
SERIE 22.80500 3.150848 -0.320396
SERIE 22.81000 3.139632 -0.358586
SERIE 22.81500 3.126908 -0.392625
SERIE 22.82000 3.112773 -0.422156
SERIE 22.82500 3.097614 -0.446884
SERIE 22.83000 3.081646 -0.466610
SERIE 22.83500 3.065226 -0.481247
SERIE 22.84000 3.048568 -0.490789
SERIE 22.84500 3.031990 -0.495307
SERIE 22.85000 3.015731 -0.495006
SERIE 22.85500 3.000045 -0.490111
SERIE 22.86000 2.985113 -0.480971
SERIE 22.86500 2.971250 -0.467939
SERIE 22.87000 2.958485 -0.451432
SERIE 22.87500 2.947152 -0.431947
SERIE 22.88000 2.937267 -0.409955
SERIE 22.88500 2.928937 -0.385943
SERIE 22.89000 2.922295 -0.360463
SERIE 22.89500 2.917352 -0.334009
SERIE 22.90000 2.914165 -0.307059
SERIE 22.90500 2.912675 -0.280129
SERIE 22.91000 2.912937 -0.253647
SERIE 22.91500 2.914782 -0.228063
SERIE 22.92000 2.918241 -0.203734
SERIE 22.92500 2.923170 -0.180999
SERIE 22.93000 2.929451 -0.160152
SERIE 22.93500 2.936973 -0.141438
SERIE 22.94000 2.945571 -0.125069
SERIE 22.94500 2.955107 -0.111154
SERIE 22.95000 2.965445 -0.099838
SERIE 22.95500 2.976388 -0.091113
SERIE 22.96000 2.987795 -0.085036
SERIE 22.96500 2.999500 -0.081549
SERIE 22.97000 3.011366 -0.080585
SERIE 22.97500 3.023178 -0.082035
SERIE 22.98000 3.034900 -0.085770
SERIE 22.98500 3.046291 -0.091592
SERIE 22.99000 3.057300 -0.099333
SERIE 22.99500 3.067810 -0.108753
SERIE 23.00000 3.077721 -0.119621
SERIE 23.00500 3.086914 -0.131675
SERIE 23.01000 3.620315 -0.167438
SERIE 23.01500 3.372086 -0.155774
SERIE 23.02000 3.499856 -0.168736
SERIE 23.02500 3.570847 -0.169502
SERIE 23.03000 3.615419 -0.165365
SERIE 23.03500 3.648194 -0.155197
SERIE 23.04000 3.669507 -0.139838
SERIE 23.04500 3.677952 -0.119449
SERIE 23.05000 3.674684 -0.094931
SERIE 23.05500 3.660354 -0.066314
SERIE 23.06000 3.635716 -0.034629
SERIE 23.06500 3.601959 -0.000005
SERIE 23.07000 3.559783 0.036684
SERIE 23.07500 3.510719 0.074996
SERIE 23.08000 3.455603 0.114428
SERIE 23.08500 3.395766 0.154415
SERIE 23.09000 3.332414 0.194370
SERIE 23.09500 3.267037 0.233659
SERIE 23.10000 3.200368 0.271725
SERIE 23.10500 3.133882 0.308135
SERIE 23.11000 3.068679 0.342367
SERIE 23.11500 3.005570 0.374120
SERIE 23.12000 2.945728 0.402845
SERIE 23.12500 2.889736 0.428422
SERIE 23.13000 2.838404 0.450648
SERIE 23.13500 2.792456 0.469375
SERIE 23.14000 2.752300 0.484534
SERIE 23.14500 2.718335 0.496151
SERIE 23.15000 2.690843 0.504187
SERIE 23.15500 2.669997 0.508793
SERIE 23.16000 2.655809 0.510092
SERIE 23.16500 2.648205 0.508315
SERIE 23.17000 2.647003 0.503639
SERIE 23.17500 2.651955 0.496398
SERIE 23.18000 2.662651 0.486868
SERIE 23.18500 2.678703 0.475447
SERIE 23.19000 2.699581 0.462390
SERIE 23.19500 2.724710 0.448100
SERIE 23.20000 2.753533 0.432937
SERIE 23.20500 2.785370 0.417210
SERIE 23.21000 2.819674 0.401207
SERIE 23.21500 2.855759 0.385280
SERIE 23.22000 2.892886 0.369685
SERIE 23.22500 2.930666 0.354716
SERIE 23.23000 2.968216 0.340622
SERIE 23.23500 3.005196 0.327575
SERIE 23.24000 3.040937 0.315837
SERIE 23.24500 3.075059 0.305490
SERIE 23.25000 3.107032 0.296710
SERIE 23.25500 3.136613 0.289567
SERIE 23.26000 3.163359 0.284122
SERIE 23.26500 3.187086 0.280415
SERIE 23.27000 3.207638 0.278434
SERIE 23.27500 3.224814 0.278162
SERIE 23.28000 3.238644 0.279499
SERIE 23.28500 3.248985 0.282395
SERIE 23.29000 3.255970 0.286746
SERIE 23.29500 3.259715 0.292420
SERIE 23.30000 3.260274 0.299270
SERIE 23.30500 3.257906 0.307174
SERIE 23.31000 3.252777 0.315966
SERIE 23.31500 3.245170 0.325453
SERIE 23.32000 3.235390 0.335516
SERIE 23.32500 3.223663 0.345945
SERIE 23.33000 3.210334 0.356590
SERIE 23.33500 3.195718 0.367282
SERIE 23.34000 3.180141 0.377887
SERIE 23.34500 3.163925 0.388203
SERIE 23.35000 3.147329 0.398178
SERIE 23.35500 3.130738 0.407582
SERIE 23.36000 3.114372 0.416403
SERIE 23.36500 3.098531 0.424475
SERIE 23.37000 3.083437 0.431740
SERIE 23.37500 3.069327 0.438156
SERIE 23.38000 3.056384 0.443652
SERIE 23.38500 3.044758 0.448207
SERIE 23.39000 3.034618 0.451805
SERIE 23.39500 3.026061 0.454455
SERIE 23.40000 3.019107 0.456169
SERIE 23.40500 3.013893 0.456976
SERIE 23.41000 3.010364 0.456897
SERIE 23.41500 3.008554 0.456009
SERIE 23.42000 3.008388 0.454351
SERIE 23.42500 3.009849 0.452023
SERIE 23.43000 3.012818 0.449071
SERIE 23.43500 3.017206 0.445580
SERIE 23.44000 3.022906 0.441662
SERIE 23.44500 3.029775 0.437384
SERIE 23.45000 3.037665 0.432844
SERIE 23.45500 3.046427 0.428116
SERIE 23.46000 3.055889 0.423288
SERIE 23.46500 3.065905 0.418463
SERIE 23.47000 3.076295 0.413700
SERIE 23.47500 3.086901 0.409072
SERIE 23.48000 3.097572 0.404655
SERIE 23.48500 3.108163 0.400504
SERIE 23.49000 3.118504 0.396675
SERIE 23.49500 3.128490 0.393202
SERIE 23.50000 3.137997 0.390130
SERIE 23.50500 3.146895 0.387466
SERIE 23.51000 3.320953 -0.091275
SERIE 23.51500 3.298627 0.097224
SERIE 23.52000 3.365660 -0.049263
SERIE 23.52500 3.419358 -0.140331
SERIE 23.53000 3.467149 -0.214484
SERIE 23.53500 3.512251 -0.278465
SERIE 23.54000 3.554015 -0.332074
SERIE 23.54500 3.591878 -0.374479
SERIE 23.55000 3.625296 -0.406076
SERIE 23.55500 3.654151 -0.426597
SERIE 23.56000 3.678124 -0.436481
SERIE 23.56500 3.696876 -0.435979
SERIE 23.57000 3.710809 -0.425600
SERIE 23.57500 3.719372 -0.405836
SERIE 23.58000 3.723096 -0.377448
SERIE 23.58500 3.722009 -0.341337
SERIE 23.59000 3.716574 -0.298443
SERIE 23.59500 3.706935 -0.249739
SERIE 23.60000 3.693562 -0.196295
SERIE 23.60500 3.676846 -0.139233
SERIE 23.61000 3.657284 -0.079562
SERIE 23.61500 3.635326 -0.018410
SERIE 23.62000 3.611475 0.043270
SERIE 23.62500 3.586241 0.104551
SERIE 23.63000 3.560065 0.164518
SERIE 23.63500 3.533442 0.222448
SERIE 23.64000 3.506889 0.277600
SERIE 23.64500 3.480750 0.329395
SERIE 23.65000 3.455507 0.377228
SERIE 23.65500 3.431484 0.420727
SERIE 23.66000 3.409109 0.459511
SERIE 23.66500 3.388587 0.493327
SERIE 23.67000 3.370218 0.521951
SERIE 23.67500 3.354217 0.545290
SERIE 23.68000 3.340687 0.563382
SERIE 23.68500 3.329806 0.576227
SERIE 23.69000 3.321589 0.583963
SERIE 23.69500 3.316049 0.586830
SERIE 23.70000 3.313170 0.585072
SERIE 23.70500 3.312903 0.579066
SERIE 23.71000 3.315080 0.569176
SERIE 23.71500 3.319636 0.555837
SERIE 23.72000 3.326343 0.539495
SERIE 23.72500 3.335044 0.520645
SERIE 23.73000 3.345453 0.499785
SERIE 23.73500 3.357362 0.477437
SERIE 23.74000 3.370509 0.454093
SERIE 23.74500 3.384602 0.430256
SERIE 23.75000 3.399361 0.406414
SERIE 23.75500 3.414558 0.382991
SERIE 23.76000 3.429903 0.360440
SERIE 23.76500 3.445144 0.339131
SERIE 23.77000 3.460040 0.319413
SERIE 23.77500 3.474376 0.301585
SERIE 23.78000 3.487957 0.285919
SERIE 23.78500 3.500568 0.272618
SERIE 23.79000 3.512089 0.261856
SERIE 23.79500 3.522351 0.253751
SERIE 23.80000 3.531274 0.248384
SERIE 23.80500 3.538756 0.245753
SERIE 23.81000 3.544743 0.245866
SERIE 23.81500 3.549203 0.248627
SERIE 23.82000 3.552126 0.253943
SERIE 23.82500 3.553524 0.261671
SERIE 23.83000 3.553446 0.271621
SERIE 23.83500 3.551947 0.283597
SERIE 23.84000 3.549108 0.297355
SERIE 23.84500 3.545027 0.312661
SERIE 23.85000 3.539800 0.329251
SERIE 23.85500 3.533557 0.346856
SERIE 23.86000 3.526442 0.365199
SERIE 23.86500 3.518578 0.384008
SERIE 23.87000 3.510103 0.403021
SERIE 23.87500 3.501205 0.421964
SERIE 23.88000 3.491957 0.440602
SERIE 23.88500 3.482562 0.458713
SERIE 23.89000 3.473131 0.476071
SERIE 23.89500 3.463771 0.492481
SERIE 23.90000 3.454629 0.507801
SERIE 23.90500 3.445802 0.521870
SERIE 23.91000 3.437380 0.534582
SERIE 23.91500 3.429461 0.545848
SERIE 23.92000 3.422097 0.555601
SERIE 23.92500 3.415375 0.563810
SERIE 23.93000 3.409294 0.570455
SERIE 23.93500 3.403910 0.575569
SERIE 23.94000 3.399251 0.579152
SERIE 23.94500 3.395307 0.581294
SERIE 23.95000 3.392092 0.582061
SERIE 23.95500 3.389580 0.581521
SERIE 23.96000 3.387755 0.579819
SERIE 23.96500 3.386564 0.577041
SERIE 23.97000 3.385983 0.573314
SERIE 23.97500 3.385950 0.568796
SERIE 23.98000 3.386402 0.563606
SERIE 23.98500 3.387280 0.557899
SERIE 23.99000 3.388531 0.551820
SERIE 23.99500 3.390070 0.545497
SERIE 24.00000 3.391825 0.539080
SERIE 24.00500 3.393745 0.532688
SERIE 24.01000 3.451211 0.326529
SERIE 24.01500 3.406473 0.422285
SERIE 24.02000 3.414500 0.358796
SERIE 24.02500 3.409619 0.319407
SERIE 24.03000 3.400575 0.288710
SERIE 24.03500 3.386456 0.262545
SERIE 24.04000 3.370510 0.242806
SERIE 24.04500 3.350645 0.229658
SERIE 24.05000 3.328369 0.224208
SERIE 24.05500 3.303565 0.225829
SERIE 24.06000 3.277402 0.235721
SERIE 24.06500 3.249682 0.252422
SERIE 24.07000 3.221342 0.275788
SERIE 24.07500 3.192751 0.304881
SERIE 24.08000 3.164255 0.338668
SERIE 24.08500 3.136798 0.376267
SERIE 24.09000 3.110295 0.416527
SERIE 24.09500 3.084911 0.458385
SERIE 24.10000 3.061630 0.501081
SERIE 24.10500 3.039908 0.543629
SERIE 24.11000 3.020398 0.585237
SERIE 24.11500 3.003159 0.625357
SERIE 24.12000 2.988174 0.663372
SERIE 24.12500 2.975531 0.698833
SERIE 24.13000 2.965424 0.731336
SERIE 24.13500 2.957611 0.760520
SERIE 24.14000 2.952218 0.786167
SERIE 24.14500 2.949086 0.808040
SERIE 24.15000 2.948268 0.826003
SERIE 24.15500 2.949484 0.839926
SERIE 24.16000 2.952581 0.849761
SERIE 24.16500 2.957511 0.855494
SERIE 24.17000 2.963945 0.857149
SERIE 24.17500 2.971781 0.854816
SERIE 24.18000 2.980687 0.848645
SERIE 24.18500 2.990519 0.838804
SERIE 24.19000 3.000983 0.825544
SERIE 24.19500 3.011880 0.809167
SERIE 24.20000 3.022943 0.789976
SERIE 24.20500 3.033925 0.768339
SERIE 24.21000 3.044718 0.744638
SERIE 24.21500 3.055029 0.719271
SERIE 24.22000 3.064777 0.692656
SERIE 24.22500 3.073775 0.665199
SERIE 24.23000 3.081889 0.637307
SERIE 24.23500 3.089080 0.609374
SERIE 24.24000 3.095184 0.581760
SERIE 24.24500 3.100228 0.554815
SERIE 24.25000 3.104150 0.528848
SERIE 24.25500 3.106910 0.504135
SERIE 24.26000 3.108570 0.480920
SERIE 24.26500 3.109124 0.459399
SERIE 24.27000 3.108587 0.439738
SERIE 24.27500 3.107053 0.422053
SERIE 24.28000 3.104581 0.406427
SERIE 24.28500 3.101231 0.392901
SERIE 24.29000 3.097118 0.381486
SERIE 24.29500 3.092312 0.372146
SERIE 24.30000 3.086930 0.364809
SERIE 24.30500 3.081080 0.359413
SERIE 24.31000 3.074909 0.355805
SERIE 24.31500 3.068490 0.353860
SERIE 24.32000 3.061931 0.353424
SERIE 24.32500 3.055342 0.354318
SERIE 24.33000 3.048822 0.356353
SERIE 24.33500 3.042480 0.359335
SERIE 24.34000 3.036383 0.363073
SERIE 24.34500 3.030618 0.367349
SERIE 24.35000 3.025265 0.371996
SERIE 24.35500 3.020356 0.376778
SERIE 24.36000 3.016002 0.381537
SERIE 24.36500 3.012175 0.386045
SERIE 24.37000 3.008984 0.390216
SERIE 24.37500 3.006403 0.393811
SERIE 24.38000 3.004459 0.396752
SERIE 24.38500 3.003144 0.398908
SERIE 24.39000 3.002473 0.400175
SERIE 24.39500 3.002432 0.400495
SERIE 24.40000 3.002987 0.399790
SERIE 24.40500 3.004121 0.398031
SERIE 24.41000 3.005765 0.395189
SERIE 24.41500 3.007910 0.391276
SERIE 24.42000 3.010480 0.386299
SERIE 24.42500 3.013459 0.380299
SERIE 24.43000 3.016776 0.373325
SERIE 24.43500 3.020377 0.365443
SERIE 24.44000 3.024193 0.356717
SERIE 24.44500 3.028163 0.347241
SERIE 24.45000 3.032232 0.337093
SERIE 24.45500 3.036333 0.326385
SERIE 24.46000 3.040421 0.315206
SERIE 24.46500 3.044457 0.303684
SERIE 24.47000 3.048379 0.291897
SERIE 24.47500 3.052156 0.279981
SERIE 24.48000 3.055770 0.268025
SERIE 24.48500 3.059164 0.256133
SERIE 24.49000 3.062320 0.244393
SERIE 24.49500 3.065209 0.232901
SERIE 24.50000 3.067822 0.221720
SERIE 24.50500 3.070152 0.210942
SERIE 24.51000 3.216299 -0.556206
SERIE 24.51500 3.175442 -0.147603
SERIE 24.52000 3.227139 -0.320813
SERIE 24.52500 3.266543 -0.392795
SERIE 24.53000 3.302931 -0.432932
SERIE 24.53500 3.336647 -0.457861
SERIE 24.54000 3.367989 -0.467861
SERIE 24.54500 3.395865 -0.462921
SERIE 24.55000 3.421226 -0.443653
SERIE 24.55500 3.442503 -0.411222
SERIE 24.56000 3.460626 -0.366282
SERIE 24.56500 3.474923 -0.310689
SERIE 24.57000 3.485514 -0.245784
SERIE 24.57500 3.492321 -0.173337
SERIE 24.58000 3.495607 -0.095177
SERIE 24.58500 3.495226 -0.012790
SERIE 24.59000 3.491519 0.071987
SERIE 24.59500 3.484591 0.157592
SERIE 24.60000 3.474747 0.242463
SERIE 24.60500 3.462264 0.325258
SERIE 24.61000 3.447505 0.404623
SERIE 24.61500 3.430917 0.479354
SERIE 24.62000 3.412727 0.548372
SERIE 24.62500 3.393594 0.610796
SERIE 24.63000 3.373735 0.665763
SERIE 24.63500 3.353613 0.712762
SERIE 24.64000 3.333583 0.751266
SERIE 24.64500 3.313976 0.781035
SERIE 24.65000 3.295177 0.801914
SERIE 24.65500 3.277371 0.813909
SERIE 24.66000 3.260947 0.817235
SERIE 24.66500 3.246081 0.812217
SERIE 24.67000 3.233062 0.799195
SERIE 24.67500 3.221847 0.778771
SERIE 24.68000 3.212769 0.751524
SERIE 24.68500 3.205762 0.718168
SERIE 24.69000 3.200895 0.679486
SERIE 24.69500 3.198196 0.636256
SERIE 24.70000 3.197543 0.589324
SERIE 24.70500 3.198934 0.539578
SERIE 24.71000 3.202248 0.487865
SERIE 24.71500 3.207332 0.435007
SERIE 24.72000 3.214077 0.381879
SERIE 24.72500 3.222233 0.329220
SERIE 24.73000 3.231679 0.277825
SERIE 24.73500 3.242178 0.228321
SERIE 24.74000 3.253552 0.181354
SERIE 24.74500 3.265593 0.137449
SERIE 24.75000 3.278071 0.097076
SERIE 24.75500 3.290789 0.060610
SERIE 24.76000 3.303550 0.028392
SERIE 24.76500 3.316167 0.000566
SERIE 24.77000 3.328421 -0.022669
SERIE 24.77500 3.340217 -0.041296
SERIE 24.78000 3.351338 -0.055323
SERIE 24.78500 3.361673 -0.064857
SERIE 24.79000 3.371119 -0.070057
SERIE 24.79500 3.379555 -0.071158
SERIE 24.80000 3.386920 -0.068439
SERIE 24.80500 3.393163 -0.062210
SERIE 24.81000 3.398223 -0.052866
SERIE 24.81500 3.402108 -0.040794
SERIE 24.82000 3.404832 -0.026426
SERIE 24.82500 3.406393 -0.010193
SERIE 24.83000 3.406839 0.007452
SERIE 24.83500 3.406234 0.026068
SERIE 24.84000 3.404626 0.045214
SERIE 24.84500 3.402133 0.064459
SERIE 24.85000 3.398812 0.083403
SERIE 24.85500 3.394769 0.101670
SERIE 24.86000 3.390128 0.118910
SERIE 24.86500 3.384983 0.134812
SERIE 24.87000 3.379440 0.149093
SERIE 24.87500 3.373629 0.161517
SERIE 24.88000 3.367658 0.171901
SERIE 24.88500 3.361578 0.180066
SERIE 24.89000 3.355573 0.185948
SERIE 24.89500 3.349666 0.189428
SERIE 24.90000 3.343956 0.190523
SERIE 24.90500 3.338534 0.189226
SERIE 24.91000 3.333448 0.185605
SERIE 24.91500 3.328759 0.179739
SERIE 24.92000 3.324525 0.171757
SERIE 24.92500 3.320752 0.161808
SERIE 24.93000 3.317506 0.150068
SERIE 24.93500 3.314778 0.136732
SERIE 24.94000 3.312591 0.122010
SERIE 24.94500 3.310929 0.106141
SERIE 24.95000 3.309815 0.089339
SERIE 24.95500 3.309193 0.071863
SERIE 24.96000 3.309079 0.053937
SERIE 24.96500 3.309419 0.035796
SERIE 24.97000 3.310191 0.017660
SERIE 24.97500 3.311332 -0.000260
SERIE 24.98000 3.312829 -0.017764
SERIE 24.98500 3.314617 -0.034668
SERIE 24.99000 3.316638 -0.050812
SERIE 24.99500 3.318863 -0.066057
SERIE 25.00000 3.321235 -0.080274
SERIE 25.00500 3.323681 -0.093383
SERIE 25.01000 3.617047 -0.237561
SERIE 25.01500 3.539391 -0.239496
SERIE 25.02000 3.640646 -0.303546
SERIE 25.02500 3.710947 -0.359964
SERIE 25.03000 3.772733 -0.412935
SERIE 25.03500 3.825367 -0.463064
SERIE 25.04000 3.873105 -0.509322
SERIE 25.04500 3.911616 -0.552176
SERIE 25.05000 3.942584 -0.589850
SERIE 25.05500 3.964061 -0.623118
SERIE 25.06000 3.977162 -0.651020
SERIE 25.06500 3.981618 -0.673835
SERIE 25.07000 3.976980 -0.691196
SERIE 25.07500 3.964507 -0.703575
SERIE 25.08000 3.944036 -0.710657
SERIE 25.08500 3.916597 -0.713004
SERIE 25.09000 3.882699 -0.710713
SERIE 25.09500 3.843040 -0.704194
SERIE 25.10000 3.798748 -0.693866
SERIE 25.10500 3.750423 -0.680095
SERIE 25.11000 3.699402 -0.663340
SERIE 25.11500 3.646342 -0.644057
SERIE 25.12000 3.592323 -0.622701
SERIE 25.12500 3.538258 -0.599742
SERIE 25.13000 3.485014 -0.575629
SERIE 25.13500 3.433413 -0.550771
SERIE 25.14000 3.384325 -0.525618
SERIE 25.14500 3.338249 -0.500563
SERIE 25.15000 3.295912 -0.475955
SERIE 25.15500 3.257749 -0.452156
SERIE 25.16000 3.224155 -0.429427
SERIE 25.16500 3.195455 -0.408079
SERIE 25.17000 3.171831 -0.388301
SERIE 25.17500 3.153404 -0.370294
SERIE 25.18000 3.140200 -0.354251
SERIE 25.18500 3.132144 -0.340229
SERIE 25.19000 3.129141 -0.328352
SERIE 25.19500 3.130915 -0.318648
SERIE 25.20000 3.137161 -0.311105
SERIE 25.20500 3.147522 -0.305689
SERIE 25.21000 3.161612 -0.302352
SERIE 25.21500 3.179025 -0.301006
SERIE 25.22000 3.199251 -0.301529
SERIE 25.22500 3.221823 -0.303779
SERIE 25.23000 3.246256 -0.307590
SERIE 25.23500 3.272006 -0.312785
SERIE 25.24000 3.298633 -0.319155
SERIE 25.24500 3.325660 -0.326532
SERIE 25.25000 3.352618 -0.334696
SERIE 25.25500 3.379050 -0.343433
SERIE 25.26000 3.404506 -0.352543
SERIE 25.26500 3.428697 -0.361802
SERIE 25.27000 3.451209 -0.371005
SERIE 25.27500 3.471869 -0.379994
SERIE 25.28000 3.490305 -0.388563
SERIE 25.28500 3.506390 -0.396549
SERIE 25.29000 3.519978 -0.403797
SERIE 25.29500 3.530929 -0.410174
SERIE 25.30000 3.539268 -0.415578
SERIE 25.30500 3.544975 -0.419896
SERIE 25.31000 3.548121 -0.423066
SERIE 25.31500 3.548718 -0.425053
SERIE 25.32000 3.546881 -0.425807
SERIE 25.32500 3.542752 -0.425350
SERIE 25.33000 3.536521 -0.423690
SERIE 25.33500 3.528392 -0.420873
SERIE 25.34000 3.518508 -0.416938
SERIE 25.34500 3.507148 -0.411988
SERIE 25.35000 3.494512 -0.406090
SERIE 25.35500 3.480845 -0.399322
SERIE 25.36000 3.466384 -0.391755
SERIE 25.36500 3.451395 -0.383536
SERIE 25.37000 3.436127 -0.374740
SERIE 25.37500 3.420801 -0.365502
SERIE 25.38000 3.405649 -0.355961
SERIE 25.38500 3.390895 -0.346211
SERIE 25.39000 3.376745 -0.336395
SERIE 25.39500 3.363342 -0.326593
SERIE 25.40000 3.350803 -0.316956
SERIE 25.40500 3.339298 -0.307550
SERIE 25.41000 3.328930 -0.298500
SERIE 25.41500 3.319782 -0.289865
SERIE 25.42000 3.311908 -0.281735
SERIE 25.42500 3.305370 -0.274168
SERIE 25.43000 3.300185 -0.267232
SERIE 25.43500 3.296349 -0.260945
SERIE 25.44000 3.293828 -0.255318
SERIE 25.44500 3.292603 -0.250401
SERIE 25.45000 3.292631 -0.246149
SERIE 25.45500 3.293805 -0.242571
SERIE 25.46000 3.296069 -0.239644
SERIE 25.46500 3.299302 -0.237349
SERIE 25.47000 3.303382 -0.235638
SERIE 25.47500 3.308178 -0.234480
SERIE 25.48000 3.313550 -0.233824
SERIE 25.48500 3.319390 -0.233607
SERIE 25.49000 3.325536 -0.233802
SERIE 25.49500 3.331904 -0.234317
SERIE 25.50000 3.338334 -0.235091
SERIE 25.50500 3.344698 -0.236076
SERIE 25.51000 3.440041 -0.529108
SERIE 25.51500 3.383986 -0.448025
SERIE 25.52000 3.410007 -0.571873
SERIE 25.52500 3.421197 -0.682826
SERIE 25.53000 3.429055 -0.790183
SERIE 25.53500 3.433830 -0.900648
SERIE 25.54000 3.436388 -1.009862
SERIE 25.54500 3.435511 -1.114667
SERIE 25.55000 3.430211 -1.211886
SERIE 25.55500 3.421800 -1.299140
SERIE 25.56000 3.409639 -1.374099
SERIE 25.56500 3.392875 -1.434759
SERIE 25.57000 3.373966 -1.480325
SERIE 25.57500 3.351370 -1.509721
SERIE 25.58000 3.326267 -1.522749
SERIE 25.58500 3.299462 -1.519909
SERIE 25.59000 3.271134 -1.502002
SERIE 25.59500 3.242833 -1.470293
SERIE 25.60000 3.214022 -1.426315
SERIE 25.60500 3.186261 -1.371688
SERIE 25.61000 3.159508 -1.308381
SERIE 25.61500 3.134439 -1.238015
SERIE 25.62000 3.111095 -1.162774
SERIE 25.62500 3.090106 -1.083977
SERIE 25.63000 3.071988 -1.003421
SERIE 25.63500 3.055925 -0.922523
SERIE 25.64000 3.042726 -0.842452
SERIE 25.64500 3.032187 -0.764416
SERIE 25.65000 3.024172 -0.689371
SERIE 25.65500 3.018753 -0.618157
SERIE 25.66000 3.015585 -0.551471
SERIE 25.66500 3.014653 -0.489998
SERIE 25.67000 3.015799 -0.434134
SERIE 25.67500 3.018632 -0.384409
SERIE 25.68000 3.023100 -0.341076
SERIE 25.68500 3.028982 -0.304308
SERIE 25.69000 3.036040 -0.274405
SERIE 25.69500 3.043984 -0.251295
SERIE 25.70000 3.052897 -0.234963
SERIE 25.70500 3.062115 -0.225320
SERIE 25.71000 3.071756 -0.222103
SERIE 25.71500 3.081568 -0.225037
SERIE 25.72000 3.091316 -0.233774
SERIE 25.72500 3.100843 -0.247813
SERIE 25.73000 3.110040 -0.266698
SERIE 25.73500 3.118715 -0.289848
SERIE 25.74000 3.126732 -0.316628
SERIE 25.74500 3.134000 -0.346423
SERIE 25.75000 3.140422 -0.378564
SERIE 25.75500 3.145938 -0.412353
SERIE 25.76000 3.150536 -0.447109
SERIE 25.76500 3.154056 -0.482181
SERIE 25.77000 3.156597 -0.516928
SERIE 25.77500 3.158114 -0.550748
SERIE 25.78000 3.158598 -0.583077
SERIE 25.78500 3.158091 -0.613405
SERIE 25.79000 3.156610 -0.641251
SERIE 25.79500 3.154221 -0.666278
SERIE 25.80000 3.151049 -0.688130
SERIE 25.80500 3.147017 -0.706588
SERIE 25.81000 3.142336 -0.721455
SERIE 25.81500 3.137020 -0.732630
SERIE 25.82000 3.131214 -0.740087
SERIE 25.82500 3.125002 -0.743852
SERIE 25.83000 3.118478 -0.743988
SERIE 25.83500 3.111756 -0.740698
SERIE 25.84000 3.104914 -0.734118
SERIE 25.84500 3.098082 -0.724498
SERIE 25.85000 3.091361 -0.712133
SERIE 25.85500 3.084819 -0.697281
SERIE 25.86000 3.078547 -0.680278
SERIE 25.86500 3.072609 -0.661450
SERIE 25.87000 3.067091 -0.641168
SERIE 25.87500 3.062021 -0.619781
SERIE 25.88000 3.057456 -0.597620
SERIE 25.88500 3.053406 -0.575043
SERIE 25.89000 3.049972 -0.552397
SERIE 25.89500 3.047139 -0.529975
SERIE 25.90000 3.044924 -0.508091
SERIE 25.90500 3.043350 -0.487031
SERIE 25.91000 3.042376 -0.467025
SERIE 25.91500 3.042014 -0.448294
SERIE 25.92000 3.042264 -0.431032
SERIE 25.92500 3.043061 -0.415383
SERIE 25.93000 3.044390 -0.401456
SERIE 25.93500 3.046210 -0.389331
SERIE 25.94000 3.048458 -0.379062
SERIE 25.94500 3.051095 -0.370646
SERIE 25.95000 3.054090 -0.364086
SERIE 25.95500 3.057340 -0.359309
SERIE 25.96000 3.060818 -0.356275
SERIE 25.96500 3.064471 -0.354831
SERIE 25.97000 3.068218 -0.354909
SERIE 25.97500 3.071989 -0.356330
SERIE 25.98000 3.075805 -0.358935
SERIE 25.98500 3.079549 -0.362582
SERIE 25.99000 3.083202 -0.367048
SERIE 25.99500 3.086713 -0.372191
SERIE 26.00000 3.090078 -0.377771
SERIE 26.00500 3.093236 -0.383640
SERIE 26.01000 3.704441 -0.557320
SERIE 26.01500 3.466718 -0.456566
SERIE 26.02000 3.637570 -0.487446
SERIE 26.02500 3.742720 -0.491844
SERIE 26.03000 3.827614 -0.485244
SERIE 26.03500 3.899538 -0.471524
SERIE 26.04000 3.960963 -0.450929
SERIE 26.04500 4.008300 -0.423655
SERIE 26.05000 4.042867 -0.390764
SERIE 26.05500 4.063926 -0.352408
SERIE 26.06000 4.072413 -0.309192
SERIE 26.06500 4.068354 -0.262380
SERIE 26.07000 4.052279 -0.212261
SERIE 26.07500 4.025157 -0.159965
SERIE 26.08000 3.988713 -0.106197
SERIE 26.08500 3.942960 -0.052148
SERIE 26.09000 3.889758 0.001761
SERIE 26.09500 3.830416 0.054519
SERIE 26.10000 3.765968 0.105452
SERIE 26.10500 3.697991 0.153939
SERIE 26.11000 3.627795 0.199325
SERIE 26.11500 3.556438 0.241290
SERIE 26.12000 3.485628 0.279315
SERIE 26.12500 3.416039 0.313094
SERIE 26.13000 3.349176 0.342508
SERIE 26.13500 3.285980 0.367387
SERIE 26.14000 3.227015 0.387767
SERIE 26.14500 3.173366 0.403659
SERIE 26.15000 3.125633 0.415225
SERIE 26.15500 3.084253 0.422628
SERIE 26.16000 3.049677 0.426155
SERIE 26.16500 3.022095 0.426084
SERIE 26.17000 3.001666 0.422797
SERIE 26.17500 2.988369 0.416697
SERIE 26.18000 2.982038 0.408177
SERIE 26.18500 2.982467 0.397648
SERIE 26.19000 2.989378 0.385616
SERIE 26.19500 3.002101 0.372476
SERIE 26.20000 3.020364 0.358715
SERIE 26.20500 3.043467 0.344749
SERIE 26.21000 3.070858 0.330971
SERIE 26.21500 3.101862 0.317772
SERIE 26.22000 3.135824 0.305498
SERIE 26.22500 3.172030 0.294491
SERIE 26.23000 3.209759 0.284976
SERIE 26.23500 3.248336 0.277241
SERIE 26.24000 3.287067 0.271464
SERIE 26.24500 3.325391 0.267812
SERIE 26.25000 3.362581 0.266347
SERIE 26.25500 3.398224 0.267161
SERIE 26.26000 3.431794 0.270270
SERIE 26.26500 3.462837 0.275642
SERIE 26.27000 3.491025 0.283258
SERIE 26.27500 3.516051 0.292982
SERIE 26.28000 3.537699 0.304725
SERIE 26.28500 3.555763 0.318321
SERIE 26.29000 3.570193 0.333608
SERIE 26.29500 3.580875 0.350382
SERIE 26.30000 3.587861 0.368442
SERIE 26.30500 3.591233 0.387588
SERIE 26.31000 3.591112 0.407588
SERIE 26.31500 3.587674 0.428228
SERIE 26.32000 3.581097 0.449270
SERIE 26.32500 3.571656 0.470500
SERIE 26.33000 3.559569 0.491693
SERIE 26.33500 3.545221 0.512650
SERIE 26.34000 3.528856 0.533170
SERIE 26.34500 3.510845 0.553060
SERIE 26.35000 3.491543 0.572180
SERIE 26.35500 3.471313 0.590393
SERIE 26.36000 3.450464 0.607561
SERIE 26.36500 3.429307 0.623597
SERIE 26.37000 3.408239 0.638414
SERIE 26.37500 3.387521 0.651956
SERIE 26.38000 3.367404 0.664214
SERIE 26.38500 3.348178 0.675182
SERIE 26.39000 3.330032 0.684829
SERIE 26.39500 3.313218 0.693214
SERIE 26.40000 3.297922 0.700367
SERIE 26.40500 3.284228 0.706329
SERIE 26.41000 3.272272 0.711178
SERIE 26.41500 3.262178 0.715018
SERIE 26.42000 3.253914 0.717951
SERIE 26.42500 3.247462 0.720083
SERIE 26.43000 3.242858 0.721514
SERIE 26.43500 3.239992 0.722334
SERIE 26.44000 3.238864 0.722682
SERIE 26.44500 3.239311 0.722663
SERIE 26.45000 3.241237 0.722376
SERIE 26.45500 3.244557 0.721897
SERIE 26.46000 3.249073 0.721360
SERIE 26.46500 3.254683 0.720872
SERIE 26.47000 3.261218 0.720495
SERIE 26.47500 3.268478 0.720305
SERIE 26.48000 3.276328 0.720376
SERIE 26.48500 3.284556 0.720757
SERIE 26.49000 3.293033 0.721486
SERIE 26.49500 3.301558 0.722591
SERIE 26.50000 3.309987 0.724089
SERIE 26.50500 3.318139 0.725996
SERIE 26.51000 2.202812 -0.160859
SERIE 26.51500 2.026830 -0.064077
SERIE 26.52000 1.946736 -0.209145
SERIE 26.52500 1.843910 -0.324776
SERIE 26.53000 1.734414 -0.431221
SERIE 26.53500 1.626070 -0.534908
SERIE 26.54000 1.520799 -0.633765
SERIE 26.54500 1.421789 -0.726727
SERIE 26.55000 1.331492 -0.813030
SERIE 26.55500 1.251683 -0.891844
SERIE 26.56000 1.184105 -0.962787
SERIE 26.56500 1.129978 -1.025404
SERIE 26.57000 1.090164 -1.079582
SERIE 26.57500 1.065175 -1.125160
SERIE 26.58000 1.055251 -1.162187
SERIE 26.58500 1.060292 -1.190772
SERIE 26.59000 1.079808 -1.211128
SERIE 26.59500 1.113224 -1.223418
SERIE 26.60000 1.159612 -1.228069
SERIE 26.60500 1.217895 -1.225461
SERIE 26.61000 1.286920 -1.216005
SERIE 26.61500 1.365189 -1.200239
SERIE 26.62000 1.451551 -1.178781
SERIE 26.62500 1.544272 -1.152117
SERIE 26.63000 1.641936 -1.120945
SERIE 26.63500 1.743113 -1.086016
SERIE 26.64000 1.846318 -1.047912
SERIE 26.64500 1.950036 -1.007512
SERIE 26.65000 2.053097 -0.965426
SERIE 26.65500 2.154118 -0.922509
SERIE 26.66000 2.252039 -0.879352
SERIE 26.66500 2.345945 -0.836703
SERIE 26.67000 2.434786 -0.795192
SERIE 26.67500 2.517957 -0.755398
SERIE 26.68000 2.594960 -0.717830
SERIE 26.68500 2.665130 -0.682960
SERIE 26.69000 2.728447 -0.651176
SERIE 26.69500 2.784571 -0.622769
SERIE 26.70000 2.833609 -0.597966
SERIE 26.70500 2.875652 -0.576914
SERIE 26.71000 2.910852 -0.559683
SERIE 26.71500 2.939588 -0.546267
SERIE 26.72000 2.962255 -0.536607
SERIE 26.72500 2.979429 -0.530557
SERIE 26.73000 2.991529 -0.527904
SERIE 26.73500 2.999263 -0.528414
SERIE 26.74000 3.003267 -0.531791
SERIE 26.74500 3.004144 -0.537681
SERIE 26.75000 3.002591 -0.545726
SERIE 26.75500 2.999268 -0.555544
SERIE 26.76000 2.994859 -0.566662
SERIE 26.76500 2.989925 -0.578729
SERIE 26.77000 2.985110 -0.591317
SERIE 26.77500 2.980982 -0.604092
SERIE 26.78000 2.977980 -0.616649
SERIE 26.78500 2.976573 -0.628655
SERIE 26.79000 2.977237 -0.639789
SERIE 26.79500 2.980146 -0.649761
SERIE 26.80000 2.985642 -0.658316
SERIE 26.80500 2.993934 -0.665280
SERIE 26.81000 3.005172 -0.670464
SERIE 26.81500 3.019337 -0.673778
SERIE 26.82000 3.036526 -0.675132
SERIE 26.82500 3.056677 -0.674513
SERIE 26.83000 3.079629 -0.671934
SERIE 26.83500 3.105312 -0.667467
SERIE 26.84000 3.133513 -0.661207
SERIE 26.84500 3.163996 -0.653312
SERIE 26.85000 3.196539 -0.643950
SERIE 26.85500 3.230846 -0.633325
SERIE 26.86000 3.266654 -0.621696
SERIE 26.86500 3.303674 -0.609288
SERIE 26.87000 3.341578 -0.596383
SERIE 26.87500 3.380128 -0.583255
SERIE 26.88000 3.418960 -0.570165
SERIE 26.88500 3.457834 -0.557397
SERIE 26.89000 3.496527 -0.545206
SERIE 26.89500 3.534745 -0.533841
SERIE 26.90000 3.572308 -0.523535
SERIE 26.90500 3.609020 -0.514485
SERIE 26.91000 3.644715 -0.506871
SERIE 26.91500 3.679237 -0.500847
SERIE 26.92000 3.712420 -0.496527
SERIE 26.92500 3.744292 -0.493997
SERIE 26.93000 3.774708 -0.493321
SERIE 26.93500 3.803663 -0.494492
SERIE 26.94000 3.831121 -0.497528
SERIE 26.94500 3.857174 -0.502376
SERIE 26.95000 3.881807 -0.508939
SERIE 26.95500 3.905063 -0.517156
SERIE 26.96000 3.927061 -0.526882
SERIE 26.96500 3.947871 -0.537987
SERIE 26.97000 3.967534 -0.550316
SERIE 26.97500 3.986338 -0.563708
SERIE 26.98000 4.004239 -0.577948
SERIE 26.98500 4.021451 -0.592902
SERIE 26.99000 4.038037 -0.608324
SERIE 26.99500 4.054186 -0.624080
SERIE 27.00000 4.069928 -0.639947
SERIE 27.00500 4.085383 -0.655802
SERIE 27.01000 10.419251 4.382476
SERIE 27.01500 9.083827 2.935129
SERIE 27.02000 9.965376 3.276982
SERIE 27.02500 11.012052 3.829851
SERIE 27.03000 11.911230 4.305121
SERIE 27.03500 12.656480 4.701846
SERIE 27.04000 13.241382 5.017413
SERIE 27.04500 13.657574 5.251803
SERIE 27.05000 13.902769 5.405511
SERIE 27.05500 13.978607 5.482643
SERIE 27.06000 13.881281 5.483474
SERIE 27.06500 13.621118 5.409577
SERIE 27.07000 13.204908 5.265342
SERIE 27.07500 12.645853 5.057243
SERIE 27.08000 11.957385 4.790460
SERIE 27.08500 11.156603 4.472358
SERIE 27.09000 10.265299 4.110262
SERIE 27.09500 9.298627 3.711230
SERIE 27.10000 8.280530 3.283199
SERIE 27.10500 7.228990 2.832441
SERIE 27.11000 6.165613 2.367045
SERIE 27.11500 5.109825 1.892862
SERIE 27.12000 4.078677 1.416020
SERIE 27.12500 3.090139 0.943595
SERIE 27.13000 2.159125 0.481266
SERIE 27.13500 1.297925 0.033789
SERIE 27.14000 0.518532 -0.393759
SERIE 27.14500 -0.171887 -0.796078
SERIE 27.15000 -0.763335 -1.169534
SERIE 27.15500 -1.253800 -1.510103
SERIE 27.16000 -1.639746 -1.814225
SERIE 27.16500 -1.920107 -2.079295
SERIE 27.17000 -2.095993 -2.302513
SERIE 27.17500 -2.170695 -2.482512
SERIE 27.18000 -2.147362 -2.617855
SERIE 27.18500 -2.032704 -2.708219
SERIE 27.19000 -1.833424 -2.753847
SERIE 27.19500 -1.557319 -2.755526
SERIE 27.20000 -1.213647 -2.714998
SERIE 27.20500 -0.810897 -2.634402
SERIE 27.21000 -0.360078 -2.516461
SERIE 27.21500 0.129037 -2.364813
SERIE 27.22000 0.646701 -2.183070
SERIE 27.22500 1.181985 -1.975814
SERIE 27.23000 1.726208 -1.747162
SERIE 27.23500 2.268007 -1.502731
SERIE 27.24000 2.800519 -1.246677
SERIE 27.24500 3.313894 -0.984136
SERIE 27.25000 3.801424 -0.719990
SERIE 27.25500 4.256880 -0.458884
SERIE 27.26000 4.673453 -0.205126
SERIE 27.26500 5.047294 0.036982
SERIE 27.27000 5.374517 0.263732
SERIE 27.27500 5.652180 0.471928
SERIE 27.28000 5.878698 0.658652
SERIE 27.28500 6.053098 0.821745
SERIE 27.29000 6.175361 0.959114
SERIE 27.29500 6.246891 1.069883
SERIE 27.30000 6.268570 1.153138
SERIE 27.30500 6.243333 1.208855
SERIE 27.31000 6.173918 1.237202
SERIE 27.31500 6.063937 1.239110
SERIE 27.32000 5.917415 1.215743
SERIE 27.32500 5.738424 1.168668
SERIE 27.33000 5.531771 1.099874
SERIE 27.33500 5.302021 1.011412
SERIE 27.34000 5.054045 0.905810
SERIE 27.34500 4.792823 0.785609
SERIE 27.35000 4.523067 0.653490
SERIE 27.35500 4.249300 0.512230
SERIE 27.36000 3.975827 0.364581
SERIE 27.36500 3.707323 0.213275
SERIE 27.37000 3.447294 0.060967
SERIE 27.37500 3.199646 -0.089814
SERIE 27.38000 2.966885 -0.236911
SERIE 27.38500 2.751759 -0.377857
SERIE 27.39000 2.557104 -0.510946
SERIE 27.39500 2.384242 -0.634323
SERIE 27.40000 2.234900 -0.746538
SERIE 27.40500 2.110221 -0.846483
SERIE 27.41000 2.010378 -0.933164
SERIE 27.41500 1.935910 -1.005876
SERIE 27.42000 1.886318 -1.064297
SERIE 27.42500 1.861277 -1.108205
SERIE 27.43000 1.859480 -1.137751
SERIE 27.43500 1.880027 -1.153229
SERIE 27.44000 1.921220 -1.155201
SERIE 27.44500 1.981328 -1.144358
SERIE 27.45000 2.058656 -1.121628
SERIE 27.45500 2.150721 -1.088041
SERIE 27.46000 2.255589 -1.044755
SERIE 27.46500 2.370873 -0.993051
SERIE 27.47000 2.494248 -0.934233
SERIE 27.47500 2.623400 -0.869671
SERIE 27.48000 2.755992 -0.800783
SERIE 27.48500 2.889787 -0.728925
SERIE 27.49000 3.022635 -0.655514
SERIE 27.49500 3.152553 -0.581744
SERIE 27.50000 3.277518 -0.509076
SERIE 27.50500 3.395854 -0.438476
SERIE 27.51000 2.104811 -0.895513
SERIE 27.51500 2.042755 -0.711985
SERIE 27.52000 1.998967 -0.663093
SERIE 27.52500 1.958674 -0.643057
SERIE 27.53000 1.917716 -0.639929
SERIE 27.53500 1.873185 -0.649363
SERIE 27.54000 1.824956 -0.669233
SERIE 27.54500 1.774508 -0.698749
SERIE 27.55000 1.722919 -0.737172
SERIE 27.55500 1.671296 -0.783774
SERIE 27.56000 1.621050 -0.837593
SERIE 27.56500 1.573365 -0.897866
SERIE 27.57000 1.529225 -0.963320
SERIE 27.57500 1.489579 -1.032475
SERIE 27.58000 1.455172 -1.104242
SERIE 27.58500 1.426869 -1.177135
SERIE 27.59000 1.404962 -1.249762
SERIE 27.59500 1.390331 -1.320776
SERIE 27.60000 1.382827 -1.388889
SERIE 27.60500 1.382906 -1.452794
SERIE 27.61000 1.390576 -1.511477
SERIE 27.61500 1.405745 -1.563913
SERIE 27.62000 1.428282 -1.609157
SERIE 27.62500 1.457788 -1.646673
SERIE 27.63000 1.493918 -1.675839
SERIE 27.63500 1.536034 -1.696439
SERIE 27.64000 1.583597 -1.708342
SERIE 27.64500 1.635874 -1.711692
SERIE 27.65000 1.692014 -1.706783
SERIE 27.65500 1.751241 -1.694113
SERIE 27.66000 1.812692 -1.674289
SERIE 27.66500 1.875720 -1.648117
SERIE 27.67000 1.939219 -1.616451
SERIE 27.67500 2.002740 -1.580318
SERIE 27.68000 2.065368 -1.540676
SERIE 27.68500 2.126563 -1.498574
SERIE 27.69000 2.185728 -1.455080
SERIE 27.69500 2.242416 -1.411092
SERIE 27.70000 2.296231 -1.367613
SERIE 27.70500 2.346868 -1.325401
SERIE 27.71000 2.394133 -1.285274
SERIE 27.71500 2.437948 -1.247759
SERIE 27.72000 2.478353 -1.213461
SERIE 27.72500 2.515219 -1.182662
SERIE 27.73000 2.548897 -1.155653
SERIE 27.73500 2.579380 -1.132520
SERIE 27.74000 2.607035 -1.113287
SERIE 27.74500 2.631988 -1.097828
SERIE 27.75000 2.654603 -1.085935
SERIE 27.75500 2.675136 -1.077328
SERIE 27.76000 2.693871 -1.071657
SERIE 27.76500 2.711183 -1.068549
SERIE 27.77000 2.727279 -1.067564
SERIE 27.77500 2.742530 -1.068271
SERIE 27.78000 2.757110 -1.070241
SERIE 27.78500 2.771322 -1.073056
SERIE 27.79000 2.785386 -1.076330
SERIE 27.79500 2.799506 -1.079705
SERIE 27.80000 2.813886 -1.082876
SERIE 27.80500 2.828601 -1.085546
SERIE 27.81000 2.843907 -1.087557
SERIE 27.81500 2.859786 -1.088703
SERIE 27.82000 2.876439 -1.088925
SERIE 27.82500 2.893880 -1.088140
SERIE 27.83000 2.912146 -1.086342
SERIE 27.83500 2.931267 -1.083554
SERIE 27.84000 2.951245 -1.079830
SERIE 27.84500 2.972074 -1.075263
SERIE 27.85000 2.993734 -1.069950
SERIE 27.85500 3.016170 -1.064014
SERIE 27.86000 3.039316 -1.057583
SERIE 27.86500 3.063105 -1.050805
SERIE 27.87000 3.087505 -1.043761
SERIE 27.87500 3.112388 -1.036642
SERIE 27.88000 3.137700 -1.029492
SERIE 27.88500 3.163346 -1.022474
SERIE 27.89000 3.189178 -1.015629
SERIE 27.89500 3.215190 -1.009081
SERIE 27.90000 3.241250 -1.002848
SERIE 27.90500 3.267246 -0.997048
SERIE 27.91000 3.293145 -0.991676
SERIE 27.91500 3.318810 -0.986769
SERIE 27.92000 3.344216 -0.982362
SERIE 27.92500 3.369252 -0.978446
SERIE 27.93000 3.393888 -0.975048
SERIE 27.93500 3.418047 -0.972170
SERIE 27.94000 3.441673 -0.969762
SERIE 27.94500 3.464736 -0.967893
SERIE 27.95000 3.487201 -0.966471
SERIE 27.95500 3.509042 -0.965550
SERIE 27.96000 3.530220 -0.965061
SERIE 27.96500 3.550774 -0.965003
SERIE 27.97000 3.570693 -0.965371
SERIE 27.97500 3.589956 -0.966112
SERIE 27.98000 3.608609 -0.967214
SERIE 27.98500 3.626714 -0.968679
SERIE 27.99000 3.644240 -0.970445
SERIE 27.99500 3.661261 -0.972514
SERIE 28.00000 3.677794 -0.974844
SERIE 28.00500 3.693886 -0.977412
SERIE 28.01000 11.988445 4.270332
SERIE 28.01500 10.794857 2.345612
SERIE 28.02000 12.369324 2.486598
SERIE 28.02500 14.102599 2.889699
SERIE 28.03000 15.603944 3.225428
SERIE 28.03500 16.859048 3.495261
SERIE 28.04000 17.860143 3.699468
SERIE 28.04500 18.597048 3.839624
SERIE 28.05000 19.066916 3.918564
SERIE 28.05500 19.272670 3.940998
SERIE 28.06000 19.218931 3.911343
SERIE 28.06500 18.912791 3.830118
SERIE 28.07000 18.372099 3.700957
SERIE 28.07500 17.611162 3.527832
SERIE 28.08000 16.654165 3.315587
SERIE 28.08500 15.523234 3.068714
SERIE 28.09000 14.247302 2.793142
SERIE 28.09500 12.851276 2.492766
SERIE 28.10000 11.365065 2.173783
SERIE 28.10500 9.819273 1.839121
SERIE 28.11000 8.240930 1.494376
SERIE 28.11500 6.658138 1.143144
SERIE 28.12000 5.098215 0.789536
SERIE 28.12500 3.586055 0.436897
SERIE 28.13000 2.145195 0.089043
SERIE 28.13500 0.794385 -0.250891
SERIE 28.14000 -0.448467 -0.579960
SERIE 28.14500 -1.566659 -0.894490
SERIE 28.15000 -2.550358 -1.192103
SERIE 28.15500 -3.389738 -1.468772
SERIE 28.16000 -4.078601 -1.722312
SERIE 28.16500 -4.613680 -1.949609
SERIE 28.17000 -4.992726 -2.148343
SERIE 28.17500 -5.220087 -2.316582
SERIE 28.18000 -5.299116 -2.452523
SERIE 28.18500 -5.234838 -2.555071
SERIE 28.19000 -5.038286 -2.623297
SERIE 28.19500 -4.718326 -2.657171
SERIE 28.20000 -4.286923 -2.656913
SERIE 28.20500 -3.757514 -2.623587
SERIE 28.21000 -3.143460 -2.558606
SERIE 28.21500 -2.460045 -2.464098
SERIE 28.22000 -1.722196 -2.342782
SERIE 28.22500 -0.944049 -2.197499
SERIE 28.23000 -0.142092 -2.031522
SERIE 28.23500 0.671039 -1.848511
SERIE 28.24000 1.479962 -1.652259
SERIE 28.24500 2.272017 -1.446307
SERIE 28.25000 3.035268 -1.235157
SERIE 28.25500 3.758768 -1.022437
SERIE 28.26000 4.432982 -0.812130
SERIE 28.26500 5.048948 -0.607886
SERIE 28.27000 5.601034 -0.413119
SERIE 28.27500 6.082438 -0.231064
SERIE 28.28000 6.490717 -0.064402
SERIE 28.28500 6.821571 0.084443
SERIE 28.29000 7.075418 0.213513
SERIE 28.29500 7.251740 0.321318
SERIE 28.30000 7.351678 0.406840
SERIE 28.30500 7.378231 0.469439
SERIE 28.31000 7.334736 0.508991
SERIE 28.31500 7.225741 0.525761
SERIE 28.32000 7.056481 0.520449
SERIE 28.32500 6.832891 0.494128
SERIE 28.33000 6.561311 0.448152
SERIE 28.33500 6.248818 0.384121
SERIE 28.34000 5.901973 0.303914
SERIE 28.34500 5.528552 0.209796
SERIE 28.35000 5.135517 0.103671
SERIE 28.35500 4.730308 -0.011818
SERIE 28.36000 4.319407 -0.134566
SERIE 28.36500 3.909648 -0.262108
SERIE 28.37000 3.507781 -0.392122
SERIE 28.37500 3.119001 -0.522473
SERIE 28.38000 2.748994 -0.650866
SERIE 28.38500 2.402218 -0.775549
SERIE 28.39000 2.082846 -0.894571
SERIE 28.39500 1.794895 -1.006391
SERIE 28.40000 1.540403 -1.109586
SERIE 28.40500 1.322174 -1.202961
SERIE 28.41000 1.141698 -1.285565
SERIE 28.41500 0.999133 -1.356682
SERIE 28.42000 0.894948 -1.415788
SERIE 28.42500 0.829169 -1.462580
SERIE 28.43000 0.800567 -1.497042
SERIE 28.43500 0.807673 -1.519260
SERIE 28.44000 0.848733 -1.529609
SERIE 28.44500 0.921362 -1.528566
SERIE 28.45000 1.022845 -1.516813
SERIE 28.45500 1.150151 -1.495168
SERIE 28.46000 1.300074 -1.464535
SERIE 28.46500 1.469223 -1.425950
SERIE 28.47000 1.653962 -1.380515
SERIE 28.47500 1.850697 -1.329351
SERIE 28.48000 2.055749 -1.273662
SERIE 28.48500 2.265703 -1.214635
SERIE 28.49000 2.476951 -1.153437
SERIE 28.49500 2.686167 -1.091236
SERIE 28.50000 2.890503 -1.029136
SERIE 28.50500 3.086490 -0.968201
SERIE 28.51000 1.921292 -0.976355
SERIE 28.51500 1.857405 -0.913237
SERIE 28.52000 1.845534 -0.796285
SERIE 28.52500 1.827313 -0.734567
SERIE 28.53000 1.793690 -0.704124
SERIE 28.53500 1.749732 -0.700686
SERIE 28.54000 1.693826 -0.720555
SERIE 28.54500 1.628553 -0.762295
SERIE 28.55000 1.556620 -0.823936
SERIE 28.55500 1.480338 -0.902872
SERIE 28.56000 1.402534 -0.996638
SERIE 28.56500 1.325364 -1.102423
SERIE 28.57000 1.251039 -1.217394
SERIE 28.57500 1.181623 -1.338774
SERIE 28.58000 1.118368 -1.463795
SERIE 28.58500 1.062774 -1.589871
SERIE 28.59000 1.015768 -1.714520
SERIE 28.59500 0.977941 -1.835335
SERIE 28.60000 0.949969 -1.950151
SERIE 28.60500 0.932044 -2.057067
SERIE 28.61000 0.924058 -2.154306
SERIE 28.61500 0.926236 -2.240520
SERIE 28.62000 0.938067 -2.314608
SERIE 28.62500 0.959198 -2.375742
SERIE 28.63000 0.989232 -2.423578
SERIE 28.63500 1.027262 -2.457937
SERIE 28.64000 1.072684 -2.479079
SERIE 28.64500 1.124615 -2.487443
SERIE 28.65000 1.182038 -2.483774
SERIE 28.65500 1.244086 -2.468987
SERIE 28.66000 1.309782 -2.444141
SERIE 28.66500 1.378099 -2.410530
SERIE 28.67000 1.448054 -2.369353
SERIE 28.67500 1.518870 -2.322098
SERIE 28.68000 1.589623 -2.270093
SERIE 28.68500 1.659507 -2.214700
SERIE 28.69000 1.727873 -2.157274
SERIE 28.69500 1.794172 -2.099107
SERIE 28.70000 1.857868 -2.041331
SERIE 28.70500 1.918530 -1.984989
SERIE 28.71000 1.975857 -1.931087
SERIE 28.71500 2.029645 -1.880384
SERIE 28.72000 2.079800 -1.833539
SERIE 28.72500 2.126184 -1.791074
SERIE 28.73000 2.168793 -1.753359
SERIE 28.73500 2.207757 -1.720577
SERIE 28.74000 2.243203 -1.692854
SERIE 28.74500 2.275273 -1.670134
SERIE 28.75000 2.304120 -1.652277
SERIE 28.75500 2.330036 -1.639034
SERIE 28.76000 2.353237 -1.630117
SERIE 28.76500 2.374014 -1.625086
SERIE 28.77000 2.392624 -1.623511
SERIE 28.77500 2.409374 -1.624954
SERIE 28.78000 2.424536 -1.628887
SERIE 28.78500 2.438423 -1.634852
SERIE 28.79000 2.451303 -1.642325
SERIE 28.79500 2.463515 -1.650854
SERIE 28.80000 2.475287 -1.659967
SERIE 28.80500 2.486913 -1.669318
SERIE 28.81000 2.498654 -1.678508
SERIE 28.81500 2.510751 -1.687224
SERIE 28.82000 2.523406 -1.695214
SERIE 28.82500 2.536839 -1.702257
SERIE 28.83000 2.551205 -1.708182
SERIE 28.83500 2.566656 -1.712872
SERIE 28.84000 2.583340 -1.716270
SERIE 28.84500 2.601264 -1.718321
SERIE 28.85000 2.620558 -1.719050
SERIE 28.85500 2.641244 -1.718498
SERIE 28.86000 2.663295 -1.716713
SERIE 28.86500 2.686681 -1.713787
SERIE 28.87000 2.711329 -1.709845
SERIE 28.87500 2.737224 -1.705016
SERIE 28.88000 2.764190 -1.699420
SERIE 28.88500 2.792130 -1.693202
SERIE 28.89000 2.820890 -1.686501
SERIE 28.89500 2.850284 -1.679454
SERIE 28.90000 2.880273 -1.672198
SERIE 28.90500 2.910549 -1.664844
SERIE 28.91000 2.941018 -1.657512
SERIE 28.91500 2.971486 -1.650310
SERIE 28.92000 3.001846 -1.643327
SERIE 28.92500 3.031867 -1.636636
SERIE 28.93000 3.061484 -1.630303
SERIE 28.93500 3.090558 -1.624397
SERIE 28.94000 3.118931 -1.618924
SERIE 28.94500 3.146586 -1.613948
SERIE 28.95000 3.173410 -1.609460
SERIE 28.95500 3.199300 -1.605475
SERIE 28.96000 3.224329 -1.601997
SERIE 28.96500 3.248365 -1.599007
SERIE 28.97000 3.271451 -1.596496
SERIE 28.97500 3.293587 -1.594437
SERIE 28.98000 3.314782 -1.592800
SERIE 28.98500 3.335098 -1.591558
SERIE 28.99000 3.354557 -1.590676
SERIE 28.99500 3.373225 -1.590127
SERIE 29.00000 3.391165 -1.589862
SERIE 29.00500 3.408397 -1.589867
SERIE 29.01000 3.916083 -0.859254
SERIE 29.01500 4.254442 -0.888410
SERIE 29.02000 4.714263 -0.837156
SERIE 29.02500 5.121898 -0.859000
SERIE 29.03000 5.487670 -0.935081
SERIE 29.03500 5.820024 -1.044771
SERIE 29.04000 6.121558 -1.177046
SERIE 29.04500 6.387301 -1.324696
SERIE 29.05000 6.614003 -1.481844
SERIE 29.05500 6.800215 -1.644084
SERIE 29.06000 6.945200 -1.807877
SERIE 29.06500 7.048372 -1.970514
SERIE 29.07000 7.111246 -2.130226
SERIE 29.07500 7.135556 -2.285268
SERIE 29.08000 7.122891 -2.434564
SERIE 29.08500 7.076791 -2.577235
SERIE 29.09000 7.000356 -2.712489
SERIE 29.09500 6.897137 -2.839619
SERIE 29.10000 6.770937 -2.958096
SERIE 29.10500 6.625393 -3.067307
SERIE 29.11000 6.464738 -3.166732
SERIE 29.11500 6.292612 -3.255620
SERIE 29.12000 6.112942 -3.333662
SERIE 29.12500 5.928956 -3.400001
SERIE 29.13000 5.744448 -3.454227
SERIE 29.13500 5.562067 -3.495648
SERIE 29.14000 5.384938 -3.523764
SERIE 29.14500 5.215056 -3.538114
SERIE 29.15000 5.054615 -3.538316
SERIE 29.15500 4.905549 -3.524183
SERIE 29.16000 4.768669 -3.495495
SERIE 29.16500 4.645331 -3.452410
SERIE 29.17000 4.535700 -3.394989
SERIE 29.17500 4.440150 -3.323693
SERIE 29.18000 4.358501 -3.239091
SERIE 29.18500 4.290263 -3.141941
SERIE 29.19000 4.234830 -3.033229
SERIE 29.19500 4.191337 -2.914089
SERIE 29.20000 4.158336 -2.785773
SERIE 29.20500 4.135041 -2.649949
SERIE 29.21000 4.119912 -2.508028
SERIE 29.21500 4.111464 -2.361784
SERIE 29.22000 4.108482 -2.213026
SERIE 29.22500 4.109561 -2.063618
SERIE 29.23000 4.113382 -1.915296
SERIE 29.23500 4.118957 -1.769900
SERIE 29.24000 4.124423 -1.629133
SERIE 29.24500 4.129724 -1.494592
SERIE 29.25000 4.133436 -1.367838
SERIE 29.25500 4.135100 -1.250157
SERIE 29.26000 4.134183 -1.142715
SERIE 29.26500 4.130281 -1.046444
SERIE 29.27000 4.123255 -0.962109
SERIE 29.27500 4.113186 -0.890352
SERIE 29.28000 4.099971 -0.831317
SERIE 29.28500 4.084004 -0.785264
SERIE 29.29000 4.065589 -0.751994
SERIE 29.29500 4.045192 -0.731314
SERIE 29.30000 4.023302 -0.722705
SERIE 29.30500 4.000469 -0.725575
SERIE 29.31000 3.977405 -0.739183
SERIE 29.31500 3.954684 -0.762668
SERIE 29.32000 3.932926 -0.795063
SERIE 29.32500 3.912813 -0.835389
SERIE 29.33000 3.894898 -0.882568
SERIE 29.33500 3.879770 -0.935534
SERIE 29.34000 3.867901 -0.993239
SERIE 29.34500 3.859725 -1.054602
SERIE 29.35000 3.855616 -1.118628
SERIE 29.35500 3.855869 -1.184352
SERIE 29.36000 3.860670 -1.250900
SERIE 29.36500 3.870157 -1.317422
SERIE 29.37000 3.884358 -1.383202
SERIE 29.37500 3.903221 -1.447584
SERIE 29.38000 3.926659 -1.510012
SERIE 29.38500 3.954451 -1.570007
SERIE 29.39000 3.986324 -1.627214
SERIE 29.39500 4.022009 -1.681303
SERIE 29.40000 4.061027 -1.732146
SERIE 29.40500 4.103128 -1.779536
SERIE 29.41000 4.147591 -1.823460
SERIE 29.41500 4.194209 -1.863939
SERIE 29.42000 4.242245 -1.900979
SERIE 29.42500 4.291263 -1.934821
SERIE 29.43000 4.340709 -1.965485
SERIE 29.43500 4.390042 -1.993248
SERIE 29.44000 4.438809 -2.018301
SERIE 29.44500 4.486411 -2.040860
SERIE 29.45000 4.532399 -2.061191
SERIE 29.45500 4.576328 -2.079493
SERIE 29.46000 4.617850 -2.096084
SERIE 29.46500 4.656437 -2.111085
SERIE 29.47000 4.691960 -2.124777
SERIE 29.47500 4.723950 -2.137324
SERIE 29.48000 4.752311 -2.148908
SERIE 29.48500 4.776821 -2.159670
SERIE 29.49000 4.797320 -2.169723
SERIE 29.49500 4.813768 -2.179171
SERIE 29.50000 4.826130 -2.188075
SERIE 29.50500 4.834427 -2.196479
SERIE 29.51000 12.537194 3.509553
SERIE 29.51500 10.680649 1.595421
SERIE 29.52000 11.631005 1.987614
SERIE 29.52500 12.766095 2.564261
SERIE 29.53000 13.738687 3.052200
SERIE 29.53500 14.534226 3.455938
SERIE 29.54000 15.143136 3.777581
SERIE 29.54500 15.565813 4.013343
SERIE 29.55000 15.799700 4.166612
SERIE 29.55500 15.842778 4.239882
SERIE 29.56000 15.697720 4.236730
SERIE 29.56500 15.373963 4.160819
SERIE 29.57000 14.879268 4.015173
SERIE 29.57500 14.230058 3.806717
SERIE 29.58000 13.442192 3.540510
SERIE 29.58500 12.533965 3.223865
SERIE 29.59000 11.523960 2.863824
SERIE 29.59500 10.435222 2.466730
SERIE 29.60000 9.290163 2.041196
SERIE 29.60500 8.110177 1.591974
SERIE 29.61000 6.915054 1.127133
SERIE 29.61500 5.729498 0.652583
SERIE 29.62000 4.569186 0.175278
SERIE 29.62500 3.457050 -0.299067
SERIE 29.63000 2.405247 -0.764575
SERIE 29.63500 1.430758 -1.215691
SERIE 29.64000 0.544853 -1.647418
SERIE 29.64500 -0.241956 -2.054437
SERIE 29.65000 -0.921692 -2.432679
SERIE 29.65500 -1.488022 -2.777353
SERIE 29.66000 -1.938933 -3.085059
SERIE 29.66500 -2.270644 -3.352225
SERIE 29.67000 -2.487108 -3.576396
SERIE 29.67500 -2.587367 -3.755203
SERIE 29.68000 -2.578207 -3.887610
SERIE 29.68500 -2.464235 -3.972624
SERIE 29.69000 -2.254134 -4.010616
SERIE 29.69500 -1.955495 -4.001972
SERIE 29.70000 -1.578313 -3.948697
SERIE 29.70500 -1.133493 -3.852721
SERIE 29.71000 -0.631745 -3.717116
SERIE 29.71500 -0.084900 -3.545510
SERIE 29.72000 0.496237 -3.341685
SERIE 29.72500 1.099424 -3.110354
SERIE 29.73000 1.713334 -2.856388
SERIE 29.73500 2.327442 -2.584445
SERIE 29.74000 2.931203 -2.299800
SERIE 29.74500 3.515171 -2.007627
SERIE 29.75000 4.071289 -1.713186
SERIE 29.75500 4.590264 -1.421302
SERIE 29.76000 5.067482 -1.136747
SERIE 29.76500 5.495508 -0.863885
SERIE 29.77000 5.871566 -0.606699
SERIE 29.77500 6.191763 -0.368931
SERIE 29.78000 6.453678 -0.153322
SERIE 29.78500 6.656602 0.037347
SERIE 29.79000 6.800337 0.201204
SERIE 29.79500 6.886101 0.336832
SERIE 29.80000 6.915607 0.443402
SERIE 29.80500 6.891139 0.520585
SERIE 29.81000 6.816643 0.568665
SERIE 29.81500 6.695605 0.588338
SERIE 29.82000 6.532781 0.580802
SERIE 29.82500 6.332949 0.547697
SERIE 29.83000 6.101214 0.491040
SERIE 29.83500 5.843006 0.413079
SERIE 29.84000 5.563771 0.316419
SERIE 29.84500 5.268988 0.203770
SERIE 29.85000 4.964091 0.077998
SERIE 29.85500 4.654289 -0.057979
SERIE 29.86000 4.344621 -0.201202
SERIE 29.86500 4.040796 -0.348701
SERIE 29.87000 3.745133 -0.497589
SERIE 29.87500 3.463243 -0.645175
SERIE 29.88000 3.197959 -0.788877
SERIE 29.88500 2.952550 -0.926456
SERIE 29.89000 2.729864 -1.055641
SERIE 29.89500 2.531783 -1.174633
SERIE 29.90000 2.360278 -1.281813
SERIE 29.90500 2.216294 -1.375814
SERIE 29.91000 2.100536 -1.455586
SERIE 29.91500 2.013161 -1.520450
SERIE 29.92000 1.954057 -1.569865
SERIE 29.92500 1.922629 -1.603727
SERIE 29.93000 1.917772 -1.622116
SERIE 29.93500 1.938197 -1.625293
SERIE 29.94000 1.982170 -1.613916
SERIE 29.94500 2.047761 -1.588694
SERIE 29.95000 2.132882 -1.550613
SERIE 29.95500 2.235036 -1.500780
SERIE 29.96000 2.351820 -1.440496
SERIE 29.96500 2.480708 -1.371091
SERIE 29.97000 2.618931 -1.293990
SERIE 29.97500 2.763846 -1.210799
SERIE 29.98000 2.913102 -1.122891
SERIE 29.98500 3.063829 -1.031888
SERIE 29.99000 3.213752 -0.939182
SERIE 29.99500 3.360511 -0.846302
SERIE 30.00000 3.501794 -0.754574
SERIE 30.00500 3.635997 -0.665280
SERIE 30.01000 4.071211 -0.588528
SERIE 30.01500 4.134024 -0.357336
SERIE 30.02000 4.367367 -0.211380
SERIE 30.02500 4.553440 -0.052651
SERIE 30.03000 4.708567 0.099053
SERIE 30.03500 4.832401 0.237487
SERIE 30.04000 4.922022 0.360876
SERIE 30.04500 4.979758 0.469503
SERIE 30.05000 5.006515 0.562664
SERIE 30.05500 5.005194 0.641202
SERIE 30.06000 4.978864 0.705571
SERIE 30.06500 4.928847 0.755888
SERIE 30.07000 4.858835 0.792478
SERIE 30.07500 4.769825 0.815462
SERIE 30.08000 4.664348 0.825155
SERIE 30.08500 4.544177 0.822020
SERIE 30.09000 4.411671 0.806687
SERIE 30.09500 4.269071 0.780082
SERIE 30.10000 4.118863 0.743271
SERIE 30.10500 3.963640 0.697478
SERIE 30.11000 3.806078 0.644073
SERIE 30.11500 3.648603 0.584479
SERIE 30.12000 3.493883 0.520147
SERIE 30.12500 3.344073 0.452575
SERIE 30.13000 3.201500 0.383035
SERIE 30.13500 3.067569 0.312941
SERIE 30.14000 2.944116 0.243515
SERIE 30.14500 2.832523 0.175919
SERIE 30.15000 2.733920 0.111216
SERIE 30.15500 2.648573 0.050276
SERIE 30.16000 2.577333 -0.005911
SERIE 30.16500 2.520624 -0.056735
SERIE 30.17000 2.478269 -0.101580
SERIE 30.17500 2.450337 -0.139954
SERIE 30.18000 2.436338 -0.171539
SERIE 30.18500 2.435683 -0.196104
SERIE 30.19000 2.447632 -0.213573
SERIE 30.19500 2.471346 -0.224001
SERIE 30.20000 2.505719 -0.227530
SERIE 30.20500 2.549583 -0.224393
SERIE 30.21000 2.601774 -0.214885
SERIE 30.21500 2.660934 -0.199508
SERIE 30.22000 2.725751 -0.178713
SERIE 30.22500 2.794870 -0.153063
SERIE 30.23000 2.866899 -0.123213
SERIE 30.23500 2.940511 -0.089830
SERIE 30.24000 3.014337 -0.053521
SERIE 30.24500 3.087317 -0.015032
SERIE 30.25000 3.158198 0.025002
SERIE 30.25500 3.225950 0.065894
SERIE 30.26000 3.289618 0.106960
SERIE 30.26500 3.348460 0.147610
SERIE 30.27000 3.401626 0.187237
SERIE 30.27500 3.448697 0.225322
SERIE 30.28000 3.489041 0.261357
SERIE 30.28500 3.522442 0.294926
SERIE 30.29000 3.548654 0.325592
SERIE 30.29500 3.567607 0.353111
SERIE 30.30000 3.579344 0.377198
SERIE 30.30500 3.583991 0.397658
SERIE 30.31000 3.581887 0.414376
SERIE 30.31500 3.573282 0.427323
SERIE 30.32000 3.558678 0.436493
SERIE 30.32500 3.538547 0.441970
SERIE 30.33000 3.513430 0.443862
SERIE 30.33500 3.483969 0.442344
SERIE 30.34000 3.450813 0.437622
SERIE 30.34500 3.414639 0.429984
SERIE 30.35000 3.376175 0.419686
SERIE 30.35500 3.336061 0.407061
SERIE 30.36000 3.295006 0.392436
SERIE 30.36500 3.253707 0.376161
SERIE 30.37000 3.212772 0.358587
SERIE 30.37500 3.172815 0.340092
SERIE 30.38000 3.134390 0.321017
SERIE 30.38500 3.098065 0.301713
SERIE 30.39000 3.064229 0.282498
SERIE 30.39500 3.033301 0.263711
SERIE 30.40000 3.005605 0.245601
SERIE 30.40500 2.981441 0.228446
SERIE 30.41000 2.960959 0.212480
SERIE 30.41500 2.944303 0.197904
SERIE 30.42000 2.931576 0.184879
SERIE 30.42500 2.922725 0.173548
SERIE 30.43000 2.917718 0.164001
SERIE 30.43500 2.916464 0.156309
SERIE 30.44000 2.918767 0.150482
SERIE 30.44500 2.924441 0.146550
SERIE 30.45000 2.933233 0.144461
SERIE 30.45500 2.944837 0.144159
SERIE 30.46000 2.958933 0.145544
SERIE 30.46500 2.975191 0.148523
SERIE 30.47000 2.993228 0.152927
SERIE 30.47500 3.012722 0.158642
SERIE 30.48000 3.033256 0.165468
SERIE 30.48500 3.054486 0.173266
SERIE 30.49000 3.076052 0.181822
SERIE 30.49500 3.097599 0.190968
SERIE 30.50000 3.118828 0.200512
SERIE 30.50500 3.139403 0.210286
SERIE 30.51000 3.902228 0.480519
SERIE 30.51500 3.538310 0.314590
SERIE 30.52000 3.726311 0.376625
SERIE 30.52500 3.818353 0.392964
SERIE 30.53000 3.878688 0.396212
SERIE 30.53500 3.918270 0.392214
SERIE 30.54000 3.939289 0.380174
SERIE 30.54500 3.943078 0.361313
SERIE 30.55000 3.929332 0.335660
SERIE 30.55500 3.899181 0.304069
SERIE 30.56000 3.854424 0.267105
SERIE 30.56500 3.795766 0.225717
SERIE 30.57000 3.725350 0.180486
SERIE 30.57500 3.645027 0.132510
SERIE 30.58000 3.556211 0.082519
SERIE 30.58500 3.460926 0.031434
SERIE 30.59000 3.360940 -0.019880
SERIE 30.59500 3.258384 -0.070577
SERIE 30.60000 3.154658 -0.119934
SERIE 30.60500 3.051736 -0.167162
SERIE 30.61000 2.951037 -0.211599
SERIE 30.61500 2.854225 -0.252705
SERIE 30.62000 2.762583 -0.289915
SERIE 30.62500 2.677222 -0.322861
SERIE 30.63000 2.599344 -0.351153
SERIE 30.63500 2.529828 -0.374622
SERIE 30.64000 2.469305 -0.393092
SERIE 30.64500 2.418362 -0.406501
SERIE 30.65000 2.377429 -0.414860
SERIE 30.65500 2.346571 -0.418300
SERIE 30.66000 2.325854 -0.417008
SERIE 30.66500 2.315116 -0.411225
SERIE 30.67000 2.314170 -0.401269
SERIE 30.67500 2.322417 -0.387516
SERIE 30.68000 2.339454 -0.370374
SERIE 30.68500 2.364525 -0.350330
SERIE 30.69000 2.396921 -0.327818
SERIE 30.69500 2.435761 -0.303378
SERIE 30.70000 2.480193 -0.277478
SERIE 30.70500 2.529205 -0.250660
SERIE 30.71000 2.581890 -0.223402
SERIE 30.71500 2.637306 -0.196166
SERIE 30.72000 2.694388 -0.169413
SERIE 30.72500 2.752256 -0.143579
SERIE 30.73000 2.809960 -0.119024
SERIE 30.73500 2.866634 -0.096078
SERIE 30.74000 2.921462 -0.075075
SERIE 30.74500 2.973729 -0.056232
SERIE 30.75000 3.022739 -0.039758
SERIE 30.75500 3.067956 -0.025785
SERIE 30.76000 3.108840 -0.014442
SERIE 30.76500 3.145015 -0.005751
SERIE 30.77000 3.176255 0.000294
SERIE 30.77500 3.202311 0.003722
SERIE 30.78000 3.223019 0.004602
SERIE 30.78500 3.238453 0.003075
SERIE 30.79000 3.248577 -0.000717
SERIE 30.79500 3.253634 -0.006577
SERIE 30.80000 3.253761 -0.014300
SERIE 30.80500 3.249272 -0.023655
SERIE 30.81000 3.240482 -0.034400
SERIE 30.81500 3.227826 -0.046282
SERIE 30.82000 3.211676 -0.059052
SERIE 30.82500 3.192577 -0.072429
SERIE 30.83000 3.170912 -0.086202
SERIE 30.83500 3.147248 -0.100102
SERIE 30.84000 3.122044 -0.113887
SERIE 30.84500 3.095893 -0.127360
SERIE 30.85000 3.069149 -0.140298
SERIE 30.85500 3.042393 -0.152554
SERIE 30.86000 3.016087 -0.163923
SERIE 30.86500 2.990637 -0.174307
SERIE 30.87000 2.966416 -0.183566
SERIE 30.87500 2.943816 -0.191620
SERIE 30.88000 2.923115 -0.198409
SERIE 30.88500 2.904625 -0.203894
SERIE 30.89000 2.888534 -0.208041
SERIE 30.89500 2.874993 -0.210877
SERIE 30.90000 2.864146 -0.212429
SERIE 30.90500 2.856066 -0.212733
SERIE 30.91000 2.850748 -0.211864
SERIE 30.91500 2.848225 -0.209890
SERIE 30.92000 2.848362 -0.206920
SERIE 30.92500 2.851117 -0.203054
SERIE 30.93000 2.856319 -0.198408
SERIE 30.93500 2.863792 -0.193099
SERIE 30.94000 2.873343 -0.187258
SERIE 30.94500 2.884741 -0.181006
SERIE 30.95000 2.897780 -0.174467
SERIE 30.95500 2.912146 -0.167772
SERIE 30.96000 2.927639 -0.161040
SERIE 30.96500 2.943945 -0.154384
SERIE 30.97000 2.960815 -0.147921
SERIE 30.97500 2.977976 -0.141743
SERIE 30.98000 2.995206 -0.135932
SERIE 30.98500 3.012190 -0.130583
SERIE 30.99000 3.028803 -0.125747
SERIE 30.99500 3.044749 -0.121495
SERIE 31.00000 3.059886 -0.117864
SERIE 31.00500 3.074012 -0.114883
SERIE 31.01000 2.285098 -0.073589
SERIE 31.01500 2.193176 -0.314404
SERIE 31.02000 2.298822 -0.178247
SERIE 31.02500 2.367892 -0.110140
SERIE 31.03000 2.411799 -0.073952
SERIE 31.03500 2.436659 -0.060614
SERIE 31.04000 2.442022 -0.069734
SERIE 31.04500 2.430100 -0.099716
SERIE 31.05000 2.405168 -0.148903
SERIE 31.05500 2.369266 -0.214587
SERIE 31.06000 2.325902 -0.294172
SERIE 31.06500 2.277655 -0.385257
SERIE 31.07000 2.226337 -0.485593
SERIE 31.07500 2.173567 -0.592741
SERIE 31.08000 2.120517 -0.704770
SERIE 31.08500 2.068369 -0.819713
SERIE 31.09000 2.018299 -0.935660
SERIE 31.09500 1.971351 -1.050664
SERIE 31.10000 1.928903 -1.162882
SERIE 31.10500 1.892001 -1.270583
SERIE 31.11000 1.861834 -1.372041
SERIE 31.11500 1.839728 -1.465871
SERIE 31.12000 1.826176 -1.550723
SERIE 31.12500 1.822026 -1.625583
SERIE 31.13000 1.827877 -1.689651
SERIE 31.13500 1.843697 -1.742339
SERIE 31.14000 1.869463 -1.783439
SERIE 31.14500 1.905020 -1.812874
SERIE 31.15000 1.949847 -1.830859
SERIE 31.15500 2.003419 -1.837789
SERIE 31.16000 2.064935 -1.834262
SERIE 31.16500 2.133557 -1.820950
SERIE 31.17000 2.208353 -1.798764
SERIE 31.17500 2.288361 -1.768592
SERIE 31.18000 2.372369 -1.731605
SERIE 31.18500 2.459343 -1.688787
SERIE 31.19000 2.548086 -1.641344
SERIE 31.19500 2.637465 -1.590436
SERIE 31.20000 2.726465 -1.537167
SERIE 31.20500 2.813970 -1.482656
SERIE 31.21000 2.898953 -1.427957
SERIE 31.21500 2.980545 -1.374037
SERIE 31.22000 3.057891 -1.321729
SERIE 31.22500 3.130402 -1.271845
SERIE 31.23000 3.197382 -1.225028
SERIE 31.23500 3.258518 -1.181843
SERIE 31.24000 3.313330 -1.142710
SERIE 31.24500 3.361769 -1.107931
SERIE 31.25000 3.403727 -1.077713
SERIE 31.25500 3.439218 -1.052111
SERIE 31.26000 3.468424 -1.031104
SERIE 31.26500 3.491707 -1.014567
SERIE 31.27000 3.509403 -1.002275
SERIE 31.27500 3.522006 -0.993918
SERIE 31.28000 3.530034 -0.989148
SERIE 31.28500 3.534120 -0.987545
SERIE 31.29000 3.534898 -0.988675
SERIE 31.29500 3.533047 -0.992061
SERIE 31.30000 3.529243 -0.997213
SERIE 31.30500 3.524179 -1.003648
SERIE 31.31000 3.518540 -1.010894
SERIE 31.31500 3.512948 -1.018512
SERIE 31.32000 3.508061 -1.026074
SERIE 31.32500 3.504373 -1.033201
SERIE 31.33000 3.502414 -1.039576
SERIE 31.33500 3.502626 -1.044918
SERIE 31.34000 3.505401 -1.048997
SERIE 31.34500 3.510986 -1.051644
SERIE 31.35000 3.519647 -1.052744
SERIE 31.35500 3.531554 -1.052262
SERIE 31.36000 3.546717 -1.050172
SERIE 31.36500 3.565236 -1.046544
SERIE 31.37000 3.587031 -1.041471
SERIE 31.37500 3.611947 -1.035103
SERIE 31.38000 3.639852 -1.027589
SERIE 31.38500 3.670514 -1.019160
SERIE 31.39000 3.703711 -1.010015
SERIE 31.39500 3.739088 -1.000398
SERIE 31.40000 3.776401 -0.990564
SERIE 31.40500 3.815210 -0.980752
SERIE 31.41000 3.855254 -0.971240
SERIE 31.41500 3.896127 -0.962230
SERIE 31.42000 3.937430 -0.953957
SERIE 31.42500 3.978906 -0.946625
SERIE 31.43000 4.020117 -0.940434
SERIE 31.43500 4.060758 -0.935528
SERIE 31.44000 4.100623 -0.932066
SERIE 31.44500 4.139356 -0.930124
SERIE 31.45000 4.176718 -0.929799
SERIE 31.45500 4.212529 -0.931131
SERIE 31.46000 4.246642 -0.934147
SERIE 31.46500 4.278871 -0.938819
SERIE 31.47000 4.309135 -0.945116
SERIE 31.47500 4.337420 -0.952979
SERIE 31.48000 4.363663 -0.962304
SERIE 31.48500 4.387865 -0.972997
SERIE 31.49000 4.410078 -0.984915
SERIE 31.49500 4.430409 -0.997932
SERIE 31.50000 4.448870 -1.011888
SERIE 31.50500 4.465617 -1.026622
SERIE 31.51000 13.386637 5.330037
SERIE 31.51500 11.515594 3.724870
SERIE 31.52000 12.858993 4.202211
SERIE 31.52500 14.330489 4.931509
SERIE 31.53000 15.574838 5.562180
SERIE 31.53500 16.592072 6.086534
SERIE 31.54000 17.369967 6.506040
SERIE 31.54500 17.907280 6.818346
SERIE 31.55000 18.200572 7.025207
SERIE 31.55500 18.255608 7.129700
SERIE 31.56000 18.077328 7.137809
SERIE 31.56500 17.674882 7.050853
SERIE 31.57000 17.061016 6.874141
SERIE 31.57500 16.256022 6.615267
SERIE 31.58000 15.277892 6.280987
SERIE 31.58500 14.149780 5.879545
SERIE 31.59000 12.897183 5.422146
SERIE 31.59500 11.547551 4.916144
SERIE 31.60000 10.125177 4.371167
SERIE 31.60500 8.658272 3.795896
SERIE 31.61000 7.173318 3.198734
SERIE 31.61500 5.698090 2.589080
SERIE 31.62000 4.253164 1.973830
SERIE 31.62500 2.864155 1.361641
SERIE 31.63000 1.552428 0.759915
SERIE 31.63500 0.334150 0.175310
SERIE 31.64000 -0.775116 -0.385606
SERIE 31.64500 -1.761870 -0.916555
SERIE 31.65000 -2.616011 -1.411660
SERIE 31.65500 -3.330224 -1.866049
SERIE 31.66000 -3.900687 -2.274881
SERIE 31.66500 -4.325578 -2.634274
SERIE 31.67000 -4.603409 -2.940957
SERIE 31.67500 -4.738836 -3.192561
SERIE 31.68000 -4.737387 -3.387419
SERIE 31.68500 -4.605182 -3.524585
SERIE 31.69000 -4.352026 -3.603972
SERIE 31.69500 -3.987587 -3.626386
SERIE 31.70000 -3.525097 -3.593525
SERIE 31.70500 -2.976191 -3.507969
SERIE 31.71000 -2.355028 -3.372976
SERIE 31.71500 -1.676100 -3.192528
SERIE 31.72000 -0.953805 -2.971551
SERIE 31.72500 -0.201514 -2.715216
SERIE 31.73000 0.565680 -2.428915
SERIE 31.73500 1.334841 -2.118808
SERIE 31.74000 2.092177 -1.791214
SERIE 31.74500 2.826549 -1.451862
SERIE 31.75000 3.526660 -1.107505
SERIE 31.75500 4.182160 -0.763821
SERIE 31.76000 4.785642 -0.426889
SERIE 31.76500 5.329635 -0.102187
SERIE 31.77000 5.808619 0.205141
SERIE 31.77500 6.217312 0.490493
SERIE 31.78000 6.554334 0.749943
SERIE 31.78500 6.816973 0.979930
SERIE 31.79000 7.005858 1.177900
SERIE 31.79500 7.121543 1.341584
SERIE 31.80000 7.166198 1.469785
SERIE 31.80500 7.143320 1.561751
SERIE 31.81000 7.056831 1.617537
SERIE 31.81500 6.911510 1.637716
SERIE 31.82000 6.713224 1.623540
SERIE 31.82500 6.467862 1.576807
SERIE 31.83000 6.181787 1.499712
SERIE 31.83500 5.861606 1.394911
SERIE 31.84000 5.514805 1.265433
SERIE 31.84500 5.147622 1.114555
SERIE 31.85000 4.767173 0.945761
SERIE 31.85500 4.380200 0.762634
SERIE 31.86000 3.993188 0.568950
SERIE 31.86500 3.611375 0.368223
SERIE 31.87000 3.241638 0.164118
SERIE 31.87500 2.887784 -0.039874
SERIE 31.88000 2.555510 -0.240604
SERIE 31.88500 2.247836 -0.434903
SERIE 31.89000 1.968812 -0.620109
SERIE 31.89500 1.721082 -0.793691
SERIE 31.90000 1.506268 -0.953512
SERIE 31.90500 1.326756 -1.097753
SERIE 31.91000 1.182679 -1.224994
SERIE 31.91500 1.074942 -1.334119
SERIE 31.92000 1.002781 -1.424408
SERIE 31.92500 0.965869 -1.495461
SERIE 31.93000 0.962610 -1.547232
SERIE 31.93500 0.991476 -1.579982
SERIE 31.94000 1.050134 -1.594321
SERIE 31.94500 1.136405 -1.590998
SERIE 31.95000 1.247271 -1.571135
SERIE 31.95500 1.379932 -1.536002
SERIE 31.96000 1.531355 -1.487076
SERIE 31.96500 1.698151 -1.425944
SERIE 31.97000 1.876965 -1.354366
SERIE 31.97500 2.064423 -1.274116
SERIE 31.98000 2.257451 -1.187028
SERIE 31.98500 2.452522 -1.094960
SERIE 31.99000 2.646612 -0.999876
SERIE 31.99500 2.836923 -0.903415
SERIE 32.00000 3.020570 -0.807377
SERIE 32.00500 3.195164 -0.713395
SERIE 32.01000 3.786750 -0.383653
SERIE 32.01500 3.720216 -0.406795
SERIE 32.02000 3.964694 -0.255277
SERIE 32.02500 4.134203 -0.145590
SERIE 32.03000 4.272026 -0.056199
SERIE 32.03500 4.382404 0.014743
SERIE 32.04000 4.465731 0.067126
SERIE 32.04500 4.521613 0.100448
SERIE 32.05000 4.551169 0.115189
SERIE 32.05500 4.554691 0.112486
SERIE 32.06000 4.533239 0.093016
SERIE 32.06500 4.488909 0.058023
SERIE 32.07000 4.423549 0.009295
SERIE 32.07500 4.339053 -0.052049
SERIE 32.08000 4.237790 -0.124256
SERIE 32.08500 4.122352 -0.205693
SERIE 32.09000 3.995401 -0.294632
SERIE 32.09500 3.859424 -0.389353
SERIE 32.10000 3.717067 -0.488184
SERIE 32.10500 3.570968 -0.589426
SERIE 32.11000 3.423561 -0.691537
SERIE 32.11500 3.277466 -0.792855
SERIE 32.12000 3.134809 -0.892010
SERIE 32.12500 2.997601 -0.987610
SERIE 32.13000 2.867853 -1.078399
SERIE 32.13500 2.747139 -1.163292
SERIE 32.14000 2.637066 -1.241350
SERIE 32.14500 2.538783 -1.311767
SERIE 32.15000 2.453082 -1.373915
SERIE 32.15500 2.380643 -1.427311
SERIE 32.16000 2.321989 -1.471695
SERIE 32.16500 2.277531 -1.506859
SERIE 32.17000 2.247030 -1.532824
SERIE 32.17500 2.230368 -1.549721
SERIE 32.18000 2.227113 -1.557856
SERIE 32.18500 2.236636 -1.557578
SERIE 32.19000 2.258164 -1.549394
SERIE 32.19500 2.290806 -1.533898
SERIE 32.20000 2.333412 -1.511803
SERIE 32.20500 2.384949 -1.483784
SERIE 32.21000 2.444125 -1.450719
SERIE 32.21500 2.509634 -1.413399
SERIE 32.22000 2.580191 -1.372688
SERIE 32.22500 2.654429 -1.329480
SERIE 32.23000 2.730998 -1.284637
SERIE 32.23500 2.808640 -1.239011
SERIE 32.24000 2.886080 -1.193425
SERIE 32.24500 2.962108 -1.148640
SERIE 32.25000 3.035610 -1.105377
SERIE 32.25500 3.105555 -1.064330
SERIE 32.26000 3.171083 -1.026056
SERIE 32.26500 3.231362 -0.991096
SERIE 32.27000 3.285684 -0.959848
SERIE 32.27500 3.333568 -0.932648
SERIE 32.28000 3.374559 -0.909779
SERIE 32.28500 3.408354 -0.891392
SERIE 32.29000 3.434850 -0.877577
SERIE 32.29500 3.453886 -0.868353
SERIE 32.30000 3.465655 -0.863615
SERIE 32.30500 3.470265 -0.863271
SERIE 32.31000 3.468071 -0.867091
SERIE 32.31500 3.459415 -0.874819
SERIE 32.32000 3.444763 -0.886140
SERIE 32.32500 3.424664 -0.900682
SERIE 32.33000 3.399723 -0.918057
SERIE 32.33500 3.370583 -0.937832
SERIE 32.34000 3.337947 -0.959568
SERIE 32.34500 3.302486 -0.982803
SERIE 32.35000 3.264922 -1.007071
SERIE 32.35500 3.226002 -1.031918
SERIE 32.36000 3.186399 -1.056897
SERIE 32.36500 3.146728 -1.081577
SERIE 32.37000 3.107723 -1.105563
SERIE 32.37500 3.069914 -1.128479
SERIE 32.38000 3.033846 -1.149971
SERIE 32.38500 3.000051 -1.169743
SERIE 32.39000 2.968933 -1.187517
SERIE 32.39500 2.940857 -1.203075
SERIE 32.40000 2.916132 -1.216252
SERIE 32.40500 2.895007 -1.226893
SERIE 32.41000 2.877633 -1.234935
SERIE 32.41500 2.864105 -1.240314
SERIE 32.42000 2.854467 -1.243044
SERIE 32.42500 2.848692 -1.243156
SERIE 32.43000 2.846656 -1.240728
SERIE 32.43500 2.848266 -1.235877
SERIE 32.44000 2.853281 -1.228752
SERIE 32.44500 2.861496 -1.219525
SERIE 32.45000 2.872603 -1.208399
SERIE 32.45500 2.886301 -1.195593
SERIE 32.46000 2.902275 -1.181330
SERIE 32.46500 2.920123 -1.165889
SERIE 32.47000 2.939517 -1.149489
SERIE 32.47500 2.960080 -1.132398
SERIE 32.48000 2.981413 -1.114847
SERIE 32.48500 3.003204 -1.097095
SERIE 32.49000 3.025052 -1.079359
SERIE 32.49500 3.046656 -1.061874
SERIE 32.50000 3.067695 -1.044812
SERIE 32.50500 3.087889 -1.028382
SERIE 32.51000 1.925466 -1.115725
SERIE 32.51500 1.856627 -1.174721
SERIE 32.52000 1.856796 -1.167423
SERIE 32.52500 1.835185 -1.190720
SERIE 32.53000 1.809949 -1.228700
SERIE 32.53500 1.780820 -1.279413
SERIE 32.54000 1.750197 -1.341701
SERIE 32.54500 1.720471 -1.414006
SERIE 32.55000 1.693472 -1.494827
SERIE 32.55500 1.669420 -1.582440
SERIE 32.56000 1.650258 -1.675320
SERIE 32.56500 1.636663 -1.771807
SERIE 32.57000 1.629188 -1.870335
SERIE 32.57500 1.628836 -1.969262
SERIE 32.58000 1.635733 -2.067201
SERIE 32.58500 1.650282 -2.162752
SERIE 32.59000 1.672811 -2.254694
SERIE 32.59500 1.703109 -2.341811
SERIE 32.60000 1.741252 -2.423116
SERIE 32.60500 1.786894 -2.497736
SERIE 32.61000 1.839675 -2.564882
SERIE 32.61500 1.899090 -2.624073
SERIE 32.62000 1.964660 -2.674791
SERIE 32.62500 2.035595 -2.716809
SERIE 32.63000 2.111222 -2.749987
SERIE 32.63500 2.190684 -2.774439
SERIE 32.64000 2.273174 -2.790264
SERIE 32.64500 2.357681 -2.797808
SERIE 32.65000 2.443510 -2.797473
SERIE 32.65500 2.529606 -2.789791
SERIE 32.66000 2.615148 -2.775368
SERIE 32.66500 2.699277 -2.754894
SERIE 32.67000 2.781337 -2.729089
SERIE 32.67500 2.860385 -2.698697
SERIE 32.68000 2.935897 -2.664521
SERIE 32.68500 3.007235 -2.627270
SERIE 32.69000 3.073929 -2.587726
SERIE 32.69500 3.135564 -2.546616
SERIE 32.70000 3.191835 -2.504597
SERIE 32.70500 3.242427 -2.462288
SERIE 32.71000 3.287367 -2.420265
SERIE 32.71500 3.326428 -2.378996
SERIE 32.72000 3.359680 -2.338898
SERIE 32.72500 3.387323 -2.300347
SERIE 32.73000 3.409488 -2.263556
SERIE 32.73500 3.426349 -2.228742
SERIE 32.74000 3.438309 -2.196024
SERIE 32.74500 3.445743 -2.165439
SERIE 32.75000 3.448985 -2.136948
SERIE 32.75500 3.448527 -2.110517
SERIE 32.76000 3.444845 -2.085997
SERIE 32.76500 3.438378 -2.063253
SERIE 32.77000 3.429713 -2.042037
SERIE 32.77500 3.419310 -2.022170
SERIE 32.78000 3.407632 -2.003378
SERIE 32.78500 3.395225 -1.985407
SERIE 32.79000 3.382526 -1.968009
SERIE 32.79500 3.369993 -1.950928
SERIE 32.80000 3.358037 -1.933927
SERIE 32.80500 3.347067 -1.916801
SERIE 32.81000 3.337297 -1.899308
SERIE 32.81500 3.329272 -1.881346
SERIE 32.82000 3.322973 -1.862725
SERIE 32.82500 3.318815 -1.843377
SERIE 32.83000 3.316879 -1.823225
SERIE 32.83500 3.317309 -1.802239
SERIE 32.84000 3.320230 -1.780434
SERIE 32.84500 3.325645 -1.757837
SERIE 32.85000 3.333580 -1.734538
SERIE 32.85500 3.343984 -1.710635
SERIE 32.86000 3.356798 -1.686260
SERIE 32.86500 3.371914 -1.661567
SERIE 32.87000 3.389234 -1.636741
SERIE 32.87500 3.408585 -1.611972
SERIE 32.88000 3.429805 -1.587458
SERIE 32.88500 3.452677 -1.563402
SERIE 32.89000 3.477061 -1.540013
SERIE 32.89500 3.502730 -1.517500
SERIE 32.90000 3.529424 -1.496031
SERIE 32.90500 3.557024 -1.475813
SERIE 32.91000 3.585267 -1.456990
SERIE 32.91500 3.613959 -1.439702
SERIE 32.92000 3.642942 -1.424080
SERIE 32.92500 3.671970 -1.410196
SERIE 32.93000 3.700973 -1.398142
SERIE 32.93500 3.729737 -1.387938
SERIE 32.94000 3.758104 -1.379600
SERIE 32.94500 3.785987 -1.373126
SERIE 32.95000 3.813291 -1.368439
SERIE 32.95500 3.839876 -1.365505
SERIE 32.96000 3.865670 -1.364224
SERIE 32.96500 3.890623 -1.364493
SERIE 32.97000 3.914700 -1.366186
SERIE 32.97500 3.937864 -1.369192
SERIE 32.98000 3.960129 -1.373300
SERIE 32.98500 3.981434 -1.378426
SERIE 32.99000 4.001839 -1.384311
SERIE 32.99500 4.021416 -1.390873
SERIE 33.00000 4.040123 -1.397921
SERIE 33.00500 4.058066 -1.405274
SERIE 33.01000 4.263889 -1.234532
SERIE 33.01500 4.350425 -1.237715
SERIE 33.02000 4.487755 -1.159614
SERIE 33.02500 4.621806 -1.084913
SERIE 33.03000 4.754096 -1.014999
SERIE 33.03500 4.878866 -0.946046
SERIE 33.04000 4.995855 -0.881360
SERIE 33.04500 5.102535 -0.821688
SERIE 33.05000 5.197695 -0.767967
SERIE 33.05500 5.280731 -0.721134
SERIE 33.06000 5.350081 -0.681672
SERIE 33.06500 5.405788 -0.650030
SERIE 33.07000 5.447763 -0.626447
SERIE 33.07500 5.475633 -0.610998
SERIE 33.08000 5.490045 -0.603628
SERIE 33.08500 5.491423 -0.604108
SERIE 33.09000 5.480693 -0.611975
SERIE 33.09500 5.458877 -0.626787
SERIE 33.10000 5.427066 -0.647797
SERIE 33.10500 5.386635 -0.674332
SERIE 33.11000 5.338932 -0.705535
SERIE 33.11500 5.285441 -0.740565
SERIE 33.12000 5.227523 -0.778549
SERIE 33.12500 5.166701 -0.818551
SERIE 33.13000 5.104257 -0.859675
SERIE 33.13500 5.041766 -0.901026
SERIE 33.14000 4.980302 -0.941716
SERIE 33.14500 4.921131 -0.980958
SERIE 33.15000 4.865372 -1.018000
SERIE 33.15500 4.813890 -1.052142
SERIE 33.16000 4.767529 -1.082766
SERIE 33.16500 4.726907 -1.109369
SERIE 33.17000 4.692504 -1.131517
SERIE 33.17500 4.664694 -1.148894
SERIE 33.18000 4.643550 -1.161284
SERIE 33.18500 4.629209 -1.168566
SERIE 33.19000 4.621424 -1.170712
SERIE 33.19500 4.620029 -1.167815
SERIE 33.20000 4.624581 -1.160032
SERIE 33.20500 4.634637 -1.147655
SERIE 33.21000 4.649648 -1.131027
SERIE 33.21500 4.668907 -1.110565
SERIE 33.22000 4.691828 -1.086767
SERIE 33.22500 4.717653 -1.060167
SERIE 33.23000 4.745654 -1.031335
SERIE 33.23500 4.775115 -1.000868
SERIE 33.24000 4.805369 -0.969396
SERIE 33.24500 4.835737 -0.937501
SERIE 33.25000 4.865556 -0.905803
SERIE 33.25500 4.894337 -0.874885
SERIE 33.26000 4.921511 -0.845274
SERIE 33.26500 4.946704 -0.817475
SERIE 33.27000 4.969547 -0.791945
SERIE 33.27500 4.989705 -0.769048
SERIE 33.28000 5.007039 -0.749134
SERIE 33.28500 5.021382 -0.732433
SERIE 33.29000 5.032656 -0.719168
SERIE 33.29500 5.040918 -0.709403
SERIE 33.30000 5.046195 -0.703216
SERIE 33.30500 5.048645 -0.700551
SERIE 33.31000 5.048458 -0.701343
SERIE 33.31500 5.045828 -0.705410
SERIE 33.32000 5.041049 -0.712585
SERIE 33.32500 5.034384 -0.722602
SERIE 33.33000 5.026121 -0.735163
SERIE 33.33500 5.016584 -0.749970
SERIE 33.34000 5.006084 -0.766671
SERIE 33.34500 4.994955 -0.784917
SERIE 33.35000 4.983474 -0.804326
SERIE 33.35500 4.971948 -0.824574
SERIE 33.36000 4.960642 -0.845279
SERIE 33.36500 4.949812 -0.866123
SERIE 33.37000 4.939694 -0.886785
SERIE 33.37500 4.930428 -0.906986
SERIE 33.38000 4.922253 -0.926455
SERIE 33.38500 4.915228 -0.944983
SERIE 33.39000 4.909508 -0.962373
SERIE 33.39500 4.905127 -0.978465
SERIE 33.40000 4.902118 -0.993176
SERIE 33.40500 4.900511 -1.006395
SERIE 33.41000 4.900246 -1.018106
SERIE 33.41500 4.901306 -1.028291
SERIE 33.42000 4.903589 -1.036996
SERIE 33.42500 4.907035 -1.044265
SERIE 33.43000 4.911499 -1.050181
SERIE 33.43500 4.916865 -1.054858
SERIE 33.44000 4.922985 -1.058437
SERIE 33.44500 4.929732 -1.061027
SERIE 33.45000 4.936945 -1.062792
SERIE 33.45500 4.944472 -1.063890
SERIE 33.46000 4.952158 -1.064475
SERIE 33.46500 4.959865 -1.064701
SERIE 33.47000 4.967440 -1.064731
SERIE 33.47500 4.974756 -1.064701
SERIE 33.48000 4.981689 -1.064757
SERIE 33.48500 4.988132 -1.065020
SERIE 33.49000 4.993991 -1.065596
SERIE 33.49500 4.999181 -1.066594
SERIE 33.50000 5.003627 -1.068087
SERIE 33.50500 5.007301 -1.070141
SERIE 33.51000 13.364099 5.484506
SERIE 33.51500 11.181232 3.355407
SERIE 33.52000 12.221484 3.889000
SERIE 33.52500 13.394332 4.568734
SERIE 33.53000 14.379818 5.130805
SERIE 33.53500 15.169556 5.586260
SERIE 33.54000 15.760132 5.936875
SERIE 33.54500 16.147147 6.182796
SERIE 33.55000 16.334231 6.326507
SERIE 33.55500 16.317568 6.372422
SERIE 33.56000 16.103424 6.326625
SERIE 33.56500 15.701290 6.191706
SERIE 33.57000 15.120372 5.975079
SERIE 33.57500 14.378764 5.682408
SERIE 33.58000 13.493310 5.322569
SERIE 33.58500 12.484149 4.903887
SERIE 33.59000 11.371627 4.434899
SERIE 33.59500 10.183001 3.925317
SERIE 33.60000 8.937220 3.383639
SERIE 33.60500 7.658658 2.817460
SERIE 33.61000 6.373518 2.236303
SERIE 33.61500 5.100045 1.647169
SERIE 33.62000 3.861675 1.058926
SERIE 33.62500 2.676238 0.477793
SERIE 33.63000 1.562466 -0.088257
SERIE 33.63500 0.534897 -0.633878
SERIE 33.64000 -0.395472 -1.152707
SERIE 33.64500 -1.215325 -1.639155
SERIE 33.65000 -1.919159 -2.088154
SERIE 33.65500 -2.499907 -2.495277
SERIE 33.66000 -2.955676 -2.856113
SERIE 33.66500 -3.283429 -3.167720
SERIE 33.67000 -3.487151 -3.427279
SERIE 33.67500 -3.567710 -3.632406
SERIE 33.68000 -3.530914 -3.782451
SERIE 33.68500 -3.384347 -3.876807
SERIE 33.69000 -3.135901 -3.915967
SERIE 33.69500 -2.794154 -3.901226
SERIE 33.70000 -2.371539 -3.834622
SERIE 33.70500 -1.878424 -3.719109
SERIE 33.71000 -1.326865 -3.558331
SERIE 33.71500 -0.729291 -3.356317
SERIE 33.72000 -0.098556 -3.117978
SERIE 33.72500 0.553223 -2.849032
SERIE 33.73000 1.214507 -2.554567
SERIE 33.73500 1.872792 -2.240846
SERIE 33.74000 2.517673 -1.913582
SERIE 33.74500 3.139748 -1.579042
SERIE 33.75000 3.728106 -1.243153
SERIE 33.75500 4.276136 -0.911452
SERIE 33.76000 4.776958 -0.589704
SERIE 33.76500 5.223740 -0.282884
SERIE 33.77000 5.613208 0.004343
SERIE 33.77500 5.941949 0.267934
SERIE 33.78000 6.206887 0.504202
SERIE 33.78500 6.408326 0.710373
SERIE 33.79000 6.546173 0.884223
SERIE 33.79500 6.621179 1.024002
SERIE 33.80000 6.636234 1.128982
SERIE 33.80500 6.594043 1.198809
SERIE 33.81000 6.498527 1.233849
SERIE 33.81500 6.354195 1.235066
SERIE 33.82000 6.165906 1.204001
SERIE 33.82500 5.939223 1.142602
SERIE 33.83000 5.679649 1.053279
SERIE 33.83500 5.393102 0.938889
SERIE 33.84000 5.085714 0.802456
SERIE 33.84500 4.763279 0.647275
SERIE 33.85000 4.431497 0.476842
SERIE 33.85500 4.096413 0.294686
SERIE 33.86000 3.763048 0.104475
SERIE 33.86500 3.436883 -0.090418
SERIE 33.87000 3.121870 -0.286452
SERIE 33.87500 2.822978 -0.480375
SERIE 33.88000 2.544197 -0.669113
SERIE 33.88500 2.287471 -0.849976
SERIE 33.89000 2.056238 -1.020114
SERIE 33.89500 1.852549 -1.177750
SERIE 33.90000 1.677976 -1.320496
SERIE 33.90500 1.533801 -1.447022
SERIE 33.91000 1.420631 -1.556096
SERIE 33.91500 1.338220 -1.646853
SERIE 33.92000 1.286397 -1.718767
SERIE 33.92500 1.264401 -1.771652
SERIE 33.93000 1.270808 -1.805647
SERIE 33.93500 1.304104 -1.821252
SERIE 33.94000 1.362292 -1.819188
SERIE 33.94500 1.443177 -1.800424
SERIE 33.95000 1.544437 -1.766161
SERIE 33.95500 1.663283 -1.717852
SERIE 33.96000 1.797101 -1.657003
SERIE 33.96500 1.942952 -1.585337
SERIE 33.97000 2.098035 -1.504608
SERIE 33.97500 2.259599 -1.416650
SERIE 33.98000 2.424488 -1.323285
SERIE 33.98500 2.590286 -1.226459
SERIE 33.99000 2.754276 -1.127852
SERIE 33.99500 2.914105 -1.029256
SERIE 34.00000 3.067321 -0.932347
SERIE 34.00500 3.211928 -0.838638
SERIE 34.01000 4.460407 0.361299
SERIE 34.01500 4.018645 -0.095311
SERIE 34.02000 4.393153 0.267686
SERIE 34.02500 4.608888 0.496403
SERIE 34.03000 4.765386 0.673714
SERIE 34.03500 4.884821 0.821607
SERIE 34.04000 4.968162 0.938768
SERIE 34.04500 5.017795 1.024453
SERIE 34.05000 5.035073 1.078618
SERIE 34.05500 5.021113 1.101948
SERIE 34.06000 4.978933 1.095619
SERIE 34.06500 4.910391 1.061027
SERIE 34.07000 4.818071 1.000165
SERIE 34.07500 4.703885 0.915276
SERIE 34.08000 4.570298 0.809000
SERIE 34.08500 4.420433 0.684020
SERIE 34.09000 4.256870 0.543384
SERIE 34.09500 4.082414 0.390106
SERIE 34.10000 3.900238 0.227305
SERIE 34.10500 3.713378 0.058097
SERIE 34.11000 3.524963 -0.114531
SERIE 34.11500 3.337892 -0.287604
SERIE 34.12000 3.155500 -0.458388
SERIE 34.12500 2.979979 -0.624390
SERIE 34.13000 2.814189 -0.783021
SERIE 34.13500 2.660149 -0.932480
SERIE 34.14000 2.519927 -1.070617
SERIE 34.14500 2.394782 -1.196197
SERIE 34.15000 2.286188 -1.307669
SERIE 34.15500 2.194933 -1.404098
SERIE 34.16000 2.121403 -1.484877
SERIE 34.16500 2.066010 -1.549429
SERIE 34.17000 2.028402 -1.597743
SERIE 34.17500 2.008448 -1.629852
SERIE 34.18000 2.005496 -1.646139
SERIE 34.18500 2.018562 -1.647245
SERIE 34.19000 2.046839 -1.633911
SERIE 34.19500 2.088953 -1.607174
SERIE 34.20000 2.143700 -1.568216
SERIE 34.20500 2.209533 -1.518304
SERIE 34.21000 2.284944 -1.458906
SERIE 34.21500 2.368325 -1.391474
SERIE 34.22000 2.457973 -1.317615
SERIE 34.22500 2.552261 -1.238883
SERIE 34.23000 2.649462 -1.156823
SERIE 34.23500 2.748022 -1.073100
SERIE 34.24000 2.846383 -0.989101
SERIE 34.24500 2.942803 -0.906415
SERIE 34.25000 3.036210 -0.826248
SERIE 34.25500 3.125166 -0.749924
SERIE 34.26000 3.208360 -0.678526
SERIE 34.26500 3.285016 -0.613077
SERIE 34.27000 3.354271 -0.554305
SERIE 34.27500 3.415129 -0.503013
SERIE 34.28000 3.467378 -0.459665
SERIE 34.28500 3.510415 -0.424629
SERIE 34.29000 3.544237 -0.398154
SERIE 34.29500 3.568549 -0.380295
SERIE 34.30000 3.583623 -0.370977
SERIE 34.30500 3.589578 -0.370009
SERIE 34.31000 3.586908 -0.377022
SERIE 34.31500 3.576003 -0.391607
SERIE 34.32000 3.557478 -0.413183
SERIE 34.32500 3.532098 -0.441114
SERIE 34.33000 3.500527 -0.474729
SERIE 34.33500 3.463673 -0.513258
SERIE 34.34000 3.422378 -0.555879
SERIE 34.34500 3.377522 -0.601808
SERIE 34.35000 3.330042 -0.650189
SERIE 34.35500 3.280883 -0.700157
SERIE 34.36000 3.230802 -0.750975
SERIE 34.36500 3.180818 -0.801771
SERIE 34.37000 3.131684 -0.851878
SERIE 34.37500 3.084122 -0.900537
SERIE 34.38000 3.038858 -0.947159
SERIE 34.38500 2.996590 -0.991116
SERIE 34.39000 2.957727 -1.032005
SERIE 34.39500 2.922909 -1.069297
SERIE 34.40000 2.892343 -1.102707
SERIE 34.40500 2.866424 -1.131959
SERIE 34.41000 2.845331 -1.156842
SERIE 34.41500 2.829144 -1.177279
SERIE 34.42000 2.817980 -1.193212
SERIE 34.42500 2.811698 -1.204729
SERIE 34.43000 2.810237 -1.211877
SERIE 34.43500 2.813351 -1.214872
SERIE 34.44000 2.820805 -1.213937
SERIE 34.44500 2.832318 -1.209361
SERIE 34.45000 2.847486 -1.201466
SERIE 34.45500 2.865906 -1.190617
SERIE 34.46000 2.887144 -1.177204
SERIE 34.46500 2.910762 -1.161642
SERIE 34.47000 2.936287 -1.144361
SERIE 34.47500 2.963225 -1.125781
SERIE 34.48000 2.991115 -1.106339
SERIE 34.48500 3.019470 -1.086457
SERIE 34.49000 3.047891 -1.066542
SERIE 34.49500 3.075934 -1.046982
SERIE 34.50000 3.103181 -1.028139
SERIE 34.50500 3.129289 -1.010341
SERIE 34.51000 3.358797 -0.595604
SERIE 34.51500 3.277690 -0.689503
SERIE 34.52000 3.345202 -0.537664
SERIE 34.52500 3.382131 -0.423458
SERIE 34.53000 3.407618 -0.320899
SERIE 34.53500 3.426344 -0.225397
SERIE 34.54000 3.436719 -0.138344
SERIE 34.54500 3.441748 -0.060889
SERIE 34.55000 3.440008 0.005984
SERIE 34.55500 3.433487 0.061369
SERIE 34.56000 3.422112 0.104749
SERIE 34.56500 3.406297 0.135612
SERIE 34.57000 3.386699 0.153801
SERIE 34.57500 3.363768 0.159389
SERIE 34.58000 3.337794 0.152648
SERIE 34.58500 3.309245 0.134071
SERIE 34.59000 3.278580 0.104416
SERIE 34.59500 3.246273 0.064659
SERIE 34.60000 3.212845 0.015890
SERIE 34.60500 3.178804 -0.040667
SERIE 34.61000 3.144685 -0.103608
SERIE 34.61500 3.111044 -0.171614
SERIE 34.62000 3.078414 -0.243378
SERIE 34.62500 3.047353 -0.317459
SERIE 34.63000 3.018302 -0.392605
SERIE 34.63500 2.991727 -0.467617
SERIE 34.64000 2.968076 -0.541311
SERIE 34.64500 2.947572 -0.612558
SERIE 34.65000 2.930507 -0.680469
SERIE 34.65500 2.917117 -0.744115
SERIE 34.66000 2.907320 -0.802776
SERIE 34.66500 2.901265 -0.855789
SERIE 34.67000 2.898847 -0.902601
SERIE 34.67500 2.899973 -0.942819
SERIE 34.68000 2.904430 -0.976144
SERIE 34.68500 2.911992 -1.002399
SERIE 34.69000 2.922402 -1.021518
SERIE 34.69500 2.935363 -1.033592
SERIE 34.70000 2.950525 -1.038742
SERIE 34.70500 2.967605 -1.037284
SERIE 34.71000 2.986222 -1.029607
SERIE 34.71500 3.006057 -1.016141
SERIE 34.72000 3.026742 -0.997448
SERIE 34.72500 3.047950 -0.974149
SERIE 34.73000 3.069360 -0.946834
SERIE 34.73500 3.090638 -0.916269
SERIE 34.74000 3.111513 -0.883111
SERIE 34.74500 3.131718 -0.848100
SERIE 34.75000 3.150982 -0.811937
SERIE 34.75500 3.169108 -0.775304
SERIE 34.76000 3.185933 -0.738853
SERIE 34.76500 3.201211 -0.703264
SERIE 34.77000 3.214928 -0.669012
SERIE 34.77500 3.226841 -0.636699
SERIE 34.78000 3.237024 -0.606730
SERIE 34.78500 3.245305 -0.579546
SERIE 34.79000 3.251796 -0.555463
SERIE 34.79500 3.256387 -0.534741
SERIE 34.80000 3.259242 -0.517569
SERIE 34.80500 3.260374 -0.504065
SERIE 34.81000 3.259932 -0.494293
SERIE 34.81500 3.258007 -0.488244
SERIE 34.82000 3.254764 -0.485871
SERIE 34.82500 3.250368 -0.487009
SERIE 34.83000 3.244978 -0.491520
SERIE 34.83500 3.238766 -0.499162
SERIE 34.84000 3.231913 -0.509682
SERIE 34.84500 3.224602 -0.522776
SERIE 34.85000 3.217020 -0.538122
SERIE 34.85500 3.209322 -0.555400
SERIE 34.86000 3.201707 -0.574243
SERIE 34.86500 3.194293 -0.594280
SERIE 34.87000 3.187244 -0.615185
SERIE 34.87500 3.180699 -0.636570
SERIE 34.88000 3.174742 -0.658086
SERIE 34.88500 3.169515 -0.679422
SERIE 34.89000 3.165073 -0.700247
SERIE 34.89500 3.161486 -0.720301
SERIE 34.90000 3.158789 -0.739312
SERIE 34.90500 3.157041 -0.757060
SERIE 34.91000 3.156244 -0.773370
SERIE 34.91500 3.156375 -0.788066
SERIE 34.92000 3.157447 -0.801024
SERIE 34.92500 3.159399 -0.812173
SERIE 34.93000 3.162209 -0.821447
SERIE 34.93500 3.165802 -0.828822
SERIE 34.94000 3.170121 -0.834317
SERIE 34.94500 3.175103 -0.837964
SERIE 34.95000 3.180651 -0.839826
SERIE 34.95500 3.186706 -0.840004
SERIE 34.96000 3.193153 -0.838603
SERIE 34.96500 3.199928 -0.835767
SERIE 34.97000 3.206913 -0.831636
SERIE 34.97500 3.214052 -0.826388
SERIE 34.98000 3.221231 -0.820174
SERIE 34.98500 3.228395 -0.813198
SERIE 34.99000 3.235425 -0.805619
SERIE 34.99500 3.242280 -0.797631
SERIE 35.00000 3.248866 -0.789406
SERIE 35.00500 3.255158 -0.781123
SERIE 35.01000 3.580835 -0.089966
SERIE 35.01500 3.422336 -0.483645
SERIE 35.02000 3.491206 -0.334686
SERIE 35.02500 3.521034 -0.289433
SERIE 35.03000 3.534831 -0.279627
SERIE 35.03500 3.541500 -0.288753
SERIE 35.04000 3.542179 -0.314086
SERIE 35.04500 3.537960 -0.354398
SERIE 35.05000 3.529930 -0.406257
SERIE 35.05500 3.518876 -0.467153
SERIE 35.06000 3.505721 -0.534905
SERIE 35.06500 3.490331 -0.608054
SERIE 35.07000 3.474139 -0.684369
SERIE 35.07500 3.456918 -0.762291
SERIE 35.08000 3.439311 -0.840615
SERIE 35.08500 3.421586 -0.917981
SERIE 35.09000 3.404325 -0.992790
SERIE 35.09500 3.387817 -1.064159
SERIE 35.10000 3.371855 -1.130648
SERIE 35.10500 3.357648 -1.191557
SERIE 35.11000 3.344900 -1.245972
SERIE 35.11500 3.333807 -1.293334
SERIE 35.12000 3.324750 -1.332924
SERIE 35.12500 3.317337 -1.364638
SERIE 35.13000 3.312205 -1.388271
SERIE 35.13500 3.308611 -1.403832
SERIE 35.14000 3.306782 -1.411617
SERIE 35.14500 3.306525 -1.411953
SERIE 35.15000 3.307367 -1.405337
SERIE 35.15500 3.309105 -1.392404
SERIE 35.16000 3.311271 -1.373873
SERIE 35.16500 3.313835 -1.350331
SERIE 35.17000 3.316287 -1.322676
SERIE 35.17500 3.318400 -1.291703
SERIE 35.18000 3.319858 -1.258006
SERIE 35.18500 3.320664 -1.222492
SERIE 35.19000 3.320363 -1.185655
SERIE 35.19500 3.318964 -1.148234
SERIE 35.20000 3.316469 -1.110743
SERIE 35.20500 3.312776 -1.073727
SERIE 35.21000 3.307725 -1.037617
SERIE 35.21500 3.301493 -1.002879
SERIE 35.22000 3.293996 -0.969857
SERIE 35.22500 3.285339 -0.938914
SERIE 35.23000 3.275559 -0.910288
SERIE 35.23500 3.264713 -0.884274
SERIE 35.24000 3.252877 -0.861006
SERIE 35.24500 3.240081 -0.840677
SERIE 35.25000 3.226499 -0.823365
SERIE 35.25500 3.212164 -0.809147
SERIE 35.26000 3.197175 -0.798069
SERIE 35.26500 3.181614 -0.790045
SERIE 35.27000 3.165681 -0.785078
SERIE 35.27500 3.149337 -0.783024
SERIE 35.28000 3.132800 -0.783729
SERIE 35.28500 3.116186 -0.787070
SERIE 35.29000 3.099405 -0.792747
SERIE 35.29500 3.082815 -0.800645
SERIE 35.30000 3.066287 -0.810379
SERIE 35.30500 3.049997 -0.821794
SERIE 35.31000 3.033960 -0.834507
SERIE 35.31500 3.018271 -0.848276
SERIE 35.32000 3.002971 -0.862813
SERIE 35.32500 2.988058 -0.877771
SERIE 35.33000 2.973610 -0.892895
SERIE 35.33500 2.959636 -0.907906
SERIE 35.34000 2.946144 -0.922520
SERIE 35.34500 2.933183 -0.936505
SERIE 35.35000 2.920712 -0.949631
SERIE 35.35500 2.908774 -0.961658
SERIE 35.36000 2.897316 -0.972463
SERIE 35.36500 2.886446 -0.981811
SERIE 35.37000 2.876058 -0.989651
SERIE 35.37500 2.866207 -0.995813
SERIE 35.38000 2.856846 -1.000277
SERIE 35.38500 2.847997 -1.002928
SERIE 35.39000 2.839645 -1.003796
SERIE 35.39500 2.831786 -1.002842
SERIE 35.40000 2.824384 -1.000175
SERIE 35.40500 2.817426 -0.995771
SERIE 35.41000 2.810930 -0.989724
SERIE 35.41500 2.804833 -0.982167
SERIE 35.42000 2.799126 -0.973199
SERIE 35.42500 2.793807 -0.962963
SERIE 35.43000 2.788845 -0.951611
SERIE 35.43500 2.784205 -0.939278
SERIE 35.44000 2.779878 -0.926134
SERIE 35.44500 2.775847 -0.912339
SERIE 35.45000 2.772048 -0.898065
SERIE 35.45500 2.768484 -0.883480
SERIE 35.46000 2.765125 -0.868746
SERIE 35.46500 2.761942 -0.854000
SERIE 35.47000 2.758917 -0.839409
SERIE 35.47500 2.756029 -0.825112
SERIE 35.48000 2.753242 -0.811215
SERIE 35.48500 2.750550 -0.797844
SERIE 35.49000 2.747905 -0.785095
SERIE 35.49500 2.745338 -0.773063
SERIE 35.50000 2.742800 -0.761795
SERIE 35.50500 2.740307 -0.751338
SERIE 35.51000 3.289481 -0.723683
SERIE 35.51500 3.146749 -0.756826
SERIE 35.52000 3.322898 -0.748740
SERIE 35.52500 3.452723 -0.740476
SERIE 35.53000 3.562457 -0.731390
SERIE 35.53500 3.664119 -0.721116
SERIE 35.54000 3.754633 -0.710551
SERIE 35.54500 3.834544 -0.700549
SERIE 35.55000 3.901929 -0.691515
SERIE 35.55500 3.956660 -0.684226
SERIE 35.56000 3.997683 -0.679107
SERIE 35.56500 4.025073 -0.676469
SERIE 35.57000 4.039133 -0.676701
SERIE 35.57500 4.039757 -0.679368
SERIE 35.58000 4.028562 -0.684730
SERIE 35.58500 4.005511 -0.692402
SERIE 35.59000 3.972441 -0.701718
SERIE 35.59500 3.930169 -0.712289
SERIE 35.60000 3.880185 -0.723578
SERIE 35.60500 3.824184 -0.734971
SERIE 35.61000 3.763069 -0.745925
SERIE 35.61500 3.698839 -0.755924
SERIE 35.62000 3.632808 -0.764503
SERIE 35.62500 3.565938 -0.771382
SERIE 35.63000 3.499983 -0.776244
SERIE 35.63500 3.435716 -0.779035
SERIE 35.64000 3.374303 -0.779647
SERIE 35.64500 3.316630 -0.778097
SERIE 35.65000 3.263457 -0.774514
SERIE 35.65500 3.215499 -0.769017
SERIE 35.66000 3.173176 -0.761783
SERIE 35.66500 3.136925 -0.752987
SERIE 35.67000 3.107117 -0.742831
SERIE 35.67500 3.083743 -0.731425
SERIE 35.68000 3.066992 -0.719013
SERIE 35.68500 3.056917 -0.705637
SERIE 35.69000 3.053112 -0.691537
SERIE 35.69500 3.055641 -0.676662
SERIE 35.70000 3.063969 -0.661237
SERIE 35.70500 3.077947 -0.645222
SERIE 35.71000 3.096851 -0.628817
SERIE 35.71500 3.120411 -0.611942
SERIE 35.72000 3.147851 -0.594882
SERIE 35.72500 3.178728 -0.577516
SERIE 35.73000 3.212290 -0.560178
SERIE 35.73500 3.247940 -0.542803
SERIE 35.74000 3.284954 -0.525545
SERIE 35.74500 3.322707 -0.508589
SERIE 35.75000 3.360679 -0.492004
SERIE 35.75500 3.398100 -0.475940
SERIE 35.76000 3.434530 -0.460498
SERIE 35.76500 3.469360 -0.445798
SERIE 35.77000 3.502135 -0.431943
SERIE 35.77500 3.532479 -0.418996
SERIE 35.78000 3.559975 -0.407032
SERIE 35.78500 3.584421 -0.396086
SERIE 35.79000 3.605527 -0.386158
SERIE 35.79500 3.623210 -0.377290
SERIE 35.80000 3.637294 -0.369443
SERIE 35.80500 3.647864 -0.362598
SERIE 35.81000 3.654827 -0.356703
SERIE 35.81500 3.658383 -0.351696
SERIE 35.82000 3.658565 -0.347503
SERIE 35.82500 3.655615 -0.344027
SERIE 35.83000 3.649721 -0.341212
SERIE 35.83500 3.641147 -0.338940
SERIE 35.84000 3.630115 -0.337139
SERIE 35.84500 3.616965 -0.335718
SERIE 35.85000 3.601950 -0.334589
SERIE 35.85500 3.585423 -0.333669
SERIE 35.86000 3.567699 -0.332875
SERIE 35.86500 3.549086 -0.332130
SERIE 35.87000 3.529885 -0.331367
SERIE 35.87500 3.510447 -0.330493
SERIE 35.88000 3.491004 -0.329505
SERIE 35.88500 3.471886 -0.328287
SERIE 35.89000 3.453321 -0.326840
SERIE 35.89500 3.435557 -0.325099
SERIE 35.90000 3.418801 -0.323038
SERIE 35.90500 3.403252 -0.320632
SERIE 35.91000 3.389036 -0.317870
SERIE 35.91500 3.376330 -0.314737
SERIE 35.92000 3.365214 -0.311239
SERIE 35.92500 3.355752 -0.307379
SERIE 35.93000 3.348044 -0.303173
SERIE 35.93500 3.342049 -0.298626
SERIE 35.94000 3.337801 -0.293785
SERIE 35.94500 3.335247 -0.288664
SERIE 35.95000 3.334331 -0.283299
SERIE 35.95500 3.334997 -0.277736
SERIE 35.96000 3.337132 -0.272007
SERIE 35.96500 3.340631 -0.266158
SERIE 35.97000 3.345369 -0.260233
SERIE 35.97500 3.351226 -0.254272
SERIE 35.98000 3.358022 -0.248324
SERIE 35.98500 3.365660 -0.242426
SERIE 35.99000 3.373925 -0.236624
SERIE 35.99500 3.382703 -0.230941
SERIE 36.00000 3.391827 -0.225423
SERIE 36.00500 3.401159 -0.220049
SERIE 36.01000 4.058626 -0.659460
SERIE 36.01500 3.634129 -0.508827
SERIE 36.02000 3.734128 -0.667653
SERIE 36.02500 3.733212 -0.781536
SERIE 36.03000 3.692582 -0.880287
SERIE 36.03500 3.635105 -0.968677
SERIE 36.04000 3.562959 -1.044331
SERIE 36.04500 3.478797 -1.105366
SERIE 36.05000 3.387566 -1.150541
SERIE 36.05500 3.291314 -1.179213
SERIE 36.06000 3.191908 -1.191034
SERIE 36.06500 3.093386 -1.186003
SERIE 36.07000 2.995351 -1.165226
SERIE 36.07500 2.900435 -1.129782
SERIE 36.08000 2.808989 -1.081192
SERIE 36.08500 2.721674 -1.021473
SERIE 36.09000 2.639452 -0.952117
SERIE 36.09500 2.562172 -0.874911
SERIE 36.10000 2.490647 -0.791465
SERIE 36.10500 2.426047 -0.703188
SERIE 36.11000 2.368074 -0.611428
SERIE 36.11500 2.317938 -0.517368
SERIE 36.12000 2.276220 -0.421896
SERIE 36.12500 2.243068 -0.326598
SERIE 36.13000 2.219300 -0.231954
SERIE 36.13500 2.204813 -0.139259
SERIE 36.14000 2.199699 -0.049382
SERIE 36.14500 2.203622 0.036469
SERIE 36.15000 2.216342 0.117377
SERIE 36.15500 2.237075 0.192277
SERIE 36.16000 2.265077 0.260329
SERIE 36.16500 2.299452 0.320671
SERIE 36.17000 2.339218 0.372590
SERIE 36.17500 2.383259 0.415615
SERIE 36.18000 2.430568 0.449499
SERIE 36.18500 2.480001 0.473968
SERIE 36.19000 2.530663 0.489207
SERIE 36.19500 2.581469 0.495449
SERIE 36.20000 2.631512 0.493316
SERIE 36.20500 2.679892 0.483292
SERIE 36.21000 2.726110 0.466287
SERIE 36.21500 2.769308 0.443148
SERIE 36.22000 2.808974 0.414871
SERIE 36.22500 2.844699 0.382480
SERIE 36.23000 2.876188 0.347026
SERIE 36.23500 2.903043 0.309589
SERIE 36.24000 2.925075 0.271128
SERIE 36.24500 2.942255 0.232643
SERIE 36.25000 2.954431 0.195000
SERIE 36.25500 2.961615 0.159062
SERIE 36.26000 2.964009 0.125440
SERIE 36.26500 2.961673 0.094790
SERIE 36.27000 2.954855 0.067581
SERIE 36.27500 2.943862 0.044201
SERIE 36.28000 2.928852 0.024936
SERIE 36.28500 2.910315 0.009967
SERIE 36.29000 2.888568 -0.000625
SERIE 36.29500 2.863969 -0.006844
SERIE 36.30000 2.837032 -0.008769
SERIE 36.30500 2.808195 -0.006551
SERIE 36.31000 2.777762 -0.000378
SERIE 36.31500 2.746408 0.009482
SERIE 36.32000 2.714422 0.022760
SERIE 36.32500 2.682265 0.039090
SERIE 36.33000 2.650373 0.058148
SERIE 36.33500 2.619135 0.079518
SERIE 36.34000 2.588921 0.102853
SERIE 36.34500 2.560023 0.127704
SERIE 36.35000 2.532745 0.153697
SERIE 36.35500 2.507359 0.180424
SERIE 36.36000 2.484103 0.207493
SERIE 36.36500 2.463095 0.234534
SERIE 36.37000 2.444485 0.261132
SERIE 36.37500 2.428368 0.287000
SERIE 36.38000 2.414831 0.311814
SERIE 36.38500 2.403788 0.335287
SERIE 36.39000 2.395309 0.357155
SERIE 36.39500 2.389232 0.377187
SERIE 36.40000 2.385507 0.395210
SERIE 36.40500 2.384014 0.411072
SERIE 36.41000 2.384588 0.424675
SERIE 36.41500 2.386997 0.435931
SERIE 36.42000 2.391066 0.444784
SERIE 36.42500 2.396548 0.451274
SERIE 36.43000 2.403257 0.455405
SERIE 36.43500 2.410934 0.457268
SERIE 36.44000 2.419352 0.456920
SERIE 36.44500 2.428248 0.454533
SERIE 36.45000 2.437439 0.450231
SERIE 36.45500 2.446685 0.444219
SERIE 36.46000 2.455781 0.436654
SERIE 36.46500 2.464563 0.427759
SERIE 36.47000 2.472841 0.417716
SERIE 36.47500 2.480427 0.406771
SERIE 36.48000 2.487222 0.395137
SERIE 36.48500 2.493066 0.383027
SERIE 36.49000 2.497916 0.370665
SERIE 36.49500 2.501682 0.358259
SERIE 36.50000 2.504334 0.345989
SERIE 36.50500 2.505805 0.334036
SERIE 36.51000 4.313137 -0.546609
SERIE 36.51500 3.437370 -0.136628
SERIE 36.52000 3.900472 -0.342011
SERIE 36.52500 4.138246 -0.453620
SERIE 36.53000 4.309578 -0.529972
SERIE 36.53500 4.448129 -0.589142
SERIE 36.54000 4.553544 -0.630758
SERIE 36.54500 4.625060 -0.654071
SERIE 36.55000 4.664237 -0.659625
SERIE 36.55500 4.670972 -0.647840
SERIE 36.56000 4.648206 -0.619666
SERIE 36.56500 4.597076 -0.576360
SERIE 36.57000 4.520393 -0.519292
SERIE 36.57500 4.420630 -0.450071
SERIE 36.58000 4.300570 -0.370421
SERIE 36.58500 4.162954 -0.282188
SERIE 36.59000 4.011177 -0.187219
SERIE 36.59500 3.848138 -0.087414
SERIE 36.60000 3.677035 0.015325
SERIE 36.60500 3.500796 0.119196
SERIE 36.61000 3.322466 0.222349
SERIE 36.61500 3.145067 0.323208
SERIE 36.62000 2.971174 0.420282
SERIE 36.62500 2.803315 0.512118
SERIE 36.63000 2.643872 0.597554
SERIE 36.63500 2.495067 0.675549
SERIE 36.64000 2.358605 0.745251
SERIE 36.64500 2.236004 0.806009
SERIE 36.65000 2.128829 0.857265
SERIE 36.65500 2.037654 0.898845
SERIE 36.66000 1.963540 0.930566
SERIE 36.66500 1.906537 0.952523
SERIE 36.67000 1.866973 0.964920
SERIE 36.67500 1.844550 0.968120
SERIE 36.68000 1.838970 0.962641
SERIE 36.68500 1.849449 0.949087
SERIE 36.69000 1.875043 0.928199
SERIE 36.69500 1.914738 0.900814
SERIE 36.70000 1.967292 0.867817
SERIE 36.70500 2.031285 0.830142
SERIE 36.71000 2.105226 0.788739
SERIE 36.71500 2.187524 0.744613
SERIE 36.72000 2.276525 0.698754
SERIE 36.72500 2.370575 0.652083
SERIE 36.73000 2.467997 0.605527
SERIE 36.73500 2.567173 0.559931
SERIE 36.74000 2.666430 0.516091
SERIE 36.74500 2.764385 0.474721
SERIE 36.75000 2.859466 0.436490
SERIE 36.75500 2.950474 0.401936
SERIE 36.76000 3.036191 0.371467
SERIE 36.76500 3.115564 0.345547
SERIE 36.77000 3.187739 0.324362
SERIE 36.77500 3.251772 0.308099
SERIE 36.78000 3.307586 0.296830
SERIE 36.78500 3.354268 0.290603
SERIE 36.79000 3.391738 0.289200
SERIE 36.79500 3.420081 0.292546
SERIE 36.80000 3.439109 0.300329
SERIE 36.80500 3.449087 0.312275
SERIE 36.81000 3.450377 0.328004
SERIE 36.81500 3.443412 0.347119
SERIE 36.82000 3.428693 0.369165
SERIE 36.82500 3.406966 0.393696
SERIE 36.83000 3.378912 0.420225
SERIE 36.83500 3.345307 0.448270
SERIE 36.84000 3.307024 0.477343
SERIE 36.84500 3.264942 0.506953
SERIE 36.85000 3.219928 0.536632
SERIE 36.85500 3.172870 0.565940
SERIE 36.86000 3.124682 0.594461
SERIE 36.86500 3.076211 0.621815
SERIE 36.87000 3.028244 0.647657
SERIE 36.87500 2.981610 0.671678
SERIE 36.88000 2.937017 0.693598
SERIE 36.88500 2.895033 0.713225
SERIE 36.89000 2.856334 0.730365
SERIE 36.89500 2.821354 0.744898
SERIE 36.90000 2.790475 0.756748
SERIE 36.90500 2.764055 0.765887
SERIE 36.91000 2.742278 0.772311
SERIE 36.91500 2.725344 0.776070
SERIE 36.92000 2.713248 0.777251
SERIE 36.92500 2.705998 0.775979
SERIE 36.93000 2.703480 0.772392
SERIE 36.93500 2.705556 0.766681
SERIE 36.94000 2.711972 0.759027
SERIE 36.94500 2.722455 0.749649
SERIE 36.95000 2.736656 0.738783
SERIE 36.95500 2.754213 0.726659
SERIE 36.96000 2.774683 0.713542
SERIE 36.96500 2.797658 0.699664
SERIE 36.97000 2.822649 0.685276
SERIE 36.97500 2.849247 0.670615
SERIE 36.98000 2.876926 0.655935
SERIE 36.98500 2.905229 0.641422
SERIE 36.99000 2.933717 0.627315
SERIE 36.99500 2.961979 0.613785
SERIE 37.00000 2.989591 0.600997
SERIE 37.00500 3.016163 0.589098
SERIE 37.01000 3.635421 -0.128717
SERIE 37.01500 3.449030 0.297675
SERIE 37.02000 3.658030 0.188752
SERIE 37.02500 3.814640 0.193892
SERIE 37.03000 3.954943 0.246293
SERIE 37.03500 4.088909 0.328680
SERIE 37.04000 4.214959 0.437685
SERIE 37.04500 4.331528 0.569144
SERIE 37.05000 4.437435 0.720627
SERIE 37.05500 4.530564 0.886345
SERIE 37.06000 4.610922 1.063360
SERIE 37.06500 4.677237 1.246745
SERIE 37.07000 4.728628 1.433148
SERIE 37.07500 4.764336 1.617599
SERIE 37.08000 4.784138 1.797062
SERIE 37.08500 4.788087 1.967772
SERIE 37.09000 4.775456 2.126928
SERIE 37.09500 4.747351 2.271856
SERIE 37.10000 4.703834 2.400442
SERIE 37.10500 4.645757 2.511240
SERIE 37.11000 4.574659 2.602808
SERIE 37.11500 4.491866 2.674730
SERIE 37.12000 4.398715 2.726464
SERIE 37.12500 4.297060 2.758066
SERIE 37.13000 4.189381 2.769956
SERIE 37.13500 4.077139 2.762983
SERIE 37.14000 3.962686 2.738008
SERIE 37.14500 3.848050 2.696575
SERIE 37.15000 3.735561 2.640163
SERIE 37.15500 3.626726 2.570677
SERIE 37.16000 3.523861 2.489998
SERIE 37.16500 3.428408 2.400357
SERIE 37.17000 3.341993 2.303801
SERIE 37.17500 3.265812 2.202569
SERIE 37.18000 3.200750 2.098691
SERIE 37.18500 3.147658 1.994297
SERIE 37.19000 3.106954 1.891137
SERIE 37.19500 3.078855 1.791099
SERIE 37.20000 3.063118 1.695663
SERIE 37.20500 3.059542 1.606170
SERIE 37.21000 3.067436 1.523737
SERIE 37.21500 3.086036 1.449363
SERIE 37.22000 3.114359 1.383577
SERIE 37.22500 3.151395 1.326982
SERIE 37.23000 3.195901 1.279829
SERIE 37.23500 3.246566 1.242240
SERIE 37.24000 3.302154 1.214098
SERIE 37.24500 3.361375 1.195284
SERIE 37.25000 3.423040 1.185372
SERIE 37.25500 3.485862 1.183912
SERIE 37.26000 3.548790 1.190400
SERIE 37.26500 3.610708 1.204209
SERIE 37.27000 3.670722 1.224605
SERIE 37.27500 3.728084 1.250905
SERIE 37.28000 3.781967 1.282296
SERIE 37.28500 3.831873 1.318041
SERIE 37.29000 3.877277 1.357214
SERIE 37.29500 3.917861 1.399118
SERIE 37.30000 3.953336 1.442829
SERIE 37.30500 3.983571 1.487660
SERIE 37.31000 4.008399 1.532785
SERIE 37.31500 4.027951 1.577473
SERIE 37.32000 4.042227 1.621051
SERIE 37.32500 4.051321 1.662844
SERIE 37.33000 4.055488 1.702290
SERIE 37.33500 4.054938 1.738827
SERIE 37.34000 4.049937 1.771982
SERIE 37.34500 4.040811 1.801382
SERIE 37.35000 4.027901 1.826659
SERIE 37.35500 4.011591 1.847583
SERIE 37.36000 3.992253 1.863971
SERIE 37.36500 3.970322 1.875713
SERIE 37.37000 3.946200 1.882770
SERIE 37.37500 3.920342 1.885201
SERIE 37.38000 3.893231 1.883099
SERIE 37.38500 3.865257 1.876651
SERIE 37.39000 3.836940 1.866075
SERIE 37.39500 3.808683 1.851654
SERIE 37.40000 3.780916 1.833709
SERIE 37.40500 3.754076 1.812631
SERIE 37.41000 3.728489 1.788820
SERIE 37.41500 3.704572 1.762686
SERIE 37.42000 3.682571 1.734687
SERIE 37.42500 3.662772 1.705263
SERIE 37.43000 3.645493 1.674865
SERIE 37.43500 3.630756 1.643921
SERIE 37.44000 3.618747 1.612816
SERIE 37.44500 3.609650 1.582045
SERIE 37.45000 3.603333 1.551861
SERIE 37.45500 3.599925 1.522701
SERIE 37.46000 3.599258 1.494852
SERIE 37.46500 3.601277 1.468581
SERIE 37.47000 3.605868 1.444112
SERIE 37.47500 3.612841 1.421633
SERIE 37.48000 3.621930 1.401348
SERIE 37.48500 3.632977 1.383231
SERIE 37.49000 3.645725 1.367483
SERIE 37.49500 3.659837 1.354037
SERIE 37.50000 3.675063 1.342870
SERIE 37.50500 3.691112 1.333920
SERIE 37.51000 3.794076 1.374272
SERIE 37.51500 3.706898 1.259576
SERIE 37.52000 3.712770 1.224640
SERIE 37.52500 3.692394 1.162638
SERIE 37.53000 3.661346 1.089805
SERIE 37.53500 3.622292 1.010009
SERIE 37.54000 3.574926 0.926607
SERIE 37.54500 3.522523 0.840018
SERIE 37.55000 3.464441 0.752747
SERIE 37.55500 3.403015 0.665761
SERIE 37.56000 3.338669 0.580732
SERIE 37.56500 3.272832 0.498326
SERIE 37.57000 3.206296 0.419221
SERIE 37.57500 3.140375 0.344136
SERIE 37.58000 3.076069 0.273461
SERIE 37.58500 3.014383 0.207688
SERIE 37.59000 2.956076 0.147157
SERIE 37.59500 2.901760 0.092186
SERIE 37.60000 2.852281 0.043098
SERIE 37.60500 2.808266 0.000165
SERIE 37.61000 2.769858 -0.036511
SERIE 37.61500 2.737564 -0.066760
SERIE 37.62000 2.711503 -0.090639
SERIE 37.62500 2.691810 -0.108160
SERIE 37.63000 2.678429 -0.119617
SERIE 37.63500 2.671263 -0.125296
SERIE 37.64000 2.670105 -0.125625
SERIE 37.64500 2.674674 -0.121050
SERIE 37.65000 2.684604 -0.112223
SERIE 37.65500 2.699519 -0.099705
SERIE 37.66000 2.718915 -0.084157
SERIE 37.66500 2.742261 -0.066271
SERIE 37.67000 2.769064 -0.046684
SERIE 37.67500 2.798676 -0.026055
SERIE 37.68000 2.830618 -0.004984
SERIE 37.68500 2.864155 0.015920
SERIE 37.69000 2.898894 0.036119
SERIE 37.69500 2.934130 0.055131
SERIE 37.70000 2.969352 0.072509
SERIE 37.70500 3.003999 0.087839
SERIE 37.71000 3.037657 0.100825
SERIE 37.71500 3.069899 0.111144
SERIE 37.72000 3.100177 0.118597
SERIE 37.72500 3.128333 0.122996
SERIE 37.73000 3.153915 0.124230
SERIE 37.73500 3.176818 0.122252
SERIE 37.74000 3.196736 0.117043
SERIE 37.74500 3.213571 0.108649
SERIE 37.75000 3.227262 0.097189
SERIE 37.75500 3.237727 0.082779
SERIE 37.76000 3.245107 0.065595
SERIE 37.76500 3.249291 0.045874
SERIE 37.77000 3.250610 0.023824
SERIE 37.77500 3.249054 -0.000258
SERIE 37.78000 3.244875 -0.026080
SERIE 37.78500 3.238298 -0.053351
SERIE 37.79000 3.229596 -0.081742
SERIE 37.79500 3.218995 -0.110940
SERIE 37.80000 3.206842 -0.140615
SERIE 37.80500 3.193418 -0.170476
SERIE 37.81000 3.178995 -0.200222
SERIE 37.81500 3.163881 -0.229600
SERIE 37.82000 3.148441 -0.258303
SERIE 37.82500 3.132876 -0.286152
SERIE 37.83000 3.117529 -0.312908
SERIE 37.83500 3.102633 -0.338420
SERIE 37.84000 3.088417 -0.362533
SERIE 37.84500 3.075107 -0.385134
SERIE 37.85000 3.062911 -0.406127
SERIE 37.85500 3.051995 -0.425462
SERIE 37.86000 3.042465 -0.443103
SERIE 37.86500 3.034447 -0.459029
SERIE 37.87000 3.028020 -0.473305
SERIE 37.87500 3.023240 -0.485940
SERIE 37.88000 3.020139 -0.497034
SERIE 37.88500 3.018697 -0.506663
SERIE 37.89000 3.018887 -0.514941
SERIE 37.89500 3.020653 -0.522001
SERIE 37.90000 3.023921 -0.527958
SERIE 37.90500 3.028592 -0.532974
SERIE 37.91000 3.034554 -0.537185
SERIE 37.91500 3.041682 -0.540768
SERIE 37.92000 3.049847 -0.543870
SERIE 37.92500 3.058866 -0.546651
SERIE 37.93000 3.068599 -0.549261
SERIE 37.93500 3.078875 -0.551846
SERIE 37.94000 3.089537 -0.554535
SERIE 37.94500 3.100432 -0.557450
SERIE 37.95000 3.111395 -0.560717
SERIE 37.95500 3.122287 -0.564424
SERIE 37.96000 3.132967 -0.568666
SERIE 37.96500 3.143298 -0.573502
SERIE 37.97000 3.153172 -0.579005
SERIE 37.97500 3.162484 -0.585209
SERIE 37.98000 3.171132 -0.592144
SERIE 37.98500 3.179053 -0.599817
SERIE 37.99000 3.186187 -0.608227
SERIE 37.99500 3.192495 -0.617361
SERIE 38.00000 3.197946 -0.627187
SERIE 38.00500 3.202542 -0.637665
SERIE 38.01000 1.949122 -0.989345
SERIE 38.01500 1.855932 -1.006777
SERIE 38.02000 1.770547 -1.045062
SERIE 38.02500 1.693839 -1.098614
SERIE 38.03000 1.618028 -1.157939
SERIE 38.03500 1.544589 -1.223307
SERIE 38.04000 1.477495 -1.293953
SERIE 38.04500 1.416290 -1.367994
SERIE 38.05000 1.363842 -1.444626
SERIE 38.05500 1.320599 -1.522588
SERIE 38.06000 1.287658 -1.600814
SERIE 38.06500 1.265778 -1.678269
SERIE 38.07000 1.255167 -1.753850
SERIE 38.07500 1.256091 -1.826646
SERIE 38.08000 1.268460 -1.895739
SERIE 38.08500 1.291889 -1.960284
SERIE 38.09000 1.325912 -2.019578
SERIE 38.09500 1.369935 -2.073004
SERIE 38.10000 1.423177 -2.120062
SERIE 38.10500 1.484689 -2.160292
SERIE 38.11000 1.553444 -2.193474
SERIE 38.11500 1.628460 -2.219432
SERIE 38.12000 1.708498 -2.238127
SERIE 38.12500 1.792626 -2.249712
SERIE 38.13000 1.879616 -2.254359
SERIE 38.13500 1.968438 -2.252403
SERIE 38.14000 2.057811 -2.244391
SERIE 38.14500 2.147115 -2.230734
SERIE 38.15000 2.235050 -2.212015
SERIE 38.15500 2.321042 -2.189059
SERIE 38.16000 2.404107 -2.162420
SERIE 38.16500 2.483880 -2.132919
SERIE 38.17000 2.559719 -2.101262
SERIE 38.17500 2.631156 -2.068206
SERIE 38.18000 2.697982 -2.034411
SERIE 38.18500 2.760073 -2.000553
SERIE 38.19000 2.817189 -1.967248
SERIE 38.19500 2.869468 -1.935016
SERIE 38.20000 2.916988 -1.904321
SERIE 38.20500 2.959958 -1.875605
SERIE 38.21000 2.998622 -1.849128
SERIE 38.21500 3.033264 -1.825185
SERIE 38.22000 3.064312 -1.803852
SERIE 38.22500 3.092100 -1.785291
SERIE 38.23000 3.116997 -1.769453
SERIE 38.23500 3.139427 -1.756286
SERIE 38.24000 3.159846 -1.745681
SERIE 38.24500 3.178521 -1.737410
SERIE 38.25000 3.195966 -1.731323
SERIE 38.25500 3.212436 -1.727120
SERIE 38.26000 3.228206 -1.724530
SERIE 38.26500 3.243686 -1.723276
SERIE 38.27000 3.259057 -1.723033
SERIE 38.27500 3.274503 -1.723500
SERIE 38.28000 3.290252 -1.724383
SERIE 38.28500 3.306437 -1.725362
SERIE 38.29000 3.323187 -1.726198
SERIE 38.29500 3.340539 -1.726661
SERIE 38.30000 3.358643 -1.726559
SERIE 38.30500 3.377460 -1.725718
SERIE 38.31000 3.397050 -1.724006
SERIE 38.31500 3.417397 -1.721326
SERIE 38.32000 3.438515 -1.717604
SERIE 38.32500 3.460330 -1.712876
SERIE 38.33000 3.482832 -1.707055
SERIE 38.33500 3.505973 -1.700255
SERIE 38.34000 3.529710 -1.692503
SERIE 38.34500 3.554007 -1.683874
SERIE 38.35000 3.578769 -1.674507
SERIE 38.35500 3.603948 -1.664503
SERIE 38.36000 3.629508 -1.654012
SERIE 38.36500 3.655339 -1.643171
SERIE 38.37000 3.681411 -1.632133
SERIE 38.37500 3.707645 -1.621050
SERIE 38.38000 3.733967 -1.610077
SERIE 38.38500 3.760315 -1.599344
SERIE 38.39000 3.786627 -1.588997
SERIE 38.39500 3.812804 -1.579164
SERIE 38.40000 3.838859 -1.569964
SERIE 38.40500 3.864628 -1.561477
SERIE 38.41000 3.890118 -1.553788
SERIE 38.41500 3.915220 -1.546982
SERIE 38.42000 3.939951 -1.541075
SERIE 38.42500 3.964224 -1.536125
SERIE 38.43000 3.987951 -1.532137
SERIE 38.43500 4.011175 -1.529096
SERIE 38.44000 4.033840 -1.526996
SERIE 38.44500 4.055876 -1.525779
SERIE 38.45000 4.077339 -1.525421
SERIE 38.45500 4.098184 -1.525843
SERIE 38.46000 4.118372 -1.526994
SERIE 38.46500 4.137970 -1.528788
SERIE 38.47000 4.156913 -1.531161
SERIE 38.47500 4.175277 -1.534020
SERIE 38.48000 4.193039 -1.537307
SERIE 38.48500 4.210207 -1.540924
SERIE 38.49000 4.226780 -1.544798
SERIE 38.49500 4.242838 -1.548879
SERIE 38.50000 4.258342 -1.553092
SERIE 38.50500 4.273394 -1.557325
SERIE 38.51000 3.393431 -0.946297
SERIE 38.51500 3.139306 -0.206673
SERIE 38.52000 3.112806 0.032462
SERIE 38.52500 3.039059 0.169902
SERIE 38.53000 2.956924 0.252625
SERIE 38.53500 2.882708 0.299766
SERIE 38.54000 2.818166 0.320605
SERIE 38.54500 2.760391 0.320386
SERIE 38.55000 2.707275 0.304092
SERIE 38.55500 2.658174 0.276073
SERIE 38.56000 2.611981 0.240426
SERIE 38.56500 2.567920 0.200389
SERIE 38.57000 2.526232 0.158506
SERIE 38.57500 2.486450 0.116902
SERIE 38.58000 2.448229 0.077194
SERIE 38.58500 2.411846 0.040727
SERIE 38.59000 2.377439 0.008482
SERIE 38.59500 2.345089 -0.018660
SERIE 38.60000 2.314782 -0.040147
SERIE 38.60500 2.287426 -0.055631
SERIE 38.61000 2.262689 -0.064792
SERIE 38.61500 2.241261 -0.067692
SERIE 38.62000 2.223421 -0.064345
SERIE 38.62500 2.209671 -0.055047
SERIE 38.63000 2.200157 -0.040129
SERIE 38.63500 2.195338 -0.020141
SERIE 38.64000 2.195391 0.004272
SERIE 38.64500 2.200643 0.032416
SERIE 38.65000 2.211055 0.063464
SERIE 38.65500 2.226717 0.096589
SERIE 38.66000 2.247484 0.130789
SERIE 38.66500 2.272958 0.165278
SERIE 38.67000 2.302995 0.199024
SERIE 38.67500 2.336910 0.231185
SERIE 38.68000 2.374104 0.260891
SERIE 38.68500 2.413909 0.287387
SERIE 38.69000 2.455557 0.309967
SERIE 38.69500 2.498181 0.328069
SERIE 38.70000 2.540894 0.341184
SERIE 38.70500 2.583004 0.349006
SERIE 38.71000 2.623578 0.351226
SERIE 38.71500 2.662082 0.347749
SERIE 38.72000 2.697824 0.338568
SERIE 38.72500 2.730369 0.323796
SERIE 38.73000 2.759385 0.303647
SERIE 38.73500 2.784598 0.278422
SERIE 38.74000 2.805939 0.248536
SERIE 38.74500 2.823437 0.214427
SERIE 38.75000 2.837197 0.176655
SERIE 38.75500 2.847451 0.135779
SERIE 38.76000 2.854574 0.092426
SERIE 38.76500 2.858938 0.047259
SERIE 38.77000 2.860874 0.000905
SERIE 38.77500 2.860930 -0.045948
SERIE 38.78000 2.859485 -0.092656
SERIE 38.78500 2.856988 -0.138591
SERIE 38.79000 2.853907 -0.183144
SERIE 38.79500 2.850607 -0.225753
SERIE 38.80000 2.847376 -0.265903
SERIE 38.80500 2.844633 -0.303155
SERIE 38.81000 2.842531 -0.337078
SERIE 38.81500 2.841316 -0.367374
SERIE 38.82000 2.841167 -0.393764
SERIE 38.82500 2.842171 -0.416050
SERIE 38.83000 2.844421 -0.434165
SERIE 38.83500 2.847962 -0.448001
SERIE 38.84000 2.852768 -0.457653
SERIE 38.84500 2.858882 -0.463227
SERIE 38.85000 2.866196 -0.464875
SERIE 38.85500 2.874713 -0.462871
SERIE 38.86000 2.884297 -0.457492
SERIE 38.86500 2.894934 -0.449094
SERIE 38.87000 2.906495 -0.438082
SERIE 38.87500 2.918890 -0.424858
SERIE 38.88000 2.932020 -0.409892
SERIE 38.88500 2.945779 -0.393645
SERIE 38.89000 2.960068 -0.376582
SERIE 38.89500 2.974732 -0.359169
SERIE 38.90000 2.989732 -0.341868
SERIE 38.90500 3.004878 -0.325094
SERIE 38.91000 3.020131 -0.309252
SERIE 38.91500 3.035329 -0.294705
SERIE 38.92000 3.050395 -0.281789
SERIE 38.92500 3.065174 -0.270758
SERIE 38.93000 3.079644 -0.261878
SERIE 38.93500 3.093631 -0.255299
SERIE 38.94000 3.107124 -0.251162
SERIE 38.94500 3.119984 -0.249549
SERIE 38.95000 3.132195 -0.250484
SERIE 38.95500 3.143699 -0.253950
SERIE 38.96000 3.154435 -0.259880
SERIE 38.96500 3.164437 -0.268188
SERIE 38.97000 3.173634 -0.278725
SERIE 38.97500 3.182058 -0.291323
SERIE 38.98000 3.189744 -0.305792
SERIE 38.98500 3.196694 -0.321919
SERIE 38.99000 3.202973 -0.339476
SERIE 38.99500 3.208639 -0.358233
SERIE 39.00000 3.213740 -0.377928
SERIE 39.00500 3.218366 -0.398343
SERIE 39.01000 13.831052 2.629580
SERIE 39.01500 14.852639 -1.027507
SERIE 39.02000 18.183544 -2.205180
SERIE 39.02500 21.357164 -3.045171
SERIE 39.03000 24.073836 -3.813653
SERIE 39.03500 26.340303 -4.481095
SERIE 39.04000 28.150401 -5.047236
SERIE 39.04500 29.489913 -5.503803
SERIE 39.05000 30.353926 -5.855868
SERIE 39.05500 30.753345 -6.101197
SERIE 39.06000 30.698780 -6.239983
SERIE 39.06500 30.214113 -6.276473
SERIE 39.07000 29.324190 -6.218001
SERIE 39.07500 28.065172 -6.070570
SERIE 39.08000 26.471075 -5.844921
SERIE 39.08500 24.589652 -5.549037
SERIE 39.09000 22.459746 -5.192891
SERIE 39.09500 20.134077 -4.786063
SERIE 39.10000 17.655727 -4.339033
SERIE 39.10500 15.074839 -3.861893
SERIE 39.11000 12.436534 -3.367487
SERIE 39.11500 9.787648 -2.863463
SERIE 39.12000 7.168669 -2.362663
SERIE 39.12500 4.622152 -1.873908
SERIE 39.13000 2.184865 -1.407000
SERIE 39.13500 -0.109801 -0.969497
SERIE 39.14000 -2.235857 -0.568585
SERIE 39.14500 -4.164662 -0.210696
SERIE 39.15000 -5.879366 0.100590
SERIE 39.15500 -7.362659 0.362083
SERIE 39.16000 -8.602179 0.571064
SERIE 39.16500 -9.592727 0.728085
SERIE 39.17000 -10.330619 0.832873
SERIE 39.17500 -10.817324 0.887495
SERIE 39.18000 -11.059466 0.894164
SERIE 39.18500 -11.063741 0.856799
SERIE 39.19000 -10.844044 0.778519
SERIE 39.19500 -10.413859 0.664436
SERIE 39.20000 -9.792630 0.519084
SERIE 39.20500 -8.999529 0.347442
SERIE 39.21000 -8.055901 0.154546
SERIE 39.21500 -6.984992 -0.054459
SERIE 39.22000 -5.809851 -0.274169
SERIE 39.22500 -4.555483 -0.499900
SERIE 39.23000 -3.245045 -0.726954
SERIE 39.23500 -1.901263 -0.951223
SERIE 39.24000 -0.549677 -1.168816
SERIE 39.24500 0.790094 -1.376768
SERIE 39.25000 2.097307 -1.571763
SERIE 39.25500 3.351538 -1.751785
SERIE 39.26000 4.537715 -1.914951
SERIE 39.26500 5.638955 -2.059374
SERIE 39.27000 6.642323 -2.184987
SERIE 39.27500 7.539358 -2.289812
SERIE 39.28000 8.317416 -2.374766
SERIE 39.28500 8.973797 -2.438926
SERIE 39.29000 9.502626 -2.483694
SERIE 39.29500 9.901744 -2.508731
SERIE 39.30000 10.172599 -2.515651
SERIE 39.30500 10.316804 -2.505175
SERIE 39.31000 10.338002 -2.478689
SERIE 39.31500 10.242707 -2.437576
SERIE 39.32000 10.038078 -2.383291
SERIE 39.32500 9.732607 -2.317512
SERIE 39.33000 9.336120 -2.241885
SERIE 39.33500 8.859448 -2.158065
SERIE 39.34000 8.314022 -2.067783
SERIE 39.34500 7.711538 -1.972729
SERIE 39.35000 7.064688 -1.874579
SERIE 39.35500 6.385181 -1.774924
SERIE 39.36000 5.685742 -1.675418
SERIE 39.36500 4.977749 -1.577528
SERIE 39.37000 4.273798 -1.482548
SERIE 39.37500 3.583301 -1.391954
SERIE 39.38000 2.916854 -1.306626
SERIE 39.38500 2.284687 -1.227622
SERIE 39.39000 1.693552 -1.155848
SERIE 39.39500 1.151266 -1.091916
SERIE 39.40000 0.664214 -1.036242
SERIE 39.40500 0.237060 -0.989368
SERIE 39.41000 -0.126743 -0.951376
SERIE 39.41500 -0.424515 -0.922306
SERIE 39.42000 -0.654303 -0.902097
SERIE 39.42500 -0.816696 -0.890515
SERIE 39.43000 -0.911789 -0.887099
SERIE 39.43500 -0.941864 -0.891479
SERIE 39.44000 -0.909382 -0.902975
SERIE 39.44500 -0.818064 -0.920953
SERIE 39.45000 -0.672145 -0.944698
SERIE 39.45500 -0.476740 -0.973395
SERIE 39.46000 -0.237319 -1.006205
SERIE 39.46500 0.040289 -1.042242
SERIE 39.47000 0.349707 -1.080658
SERIE 39.47500 0.684588 -1.120552
SERIE 39.48000 1.038328 -1.161104
SERIE 39.48500 1.404579 -1.201517
SERIE 39.49000 1.776706 -1.241021
SERIE 39.49500 2.148923 -1.278885
SERIE 39.50000 2.514348 -1.314511
SERIE 39.50500 2.869193 -1.347244
SERIE 39.51000 3.673964 -1.089351
SERIE 39.51500 3.756745 -1.263261
SERIE 39.52000 4.165963 -1.214070
SERIE 39.52500 4.488992 -1.203665
SERIE 39.53000 4.762657 -1.196937
SERIE 39.53500 4.994113 -1.191632
SERIE 39.54000 5.182653 -1.187041
SERIE 39.54500 5.326704 -1.183237
SERIE 39.55000 5.426326 -1.180213
SERIE 39.55500 5.482363 -1.177844
SERIE 39.56000 5.495945 -1.176068
SERIE 39.56500 5.469283 -1.174784
SERIE 39.57000 5.404678 -1.173964
SERIE 39.57500 5.305114 -1.173459
SERIE 39.58000 5.174076 -1.173179
SERIE 39.58500 5.014926 -1.172960
SERIE 39.59000 4.831973 -1.172709
SERIE 39.59500 4.629091 -1.172279
SERIE 39.60000 4.410466 -1.171623
SERIE 39.60500 4.180406 -1.170606
SERIE 39.61000 3.943080 -1.169117
SERIE 39.61500 3.702586 -1.167123
SERIE 39.62000 3.462913 -1.164504
SERIE 39.62500 3.227651 -1.161251
SERIE 39.63000 3.000476 -1.157300
SERIE 39.63500 2.784379 -1.152652
SERIE 39.64000 2.582435 -1.147247
SERIE 39.64500 2.396745 -1.141110
SERIE 39.65000 2.229903 -1.134224
SERIE 39.65500 2.083157 -1.126609
SERIE 39.66000 1.958061 -1.118292
SERIE 39.66500 1.855462 -1.109299
SERIE 39.67000 1.775879 -1.099660
SERIE 39.67500 1.719357 -1.089433
SERIE 39.68000 1.685729 -1.078665
SERIE 39.68500 1.674375 -1.067404
SERIE 39.69000 1.684437 -1.055718
SERIE 39.69500 1.714629 -1.043660
SERIE 39.70000 1.763565 -1.031296
SERIE 39.70500 1.829576 -1.018693
SERIE 39.71000 1.910771 -1.005920
SERIE 39.71500 2.005220 -0.993038
SERIE 39.72000 2.110722 -0.980120
SERIE 39.72500 2.225122 -0.967234
SERIE 39.73000 2.346246 -0.954423
SERIE 39.73500 2.471935 -0.941756
SERIE 39.74000 2.599921 -0.929292
SERIE 39.74500 2.728124 -0.917056
SERIE 39.75000 2.854564 -0.905139
SERIE 39.75500 2.977385 -0.893483
SERIE 39.76000 3.094950 -0.882239
SERIE 39.76500 3.205430 -0.871356
SERIE 39.77000 3.307758 -0.860860
SERIE 39.77500 3.400620 -0.850804
SERIE 39.78000 3.483062 -0.841168
SERIE 39.78500 3.554379 -0.831932
SERIE 39.79000 3.613911 -0.823142
SERIE 39.79500 3.661476 -0.814754
SERIE 39.80000 3.696844 -0.806756
SERIE 39.80500 3.720040 -0.799139
SERIE 39.81000 3.731577 -0.791777
SERIE 39.81500 3.731674 -0.784783
SERIE 39.82000 3.720964 -0.778050
SERIE 39.82500 3.700229 -0.771555
SERIE 39.83000 3.670273 -0.765256
SERIE 39.83500 3.632059 -0.759120
SERIE 39.84000 3.586671 -0.753100
SERIE 39.84500 3.535155 -0.747160
SERIE 39.85000 3.478702 -0.741256
SERIE 39.85500 3.418446 -0.735344
SERIE 39.86000 3.355597 -0.729392
SERIE 39.86500 3.291313 -0.723362
SERIE 39.87000 3.226658 -0.717225
SERIE 39.87500 3.162746 -0.710953
SERIE 39.88000 3.100567 -0.704516
SERIE 39.88500 3.041035 -0.697898
SERIE 39.89000 2.985016 -0.691072
SERIE 39.89500 2.933261 -0.684035
SERIE 39.90000 2.886333 -0.676763
SERIE 39.90500 2.844846 -0.669270
SERIE 39.91000 2.809168 -0.661540
SERIE 39.91500 2.779633 -0.653584
SERIE 39.92000 2.756377 -0.645404
SERIE 39.92500 2.739551 -0.637012
SERIE 39.93000 2.729069 -0.628426
SERIE 39.93500 2.724860 -0.619648
SERIE 39.94000 2.726655 -0.610705
SERIE 39.94500 2.734193 -0.601611
SERIE 39.95000 2.747073 -0.592387
SERIE 39.95500 2.764860 -0.583047
SERIE 39.96000 2.787070 -0.573625
SERIE 39.96500 2.813130 -0.564136
SERIE 39.97000 2.842470 -0.554611
SERIE 39.97500 2.874518 -0.545060
SERIE 39.98000 2.908628 -0.535511
SERIE 39.98500 2.944166 -0.525982
SERIE 39.99000 2.980609 -0.516495
SERIE 39.99500 3.017258 -0.507069
SERIE 40.00000 3.053633 -0.497711
